ticker,declared_date,ex_date,pay_date,amount,frequency,type
1 HK Equity,2026-08-13,2026-09-14,2026-09-24,0.7455,Semi-Anl,Interim
1 HK Equity,2026-03-19,2026-05-27,2026-06-11,1.602,Semi-Anl,Final
1 HK Equity,2025-08-14,2025-09-15,2025-09-25,0.71,Semi-Anl,Interim
1 HK Equity,2025-03-20,2025-05-27,2025-06-12,1.514,Semi-Anl,Final
1 HK Equity,2024-08-15,2024-09-13,2024-09-26,0.688,Semi-Anl,Interim
1 HK Equity,2024-03-21,2024-05-28,2024-06-13,1.775,Semi-Anl,Final
1 HK Equity,2023-08-03,2023-09-04,2023-09-14,0.756,Semi-Anl,Interim
1 HK Equity,2023-03-16,2023-05-23,2023-06-08,2.086,Semi-Anl,Final
1 HK Equity,2022-08-04,2022-09-05,2022-09-16,0.84,Semi-Anl,Interim
1 HK Equity,2022-03-17,2022-05-24,2022-06-09,1.86,Semi-Anl,Final
1 HK Equity,2021-08-05,2021-09-06,2021-09-16,0.8,Semi-Anl,Interim
1 HK Equity,2021-03-18,2021-05-18,2021-06-03,1.7,Semi-Anl,Final
1 HK Equity,2020-08-06,2020-09-07,2020-09-17,0.614,Semi-Anl,Interim
1 HK Equity,2020-03-19,2020-05-19,2020-05-29,2.3,Semi-Anl,Final
1 HK Equity,2019-08-01,2019-09-02,2019-09-12,0.87,Semi-Anl,Interim
1 HK Equity,2019-03-21,2019-05-21,2019-05-31,2.3,Semi-Anl,Final
1 HK Equity,2018-08-02,2018-09-03,2018-09-13,0.87,Semi-Anl,Interim
1 HK Equity,2018-03-16,2018-05-15,2018-05-31,2.07,Semi-Anl,Final
1 HK Equity,2017-08-03,2017-09-04,2017-09-14,0.78,Semi-Anl,Interim
1 HK Equity,2017-03-22,2017-05-16,2017-05-31,1.945,Semi-Anl,Final
1 HK Equity,2016-08-11,2016-09-09,2016-09-22,0.735,Semi-Anl,Interim
1 HK Equity,2016-03-17,2016-05-18,2016-06-01,1.85,Semi-Anl,Final
1 HK Equity,2015-08-25,2015-09-22,2015-10-06,0.7,Semi-Anl,Interim
1 HK Equity,2015-02-06,2015-05-27,2015-06-02,1.0,None,Spinoff
1 HK Equity,2015-02-26,2015-03-11,2015-04-15,3.016,Semi-Anl,Interim
1 HK Equity,2014-07-31,2014-09-01,2014-09-12,0.638,Semi-Anl,Interim
1 HK Equity,2014-02-28,2014-05-21,2014-06-05,2.9,Semi-Anl,Final
1 HK Equity,2014-03-21,2014-05-05,2014-05-14,7.0,None,Special Cash
1 HK Equity,2013-08-01,2013-09-03,2013-09-13,0.58,Semi-Anl,Interim
1 HK Equity,2013-03-26,2013-05-24,2013-06-07,2.63,Semi-Anl,Final
1 HK Equity,2012-08-02,2012-09-11,2012-09-21,0.53,Semi-Anl,Interim
1 HK Equity,2012-03-29,2012-05-30,2012-06-14,2.63,Semi-Anl,Final
1 HK Equity,2011-08-04,2011-09-12,2011-09-23,0.53,Semi-Anl,Interim
1 HK Equity,2011-03-29,2011-05-11,2011-05-25,2.45,Semi-Anl,Final
1 HK Equity,2010-08-05,2010-09-10,2010-09-22,0.5,Semi-Anl,Interim
1 HK Equity,2010-03-30,2010-05-18,2010-06-01,2.2,Semi-Anl,Final
1 HK Equity,2009-08-13,2009-09-24,2009-10-06,0.5,Semi-Anl,Interim
1 HK Equity,2009-03-26,2009-05-12,2009-05-26,1.95,Semi-Anl,Final
1 HK Equity,2008-08-21,2008-09-29,2008-10-10,0.5,Semi-Anl,Interim
1 HK Equity,2008-03-27,2008-05-13,2008-05-27,1.95,Semi-Anl,Final
1 HK Equity,2007-08-23,2007-10-02,2007-10-12,0.5,Semi-Anl,Interim
1 HK Equity,2007-03-22,2007-05-08,2007-05-22,1.74,Semi-Anl,Final
1 HK Equity,2006-08-24,2006-10-03,2006-10-13,0.46,Semi-Anl,Interim
1 HK Equity,2006-03-23,2006-05-09,2006-05-23,1.58,Semi-Anl,Final
1 HK Equity,2005-10-31,2005-11-10,2005-12-16,0.03125,None,Entitlement
1 HK Equity,2005-08-25,2005-10-04,2005-10-14,0.42,Semi-Anl,Interim
1 HK Equity,2005-03-31,2005-05-10,2005-05-24,1.42,Semi-Anl,Final
1 HK Equity,2004-08-19,2004-10-05,2004-10-15,0.38,Semi-Anl,Interim
1 HK Equity,2004-03-18,2004-05-11,2004-05-25,1.3,Semi-Anl,Final
1 HK Equity,2003-08-21,2003-10-07,2003-10-17,0.38,Semi-Anl,Interim
1 HK Equity,2003-03-20,2003-05-13,2003-05-27,1.22,Semi-Anl,Final
1 HK Equity,2002-08-22,2002-10-08,2002-10-18,0.38,Semi-Anl,Interim
1 HK Equity,2002-06-07,2002-06-19,2002-06-20,0.04,#N/A N/A,None
1 HK Equity,2002-03-21,2002-05-14,2002-05-28,1.22,Semi-Anl,Final
1 HK Equity,2001-08-23,2001-10-09,2001-10-19,0.38,Semi-Anl,Interim
1 HK Equity,2001-03-22,2001-05-15,2001-05-29,1.22,Semi-Anl,Final
1 HK Equity,2000-08-24,2000-10-10,2000-10-20,0.38,Semi-Anl,Interim
1 HK Equity,2000-03-23,2000-05-16,2000-05-30,1.05,Semi-Anl,Final
1 HK Equity,1999-08-26,1999-10-08,1999-10-20,0.33,Semi-Anl,Interim
1 HK Equity,1999-03-25,1999-05-18,1999-05-28,0.88,Semi-Anl,Final
1 HK Equity,1998-08-27,1998-10-09,1998-10-21,0.28,Semi-Anl,Interim
1 HK Equity,1998-03-26,1998-05-19,1998-05-29,1.23,Semi-Anl,Final
1 HK Equity,1997-08-28,1997-10-09,1997-10-22,0.39,Semi-Anl,Interim
1 HK Equity,1997-03-26,1997-05-20,1997-05-30,1.05,Semi-Anl,Final
1 HK Equity,1996-08-22,1996-10-11,1996-10-23,0.33,Semi-Anl,Interim
1 HK Equity,1996-03-28,1996-05-14,1996-05-24,0.9,Semi-Anl,Final
1 HK Equity,1995-08-24,1995-10-12,1995-10-24,0.3,Semi-Anl,Interim
1 HK Equity,1995-03-23,1995-05-16,1995-05-26,0.83,Semi-Anl,Final
1 HK Equity,1994-08-26,1994-10-12,1994-10-25,0.27,Semi-Anl,Interim
1 HK Equity,1994-03-28,1994-05-17,1994-05-27,0.76,Semi-Anl,Final
1 HK Equity,1993-08-19,1993-09-29,1993-10-18,0.24,Semi-Anl,Interim
1 HK Equity,1993-03-19,1993-05-13,1993-05-28,0.6,Semi-Anl,Final
1 HK Equity,1992-08-07,1992-09-18,1992-10-06,0.2,Semi-Anl,Interim
1 HK Equity,1992-03-28,1992-05-15,1992-05-29,0.51,Semi-Anl,Final
1 HK Equity,1991-08-23,1991-10-04,1991-10-21,0.17,Semi-Anl,Interim
1 HK Equity,1991-04-02,1991-05-17,1991-05-31,0.36,Semi-Anl,Final
1 HK Equity,1990-09-01,1990-10-04,1990-10-19,0.12,Semi-Anl,Interim
1 HK Equity,1990-04-01,1990-05-11,1990-05-25,0.28,Semi-Anl,Final
1 HK Equity,1989-08-24,1989-10-05,1989-10-20,0.1,Semi-Anl,Interim
1 HK Equity,1989-03-30,1989-05-12,1989-05-26,0.21,Semi-Anl,Final
1 HK Equity,1988-08-24,1988-10-06,1988-10-20,0.08,Semi-Anl,Interim
1 HK Equity,1988-03-30,1988-05-19,1988-06-06,0.16,Semi-Anl,Final
1 HK Equity,1987-08-28,1987-10-06,1987-10-20,0.06,Semi-Anl,Interim
1 HK Equity,1987-03-02,1987-05-08,1987-06-03,0.52,Semi-Anl,Final
1 HK Equity,1986-08-29,1986-10-07,1986-10-20,0.23,Semi-Anl,Interim
1 HK Equity,1986-04-03,1986-04-03,1986-06-03,0.38,Semi-Anl,Final
101 HK Equity,2026-07-31,2026-08-12,2026-09-25,0.12,Semi-Anl,Interim
101 HK Equity,2026-01-30,2026-05-06,2026-06-15,0.4,Semi-Anl,Final
101 HK Equity,2025-07-30,2025-08-13,2025-09-24,0.12,Semi-Anl,Interim
101 HK Equity,2025-01-24,2025-05-07,2025-06-16,0.4,Semi-Anl,Final
101 HK Equity,2024-07-30,2024-08-14,2024-09-25,0.12,Semi-Anl,Interim
101 HK Equity,2024-01-30,2024-05-08,2024-06-14,0.6,Semi-Anl,Final
101 HK Equity,2023-07-31,2023-09-12,2023-09-29,0.18,Semi-Anl,Interim
101 HK Equity,2023-01-31,2023-05-03,2023-05-19,0.6,Semi-Anl,Final
101 HK Equity,2022-07-28,2022-09-09,2022-09-29,0.18,Semi-Anl,Interim
101 HK Equity,2022-01-27,2022-04-29,2022-05-19,0.6,Semi-Anl,Final
101 HK Equity,2021-07-29,2021-09-10,2021-09-29,0.18,Semi-Anl,Interim
101 HK Equity,2021-01-28,2021-05-04,2021-05-20,0.59,Semi-Anl,Final
101 HK Equity,2020-07-30,2020-09-11,2020-09-29,0.17,Semi-Anl,Interim
101 HK Equity,2020-01-21,2020-05-05,2020-05-20,0.59,Semi-Anl,Final
101 HK Equity,2019-07-30,2019-09-10,2019-09-26,0.17,Semi-Anl,Interim
101 HK Equity,2019-01-30,2019-05-03,2019-05-21,0.58,Semi-Anl,Final
101 HK Equity,2018-07-30,2018-09-10,2018-09-27,0.17,Semi-Anl,Interim
101 HK Equity,2018-01-30,2018-04-30,2018-05-16,0.58,Semi-Anl,Final
101 HK Equity,2017-07-27,2017-09-11,2017-09-28,0.17,Semi-Anl,Interim
101 HK Equity,2017-01-26,2017-05-02,2017-05-18,0.58,Semi-Anl,Final
101 HK Equity,2016-07-28,2016-09-12,2016-09-29,0.17,Semi-Anl,Interim
101 HK Equity,2016-01-28,2016-05-03,2016-05-18,0.58,Semi-Anl,Final
101 HK Equity,2015-07-30,2015-09-11,2015-09-30,0.17,Semi-Anl,Interim
101 HK Equity,2015-01-26,2015-05-04,2015-05-19,0.59,Semi-Anl,Final
101 HK Equity,2014-07-31,2014-09-12,2014-09-30,0.17,Semi-Anl,Interim
101 HK Equity,2014-01-23,2014-04-28,2014-05-15,0.58,Semi-Anl,Final
101 HK Equity,2013-07-31,2013-09-06,2013-09-26,0.17,Semi-Anl,Interim
101 HK Equity,2013-01-31,2013-04-22,2013-05-08,0.57,Semi-Anl,Final
101 HK Equity,2012-07-31,2012-08-27,2012-09-13,0.17,Semi-Anl,Interim
101 HK Equity,2012-01-19,2012-04-20,2012-05-08,0.36,Semi-Anl,Final
101 HK Equity,2011-07-29,2011-10-20,2011-11-03,0.54,Semi-Anl,Final
101 HK Equity,2011-01-26,2011-02-10,2011-02-24,0.17,Semi-Anl,Interim
101 HK Equity,2010-07-28,2010-10-14,2010-11-01,0.54,Semi-Anl,Final
101 HK Equity,2010-01-27,2010-02-11,2010-03-04,0.17,Semi-Anl,Interim
101 HK Equity,2009-07-31,2009-10-14,2009-11-13,0.51,Semi-Anl,Final
101 HK Equity,2009-02-10,2009-03-30,2009-04-17,0.15,Semi-Anl,Interim
101 HK Equity,2008-08-13,2008-10-27,2008-11-18,0.51,Semi-Anl,Final
101 HK Equity,2008-02-20,2008-03-28,2008-04-18,0.15,Semi-Anl,Interim
101 HK Equity,2007-08-15,2007-10-29,2007-11-23,0.43,Semi-Anl,Final
101 HK Equity,2007-02-08,2007-03-29,2007-04-20,0.13,Semi-Anl,Interim
101 HK Equity,2006-08-21,2006-11-02,2006-11-24,0.38,Semi-Anl,Final
101 HK Equity,2006-02-21,2006-03-27,2006-04-21,0.13,Semi-Anl,Interim
101 HK Equity,2005-08-31,2005-10-31,2005-11-25,0.37,Semi-Anl,Final
101 HK Equity,2005-03-03,2005-03-23,2005-04-22,0.13,Semi-Anl,Interim
101 HK Equity,2004-09-08,2004-11-04,2004-11-26,0.33,Semi-Anl,Final
101 HK Equity,2004-02-18,2004-03-11,2004-04-23,0.11,Semi-Anl,Interim
101 HK Equity,2003-08-29,2003-11-03,2003-11-28,0.29,Semi-Anl,Final
101 HK Equity,2003-02-20,2003-04-11,2003-04-25,0.11,Semi-Anl,Interim
101 HK Equity,2002-08-28,2002-11-11,2002-11-29,0.29,Semi-Anl,Final
101 HK Equity,2002-03-01,2002-03-15,2002-03-28,0.11,Semi-Anl,Interim
101 HK Equity,2001-09-24,2001-11-08,2001-11-30,0.29,Semi-Anl,Final
101 HK Equity,2001-03-03,2001-04-04,2001-04-20,0.11,Semi-Anl,Interim
101 HK Equity,2000-09-22,2000-11-09,2000-11-30,0.26,Semi-Anl,Final
101 HK Equity,2000-03-24,2000-04-13,2000-04-28,0.1,Semi-Anl,Interim
101 HK Equity,1999-09-22,1999-11-11,1999-11-30,0.2,Semi-Anl,Final
101 HK Equity,1999-03-26,1999-04-15,1999-04-30,0.14,Semi-Anl,Interim
101 HK Equity,1998-09-25,1998-11-12,1998-11-30,0.31,Semi-Anl,Final
101 HK Equity,1998-03-27,1998-04-16,1998-04-30,0.17,Semi-Anl,Interim
101 HK Equity,1997-09-23,1997-11-06,1997-11-28,0.31,Semi-Anl,Final
101 HK Equity,1997-03-20,1997-04-10,1997-04-30,0.16,Semi-Anl,Interim
101 HK Equity,1996-09-23,1996-11-07,1996-11-29,0.285,Semi-Anl,Final
101 HK Equity,1996-03-28,1996-04-11,1996-04-29,0.15,Semi-Anl,Interim
101 HK Equity,1995-09-19,1995-11-07,1995-11-30,0.28,Semi-Anl,Final
101 HK Equity,1995-03-23,1995-04-03,1995-04-21,0.145,Semi-Anl,Interim
101 HK Equity,1994-09-26,1994-11-17,1994-11-30,0.275,Semi-Anl,Final
101 HK Equity,1994-03-21,1994-04-07,1994-04-22,0.135,Semi-Anl,Interim
101 HK Equity,1993-09-20,1993-11-11,1993-11-26,0.235,Semi-Anl,Final
101 HK Equity,1993-03-19,1993-04-01,1993-04-16,0.125,Semi-Anl,Interim
101 HK Equity,1992-09-29,1992-11-05,1992-11-09,0.1,None,Warrant
101 HK Equity,1992-09-29,1992-11-05,1992-11-24,0.21,Semi-Anl,Final
101 HK Equity,1992-03-14,1992-03-25,1992-04-29,0.3,None,Rights Issue
101 HK Equity,1992-03-14,1992-03-25,1992-04-10,0.110493,Semi-Anl,Interim
101 HK Equity,1991-09-20,1991-11-14,1991-11-29,0.187358,Semi-Anl,Final
101 HK Equity,1991-03-01,1991-04-12,1991-04-30,0.100885,Semi-Anl,Interim
101 HK Equity,1990-10-01,1990-11-16,1990-11-30,0.163338,Semi-Anl,Final
101 HK Equity,1990-03-01,1990-04-06,1990-04-19,0.091277,Semi-Anl,Interim
101 HK Equity,1989-09-25,1989-11-17,1989-11-30,0.139318,Semi-Anl,Final
101 HK Equity,1989-03-16,1989-04-07,1989-04-21,0.081669,Semi-Anl,Interim
101 HK Equity,1988-09-27,1988-11-25,1988-12-09,0.124906,Semi-Anl,Final
101 HK Equity,1988-03-18,1988-04-12,1988-04-25,0.067257,Semi-Anl,Interim
101 HK Equity,1987-08-18,1987-09-21,1987-10-01,0.096081,Semi-Anl,Final
101 HK Equity,1987-08-18,1987-09-21,1987-10-01,0.096081,Semi-Anl,Special Cash
101 HK Equity,1987-08-18,1987-09-21,1987-10-09,2.16,None,Rights Issue
101 HK Equity,1987-08-18,1987-09-21,1987-10-01,9.0,None,Stock Dividend
101 HK Equity,1987-03-23,1987-04-10,1987-04-27,0.048041,Semi-Anl,Interim
101 HK Equity,1986-09-26,1986-10-31,1986-11-17,0.069179,Semi-Anl,Final
101 HK Equity,1986-01-01,1986-04-11,1986-04-14,0.026903,#N/A N/A,Semi-Anl
1024 HK Equity,2026-03-25,2026-06-29,2026-07-28,0.69,Irreg,Final
1024 HK Equity,2025-08-21,2025-09-09,2025-10-06,0.46,None,Special Cash
1038 HK Equity,2026-08-12,2026-09-09,2026-09-23,0.75,Semi-Anl,Interim
1038 HK Equity,2026-03-18,2026-05-26,2026-06-10,1.88,Semi-Anl,Final
1038 HK Equity,2025-08-13,2025-09-10,2025-09-24,0.73,Semi-Anl,Interim
1038 HK Equity,2025-03-19,2025-05-26,2025-06-11,1.86,Semi-Anl,Final
1038 HK Equity,2024-08-14,2024-09-12,2024-09-25,0.72,Semi-Anl,Interim
1038 HK Equity,2024-03-20,2024-05-27,2024-06-12,1.85,Semi-Anl,Final
1038 HK Equity,2023-08-02,2023-09-04,2023-09-13,0.71,Semi-Anl,Interim
1038 HK Equity,2023-03-15,2023-05-22,2023-06-07,1.83,Semi-Anl,Final
1038 HK Equity,2022-08-03,2022-09-02,2022-09-15,0.7,Semi-Anl,Interim
1038 HK Equity,2022-03-16,2022-05-20,2022-06-08,1.81,Semi-Anl,Final
1038 HK Equity,2021-08-04,2021-09-03,2021-09-15,0.69,Semi-Anl,Interim
1038 HK Equity,2021-03-17,2021-05-17,2021-06-02,1.79,Semi-Anl,Final
1038 HK Equity,2020-08-05,2020-09-04,2020-09-16,0.68,Semi-Anl,Interim
1038 HK Equity,2020-03-18,2020-05-18,2020-05-29,1.78,Semi-Anl,Final
1038 HK Equity,2019-07-31,2019-08-30,2019-09-11,0.68,Semi-Anl,Interim
1038 HK Equity,2019-03-20,2019-05-20,2019-05-31,1.75,Semi-Anl,Final
1038 HK Equity,2018-07-26,2018-08-27,2018-09-06,0.68,Semi-Anl,Interim
1038 HK Equity,2018-03-16,2018-05-14,2018-05-30,1.71,Semi-Anl,Final
1038 HK Equity,2017-07-20,2017-08-21,2017-08-31,0.67,Semi-Anl,Interim
1038 HK Equity,2017-03-21,2017-05-15,2017-05-26,1.63,Semi-Anl,Final
1038 HK Equity,2016-07-28,2016-08-30,2016-09-09,0.63,Semi-Anl,Interim
1038 HK Equity,2016-03-16,2016-05-17,2016-05-31,1.55,Semi-Anl,Final
1038 HK Equity,2015-07-23,2015-08-24,2015-09-04,0.6,Semi-Anl,Interim
1038 HK Equity,2015-02-25,2015-05-19,2015-06-02,1.475,Semi-Anl,Final
1038 HK Equity,2014-07-24,2014-08-26,2014-09-05,0.525,Semi-Anl,Interim
1038 HK Equity,2014-02-25,2014-05-20,2014-06-03,1.36,Semi-Anl,Final
1038 HK Equity,2013-07-25,2013-08-27,2013-09-06,0.5,Semi-Anl,Interim
1038 HK Equity,2013-03-07,2013-05-23,2013-06-05,1.26,Semi-Anl,Final
1038 HK Equity,2012-07-19,2012-08-21,2012-08-31,0.4,Semi-Anl,Interim
1038 HK Equity,2012-03-08,2012-05-28,2012-06-08,1.165,Semi-Anl,Final
1038 HK Equity,2011-07-28,2011-08-30,2011-09-09,0.365,Semi-Anl,Interim
1038 HK Equity,2011-03-02,2011-05-06,2011-05-20,1.0,Semi-Anl,Final
1038 HK Equity,2010-07-29,2010-08-31,2010-09-10,0.33,Semi-Anl,Interim
1038 HK Equity,2010-03-04,2010-04-27,2010-05-11,0.88,Semi-Anl,Final
1038 HK Equity,2009-08-06,2009-09-08,2009-09-18,0.321,Semi-Anl,Interim
1038 HK Equity,2009-03-19,2009-05-05,2009-05-19,0.838,Semi-Anl,Final
1038 HK Equity,2008-08-14,2008-09-16,2008-09-26,0.297,Semi-Anl,Interim
1038 HK Equity,2008-03-17,2008-05-06,2008-05-20,0.83,Semi-Anl,Final
1038 HK Equity,2007-08-16,2007-09-18,2007-09-28,0.27,Semi-Anl,Interim
1038 HK Equity,2007-03-15,2007-04-30,2007-05-15,0.75,Semi-Anl,Final
1038 HK Equity,2006-08-17,2006-09-19,2006-09-29,0.25,Semi-Anl,Interim
1038 HK Equity,2006-03-16,2006-05-02,2006-05-16,0.708,Semi-Anl,Final
1038 HK Equity,2005-08-18,2005-09-20,2005-09-30,0.24,Semi-Anl,Interim
1038 HK Equity,2005-03-17,2005-05-03,2005-05-17,0.57,Semi-Anl,Final
1038 HK Equity,2004-08-12,2004-09-21,2004-10-04,0.22,Semi-Anl,Interim
1038 HK Equity,2004-03-09,2004-05-04,2004-05-18,0.5,Semi-Anl,Final
1038 HK Equity,2003-08-14,2003-09-23,2003-10-03,0.215,Semi-Anl,Interim
1038 HK Equity,2003-03-13,2003-05-06,2003-05-20,0.465,Semi-Anl,Final
1038 HK Equity,2002-08-15,2002-09-24,2002-10-04,0.215,Semi-Anl,Interim
1038 HK Equity,2002-03-14,2002-04-29,2002-05-14,0.42,Semi-Anl,Final
1038 HK Equity,2001-08-16,2001-09-27,2001-10-11,0.21,Semi-Anl,Interim
1038 HK Equity,2001-03-15,2001-04-27,2001-05-15,0.4,Semi-Anl,Final
1038 HK Equity,2000-08-17,2000-09-29,2000-10-12,0.2,Semi-Anl,Interim
1038 HK Equity,2000-03-16,2000-04-28,2000-05-16,0.29,Semi-Anl,Final
1038 HK Equity,1999-08-19,1999-09-29,1999-10-12,0.13,Semi-Anl,Interim
1038 HK Equity,1999-03-18,1999-05-04,1999-05-14,0.26,Semi-Anl,Final
1038 HK Equity,1998-08-20,1998-09-29,1998-10-13,0.12,Semi-Anl,Interim
1038 HK Equity,1998-03-19,1998-05-05,1998-05-15,0.22,Semi-Anl,Final
1038 HK Equity,1997-08-22,1997-10-03,1997-10-15,0.1,Semi-Anl,Interim
1038 HK Equity,1997-03-21,1997-05-06,1997-05-16,0.16,Semi-Anl,Final
1044 HK Equity,2026-08-19,2026-09-04,2026-10-09,0.7,Semi-Anl,Interim
1044 HK Equity,2026-03-17,2026-05-21,2026-06-05,0.7,Semi-Anl,Final
1044 HK Equity,2025-08-21,2025-09-08,2025-10-10,0.7,Semi-Anl,Interim
1044 HK Equity,2025-03-25,2025-05-22,2025-06-06,0.7,Semi-Anl,Final
1044 HK Equity,2024-08-19,2024-09-09,2024-10-10,0.7,Semi-Anl,Interim
1044 HK Equity,2024-03-21,2024-05-21,2024-05-31,0.7,Semi-Anl,Final
1044 HK Equity,2023-08-24,2023-09-18,2023-10-12,0.7,Semi-Anl,Interim
1044 HK Equity,2023-03-22,2023-05-24,2023-06-02,0.7,Semi-Anl,Final
1044 HK Equity,2022-08-19,2022-09-09,2022-10-07,0.7,Semi-Anl,Interim
1044 HK Equity,2022-03-22,2022-05-24,2022-06-06,0.7,Semi-Anl,Final
1044 HK Equity,2021-08-18,2021-09-10,2021-10-06,1.0,Semi-Anl,Interim
1044 HK Equity,2021-03-19,2021-05-20,2021-06-03,1.3,Semi-Anl,Final
1044 HK Equity,2020-08-19,2020-09-10,2020-10-07,1.2,Semi-Anl,Interim
1044 HK Equity,2020-03-26,2020-05-25,2020-06-05,1.25,Semi-Anl,Final
1044 HK Equity,2019-08-22,2019-09-16,2019-10-04,1.0,Semi-Anl,Interim
1044 HK Equity,2019-03-19,2019-05-21,2019-05-30,1.2,Semi-Anl,Final
1044 HK Equity,2018-08-22,2018-09-17,2018-10-05,1.0,Semi-Anl,Interim
1044 HK Equity,2018-03-22,2018-05-21,2018-05-30,1.15,Semi-Anl,Final
1044 HK Equity,2017-08-24,2017-09-18,2017-10-06,0.95,Semi-Anl,Interim
1044 HK Equity,2017-03-21,2017-05-19,2017-05-29,1.1,Semi-Anl,Final
1044 HK Equity,2016-08-25,2016-09-19,2016-10-07,0.85,Semi-Anl,Interim
1044 HK Equity,2016-06-16,2016-06-28,2016-07-07,0.2,None,Spinoff
1044 HK Equity,2016-03-22,2016-05-20,2016-05-30,0.970355,Semi-Anl,Final
1044 HK Equity,2015-08-25,2015-09-18,2015-10-08,0.780273,Semi-Anl,Interim
1044 HK Equity,2015-03-24,2015-05-21,2015-05-29,0.9188,Semi-Anl,Final
1044 HK Equity,2014-08-27,2014-09-19,2014-10-14,0.673501,Semi-Anl,Interim
1044 HK Equity,2014-03-25,2014-05-26,2014-05-30,0.804786,Semi-Anl,Final
1044 HK Equity,2013-08-27,2013-09-19,2013-10-10,0.670806,Semi-Anl,Interim
1044 HK Equity,2013-03-26,2013-05-27,2013-05-31,0.749027,Semi-Anl,Final
1044 HK Equity,2012-08-29,2012-09-21,2012-10-11,0.610059,Semi-Anl,Interim
1044 HK Equity,2012-03-27,2012-05-24,2012-05-31,0.612183,Semi-Anl,Final
1044 HK Equity,2011-08-30,2011-09-22,2011-10-13,0.492288,Semi-Anl,Interim
1044 HK Equity,2011-03-29,2011-05-19,2011-05-31,0.585654,Semi-Anl,Final
1044 HK Equity,2010-08-30,2010-09-21,2010-10-07,0.518439,Semi-Anl,Interim
1044 HK Equity,2010-03-25,2010-05-13,2010-05-26,0.526423,Semi-Anl,Final
1044 HK Equity,2009-09-02,2009-09-24,2009-10-21,0.440457,Semi-Anl,Interim
1044 HK Equity,2009-03-18,2009-05-11,2009-05-25,0.352149,Semi-Anl,Final
1044 HK Equity,2008-09-17,2008-10-09,2008-10-17,0.281373,Semi-Anl,Interim
1044 HK Equity,2008-03-18,2008-04-30,2008-05-22,0.286879,Semi-Anl,Final
1044 HK Equity,2007-09-05,2007-09-27,2007-10-16,0.271204,Semi-Anl,Interim
1044 HK Equity,2007-03-22,2007-05-07,2007-05-17,0.246348,Semi-Anl,Final
1044 HK Equity,2006-09-12,2006-09-28,2006-10-18,0.18249,Semi-Anl,Interim
1044 HK Equity,2006-03-21,2006-04-26,2006-05-19,0.165434,Semi-Anl,Final
1044 HK Equity,2005-09-06,2005-09-22,2005-10-13,0.125105,Semi-Anl,Interim
1044 HK Equity,2005-03-22,2005-04-26,2005-05-12,0.127355,Semi-Anl,Final
1044 HK Equity,2004-09-02,2004-09-22,2004-10-05,0.106113,Semi-Anl,Interim
1044 HK Equity,2004-03-23,2004-04-26,2004-05-13,0.12734,Semi-Anl,Final
1044 HK Equity,2003-09-10,2003-09-25,2003-10-15,0.106657,Semi-Anl,Interim
1044 HK Equity,2003-03-25,2003-04-24,2003-05-13,0.10613,Semi-Anl,Final
1044 HK Equity,2002-09-03,2002-09-16,2002-10-04,0.084893,Semi-Anl,Interim
1044 HK Equity,2002-03-08,2002-04-15,2002-05-08,0.106121,Semi-Anl,Final
1044 HK Equity,2001-09-07,2001-09-21,2001-10-08,0.106116,Semi-Anl,Interim
1044 HK Equity,2001-03-12,2001-04-04,2001-05-08,0.084897,Semi-Anl,Final
1044 HK Equity,2000-09-05,2000-09-21,2000-10-10,0.10613,Semi-Anl,Interim
1044 HK Equity,2000-02-28,2000-04-07,2000-05-08,0.106317,Irreg,Final
1044 HK Equity,1999-08-25,1999-09-13,1999-09-24,0.159866,Irreg,Interim
1088 HK Equity,2026-08-28,2026-10-08,2026-11-23,0.98,Semi-Anl,Interim
1088 HK Equity,2026-03-30,2026-07-02,2026-08-26,1.03,Irreg,Final
1088 HK Equity,2025-08-29,2025-10-30,2025-12-24,0.98,Irreg,Interim
1088 HK Equity,2025-03-21,2025-06-26,2025-08-20,2.26,Annual,Final
1088 HK Equity,2024-03-22,2024-06-27,2024-08-21,2.26,Annual,Final
1088 HK Equity,2023-03-24,2023-06-21,2023-08-16,2.55,Annual,Final
1088 HK Equity,2022-03-27,2022-06-29,2022-08-24,2.54,Annual,Final
1088 HK Equity,2021-03-28,2021-06-30,2021-08-27,1.81,Annual,Final
1088 HK Equity,2020-03-27,2020-06-04,2020-07-31,1.26,Annual,Final
1088 HK Equity,2019-03-22,2019-06-27,2019-08-09,0.88,Annual,Final
1088 HK Equity,2018-03-23,2018-06-28,2018-08-03,0.91,Annual,Final
1088 HK Equity,2017-03-17,2017-06-29,2017-08-22,0.46,Annual,Final
1088 HK Equity,2017-03-17,2017-06-29,2017-08-22,2.51,None,Special Cash
1088 HK Equity,2016-03-24,2016-06-23,2016-07-29,0.288,Annual,Final
1088 HK Equity,2015-03-20,2015-06-04,2015-07-10,0.666,Annual,Final
1088 HK Equity,2014-03-28,2014-07-03,2014-08-08,0.819,Annual,Final
1088 HK Equity,2013-03-22,2013-06-27,2013-08-02,0.864,Annual,Final
1088 HK Equity,2012-03-23,2012-05-31,2012-07-06,0.81,Annual,Final
1088 HK Equity,2011-03-25,2011-04-21,2011-06-29,0.675,Annual,Final
1088 HK Equity,2010-03-12,2010-05-17,2010-07-20,0.477,Annual,Final
1088 HK Equity,2009-03-27,2009-05-04,2009-06-30,0.414,Annual,Final
1088 HK Equity,2008-03-16,2008-04-14,2008-06-10,0.3176,None,Special Cash
1088 HK Equity,2008-03-16,2008-04-14,2008-06-10,0.18,Annual,Final
1088 HK Equity,2007-10-25,2007-11-12,2007-11-23,0.92863,None,Special Cash
1088 HK Equity,2007-03-23,2007-04-12,2007-06-20,0.34,Annual,Final
1088 HK Equity,2006-03-10,2006-04-10,2006-05-30,0.125,Irreg,Final
1093 HK Equity,2026-08-20,2026-10-20,2026-11-10,0.18,Semi-Anl,Interim
1093 HK Equity,2026-03-25,2026-06-24,2026-07-15,0.15,Semi-Anl,Final
1093 HK Equity,2025-08-22,2025-10-17,2025-11-18,0.14,Semi-Anl,Interim
1093 HK Equity,2025-03-28,2025-06-04,2025-07-18,0.1,Semi-Anl,Final
1093 HK Equity,2024-08-21,2024-10-31,2024-11-20,0.16,Semi-Anl,Interim
1093 HK Equity,2024-03-20,2024-05-31,2024-06-26,0.14,Semi-Anl,Final
1093 HK Equity,2023-08-23,2023-09-07,2023-10-12,0.14,Semi-Anl,Interim
1093 HK Equity,2023-03-22,2023-06-05,2023-06-28,0.11,Semi-Anl,Final
1093 HK Equity,2022-08-24,2022-09-08,2022-10-11,0.1,Semi-Anl,Interim
1093 HK Equity,2022-03-22,2022-05-31,2022-06-22,0.1,Semi-Anl,Final
1093 HK Equity,2021-08-26,2021-09-10,2021-10-08,0.08,Semi-Anl,Interim
1093 HK Equity,2021-03-15,2021-05-24,2021-06-11,0.09,Semi-Anl,Final
1093 HK Equity,2020-08-26,2020-10-15,2020-10-29,0.6,None,Bonus
1093 HK Equity,2020-08-26,2020-09-10,2020-10-09,0.0375,Semi-Anl,Interim
1093 HK Equity,2020-03-30,2020-06-18,2020-07-03,0.2,None,Bonus
1093 HK Equity,2020-03-30,2020-06-18,2020-07-03,0.104167,Semi-Anl,Final
1093 HK Equity,2019-03-18,2019-05-30,2019-06-14,0.09375,Annual,Final
1093 HK Equity,2018-03-19,2018-05-30,2018-06-15,0.078125,Annual,Final
1093 HK Equity,2017-03-20,2017-05-31,2017-06-15,0.0625,Annual,Final
1093 HK Equity,2016-03-21,2016-06-02,2016-06-17,0.057292,Annual,Final
1093 HK Equity,2015-03-24,2015-05-28,2015-06-15,0.052083,Annual,Final
1093 HK Equity,2014-03-24,2014-05-23,2014-06-10,0.041667,Annual,Final
1093 HK Equity,2013-03-28,2013-05-27,2013-06-17,0.052083,Annual,Final
1093 HK Equity,2012-03-30,2012-05-21,,-2.4245362661989844e-14,#N/A N/A,#N/A N/A
1093 HK Equity,2011-03-30,2011-05-19,2011-06-15,0.125,Annual,Final
1093 HK Equity,2010-04-09,2010-05-19,2010-06-15,0.125,Annual,Final
1093 HK Equity,2009-04-08,2009-05-21,2009-06-16,0.104167,Annual,Final
1093 HK Equity,2008-09-11,2008-09-05,,-2.4245362661989844e-14,#N/A N/A,#N/A N/A
1093 HK Equity,2008-04-17,2008-05-15,2008-06-10,0.026042,Semi-Anl,Final
1093 HK Equity,2005-09-07,2005-09-07,,-2.4245362661989844e-14,#N/A N/A,#N/A N/A
1093 HK Equity,2005-04-11,2005-04-11,,-2.4245362661989844e-14,#N/A N/A,#N/A N/A
1093 HK Equity,2004-08-26,2004-08-26,,-2.4245362661989844e-14,#N/A N/A,#N/A N/A
1093 HK Equity,2004-03-22,2004-05-06,2004-05-28,0.036458,Semi-Anl,Final
1093 HK Equity,2003-08-12,2003-08-28,2003-09-26,0.036458,Semi-Anl,Interim
1093 HK Equity,2003-03-25,2003-04-14,2003-05-15,0.03125,Annual,Regular Cash
1093 HK Equity,2002-04-22,2002-05-16,2002-06-07,0.01875,Annual,Regular Cash
1093 HK Equity,2001-04-19,2001-04-19,,-2.4245362661989844e-14,#N/A N/A,#N/A N/A
1093 HK Equity,2000-05-22,2000-06-15,2000-06-29,0.017188,Annual,Regular Cash
1093 HK Equity,1999-09-07,1999-10-07,1999-10-08,0.1,#N/A N/A,None
1093 HK Equity,1999-04-26,1999-06-08,1999-06-22,0.015625,Annual,Regular Cash
1093 HK Equity,1998-05-01,1998-06-04,1998-06-29,0.013542,Annual,Regular Cash
1093 HK Equity,1997-05-02,1997-05-29,1997-06-23,0.00625,Semi-Anl,Final
1093 HK Equity,1996-09-30,1996-10-17,1996-11-15,0.00625,Semi-Anl,Interim
1093 HK Equity,1996-05-20,1996-05-20,,-2.4245362661989844e-14,#N/A N/A,#N/A N/A
1093 HK Equity,1995-08-31,1995-09-21,1995-10-04,0.007292,Semi-Anl,Interim
1093 HK Equity,1995-04-01,1995-04-28,1995-05-11,0.014063,Semi-Anl,Final
1099 HK Equity,2026-03-20,2026-06-23,2026-08-18,0.69,Annual,Final
1099 HK Equity,2025-03-24,2025-06-16,2025-08-12,0.68,Annual,Final
1099 HK Equity,2024-03-25,2024-06-17,2024-08-13,0.87,Annual,Final
1099 HK Equity,2023-03-27,2023-06-19,2023-08-14,0.82,Annual,Final
1099 HK Equity,2022-03-21,2022-06-27,2022-08-23,0.75,Annual,Final
1099 HK Equity,2021-03-21,2021-06-15,2021-08-10,0.69,Annual,Final
1099 HK Equity,2020-03-30,2020-06-15,2020-08-11,0.6,Annual,Final
1099 HK Equity,2019-03-25,2019-07-02,2019-08-27,0.59,Annual,Final
1099 HK Equity,2018-03-26,2018-07-04,2018-08-28,0.57,Annual,Final
1099 HK Equity,2017-03-24,2017-07-04,2017-08-31,0.5,Annual,Final
1099 HK Equity,2016-03-25,2016-06-21,2016-08-16,0.369,Annual,Final
1099 HK Equity,2015-03-23,2015-06-25,2015-07-31,0.279,Annual,Final
1099 HK Equity,2014-03-24,2014-06-24,2014-07-25,0.234,Annual,Final
1099 HK Equity,2013-03-24,2013-06-10,2013-07-12,0.225,Annual,Final
1099 HK Equity,2012-03-23,2012-06-08,2012-07-20,0.171,Annual,Final
1099 HK Equity,2011-03-24,2011-04-28,2011-07-20,0.144,Annual,Final
1099 HK Equity,2010-03-24,2010-04-29,2010-07-20,0.00909,Annual,Final
1109 HK Equity,2026-08-31,2026-09-10,2026-10-28,0.2,Semi-Anl,Interim
1109 HK Equity,2026-03-30,2026-06-15,2026-08-03,0.966,Semi-Anl,Final
1109 HK Equity,2025-08-27,2025-09-09,2025-10-27,0.2,Semi-Anl,Interim
1109 HK Equity,2025-03-26,2025-06-12,2025-07-25,1.119,Semi-Anl,Final
1109 HK Equity,2024-08-28,2024-09-09,2024-10-25,0.2,Semi-Anl,Interim
1109 HK Equity,2024-03-26,2024-06-12,2024-07-26,1.243,Semi-Anl,Final
1109 HK Equity,2023-08-30,2023-09-12,2023-10-27,0.201041,Semi-Anl,Interim
1109 HK Equity,2023-03-29,2023-06-09,2023-07-28,1.268302,Semi-Anl,Final
1109 HK Equity,2022-08-31,2022-09-14,2022-10-31,0.184497,Semi-Anl,Interim
1109 HK Equity,2022-03-31,2022-06-20,2022-08-10,1.265195,Semi-Anl,Final
1109 HK Equity,2021-08-26,2021-09-08,2021-10-21,0.172843,Semi-Anl,Interim
1109 HK Equity,2021-03-29,2021-06-18,2021-07-09,1.09065,Semi-Anl,Final
1109 HK Equity,2020-10-21,2020-11-16,2020-12-09,0.007692,None,Entitlement
1109 HK Equity,2020-08-26,2020-09-24,2020-10-15,0.148026,Semi-Anl,Interim
1109 HK Equity,2020-03-26,2020-06-18,2020-07-15,0.938429,Semi-Anl,Final
1109 HK Equity,2019-08-20,2019-09-25,2019-10-15,0.13101,Semi-Anl,Interim
1109 HK Equity,2019-03-26,2019-06-18,2019-07-04,0.980208,Semi-Anl,Final
1109 HK Equity,2018-08-21,2018-09-24,2018-10-12,0.114469,Semi-Anl,Interim
1109 HK Equity,2018-03-20,2018-06-13,2018-07-05,0.70821,Semi-Anl,Final
1109 HK Equity,2017-08-23,2017-09-25,2017-10-12,0.084653,Semi-Anl,Interim
1109 HK Equity,2017-03-22,2017-06-13,2017-07-05,0.533252,Semi-Anl,Final
1109 HK Equity,2016-08-26,2016-09-26,2016-10-13,0.079034,Semi-Anl,Interim
1109 HK Equity,2016-03-21,2016-06-13,2016-07-05,0.412993,Semi-Anl,Final
1109 HK Equity,2015-08-24,2015-09-30,2015-10-15,0.071371,Semi-Anl,Interim
1109 HK Equity,2015-03-23,2015-06-11,2015-07-03,0.328025,Semi-Anl,Final
1109 HK Equity,2014-12-08,2015-01-13,2015-02-12,0.222222,None,Entitlement
1109 HK Equity,2014-08-19,2014-09-30,2014-10-15,0.067196,Semi-Anl,Interim
1109 HK Equity,2014-03-21,2014-06-10,2014-07-03,0.292305,Semi-Anl,Final
1109 HK Equity,2013-08-23,2013-10-22,2013-11-06,0.05736,Semi-Anl,Interim
1109 HK Equity,2013-03-15,2013-06-07,2013-06-26,0.215702,Semi-Anl,Final
1109 HK Equity,2012-08-17,2012-10-25,2012-11-08,0.050734,Semi-Anl,Interim
1109 HK Equity,2012-03-09,2012-06-25,2012-07-06,0.136139,Semi-Anl,Final
1109 HK Equity,2011-08-19,2011-11-03,2011-11-18,0.077732,Semi-Anl,Interim
1109 HK Equity,2011-08-19,2011-10-03,2011-11-07,0.076923,None,Entitlement
1109 HK Equity,2011-03-25,2011-05-24,2011-07-05,0.179635,Semi-Anl,Final
1109 HK Equity,2010-08-27,2010-09-16,2010-09-28,0.08226,Semi-Anl,Interim
1109 HK Equity,2010-03-26,2010-05-24,2010-07-02,0.160176,Semi-Anl,Final
1109 HK Equity,2009-09-18,2009-10-08,2009-10-20,0.047563,Semi-Anl,Interim
1109 HK Equity,2009-03-27,2009-05-25,2009-07-03,0.073068,Semi-Anl,Final
1109 HK Equity,2008-09-12,2008-10-08,2008-10-21,0.029849,Semi-Anl,Interim
1109 HK Equity,2008-03-28,2008-05-22,2008-06-30,0.065875,Semi-Anl,Final
1109 HK Equity,2007-09-14,2007-10-10,2007-10-23,0.023241,Semi-Anl,Interim
1109 HK Equity,2007-03-30,2007-05-25,2007-07-03,0.049879,Semi-Anl,Final
1109 HK Equity,2006-09-15,2006-10-05,2006-10-23,0.020301,Semi-Anl,Interim
1109 HK Equity,2006-03-27,2006-05-12,2006-06-15,0.034074,Annual,Final
1109 HK Equity,2005-04-07,2005-06-17,2005-07-15,0.031941,Annual,Final
1109 HK Equity,2004-04-08,2004-06-10,2004-06-30,0.028658,Annual,Final
1109 HK Equity,2003-04-17,2003-06-19,2003-07-04,0.028657,Annual,Final
1109 HK Equity,2002-04-15,2002-05-23,2002-06-03,0.012734,Semi-Anl,Final
1109 HK Equity,2001-09-15,2001-10-04,2001-10-17,0.010612,Semi-Anl,Interim
1109 HK Equity,2001-04-10,2001-05-18,2001-06-01,0.021223,Annual,Regular Cash
1109 HK Equity,2000-04-10,2000-05-19,2000-06-05,0.021247,Annual,Regular Cash
1109 HK Equity,1999-04-12,1999-05-20,1999-06-07,0.042701,Annual,Regular Cash
1109 HK Equity,1998-04-03,1998-05-21,1998-06-05,0.085464,Annual,Regular Cash
1109 HK Equity,1997-04-02,1997-05-20,1997-06-06,0.077145,Annual,Regular Cash
1113 HK Equity,2026-08-13,2026-09-14,2026-09-24,0.41,Semi-Anl,Interim
1113 HK Equity,2026-03-19,2026-05-27,2026-06-11,1.39,Semi-Anl,Final
1113 HK Equity,2025-08-14,2025-09-15,2025-09-25,0.39,Semi-Anl,Interim
1113 HK Equity,2025-03-20,2025-05-27,2025-06-12,1.35,Semi-Anl,Final
1113 HK Equity,2024-08-15,2024-09-13,2024-09-26,0.39,Semi-Anl,Interim
1113 HK Equity,2024-03-21,2024-05-28,2024-06-13,1.62,Semi-Anl,Final
1113 HK Equity,2023-08-03,2023-09-04,2023-09-14,0.43,Semi-Anl,Interim
1113 HK Equity,2023-03-16,2023-05-23,2023-06-08,1.85,Semi-Anl,Final
1113 HK Equity,2022-08-04,2022-09-05,2022-09-16,0.43,Semi-Anl,Interim
1113 HK Equity,2022-03-17,2022-05-24,2022-06-09,1.79,Semi-Anl,Final
1113 HK Equity,2021-08-05,2021-09-06,2021-09-16,0.41,Semi-Anl,Interim
1113 HK Equity,2021-03-18,2021-05-18,2021-06-03,1.46,Semi-Anl,Final
1113 HK Equity,2020-08-06,2020-09-07,2020-09-17,0.34,Semi-Anl,Interim
1113 HK Equity,2020-03-19,2020-05-19,2020-05-29,1.58,Semi-Anl,Final
1113 HK Equity,2019-08-01,2019-09-02,2019-09-12,0.52,Semi-Anl,Interim
1113 HK Equity,2019-03-21,2019-05-21,2019-05-31,1.43,Semi-Anl,Final
1113 HK Equity,2018-08-02,2018-09-03,2018-09-13,0.47,Semi-Anl,Interim
1113 HK Equity,2018-03-16,2018-05-15,2018-05-31,1.28,Semi-Anl,Final
1113 HK Equity,2017-08-03,2017-09-04,2017-09-14,0.42,Semi-Anl,Interim
1113 HK Equity,2017-03-22,2017-05-16,2017-05-31,1.15,Semi-Anl,Final
1113 HK Equity,2016-08-11,2016-09-09,2016-09-22,0.38,Semi-Anl,Interim
1113 HK Equity,2016-03-17,2016-05-18,2016-06-01,1.05,Semi-Anl,Final
1113 HK Equity,2015-08-25,2015-09-22,2015-10-06,0.35,Semi-Anl,Interim
1177 HK Equity,2026-08-19,2026-09-01,2026-09-24,0.07,Semi-Anl,Interim
1177 HK Equity,2026-03-26,2026-06-24,2026-07-20,0.05,Semi-Anl,Final
1177 HK Equity,2025-08-18,2025-08-29,2025-09-23,0.05,Semi-Anl,Interim
1177 HK Equity,2025-03-20,2025-06-16,2025-07-10,0.04,Semi-Anl,Final
1177 HK Equity,2024-08-13,2024-09-10,2024-10-04,0.03,Semi-Anl,Interim
1177 HK Equity,2024-03-28,2024-06-11,2024-07-05,0.03,Semi-Anl,Final
1177 HK Equity,2023-08-25,2023-10-04,2023-10-27,0.02,Semi-Anl,Interim
1177 HK Equity,2023-03-31,2023-06-20,2023-07-17,0.06,Semi-Anl,Final
1177 HK Equity,2022-08-23,2022-09-06,2022-09-28,0.06,Semi-Anl,Interim
1177 HK Equity,2022-03-31,2022-06-15,2022-07-12,0.04,Semi-Anl,Final
1177 HK Equity,2021-08-31,2021-09-13,2021-10-04,0.02,Semi-Anl,Interim
1177 HK Equity,2021-05-24,2021-06-18,2021-07-12,0.02,Quarter,Interim
1177 HK Equity,2021-03-23,2021-06-18,2021-07-12,0.02,Quarter,Final
1177 HK Equity,2020-11-30,2020-12-11,2020-12-31,0.02,Quarter,Interim
1177 HK Equity,2020-08-28,2020-09-14,2020-09-30,0.02,Quarter,Interim
1177 HK Equity,2020-06-10,2020-07-20,2020-08-03,0.5,None,Bonus
1177 HK Equity,2020-05-28,2020-06-12,2020-07-06,0.013333,Quarter,Interim
1177 HK Equity,2020-03-30,2020-06-12,2020-07-06,0.013333,Quarter,Final
1177 HK Equity,2019-11-26,2019-12-10,2019-12-27,0.013333,Quarter,Interim
1177 HK Equity,2019-08-28,2019-09-12,2019-09-30,0.013333,Quarter,Interim
1177 HK Equity,2019-03-31,2019-06-14,2019-07-05,0.013333,Quarter,Final
1177 HK Equity,2019-05-22,2019-06-14,2019-07-05,0.013333,Quarter,Interim
1177 HK Equity,2018-11-22,2018-12-05,2018-12-21,0.013333,Quarter,Interim
1177 HK Equity,2018-08-22,2018-09-11,2018-09-28,0.013333,Quarter,Interim
1177 HK Equity,2018-05-18,2018-06-04,2018-06-25,0.008889,Quarter,Interim
1177 HK Equity,2018-04-17,2018-06-04,2018-06-19,0.5,None,Bonus
1177 HK Equity,2018-03-23,2018-06-04,2018-06-25,0.008889,Quarter,Final
1177 HK Equity,2017-11-09,2017-11-28,2017-12-15,0.008889,Quarter,Interim
1177 HK Equity,2017-08-21,2017-09-12,2017-09-29,0.008889,Quarter,Interim
1177 HK Equity,2017-05-26,2017-07-06,2017-07-20,0.006667,Quarter,Interim
1177 HK Equity,2017-03-13,2017-06-28,2017-07-13,0.006667,Quarter,Final
1177 HK Equity,2016-11-18,2016-12-05,2016-12-19,0.006667,Quarter,Interim
1177 HK Equity,2016-08-26,2016-09-12,2016-09-29,0.006667,Quarter,Interim
1177 HK Equity,2016-03-30,2016-06-28,2016-07-13,0.006667,Quarter,Final
1177 HK Equity,2016-05-21,2016-06-17,2016-07-06,0.006667,Quarter,Interim
1177 HK Equity,2015-11-20,2015-12-03,2015-12-18,0.004444,Quarter,Interim
1177 HK Equity,2015-10-08,2015-11-13,2015-11-26,0.5,None,Bonus
1177 HK Equity,2015-08-25,2015-09-10,2015-09-25,0.004444,Quarter,Interim
1177 HK Equity,2015-03-25,2015-06-19,2015-07-03,0.004444,Quarter,Interim
1177 HK Equity,2015-05-16,2015-06-09,2015-06-24,0.004444,Quarter,Final
1177 HK Equity,2014-11-10,2014-12-02,2014-12-18,0.004444,Quarter,Interim
1177 HK Equity,2014-08-25,2014-09-11,2014-09-26,0.004444,Quarter,Interim
1177 HK Equity,2014-05-23,2014-06-19,2014-07-04,0.004444,Quarter,Interim
1177 HK Equity,2014-03-26,2014-06-05,2014-06-19,0.005926,Quarter,Final
1177 HK Equity,2013-11-13,2013-12-02,2013-12-18,0.002963,Quarter,Interim
1177 HK Equity,2013-08-30,2013-09-16,2013-09-27,0.002963,Quarter,Interim
1177 HK Equity,2013-05-16,2013-06-13,2013-06-26,0.002963,Quarter,Interim
1177 HK Equity,2013-03-25,2013-06-06,2013-06-20,0.005926,Quarter,Final
1177 HK Equity,2012-11-15,2012-12-04,2012-12-18,0.002963,Quarter,Interim
1177 HK Equity,2012-08-27,2012-09-11,2012-09-25,0.002963,Quarter,Interim
1177 HK Equity,2012-05-16,2012-06-12,2012-06-25,0.002963,Quarter,Interim
1177 HK Equity,2012-03-30,2012-06-05,2012-06-18,0.002963,Quarter,Final
1177 HK Equity,2011-11-18,2011-12-06,2011-12-16,0.005926,Quarter,Interim
1177 HK Equity,2011-08-29,2011-09-12,2011-09-26,0.005926,Quarter,Interim
1177 HK Equity,2011-05-19,2011-06-09,2011-06-22,0.005926,Quarter,Interim
1177 HK Equity,2011-03-28,2011-05-26,2011-06-10,0.005926,Quarter,Final
1177 HK Equity,2010-11-16,2010-12-02,2010-12-17,0.005926,Quarter,Interim
1177 HK Equity,2010-08-25,2010-09-08,2010-09-20,0.005926,Quarter,Interim
1177 HK Equity,2010-05-27,2010-06-14,2010-06-25,0.005926,Quarter,Interim
1177 HK Equity,2010-03-31,2010-06-03,2010-06-18,0.005926,Quarter,Final
1177 HK Equity,2009-11-11,2009-12-04,2009-12-28,0.5,None,Bonus
1177 HK Equity,2009-11-11,2009-11-26,2009-12-15,0.002963,Quarter,Interim
1177 HK Equity,2009-09-09,2009-09-24,2009-10-14,0.002963,Quarter,Interim
1177 HK Equity,2009-05-13,2009-06-03,2009-06-26,0.333333,None,Bonus
1177 HK Equity,2009-03-31,2009-06-03,2009-06-17,0.002963,Quarter,Final
1177 HK Equity,2009-05-13,2009-05-26,2009-06-24,0.002222,Quarter,Interim
1177 HK Equity,2008-11-17,2008-12-03,2008-12-19,0.001481,Quarter,Interim
1177 HK Equity,2008-09-02,2008-09-18,2008-10-08,0.002222,Quarter,Interim
1177 HK Equity,2008-03-27,2008-06-18,2008-06-30,0.002963,Quarter,Final
1177 HK Equity,2008-05-16,2008-06-02,2008-07-02,0.002222,Quarter,Interim
1177 HK Equity,2007-11-14,2007-11-28,2007-12-10,0.002222,Quarter,Interim
1177 HK Equity,2007-09-06,2007-09-19,2007-10-09,0.002222,Quarter,Interim
1177 HK Equity,2007-04-03,2007-06-12,2007-06-22,0.002963,Quarter,Final
1177 HK Equity,2007-05-14,2007-05-31,2007-06-29,0.001481,Quarter,Interim
1177 HK Equity,2006-11-13,2006-12-04,2006-12-18,0.001481,Quarter,Interim
1177 HK Equity,2006-09-12,2006-09-29,2006-10-16,0.001481,Quarter,Interim
1177 HK Equity,2006-05-12,2006-06-08,2006-06-19,0.001481,Quarter,Interim
1177 HK Equity,2006-04-12,2006-05-26,2006-06-09,0.002222,Quarter,Final
1177 HK Equity,2005-11-09,2005-11-25,2005-12-08,0.007407,None,Special Cash
1177 HK Equity,2005-11-09,2005-11-25,2005-12-08,0.002222,Quarter,Interim
1177 HK Equity,2005-09-27,2005-10-13,2005-10-26,0.002222,Quarter,Interim
1177 HK Equity,2005-05-13,2005-05-26,2005-06-08,0.002963,Quarter,Interim
1177 HK Equity,2005-03-31,2005-05-06,2005-05-31,0.5,None,Bonus
1177 HK Equity,2005-03-31,2005-05-06,2005-05-31,0.003951,Quarter,Final
1177 HK Equity,2004-11-16,2004-12-03,2004-12-16,0.001975,Quarter,Interim
1177 HK Equity,2004-08-25,2004-09-16,2004-09-30,0.001975,Quarter,Interim
1177 HK Equity,2004-05-13,2004-05-13,,-2.4245362661989844e-14,#N/A N/A,#N/A N/A
1177 HK Equity,2004-03-19,2004-04-28,2004-04-29,4.0,#N/A N/A,None
1177 HK Equity,2004-03-24,2004-04-21,2004-05-10,0.002469,Semi-Anl,Final
1177 HK Equity,2003-08-11,2003-08-29,2003-09-15,0.001235,Semi-Anl,Interim
1177 HK Equity,2003-03-19,2003-04-15,2003-05-05,0.002222,Semi-Anl,Final
1177 HK Equity,2002-07-31,2002-08-20,2002-09-02,0.001235,Semi-Anl,Interim
1177 HK Equity,2002-03-15,2002-04-19,2002-05-03,0.002469,Quarter,Final
1177 HK Equity,2001-08-02,2001-08-21,2001-08-31,0.000988,Quarter,Interim
1177 HK Equity,2001-03-20,2001-04-10,2001-05-03,0.001235,Irreg,Final
12 HK Equity,2026-08-20,2026-09-03,2026-09-17,0.5,Semi-Anl,Interim
12 HK Equity,2026-03-23,2026-06-04,2026-06-23,0.76,Semi-Anl,Final
12 HK Equity,2025-08-20,2025-09-03,2025-09-17,0.5,Semi-Anl,Interim
12 HK Equity,2025-03-20,2025-06-05,2025-06-20,1.3,Semi-Anl,Final
12 HK Equity,2024-08-21,2024-09-03,2024-09-17,0.5,Semi-Anl,Interim
12 HK Equity,2024-03-21,2024-06-05,2024-06-21,1.3,Semi-Anl,Final
12 HK Equity,2023-08-22,2023-09-04,2023-09-19,0.5,Semi-Anl,Interim
12 HK Equity,2023-03-21,2023-06-07,2023-06-23,1.3,Semi-Anl,Final
12 HK Equity,2022-08-23,2022-09-05,2022-09-20,0.5,Semi-Anl,Interim
12 HK Equity,2022-03-22,2022-06-06,2022-06-21,1.3,Semi-Anl,Final
12 HK Equity,2021-08-23,2021-09-03,2021-09-16,0.5,Semi-Anl,Interim
12 HK Equity,2021-03-23,2021-06-03,2021-06-21,1.3,Semi-Anl,Final
12 HK Equity,2020-08-20,2020-09-02,2020-09-16,0.5,Semi-Anl,Interim
12 HK Equity,2020-03-23,2020-06-10,2020-06-26,1.3,Semi-Anl,Final
12 HK Equity,2019-08-21,2019-09-03,2019-09-16,0.5,Semi-Anl,Interim
12 HK Equity,2019-03-20,2019-05-30,2019-06-17,0.1,None,Bonus
12 HK Equity,2019-03-20,2019-05-30,2019-06-17,1.181818,Semi-Anl,Final
12 HK Equity,2018-08-23,2018-09-05,2018-09-18,0.454545,Semi-Anl,Interim
12 HK Equity,2018-03-21,2018-06-05,2018-06-21,0.1,None,Bonus
12 HK Equity,2018-03-21,2018-06-05,2018-06-21,1.016529,Semi-Anl,Final
12 HK Equity,2017-08-22,2017-09-04,2017-09-18,0.396694,Semi-Anl,Interim
12 HK Equity,2017-03-21,2017-06-07,2017-06-21,0.1,None,Bonus
12 HK Equity,2017-03-21,2017-06-07,2017-06-21,0.848986,Semi-Anl,Final
12 HK Equity,2016-08-23,2016-09-05,2016-09-20,0.315552,Semi-Anl,Interim
12 HK Equity,2016-03-21,2016-06-06,2016-06-23,0.1,None,Bonus
12 HK Equity,2016-03-21,2016-06-06,2016-06-23,0.730824,Semi-Anl,Final
12 HK Equity,2015-08-20,2015-09-02,2015-10-08,0.259545,Semi-Anl,Interim
12 HK Equity,2015-03-24,2015-06-04,2015-07-09,0.1,None,Bonus
12 HK Equity,2015-03-23,2015-06-04,2015-07-09,0.4719,Semi-Anl,Final
12 HK Equity,2014-08-26,2014-09-10,2014-10-21,0.211113,Semi-Anl,Interim
12 HK Equity,2014-03-20,2014-06-11,2014-07-18,0.1,None,Bonus
12 HK Equity,2014-03-20,2014-06-11,2014-07-18,0.417711,Semi-Anl,Final
12 HK Equity,2013-08-22,2013-09-04,2013-10-17,0.180632,Semi-Anl,Interim
12 HK Equity,2013-03-25,2013-06-05,2013-07-15,0.1,None,Bonus
12 HK Equity,2013-03-25,2013-06-05,2013-07-15,0.379737,Semi-Anl,Final
12 HK Equity,2012-08-22,2012-09-04,2012-10-16,0.164211,Semi-Anl,Interim
12 HK Equity,2012-03-21,2012-06-13,2012-07-19,0.359211,Semi-Anl,Final
12 HK Equity,2011-08-25,2011-09-07,2011-10-20,0.153947,Semi-Anl,Interim
12 HK Equity,2011-03-17,2011-04-21,2011-06-10,0.359211,Semi-Anl,Final
12 HK Equity,2010-08-26,2010-09-08,2010-10-15,0.153947,Semi-Anl,Interim
12 HK Equity,2010-03-30,2010-04-16,2010-06-02,0.2,None,Bonus-Options
12 HK Equity,2010-03-30,2010-04-16,2010-06-02,0.359211,Semi-Anl,Final
12 HK Equity,2009-08-28,2009-11-25,2009-12-04,0.153947,Semi-Anl,Interim
12 HK Equity,2009-03-19,2009-04-16,2009-04-24,0.153947,Semi-Anl,Interim
12 HK Equity,2008-09-18,2008-11-28,2008-12-10,0.359211,Semi-Anl,Final
12 HK Equity,2008-03-27,2008-04-17,2008-04-25,0.205263,Semi-Anl,Interim
12 HK Equity,2007-09-17,2007-11-23,2007-12-05,0.359211,Semi-Anl,Final
12 HK Equity,2007-03-22,2007-04-19,2007-04-27,0.205263,Semi-Anl,Interim
12 HK Equity,2006-09-22,2006-12-05,2006-12-14,0.333553,Semi-Anl,Final
12 HK Equity,2006-05-25,2006-12-05,2006-12-06,0.076923,#N/A N/A,None
12 HK Equity,2006-03-23,2006-04-20,2006-04-28,0.205263,Semi-Anl,Interim
12 HK Equity,2005-09-28,2005-11-28,2005-12-07,0.307895,Semi-Anl,Final
12 HK Equity,2005-03-18,2005-04-14,2005-04-22,0.205263,Semi-Anl,Interim
12 HK Equity,2004-09-24,2004-11-29,2004-12-09,0.282237,Semi-Anl,Final
12 HK Equity,2004-03-17,2004-04-15,2004-04-23,0.179605,Semi-Anl,Interim
12 HK Equity,2003-10-02,2003-11-21,2003-12-04,0.230921,Semi-Anl,Final
12 HK Equity,2003-03-20,2003-04-09,2003-04-24,0.179605,Semi-Anl,Interim
12 HK Equity,2002-10-03,2002-12-11,2002-12-20,0.230921,Semi-Anl,Final
12 HK Equity,2002-03-21,2002-04-10,2002-04-25,0.179605,Semi-Anl,Interim
12 HK Equity,2001-10-04,2001-11-30,2001-12-12,0.282237,Semi-Anl,Final
12 HK Equity,2001-03-23,2001-04-10,2001-04-26,0.282237,Semi-Anl,Interim
12 HK Equity,2000-09-20,2000-11-24,2000-12-06,0.513158,Semi-Anl,Final
12 HK Equity,2000-03-23,2000-04-14,2000-04-27,0.282237,Semi-Anl,Interim
12 HK Equity,1999-09-23,1999-11-19,1999-12-03,0.410526,Semi-Anl,Final
12 HK Equity,1999-03-25,1999-04-16,1999-04-30,0.359211,Semi-Anl,Interim
12 HK Equity,1998-09-30,1998-11-20,1998-12-04,0.410526,Semi-Anl,Final
12 HK Equity,1998-03-25,1998-04-17,1998-05-01,0.359211,Semi-Anl,Interim
12 HK Equity,1997-09-30,1997-11-21,1997-12-05,0.307895,None,Special Cash
12 HK Equity,1997-09-30,1997-11-21,1997-12-05,0.913421,Semi-Anl,Final
12 HK Equity,1997-03-19,1997-04-18,1997-05-02,0.359211,Semi-Anl,Interim
12 HK Equity,1996-09-11,1996-10-28,1996-11-15,0.733816,Semi-Anl,Final
12 HK Equity,1996-09-11,1996-10-28,1996-11-15,0.513158,None,Special Cash
12 HK Equity,1996-03-26,1996-04-26,1996-05-09,0.307895,Semi-Anl,Interim
12 HK Equity,1996-02-13,1996-03-07,1996-03-08,0.004,#N/A N/A,None
12 HK Equity,1995-09-27,1995-10-31,1995-11-20,0.513158,None,Special Cash
12 HK Equity,1995-09-27,1995-10-31,1995-11-20,0.667106,Semi-Anl,Final
12 HK Equity,1995-03-28,1995-04-24,1995-05-08,0.256579,Semi-Anl,Interim
12 HK Equity,1994-10-06,1994-11-09,1994-11-30,0.513158,None,Special Cash
12 HK Equity,1994-10-06,1994-11-09,1994-11-30,0.61579,Semi-Anl,Final
12 HK Equity,1994-04-25,1994-05-12,1994-05-26,0.205263,Semi-Anl,Interim
12 HK Equity,1993-09-27,1993-10-27,1993-11-15,0.513158,None,Special Cash
12 HK Equity,1993-09-27,1993-10-27,1993-11-15,0.446448,Semi-Anl,Final
12 HK Equity,1993-03-29,1993-04-23,1993-05-07,0.118026,Semi-Anl,Interim
12 HK Equity,1992-10-10,1992-11-13,1992-12-02,0.164211,Semi-Anl,Final
12 HK Equity,1992-03-21,1992-04-13,1992-05-02,0.0975,Semi-Anl,Interim
12 HK Equity,1991-10-05,1991-11-18,1991-12-09,0.123158,Annual,Final
12 HK Equity,1991-03-01,1991-04-15,1991-05-01,0.082105,Semi-Anl,Interim
12 HK Equity,1990-11-01,1990-11-12,1990-12-03,0.107763,Semi-Anl,Final
12 HK Equity,1990-03-01,1990-04-16,1990-05-03,0.071842,Semi-Anl,Interim
12 HK Equity,1989-10-06,1989-11-13,1989-12-04,0.0975,Semi-Anl,Final
12 HK Equity,1989-03-17,1989-04-17,1989-05-08,0.056447,Semi-Anl,Interim
12 HK Equity,1988-10-12,1988-11-14,1988-11-30,0.076974,Semi-Anl,Final
12 HK Equity,1988-03-18,1988-04-18,1988-05-09,0.046184,Semi-Anl,Interim
12 HK Equity,1987-11-04,1987-12-07,1987-12-21,0.061579,Semi-Anl,Final
12 HK Equity,1987-03-18,1987-04-16,1987-05-04,0.035921,Semi-Anl,Interim
12 HK Equity,1986-10-27,1986-10-27,1986-12-08,0.041053,Semi-Anl,Final
12 HK Equity,1986-01-01,1986-01-01,1986-04-19,0.025658,#N/A N/A,Semi-Anl
1209 HK Equity,2026-08-31,2026-09-10,2026-10-26,0.391,None,Special Cash
1209 HK Equity,2026-08-31,2026-09-10,2026-10-26,0.586,Semi-Anl,Interim
1209 HK Equity,2026-03-30,2026-06-15,2026-07-31,0.341,None,Special Cash
1209 HK Equity,2026-03-30,2026-06-15,2026-07-31,0.509,Semi-Anl,Final
1209 HK Equity,2025-08-27,2025-09-09,2025-10-23,0.352,None,Special Cash
1209 HK Equity,2025-08-27,2025-09-09,2025-10-23,0.529,Semi-Anl,Interim
1209 HK Equity,2025-03-26,2025-06-12,2025-07-23,0.614,None,Special Cash
1209 HK Equity,2025-03-26,2025-06-12,2025-07-23,0.643,Semi-Anl,Final
1209 HK Equity,2024-08-28,2024-10-28,2024-12-20,0.575,None,Special Cash
1209 HK Equity,2024-08-28,2024-09-09,2024-10-25,0.279,Semi-Anl,Interim
1209 HK Equity,2024-03-26,2024-06-12,2024-07-26,0.481,Semi-Anl,Final
1209 HK Equity,2023-08-30,2023-09-12,2023-10-27,0.223,Semi-Anl,Interim
1209 HK Equity,2023-03-28,2023-06-09,2023-07-28,0.312,Semi-Anl,Final
1209 HK Equity,2022-12-21,2023-01-05,2023-02-28,0.3643,None,Special Cash
1209 HK Equity,2022-08-31,2022-09-14,2022-10-31,0.127,Semi-Anl,Interim
1209 HK Equity,2022-03-31,2022-06-20,2022-08-10,0.276,Annual,Final
1209 HK Equity,2021-03-29,2021-06-18,2021-07-09,0.132,Irreg,Final
1211 HK Equity,2026-03-27,2026-06-11,2026-07-31,0.358,Annual,Final
1211 HK Equity,2025-04-24,2025-06-10,2025-07-29,2.0,None,Bonus
1211 HK Equity,2025-03-24,2025-06-10,2025-07-29,1.324667,Annual,Final
1211 HK Equity,2024-03-26,2024-06-11,2024-07-29,1.032667,Annual,Final
1211 HK Equity,2023-03-28,2023-06-13,2023-07-28,0.380667,Annual,Final
1211 HK Equity,2022-03-29,2022-06-13,2022-07-29,0.035,Annual,Final
1211 HK Equity,2021-03-29,2021-06-10,2021-08-06,0.049333,Annual,Final
1211 HK Equity,2020-04-21,2020-06-26,2020-08-18,0.02,Annual,Final
1211 HK Equity,2019-03-27,2019-06-11,2019-07-26,0.068,Annual,Final
1211 HK Equity,2018-03-27,2018-06-22,2018-08-17,0.047,Annual,Final
1211 HK Equity,2017-08-28,2017-11-03,,-2.4245362661989844e-14,#N/A N/A,#N/A N/A
1211 HK Equity,2017-03-28,2017-06-08,2017-08-04,0.059333,Irreg,Final
1211 HK Equity,2016-08-28,2016-11-03,2016-12-13,0.122333,Irreg,Interim
1211 HK Equity,2014-03-19,2014-07-02,2014-08-13,0.015,Irreg,Final
1211 HK Equity,2013-03-25,2013-04-11,,-2.4245362661989844e-14,#N/A N/A,#N/A N/A
1211 HK Equity,2012-03-25,2012-04-11,,-2.4245362661989844e-14,#N/A N/A,#N/A N/A
1211 HK Equity,2011-03-13,2011-04-11,,-2.4245362661989844e-14,#N/A N/A,#N/A N/A
1211 HK Equity,2010-03-14,2010-04-09,2010-06-10,0.099,Annual,Final
1211 HK Equity,2009-03-29,2009-04-24,,-2.4245362661989844e-14,#N/A N/A,#N/A N/A
1211 HK Equity,2008-09-25,2008-09-25,,-2.4245362661989844e-14,#N/A N/A,#N/A N/A
1211 HK Equity,2008-04-24,2008-04-24,,-2.4245362661989844e-14,#N/A N/A,#N/A N/A
1211 HK Equity,2008-01-28,2008-02-15,2008-03-31,2.8,None,Bonus
1211 HK Equity,2008-01-28,2008-02-15,2008-04-18,0.114035,Irreg,Interim
1211 HK Equity,2007-05-23,2007-06-18,2007-06-20,0.333333,#N/A N/A,None
1211 HK Equity,2007-03-19,2007-05-08,2007-07-05,0.035088,Annual,Final
1211 HK Equity,2006-04-20,2006-04-20,,-2.4245362661989844e-14,#N/A N/A,#N/A N/A
1211 HK Equity,2005-03-24,2005-04-14,2005-06-22,0.050614,Annual,Final
1211 HK Equity,2004-02-23,2004-03-11,2004-05-21,0.044912,Annual,Final
1211 HK Equity,2003-02-14,2003-03-06,2003-05-16,0.024912,Irreg,Final
1299 HK Equity,2026-08-20,2026-09-04,2026-09-22,0.539,Semi-Anl,Interim
1299 HK Equity,2026-03-19,2026-05-28,2026-06-12,1.4408,Semi-Anl,Final
1299 HK Equity,2025-08-21,2025-09-05,2025-09-23,0.49,Semi-Anl,Interim
1299 HK Equity,2025-03-14,2025-05-28,2025-06-12,1.3098,Semi-Anl,Final
1299 HK Equity,2024-08-22,2024-09-09,2024-09-25,0.445,Semi-Anl,Interim
1299 HK Equity,2024-03-14,2024-05-29,2024-06-14,1.1907,Semi-Anl,Final
1299 HK Equity,2023-08-24,2023-09-11,2023-09-26,0.4229,Semi-Anl,Interim
1299 HK Equity,2023-03-10,2023-05-23,2023-06-09,1.134,Semi-Anl,Final
1299 HK Equity,2022-08-25,2022-09-09,2022-09-29,0.4028,Semi-Anl,Interim
1299 HK Equity,2022-03-11,2022-05-24,2022-06-10,1.08,Semi-Anl,Final
1299 HK Equity,2021-08-17,2021-09-02,2021-09-21,0.38,Semi-Anl,Interim
1299 HK Equity,2021-03-11,2021-05-25,2021-06-10,1.003,Semi-Anl,Final
1299 HK Equity,2020-08-20,2020-09-07,2020-09-24,0.35,Semi-Anl,Interim
1299 HK Equity,2020-03-12,2020-06-03,2020-06-19,0.933,Semi-Anl,Final
1299 HK Equity,2019-08-23,2019-09-09,2019-09-26,0.333,Semi-Anl,Interim
1299 HK Equity,2019-03-15,2019-05-21,2019-06-06,0.095,None,Special Cash
1299 HK Equity,2019-03-15,2019-05-21,2019-06-06,0.848,Semi-Anl,Final
1299 HK Equity,2018-08-24,2018-09-10,2018-09-28,0.292,Semi-Anl,Interim
1299 HK Equity,2018-02-27,2018-05-23,2018-06-08,0.7438,Semi-Anl,Final
1299 HK Equity,2017-07-28,2017-08-14,2017-08-31,0.2562,Semi-Anl,Interim
1299 HK Equity,2017-02-24,2017-05-16,2017-05-31,0.6375,Semi-Anl,Final
1299 HK Equity,2016-07-28,2016-08-12,2016-08-31,0.219,Semi-Anl,Interim
1299 HK Equity,2016-02-25,2016-05-10,2016-05-27,0.51,Semi-Anl,Final
1299 HK Equity,2015-07-24,2015-08-11,2015-08-28,0.1872,Semi-Anl,Interim
1299 HK Equity,2015-02-26,2015-05-12,2015-05-29,0.34,Semi-Anl,Final
1299 HK Equity,2014-07-25,2014-08-12,2014-08-29,0.16,Semi-Anl,Interim
1299 HK Equity,2014-02-20,2014-05-13,2014-05-29,0.2862,Semi-Anl,Final
1299 HK Equity,2013-07-26,2013-08-08,2013-08-30,0.1393,Semi-Anl,Interim
1299 HK Equity,2013-02-26,2013-05-14,2013-05-30,0.2467,Semi-Anl,Final
1299 HK Equity,2012-07-27,2012-08-09,2012-08-31,0.1233,Semi-Anl,Interim
1299 HK Equity,2012-02-24,2012-05-10,2012-05-25,0.22,Semi-Anl,Final
1299 HK Equity,2011-07-28,2011-08-11,2011-09-02,0.11,Semi-Anl,Interim
1347 HK Equity,2024-03-28,2024-06-03,2024-06-26,0.165,Irreg,Final
1347 HK Equity,2022-03-29,2022-05-13,,-2.4245362661989844e-14,#N/A N/A,#N/A N/A
1347 HK Equity,2021-03-25,2021-05-14,,-2.4245362661989844e-14,#N/A N/A,#N/A N/A
1347 HK Equity,2020-03-26,2020-05-14,,-2.4245362661989844e-14,#N/A N/A,#N/A N/A
1347 HK Equity,2019-03-28,2019-05-14,2019-06-26,0.31,Annual,Final
1347 HK Equity,2018-03-29,2018-05-14,2018-06-14,0.31,Annual,Final
1347 HK Equity,2017-03-28,2017-05-16,2017-06-16,0.3,Annual,Final
1347 HK Equity,2016-03-22,2016-05-13,2016-06-30,0.27,Irreg,Final
1378 HK Equity,2026-03-20,2026-05-22,2026-06-12,1.65,Semi-Anl,Final
1378 HK Equity,2025-08-15,2025-11-14,,-2.4245362661989844e-14,#N/A N/A,#N/A N/A
1378 HK Equity,2025-03-14,2025-05-21,2025-06-13,1.02,Semi-Anl,Final
1378 HK Equity,2024-08-16,2024-11-14,2024-12-06,0.59,Semi-Anl,Interim
1378 HK Equity,2024-03-22,2024-05-22,2024-06-14,0.29,Semi-Anl,Final
1378 HK Equity,2023-08-18,2023-11-16,2023-12-08,0.22,None,Special Cash
1378 HK Equity,2023-08-18,2023-11-16,2023-12-08,0.12,Semi-Anl,Interim
1378 HK Equity,2023-03-24,2023-05-23,2023-06-16,0.1,Semi-Anl,Final
1378 HK Equity,2022-08-26,2022-11-10,2022-12-02,0.41,Semi-Anl,Interim
1378 HK Equity,2022-03-18,2022-05-23,2022-06-17,0.6,Semi-Anl,Final
1378 HK Equity,2021-08-20,2021-11-04,2021-11-26,0.45,Semi-Anl,Interim
1378 HK Equity,2021-03-05,2021-06-03,2021-06-25,0.5,Semi-Anl,Final
1378 HK Equity,2020-08-21,2020-11-05,2020-11-27,0.15,Semi-Anl,Interim
1378 HK Equity,2020-03-20,2020-06-04,2020-06-26,0.34,Semi-Anl,Final
1378 HK Equity,2019-03-22,2019-06-05,2019-06-19,0.24,Annual,Final
1378 HK Equity,2018-03-23,2018-06-01,2018-06-29,0.2,Annual,Final
1378 HK Equity,2017-10-27,2018-01-29,2018-02-09,0.2,None,Special Cash
1378 HK Equity,2017-10-27,2018-01-29,2018-02-09,0.27,Annual,Final
1378 HK Equity,2016-03-11,2016-06-02,2016-06-28,0.15,Annual,Final
1378 HK Equity,2016-01-08,2016-01-14,2016-02-19,0.14,None,Rights Issue
1378 HK Equity,2015-03-29,2015-05-29,2015-06-26,0.28,Annual,Final
1378 HK Equity,2014-03-14,2014-05-30,2014-06-27,0.27,Annual,Final
1378 HK Equity,2013-03-08,2013-05-20,2013-06-07,0.26,Annual,Final
1378 HK Equity,2012-03-09,2012-05-17,2012-06-05,0.32,Annual,Final
1398 HK Equity,2026-08-28,2026-10-09,2026-11-25,0.1511,Semi-Anl,Interim
1398 HK Equity,2026-03-27,2026-05-04,2026-06-16,0.1689,Semi-Anl,Final
1398 HK Equity,2025-08-29,2025-12-04,2026-01-26,0.1414,Semi-Anl,Interim
1398 HK Equity,2025-03-28,2025-07-03,2025-08-22,0.1646,Irreg,Final
1398 HK Equity,2024-08-30,2025-01-02,2025-01-24,0.1434,Irreg,Interim
1398 HK Equity,2024-03-27,2024-07-08,2024-08-19,0.3064,Annual,Final
1398 HK Equity,2023-03-30,2023-07-06,2023-08-18,0.3035,Annual,Final
1398 HK Equity,2022-03-30,2022-07-04,2022-07-27,0.2933,Annual,Final
1398 HK Equity,2021-03-26,2021-06-28,2021-07-27,0.266,Annual,Final
1398 HK Equity,2020-03-27,2020-06-22,2020-07-21,0.2628,Annual,Final
1398 HK Equity,2019-03-28,2019-06-25,2019-07-23,0.2506,Annual,Final
1398 HK Equity,2018-03-27,2018-07-05,2018-08-06,0.2408,Annual,Final
1398 HK Equity,2017-03-30,2017-07-03,2017-08-02,0.2343,Annual,Final
1398 HK Equity,2016-03-30,2016-06-29,2016-08-17,0.20997,Annual,Final
1398 HK Equity,2015-03-26,2015-06-29,2015-07-30,0.22986,Annual,Final
1398 HK Equity,2014-03-27,2014-06-12,2014-07-18,0.23553,Annual,Final
1398 HK Equity,2013-03-27,2013-06-17,2013-07-19,0.2151,Annual,Final
1398 HK Equity,2012-03-29,2012-06-06,2012-07-12,0.1827,Annual,Final
1398 HK Equity,2011-03-30,2011-06-07,2011-07-08,0.1656,Annual,Final
1398 HK Equity,2010-07-28,2010-11-22,2010-12-28,0.045,None,Rights Issue
1398 HK Equity,2010-03-25,2010-05-19,2010-06-25,0.150108,Annual,Final
1398 HK Equity,2009-03-25,2009-05-26,2009-06-30,0.145693,Annual,Final
1398 HK Equity,2008-03-25,2008-06-10,2008-06-26,0.130486,Annual,Final
1398 HK Equity,2007-04-03,2007-06-13,2007-06-28,0.015698,Annual,Final
16 HK Equity,2026-09-10,2026-11-10,2026-11-19,2.93,Semi-Anl,Final
16 HK Equity,2026-02-26,2026-03-11,2026-03-19,0.98,Semi-Anl,Interim
16 HK Equity,2025-09-04,2025-11-10,2025-11-20,2.8,Semi-Anl,Final
16 HK Equity,2025-02-27,2025-03-12,2025-03-20,0.95,Semi-Anl,Interim
16 HK Equity,2024-09-05,2024-11-11,2024-11-21,2.8,Semi-Anl,Final
16 HK Equity,2024-02-28,2024-03-12,2024-03-20,0.95,Semi-Anl,Interim
16 HK Equity,2023-09-07,2023-11-06,2023-11-16,3.7,Semi-Anl,Final
16 HK Equity,2023-02-23,2023-03-08,2023-03-16,1.25,Semi-Anl,Interim
16 HK Equity,2022-09-08,2022-11-07,2022-11-17,3.7,Semi-Anl,Final
16 HK Equity,2022-02-24,2022-03-09,2022-03-17,1.25,Semi-Anl,Interim
16 HK Equity,2021-09-09,2021-11-08,2021-11-18,3.7,Semi-Anl,Final
16 HK Equity,2021-02-25,2021-03-10,2021-03-18,1.25,Semi-Anl,Interim
16 HK Equity,2020-09-10,2020-11-09,2020-11-19,3.7,Semi-Anl,Final
16 HK Equity,2020-02-27,2020-03-11,2020-03-19,1.25,Semi-Anl,Interim
16 HK Equity,2019-09-12,2019-11-11,2019-11-21,3.7,Semi-Anl,Final
16 HK Equity,2019-02-27,2019-03-12,2019-03-21,1.25,Semi-Anl,Interim
16 HK Equity,2018-09-13,2018-11-12,2018-11-22,3.45,Semi-Anl,Final
16 HK Equity,2018-02-27,2018-03-12,2018-03-22,1.2,Semi-Anl,Interim
16 HK Equity,2017-09-14,2017-11-13,2017-11-23,3.0,Semi-Anl,Final
16 HK Equity,2017-02-28,2017-03-13,2017-03-23,1.1,Semi-Anl,Interim
16 HK Equity,2016-09-08,2016-11-14,2016-11-24,2.8,Semi-Anl,Final
16 HK Equity,2016-02-26,2016-03-10,2016-03-22,1.05,Semi-Anl,Interim
16 HK Equity,2015-09-10,2015-11-16,2015-11-26,2.4,Semi-Anl,Final
16 HK Equity,2015-02-27,2015-03-12,2015-03-24,0.95,Semi-Anl,Interim
16 HK Equity,2014-09-12,2014-11-18,2014-11-28,2.4,Semi-Anl,Final
16 HK Equity,2014-02-28,2014-04-08,2014-04-23,0.083333,None,Bonus-Options
16 HK Equity,2014-02-28,2014-03-13,2014-04-16,0.95,Semi-Anl,Interim
16 HK Equity,2013-09-12,2013-11-18,2013-12-19,2.4,Semi-Anl,Final
16 HK Equity,2013-02-28,2013-03-13,2013-04-25,0.95,Semi-Anl,Interim
16 HK Equity,2012-09-13,2012-11-19,2012-12-20,2.4,Semi-Anl,Final
16 HK Equity,2012-02-28,2012-03-12,2012-04-27,0.95,Semi-Anl,Interim
16 HK Equity,2011-09-15,2011-12-12,2012-01-19,2.4,Semi-Anl,Final
16 HK Equity,2011-02-28,2011-03-11,2011-03-23,0.95,Semi-Anl,Interim
16 HK Equity,2010-09-20,2010-11-23,2010-12-06,1.85,Semi-Anl,Final
16 HK Equity,2010-03-11,2010-03-24,2010-05-04,0.85,Semi-Anl,Interim
16 HK Equity,2009-09-15,2009-11-24,2009-12-07,1.7,Semi-Anl,Final
16 HK Equity,2009-03-11,2009-03-24,2009-04-06,0.8,Semi-Anl,Interim
16 HK Equity,2008-09-11,2008-11-25,2008-12-08,1.7,Semi-Anl,Final
16 HK Equity,2008-03-06,2008-03-19,2008-04-07,0.8,Semi-Anl,Interim
16 HK Equity,2007-09-13,2007-11-27,2007-12-10,1.6,Semi-Anl,Final
16 HK Equity,2007-03-07,2007-03-19,2007-04-02,0.7,Semi-Anl,Interim
16 HK Equity,2006-09-14,2006-11-28,2006-12-11,1.5,Semi-Anl,Final
16 HK Equity,2006-03-03,2006-03-16,2006-03-27,0.7,Semi-Anl,Interim
16 HK Equity,2005-09-15,2005-11-29,2005-12-09,1.5,Semi-Anl,Final
16 HK Equity,2005-03-03,2005-03-16,2005-03-29,0.7,Semi-Anl,Interim
16 HK Equity,2004-09-23,2004-11-30,2004-12-10,1.05,Semi-Anl,Final
16 HK Equity,2004-03-11,2004-03-24,2004-04-06,0.6,Semi-Anl,Interim
16 HK Equity,2003-09-25,2003-11-07,2003-11-19,1.0,Semi-Anl,Final
16 HK Equity,2003-03-12,2003-03-26,2003-04-08,0.6,Semi-Anl,Interim
16 HK Equity,2002-09-26,2002-11-26,2002-12-06,0.6,Semi-Anl,Special Cash
16 HK Equity,2002-09-26,2002-11-26,2002-12-06,1.0,Semi-Anl,Final
16 HK Equity,2002-03-12,2002-03-26,2002-04-08,0.55,Semi-Anl,Interim
16 HK Equity,2001-09-27,2001-11-20,2001-12-03,1.0,Semi-Anl,Final
16 HK Equity,2001-03-16,2001-04-02,2001-04-12,0.55,Semi-Anl,Interim
16 HK Equity,2000-09-28,2000-11-21,2000-12-01,1.2,Semi-Anl,Final
16 HK Equity,2000-03-16,2000-04-11,2000-04-20,0.55,Semi-Anl,Interim
16 HK Equity,2000-02-16,2000-02-28,2000-02-29,0.007143,#N/A N/A,None
16 HK Equity,1999-10-07,1999-11-23,1999-12-03,1.05,Semi-Anl,Final
16 HK Equity,1999-03-18,1999-04-01,1999-04-15,0.5,Semi-Anl,Interim
16 HK Equity,1998-10-15,1998-11-02,1998-12-15,0.6,Semi-Anl,Final
16 HK Equity,1998-03-19,1998-04-07,1998-05-15,0.6,Semi-Anl,Interim
16 HK Equity,1997-10-08,1997-11-11,1997-11-20,1.65,Semi-Anl,Final
16 HK Equity,1997-10-08,1997-11-11,1997-11-20,0.38,None,Special Cash
16 HK Equity,1997-03-20,1997-04-09,1997-04-18,0.7,Semi-Anl,Interim
16 HK Equity,1996-10-03,1996-11-06,1996-11-15,1.26,Semi-Anl,Final
16 HK Equity,1996-10-03,1996-11-06,1996-11-15,0.38,None,Special Cash
16 HK Equity,1996-03-19,1996-04-09,1996-04-18,0.6,Semi-Anl,Interim
16 HK Equity,1995-10-05,1995-11-08,1995-11-17,0.38,None,Special Cash
16 HK Equity,1995-10-05,1995-11-08,1995-11-17,1.17,Semi-Anl,Final
16 HK Equity,1995-03-24,1995-04-07,1995-04-20,0.58,Semi-Anl,Interim
16 HK Equity,1994-10-11,1994-11-02,1994-11-11,1.01,Semi-Anl,Final
16 HK Equity,1994-10-11,1994-11-02,1994-11-11,0.38,None,Special Cash
16 HK Equity,1994-03-28,1994-04-11,1994-04-19,0.53,Semi-Anl,Interim
16 HK Equity,1993-10-11,1993-11-24,1993-12-03,0.272727,None,Special Cash
16 HK Equity,1993-10-11,1993-11-24,1993-12-03,0.863636,Semi-Anl,Final
16 HK Equity,1993-10-11,1993-11-24,1993-12-03,0.1,None,Bonus
16 HK Equity,1993-04-03,1993-04-08,1993-04-20,0.409091,Semi-Anl,Interim
16 HK Equity,1992-10-10,1992-10-28,1992-11-27,0.136364,None,Special Cash
16 HK Equity,1992-10-10,1992-10-28,1992-11-27,0.681818,Semi-Anl,Final
16 HK Equity,1992-03-31,1992-04-14,1992-04-24,0.354545,Semi-Anl,Interim
16 HK Equity,1991-10-08,1991-11-07,1991-11-29,0.090909,None,Misc
16 HK Equity,1991-10-08,1991-11-07,1991-11-29,0.136364,None,Special Cash
16 HK Equity,1991-10-08,1991-11-07,1991-11-29,0.563636,Semi-Anl,Final
16 HK Equity,1991-04-01,1991-04-30,1991-05-28,0.090909,Semi-Anl,Interim
16 HK Equity,1990-10-01,1990-10-24,1990-11-30,0.136364,None,Special Cash
16 HK Equity,1990-10-01,1990-10-24,1990-11-30,0.436364,Semi-Anl,Final
16 HK Equity,1990-03-01,1990-04-20,1990-04-30,0.263636,Semi-Anl,Interim
16 HK Equity,1989-09-22,1989-10-19,1989-11-24,0.372727,Semi-Anl,Final
16 HK Equity,1989-03-31,1989-04-18,1989-04-25,0.227273,Semi-Anl,Interim
16 HK Equity,1988-09-23,1988-10-20,1988-11-25,0.272727,Semi-Anl,Final
16 HK Equity,1988-09-23,1988-10-20,1988-11-25,0.118182,Semi-Anl,Special Cash
16 HK Equity,1988-03-11,1988-03-31,1988-05-09,0.2,Semi-Anl,Interim
16 HK Equity,1987-09-25,1987-10-30,1987-12-04,0.236364,Semi-Anl,Final
16 HK Equity,1987-03-01,1987-03-31,1987-04-01,2.0,#N/A N/A,None
16 HK Equity,1986-09-17,1986-10-10,1986-10-31,0.090909,Semi-Anl,Interim
175 HK Equity,2026-03-18,2026-06-12,2026-07-30,0.5,Annual,Final
175 HK Equity,2025-03-20,2025-06-11,2025-07-25,0.33,Annual,Final
175 HK Equity,2024-05-21,2024-06-21,2024-08-01,4.5e-05,None,Spinoff
175 HK Equity,2024-03-20,2024-06-11,2024-07-26,0.22,Annual,Final
175 HK Equity,2023-03-21,2023-06-05,2023-07-26,0.21,Annual,Final
175 HK Equity,2022-03-23,2022-06-02,2022-07-26,0.21,Annual,Final
175 HK Equity,2021-03-23,2021-05-28,2021-07-20,0.2,Annual,Final
175 HK Equity,2020-03-30,2020-05-28,2020-07-30,0.25,Annual,Final
175 HK Equity,2019-03-21,2019-06-14,2019-07-18,0.35,Annual,Final
175 HK Equity,2018-03-21,2018-06-08,2018-07-12,0.29,Annual,Final
175 HK Equity,2017-03-22,2017-06-08,2017-07-12,0.12,Annual,Final
175 HK Equity,2016-03-22,2016-06-08,2016-07-12,0.038,Annual,Final
175 HK Equity,2015-03-18,2015-06-08,2015-07-10,0.025,Annual,Final
175 HK Equity,2014-03-19,2014-06-09,2014-07-10,0.046,Annual,Final
175 HK Equity,2013-03-20,2013-05-27,2013-07-10,0.039,Annual,Final
175 HK Equity,2012-03-22,2012-05-25,2012-07-10,0.028,Annual,Final
175 HK Equity,2011-03-23,2011-05-09,2011-06-30,0.026,Annual,Final
175 HK Equity,2010-04-12,2010-05-17,2010-06-29,0.023,Annual,Final
175 HK Equity,2009-04-16,2009-05-18,2009-06-29,0.016,Annual,Final
175 HK Equity,2008-04-16,2008-05-16,2008-06-25,0.013,Annual,Final
175 HK Equity,2007-04-12,2007-05-08,2007-06-21,0.002,None,Special Cash
175 HK Equity,2007-04-12,2007-05-08,2007-06-21,0.01,Annual,Final
175 HK Equity,2006-04-21,2006-05-15,2006-06-28,0.01,Annual,Final
175 HK Equity,2005-04-29,2005-05-19,2005-07-08,0.01,Irreg,Final
175 HK Equity,2002-06-07,2002-06-25,2002-06-26,0.5,#N/A N/A,None
175 HK Equity,2000-02-11,2000-03-21,2000-03-22,0.2,#N/A N/A,None
175 HK Equity,1997-10-22,1997-11-11,1997-11-13,3.0,#N/A N/A,None
175 HK Equity,1997-10-09,1997-10-14,1997-10-16,0.1,#N/A N/A,None
175 HK Equity,1997-01-24,1997-02-04,1997-02-10,0.5,#N/A N/A,None
175 HK Equity,1995-09-04,1995-09-06,1995-09-08,0.5,#N/A N/A,None
175 HK Equity,1993-09-06,1993-09-20,1993-09-22,3.925569,None,Misc
175 HK Equity,1993-07-17,1993-07-20,1993-07-19,5.0,None,Stock Split
175 HK Equity,1992-09-19,1992-09-19,,-2.4245362661989844e-14,#N/A N/A,#N/A N/A
175 HK Equity,1991-12-28,1992-01-06,1992-01-15,0.098139,Semi-Anl,Interim
175 HK Equity,1991-08-23,1991-09-13,1991-09-27,0.117767,Semi-Anl,Regular Cash
175 HK Equity,1990-12-01,1990-12-27,1991-01-08,0.117767,Semi-Anl,Interim
175 HK Equity,1990-07-01,1990-08-21,1990-09-04,0.196278,Semi-Anl,Regular Cash
175 HK Equity,1989-11-23,1989-12-15,1989-12-29,0.196278,Semi-Anl,Interim
175 HK Equity,1989-06-28,1989-08-09,1989-08-21,0.196278,Semi-Anl,Regular Cash
175 HK Equity,1987-04-04,1987-04-04,,-2.4245362661989844e-14,#N/A N/A,#N/A N/A
175 HK Equity,1987-01-19,1987-01-19,,-2.4245362661989844e-14,#N/A N/A,#N/A N/A
175 HK Equity,1986-08-11,1986-08-11,,-2.4245362661989844e-14,#N/A N/A,#N/A N/A
1876 HK Equity,2026-02-12,2026-05-20,2026-06-24,0.0566,Annual,Final
1876 HK Equity,2025-02-26,2025-05-21,2025-06-25,0.0566,Annual,Final
1876 HK Equity,2024-02-29,2024-05-22,2024-06-20,0.0529,Annual,Final
1876 HK Equity,2023-03-02,2023-05-15,2023-06-21,0.0378,Annual,Final
1876 HK Equity,2022-02-24,2022-05-16,2022-06-22,0.0302,Annual,Final
1876 HK Equity,2021-02-24,2021-05-17,2021-06-23,0.0283,Annual,Final
1876 HK Equity,2020-02-27,2020-05-19,2020-06-24,0.0263,Annual,Final
1928 HK Equity,2026-08-14,2026-09-16,2026-10-09,0.5,Semi-Anl,Interim
1928 HK Equity,2026-02-13,2026-05-20,2026-06-12,0.5,Irreg,Final
1928 HK Equity,2025-08-15,2025-08-28,2025-09-12,0.25,Irreg,Interim
1928 HK Equity,2025-02-21,2025-05-28,2025-06-20,0.25,Irreg,Return of Capital
1928 HK Equity,2021-02-19,2021-02-19,,-2.4245362661989844e-14,#N/A N/A,#N/A N/A
1928 HK Equity,2020-08-14,2021-02-03,,-2.4245362661989844e-14,#N/A N/A,#N/A N/A
1928 HK Equity,2020-04-17,2020-05-29,,-2.4245362661989844e-14,#N/A N/A,#N/A N/A
1928 HK Equity,2020-01-17,2020-02-03,2020-02-21,0.99,Semi-Anl,Interim
1928 HK Equity,2019-03-15,2019-05-30,2019-06-21,1.0,Semi-Anl,Final
1928 HK Equity,2019-01-18,2019-01-31,2019-02-22,0.99,Semi-Anl,Interim
1928 HK Equity,2018-03-16,2018-05-31,2018-06-22,1.0,Semi-Anl,Final
1928 HK Equity,2018-01-19,2018-02-01,2018-02-23,0.99,Semi-Anl,Interim
1928 HK Equity,2017-03-17,2017-06-01,2017-06-23,1.0,Semi-Anl,Final
1928 HK Equity,2017-01-20,2017-02-06,2017-02-24,0.99,Semi-Anl,Interim
1928 HK Equity,2016-03-11,2016-06-01,2016-06-24,1.0,Semi-Anl,Final
1928 HK Equity,2016-01-22,2016-02-04,2016-02-26,0.99,Semi-Anl,Interim
1928 HK Equity,2015-03-13,2015-06-22,2015-07-15,1.0,Semi-Anl,Final
1928 HK Equity,2015-01-23,2015-02-10,2015-02-27,0.99,Semi-Anl,Interim
1928 HK Equity,2014-03-14,2014-06-05,2014-06-30,0.86,Semi-Anl,Final
1928 HK Equity,2014-01-24,2014-02-11,2014-02-26,0.77,None,Special Cash
1928 HK Equity,2014-01-24,2014-02-11,2014-02-26,0.87,Semi-Anl,Interim
1928 HK Equity,2013-03-15,2013-06-05,2013-06-21,0.66,Semi-Anl,Final
1928 HK Equity,2013-01-25,2013-02-14,2013-02-28,0.67,Semi-Anl,Interim
1928 HK Equity,2012-04-20,2012-06-06,2012-06-22,0.58,Semi-Anl,Final
1928 HK Equity,2012-01-31,2012-02-13,2012-02-28,0.58,Semi-Anl,Interim
1929 HK Equity,2026-06-11,2026-08-05,2026-08-20,0.45,Semi-Anl,Final
1929 HK Equity,2025-11-25,2025-12-15,2025-12-24,0.22,Semi-Anl,Interim
1929 HK Equity,2025-06-12,2025-08-05,2025-08-20,0.32,Semi-Anl,Final
1929 HK Equity,2024-11-26,2024-12-10,2024-12-24,0.2,Semi-Anl,Interim
1929 HK Equity,2024-06-13,2024-07-31,2024-08-20,0.3,Semi-Anl,Final
1929 HK Equity,2023-11-23,2023-12-08,2023-12-22,0.25,Semi-Anl,Interim
1929 HK Equity,2023-06-08,2023-07-12,2023-07-31,0.72,None,Special Cash
1929 HK Equity,2023-06-08,2023-07-12,2023-07-31,0.28,Semi-Anl,Final
1929 HK Equity,2022-11-24,2022-12-08,2022-12-22,0.22,Semi-Anl,Return of Capital
1929 HK Equity,2022-06-09,2022-08-02,2022-08-19,0.28,Semi-Anl,Final
1929 HK Equity,2021-11-23,2021-12-07,2021-12-23,0.22,Semi-Anl,Return of Capital
1929 HK Equity,2021-06-08,2021-08-03,2021-08-20,0.24,Semi-Anl,Return of Capital
1929 HK Equity,2020-11-24,2020-12-07,2020-12-23,0.16,Semi-Anl,Interim
1929 HK Equity,2020-06-11,2020-08-04,2020-08-21,0.12,Semi-Anl,Final
1929 HK Equity,2019-11-28,2019-12-11,2019-12-23,0.12,Semi-Anl,Interim
1929 HK Equity,2019-06-06,2019-08-07,2019-08-21,0.3,None,Special Cash
1929 HK Equity,2019-06-06,2019-08-07,2019-08-21,0.2,Semi-Anl,Final
1929 HK Equity,2018-11-29,2018-12-12,2018-12-24,0.15,Semi-Anl,Interim
1929 HK Equity,2018-06-07,2018-07-31,2018-08-15,0.3,None,Special Cash
1929 HK Equity,2018-06-07,2018-07-31,2018-08-15,0.15,Semi-Anl,Final
1929 HK Equity,2017-11-21,2017-12-04,2017-12-15,0.12,Semi-Anl,Interim
1929 HK Equity,2017-06-08,2017-07-31,2017-08-11,0.2,None,Special Cash
1929 HK Equity,2017-06-08,2017-07-31,2017-08-11,0.1,Semi-Anl,Final
1929 HK Equity,2016-11-23,2016-12-05,2016-12-16,0.15,None,Special Cash
1929 HK Equity,2016-11-23,2016-12-05,2016-12-16,0.06,Semi-Anl,Interim
1929 HK Equity,2016-06-07,2016-08-12,2016-08-25,0.22,None,Special Cash
1929 HK Equity,2016-06-07,2016-08-12,2016-08-25,0.08,Semi-Anl,Final
1929 HK Equity,2015-11-24,2015-12-07,2015-12-14,0.42,None,Special Cash
1929 HK Equity,2015-11-24,2015-12-07,2015-12-14,0.08,Semi-Anl,Interim
1929 HK Equity,2015-06-05,2015-08-06,2015-08-19,0.15,Semi-Anl,Final
1929 HK Equity,2014-11-25,2014-12-09,2015-01-15,0.13,Semi-Anl,Interim
1929 HK Equity,2014-06-17,2014-08-25,2014-09-08,0.19,Semi-Anl,Final
1929 HK Equity,2013-11-26,2013-12-10,2014-01-17,0.17,Semi-Anl,Interim
1929 HK Equity,2013-06-18,2013-09-04,2013-09-18,0.16,Semi-Anl,Final
1929 HK Equity,2012-11-29,2012-12-13,2013-01-15,0.06,Irreg,Interim
1929 HK Equity,2012-06-26,2012-08-20,2012-09-07,0.1,Irreg,Final
1997 HK Equity,2026-08-06,2026-08-25,2026-09-10,0.94,Semi-Anl,Interim
1997 HK Equity,2026-03-10,2026-04-02,2026-04-23,0.66,Semi-Anl,Interim
1997 HK Equity,2025-08-07,2025-08-26,2025-09-11,0.66,Semi-Anl,Interim
1997 HK Equity,2025-03-10,2025-04-03,2025-04-24,0.6,Semi-Anl,Interim
1997 HK Equity,2024-08-06,2024-08-23,2024-09-10,0.64,Semi-Anl,Interim
1997 HK Equity,2024-03-07,2024-04-05,2024-04-23,0.61,Semi-Anl,Interim
1997 HK Equity,2023-08-07,2023-08-25,2023-09-12,0.67,Semi-Anl,Interim
1997 HK Equity,2023-03-07,2023-04-04,2023-04-25,0.61,Semi-Anl,Interim
1997 HK Equity,2022-08-04,2022-08-23,2022-09-08,0.7,Semi-Anl,Interim
1997 HK Equity,2022-03-03,2022-03-31,2022-04-21,0.64,Semi-Anl,Interim
1997 HK Equity,2021-08-05,2021-08-25,2021-09-09,0.67,Semi-Anl,Interim
1997 HK Equity,2021-03-04,2021-03-24,2021-04-22,0.69,Semi-Anl,Interim
1997 HK Equity,2020-07-30,2020-08-17,2020-09-02,0.78,Semi-Anl,Interim
1997 HK Equity,2020-03-05,2020-04-03,2020-04-23,0.93,Semi-Anl,Interim
1997 HK Equity,2019-08-06,2019-08-22,2019-09-10,1.1,Semi-Anl,Interim
1997 HK Equity,2019-03-05,2019-04-02,2019-04-23,1.05,Semi-Anl,Interim
1997 HK Equity,2018-08-07,2018-08-22,2018-09-10,1.05,Semi-Anl,Interim
1997 HK Equity,2018-03-05,2018-04-06,2018-04-24,0.95,Semi-Anl,Interim
2 HK Equity,2026-08-06,2026-09-02,2026-09-15,0.63,Quarter,Interim
2 HK Equity,2026-05-18,2026-06-02,2026-06-15,0.63,Quarter,Interim
2 HK Equity,2026-02-26,2026-03-11,2026-03-24,1.31,Quarter,Interim
2 HK Equity,2025-10-20,2025-12-02,2025-12-15,0.63,Quarter,Interim
2 HK Equity,2025-08-04,2025-09-02,2025-09-15,0.63,Quarter,Interim
2 HK Equity,2025-05-19,2025-06-02,2025-06-13,0.63,Quarter,Interim
2 HK Equity,2025-02-24,2025-03-07,2025-03-20,1.26,Quarter,Interim
2 HK Equity,2024-10-21,2024-12-02,2024-12-13,0.63,Quarter,Interim
2 HK Equity,2024-08-05,2024-09-02,2024-09-13,0.63,Quarter,Interim
2 HK Equity,2024-05-13,2024-05-31,2024-06-14,0.63,Quarter,Interim
2 HK Equity,2024-02-26,2024-03-08,2024-03-21,1.21,Quarter,Interim
2 HK Equity,2023-10-16,2023-12-04,2023-12-15,0.63,Quarter,Interim
2 HK Equity,2023-08-07,2023-09-04,2023-09-15,0.63,Quarter,Interim
2 HK Equity,2023-05-15,2023-06-02,2023-06-15,0.63,Quarter,Interim
2 HK Equity,2023-02-27,2023-03-10,2023-03-23,1.21,Quarter,Interim
2 HK Equity,2022-10-17,2022-12-02,2022-12-15,0.63,Quarter,Interim
2 HK Equity,2022-08-08,2022-09-01,2022-09-15,0.63,Quarter,Interim
2 HK Equity,2022-05-16,2022-06-01,2022-06-15,0.63,Quarter,Interim
2 HK Equity,2022-02-28,2022-03-11,2022-03-24,1.21,Quarter,Interim
2 HK Equity,2021-10-18,2021-12-02,2021-12-15,0.63,Quarter,Interim
2 HK Equity,2021-08-02,2021-09-02,2021-09-15,0.63,Quarter,Interim
2 HK Equity,2021-05-17,2021-06-01,2021-06-15,0.63,Quarter,Interim
2 HK Equity,2021-02-22,2021-03-05,2021-03-18,1.21,Quarter,Interim
2 HK Equity,2020-10-19,2020-12-02,2020-12-15,0.63,Quarter,Interim
2 HK Equity,2020-08-03,2020-09-02,2020-09-15,0.63,Quarter,Interim
2 HK Equity,2020-05-11,2020-06-02,2020-06-15,0.63,Quarter,Interim
2 HK Equity,2020-02-24,2020-03-06,2020-03-19,1.19,Quarter,Interim
2 HK Equity,2019-10-21,2019-12-02,2019-12-13,0.63,Quarter,Interim
2 HK Equity,2019-08-06,2019-09-02,2019-09-13,0.63,Quarter,Interim
2 HK Equity,2019-05-07,2019-05-31,2019-06-14,0.63,Quarter,Interim
2 HK Equity,2019-02-25,2019-03-08,2019-03-21,1.19,Quarter,Interim
2 HK Equity,2018-10-15,2018-12-03,2018-12-14,0.61,Quarter,Interim
2 HK Equity,2018-08-06,2018-09-03,2018-09-14,0.61,Quarter,Interim
2 HK Equity,2018-05-14,2018-06-04,2018-06-15,0.61,Quarter,Interim
2 HK Equity,2018-02-26,2018-03-09,2018-03-22,1.14,Quarter,Interim
2 HK Equity,2017-10-16,2017-12-04,2017-12-15,0.59,Quarter,Interim
2 HK Equity,2017-08-07,2017-09-04,2017-09-15,0.59,Quarter,Interim
2 HK Equity,2017-05-11,2017-06-02,2017-06-15,0.59,Quarter,Interim
2 HK Equity,2017-02-27,2017-03-10,2017-03-23,1.09,Quarter,Interim
2 HK Equity,2016-10-20,2016-12-02,2016-12-15,0.57,Quarter,Interim
2 HK Equity,2016-08-01,2016-09-02,2016-09-15,0.57,Quarter,Interim
2 HK Equity,2016-05-09,2016-06-01,2016-06-15,0.57,Quarter,Interim
2 HK Equity,2016-02-29,2016-03-11,2016-03-24,1.05,Quarter,Interim
2 HK Equity,2015-10-19,2015-12-02,2015-12-15,0.55,Quarter,Interim
2 HK Equity,2015-08-13,2015-09-02,2015-09-15,0.55,Quarter,Interim
2 HK Equity,2015-05-08,2015-06-02,2015-06-15,0.55,Quarter,Interim
2 HK Equity,2015-02-26,2015-03-11,2015-03-24,1.0,Quarter,Interim
2 HK Equity,2014-10-20,2014-12-02,2014-12-15,0.54,Quarter,Interim
2 HK Equity,2014-08-14,2014-09-02,2014-09-15,0.54,Quarter,Interim
2 HK Equity,2014-05-19,2014-05-30,2014-06-13,0.54,Quarter,Interim
2 HK Equity,2014-02-27,2014-03-12,2014-03-25,0.98,Quarter,Interim
2 HK Equity,2013-10-28,2013-12-02,2013-12-13,0.53,Quarter,Interim
2 HK Equity,2013-08-12,2013-09-02,2013-09-13,0.53,Quarter,Interim
2 HK Equity,2013-05-20,2013-05-31,2013-06-14,0.53,Quarter,Interim
2 HK Equity,2013-02-25,2013-03-08,2013-03-21,0.98,Quarter,Interim
2 HK Equity,2012-10-15,2012-12-03,2012-12-14,0.53,Quarter,Interim
2 HK Equity,2012-08-14,2012-09-03,2012-09-14,0.53,Quarter,Interim
2 HK Equity,2012-05-15,2012-06-04,2012-06-15,0.53,Quarter,Interim
2 HK Equity,2012-02-27,2012-03-09,2012-03-22,0.96,Quarter,Interim
2 HK Equity,2011-10-17,2011-12-02,2011-12-15,0.52,Quarter,Interim
2 HK Equity,2011-08-16,2011-09-02,2011-09-15,0.52,Quarter,Interim
2 HK Equity,2011-05-17,2011-06-01,2011-06-15,0.52,Quarter,Interim
2 HK Equity,2011-02-24,2011-03-15,2011-03-28,0.92,Quarter,Interim
2 HK Equity,2010-10-19,2010-12-02,2010-12-15,0.52,Quarter,Interim
2 HK Equity,2010-08-16,2010-09-03,2010-09-15,0.52,Quarter,Interim
2 HK Equity,2010-05-10,2010-06-02,2010-06-15,0.52,Quarter,Interim
2 HK Equity,2010-02-25,2010-04-15,2010-04-28,0.92,Quarter,Final
2 HK Equity,2009-10-20,2009-12-02,2009-12-15,0.52,Quarter,Interim
2 HK Equity,2009-08-18,2009-09-03,2009-09-15,0.52,Quarter,Interim
2 HK Equity,2009-05-12,2009-06-02,2009-06-15,0.52,Quarter,Interim
2 HK Equity,2009-02-26,2009-04-16,2009-04-29,0.92,Quarter,Final
2 HK Equity,2008-10-21,2008-12-02,2008-12-15,0.52,Quarter,Interim
2 HK Equity,2008-08-12,2008-09-01,2008-09-12,0.52,Quarter,Interim
2 HK Equity,2008-05-06,2008-05-30,2008-06-13,0.52,Quarter,Interim
2 HK Equity,2008-02-28,2008-04-17,2008-04-30,0.92,Quarter,Final
2 HK Equity,2007-10-23,2007-11-30,2007-12-14,0.52,Quarter,Interim
2 HK Equity,2007-08-16,2007-09-04,2007-09-14,0.52,Quarter,Interim
2 HK Equity,2007-05-08,2007-06-01,2007-06-15,0.52,Quarter,Interim
2 HK Equity,2007-02-28,2007-04-12,2007-04-25,0.02,None,Special Cash
2 HK Equity,2007-02-28,2007-04-12,2007-04-25,0.89,Quarter,Final
2 HK Equity,2006-10-24,2006-12-01,2006-12-15,0.5,Quarter,Interim
2 HK Equity,2006-08-15,2006-09-06,2006-09-15,0.5,Quarter,Interim
2 HK Equity,2006-05-03,2006-06-01,2006-06-15,0.5,Quarter,Interim
2 HK Equity,2006-02-28,2006-04-11,2006-04-26,0.11,None,Special Cash
2 HK Equity,2006-02-28,2006-04-11,2006-04-26,0.83,Quarter,Final
2 HK Equity,2005-10-18,2005-12-01,2005-12-15,0.48,Quarter,Interim
2 HK Equity,2005-08-23,2005-09-05,2005-09-15,0.48,Quarter,Interim
2 HK Equity,2005-05-09,2005-06-01,2005-06-15,0.48,Quarter,Interim
2 HK Equity,2005-02-28,2005-04-15,2005-04-29,0.15,None,Special Cash
2 HK Equity,2005-02-28,2005-04-15,2005-04-29,0.73,Quarter,Final
2 HK Equity,2004-10-28,2004-12-01,2004-12-15,0.45,Quarter,Interim
2 HK Equity,2004-08-04,2004-09-01,2004-09-15,0.45,Quarter,Interim
2 HK Equity,2004-05-11,2004-06-08,2004-06-23,0.45,Quarter,Interim
2 HK Equity,2004-02-25,2004-04-08,2004-04-23,0.1,None,Special Cash
2 HK Equity,2004-02-25,2004-04-08,2004-04-23,0.65,Quarter,Final
2 HK Equity,2003-11-17,2003-12-01,2003-12-15,0.41,Quarter,Interim
2 HK Equity,2003-08-04,2003-08-29,2003-09-15,0.41,Quarter,Interim
2 HK Equity,2003-05-09,2003-05-29,2003-06-13,0.41,Quarter,Interim
2 HK Equity,2003-02-24,2003-04-22,2003-05-06,0.23,None,Special Cash
2 HK Equity,2003-02-24,2003-04-22,2003-05-06,0.51,Quarter,Final
2 HK Equity,2002-11-18,2002-11-29,2002-12-13,0.38,Quarter,Interim
2 HK Equity,2002-08-09,2002-08-30,2002-09-13,0.38,Quarter,Interim
2 HK Equity,2002-05-13,2002-05-31,2002-06-14,0.38,Quarter,Interim
2 HK Equity,2002-02-25,2002-04-15,2002-04-26,0.61,None,Special Cash
2 HK Equity,2002-02-25,2002-04-15,2002-04-26,0.44,Quarter,Final
2 HK Equity,2001-11-09,2001-11-30,2001-12-14,0.35,Quarter,Interim
2 HK Equity,2001-08-13,2001-08-31,2001-09-14,0.35,Quarter,Interim
2 HK Equity,2001-05-18,2001-06-01,2001-06-15,0.35,Quarter,Interim
2 HK Equity,2001-02-26,2001-04-09,2001-04-10,0.2,#N/A N/A,None
2 HK Equity,2001-02-26,2001-04-09,2001-04-24,0.225,None,Special Cash
2 HK Equity,2001-02-26,2001-04-09,2001-04-24,0.416667,Quarter,Final
2 HK Equity,2000-11-10,2000-12-01,2000-12-15,0.333333,Quarter,Interim
2 HK Equity,2000-08-04,2000-08-31,2000-09-15,0.225,None,Special Cash
2 HK Equity,2000-08-04,2000-08-31,2000-09-15,0.333333,Quarter,Interim
2 HK Equity,2000-05-05,2000-05-31,2000-06-15,0.333333,Irreg,Interim
2 HK Equity,2000-02-17,2000-04-05,2000-04-18,0.208333,Irreg,Special Cash
2 HK Equity,2000-02-17,2000-04-05,2000-04-18,0.416667,Irreg,Final
2 HK Equity,1999-11-19,1999-12-02,1999-12-15,0.316667,Quarter,Interim
2 HK Equity,1999-08-13,1999-09-01,1999-09-15,0.316667,Quarter,Interim
2 HK Equity,1999-05-14,1999-06-01,1999-06-15,0.316667,Quarter,Interim
2 HK Equity,1999-01-29,1999-03-01,1999-03-15,0.316667,Quarter,Interim
2 HK Equity,1998-11-23,1999-01-13,1999-01-26,0.083333,Quarter,Special Cash
2 HK Equity,1998-11-23,1999-01-13,1999-01-26,0.4,Quarter,Final
2 HK Equity,1998-07-24,1998-09-01,1998-09-15,0.3,Quarter,Interim
2 HK Equity,1998-04-24,1998-06-01,1998-06-15,0.433333,None,Special Cash
2 HK Equity,1998-04-24,1998-06-01,1998-06-15,0.3,Quarter,Interim
2 HK Equity,1998-01-23,1998-02-27,1998-03-13,0.3,Quarter,Interim
2 HK Equity,1997-11-02,1997-12-04,1997-12-16,0.383333,Quarter,Final
2 HK Equity,1997-07-25,1997-08-13,1997-09-15,0.283333,Quarter,Interim
2 HK Equity,1997-04-18,1997-05-13,1997-06-13,0.283333,Quarter,Interim
2 HK Equity,1997-01-27,1997-02-12,1997-03-14,0.283333,Quarter,Interim
2 HK Equity,1996-11-04,1996-11-25,1996-12-17,0.366667,Quarter,Final
2 HK Equity,1996-07-29,1996-08-13,1996-09-13,0.266667,Quarter,Interim
2 HK Equity,1996-04-26,1996-05-13,1996-06-14,0.266667,Quarter,Interim
2 HK Equity,1996-01-26,1996-02-13,1996-03-15,0.266667,Quarter,Interim
2 HK Equity,1995-11-06,1995-11-27,1995-12-19,0.308333,Quarter,Final
2 HK Equity,1995-07-21,1995-08-11,1995-09-15,0.25,Quarter,Interim
2 HK Equity,1995-05-19,1995-06-05,1995-06-15,0.291667,None,Special Cash
2 HK Equity,1995-04-21,1995-05-11,1995-06-15,0.25,Quarter,Interim
2 HK Equity,1995-01-20,1995-02-13,1995-03-15,0.25,Quarter,Interim
2 HK Equity,1994-11-08,1994-11-28,1994-12-20,0.308333,Quarter,Final
2 HK Equity,1994-07-23,1994-08-11,1994-09-15,0.216667,Quarter,Interim
2 HK Equity,1994-04-25,1994-05-11,1994-06-15,0.216667,Quarter,Interim
2 HK Equity,1994-01-21,1994-02-09,1994-03-15,0.216667,Quarter,Interim
2 HK Equity,1993-11-10,1993-11-29,1993-12-21,0.291667,Quarter,Final
2 HK Equity,1993-11-10,1993-11-29,1993-12-21,0.2,None,Bonus
2 HK Equity,1993-07-16,1993-08-11,1993-09-15,0.180556,Quarter,Interim
2 HK Equity,1993-04-23,1993-05-12,1993-06-15,0.180556,Quarter,Interim
2 HK Equity,1993-01-08,1993-02-11,1993-03-15,0.180556,Quarter,Interim
2 HK Equity,1992-11-07,1992-11-26,1992-12-22,0.263889,Quarter,Final
2 HK Equity,1992-07-18,1992-08-12,1992-09-15,0.152778,Quarter,Interim
2 HK Equity,1992-04-25,1992-05-14,1992-06-12,0.152778,Quarter,Interim
2 HK Equity,1992-01-18,1992-02-13,1992-03-13,0.152778,Quarter,Interim
2 HK Equity,1991-11-09,1991-11-22,1991-12-17,0.229167,Quarter,Final
2 HK Equity,1991-07-19,1991-08-14,1991-09-13,0.125,Quarter,Interim
2 HK Equity,1991-04-02,1991-05-14,1991-06-14,0.125,Quarter,Interim
2 HK Equity,1991-01-02,1991-02-12,1991-03-15,0.125,Quarter,Interim
2 HK Equity,1990-11-01,1990-11-23,1990-12-18,0.1875,Semi-Anl,Final
2 HK Equity,1990-07-01,1990-08-14,1990-09-14,0.104167,Semi-Anl,Interim
2 HK Equity,1990-04-01,1990-05-14,1990-06-15,0.104167,Semi-Anl,Interim
2 HK Equity,1990-01-19,1990-02-14,1990-03-15,0.104167,Semi-Anl,Interim
2 HK Equity,1989-11-04,1989-11-24,1989-12-19,0.2,None,Bonus
2 HK Equity,1989-11-04,1989-11-24,1989-12-19,0.15625,Semi-Anl,Final
2 HK Equity,1989-07-01,1989-08-14,1989-09-14,0.086806,Semi-Anl,Interim
2 HK Equity,1989-04-21,1989-05-12,1989-06-15,0.086806,Semi-Anl,Interim
2 HK Equity,1989-01-02,1989-02-14,1989-03-15,0.086806,Semi-Anl,Interim
2 HK Equity,1988-11-04,1988-11-18,1988-12-13,0.130208,Quarter,Final
2 HK Equity,1988-11-04,1988-11-18,1988-12-13,0.2,None,Bonus
2 HK Equity,1988-07-22,1988-08-18,1988-09-16,0.072338,Quarter,Interim
2 HK Equity,1988-04-25,1988-05-19,1988-06-17,0.072338,Quarter,Interim
2 HK Equity,1988-01-22,1988-02-15,1988-03-15,0.072338,Quarter,Interim
2 HK Equity,1987-11-06,1987-11-20,1987-12-15,0.108507,Quarter,Final
2 HK Equity,1987-11-06,1987-11-20,1987-12-15,0.2,None,Bonus
2 HK Equity,1987-07-24,1987-08-14,1987-09-15,0.060282,Quarter,Interim
2 HK Equity,1987-04-24,1987-05-14,1987-06-12,0.060282,Quarter,Interim
2 HK Equity,1987-01-16,1987-02-13,1987-03-14,0.060282,Quarter,Interim
2 HK Equity,1986-11-05,1986-11-28,1986-12-16,0.084394,Quarter,Final
2 HK Equity,1986-07-18,1986-07-18,1986-08-15,0.052244,#N/A N/A,Quarter
2 HK Equity,1986-04-18,1986-04-18,1986-05-15,0.052244,#N/A N/A,Quarter
2020 HK Equity,2026-08-26,2026-09-08,2026-09-22,1.51,Semi-Anl,Interim
2020 HK Equity,2026-03-25,2026-05-15,2026-06-01,1.08,Semi-Anl,Final
2020 HK Equity,2025-08-27,2025-09-09,2025-09-23,1.37,Semi-Anl,Interim
2020 HK Equity,2025-03-19,2025-05-12,2025-05-26,1.18,Semi-Anl,Final
2020 HK Equity,2024-08-27,2024-09-09,2024-09-23,1.18,Semi-Anl,Interim
2020 HK Equity,2024-03-26,2024-05-13,2024-05-27,1.15,Semi-Anl,Final
2020 HK Equity,2023-08-22,2023-09-04,2023-09-18,0.82,Semi-Anl,Interim
2020 HK Equity,2023-03-21,2023-05-15,2023-05-29,0.72,Semi-Anl,Final
2020 HK Equity,2022-08-23,2022-09-05,2022-09-20,0.62,Semi-Anl,Interim
2020 HK Equity,2022-03-22,2022-05-13,2022-05-26,0.68,Semi-Anl,Final
2020 HK Equity,2021-12-19,2022-01-12,2022-01-25,0.3,None,Special Cash
2020 HK Equity,2021-08-24,2021-09-06,2021-09-20,0.6,Semi-Anl,Interim
2020 HK Equity,2021-03-24,2021-05-11,2021-05-26,0.47,Semi-Anl,Final
2020 HK Equity,2020-08-25,2020-09-08,2020-09-22,0.21,Semi-Anl,Interim
2020 HK Equity,2020-03-24,2020-05-14,2020-05-27,0.36,Semi-Anl,Final
2020 HK Equity,2019-08-26,2019-09-09,2019-09-20,0.31,Semi-Anl,Interim
2020 HK Equity,2019-02-26,2019-04-12,2019-04-29,0.28,Semi-Anl,Final
2020 HK Equity,2018-08-14,2018-08-28,2018-09-10,0.5,Semi-Anl,Interim
2020 HK Equity,2018-02-27,2018-04-13,2018-04-26,0.16,None,Special Cash
2020 HK Equity,2018-02-27,2018-04-13,2018-04-26,0.41,Semi-Anl,Final
2020 HK Equity,2017-08-15,2017-08-29,2017-09-11,0.41,Semi-Anl,Interim
2020 HK Equity,2017-02-22,2017-04-11,2017-04-26,0.08,None,Special Cash
2020 HK Equity,2017-02-22,2017-04-11,2017-04-26,0.34,Semi-Anl,Final
2020 HK Equity,2016-08-29,2016-09-12,2016-09-26,0.34,Semi-Anl,Interim
2020 HK Equity,2016-02-23,2016-04-11,2016-04-25,0.08,None,Special Cash
2020 HK Equity,2016-02-23,2016-04-11,2016-04-25,0.3,Semi-Anl,Final
2020 HK Equity,2015-08-05,2015-08-19,2015-09-02,0.3,Semi-Anl,Interim
2020 HK Equity,2015-02-11,2015-04-09,2015-04-23,0.08,None,Special Cash
2020 HK Equity,2015-02-11,2015-04-09,2015-04-23,0.28,Semi-Anl,Final
2020 HK Equity,2014-08-06,2014-08-20,2014-09-03,0.25,Semi-Anl,Interim
2020 HK Equity,2014-02-26,2014-04-14,2014-04-29,0.07,None,Special Cash
2020 HK Equity,2014-02-26,2014-04-14,2014-04-29,0.22,Semi-Anl,Final
2020 HK Equity,2013-08-06,2013-08-20,2013-09-03,0.19,Semi-Anl,Interim
2020 HK Equity,2013-02-25,2013-04-12,2013-04-25,0.08,None,Special Cash
2020 HK Equity,2013-02-25,2013-04-12,2013-04-25,0.17,Semi-Anl,Final
2020 HK Equity,2012-08-06,2012-08-20,2012-08-31,0.23,Semi-Anl,Interim
2020 HK Equity,2012-02-20,2012-04-10,2012-04-20,0.26,Semi-Anl,Final
2020 HK Equity,2011-08-08,2011-08-22,2011-09-02,0.26,Semi-Anl,Interim
2020 HK Equity,2011-02-21,2011-04-04,2011-04-20,0.25,Semi-Anl,Final
2020 HK Equity,2010-08-16,2010-08-27,2010-09-10,0.2,Semi-Anl,Interim
2020 HK Equity,2010-02-24,2010-03-31,2010-04-21,0.11,None,Special Cash
2020 HK Equity,2010-02-24,2010-03-31,2010-04-21,0.12,Semi-Anl,Final
2020 HK Equity,2009-08-17,2009-08-28,2009-09-11,0.12,Semi-Anl,Interim
2020 HK Equity,2009-03-02,2009-04-06,2009-04-23,0.08,None,Special Cash
2020 HK Equity,2009-03-02,2009-04-06,2009-04-23,0.1,Semi-Anl,Final
2020 HK Equity,2008-08-25,2008-09-05,2008-09-19,0.1,Semi-Anl,Interim
2020 HK Equity,2008-03-12,2008-04-14,2008-04-30,0.08,Irreg,Final
2057 HK Equity,2026-09-11,2026-09-29,,-2.4245362661989844e-14,#N/A N/A,#N/A N/A
2057 HK Equity,2026-03-18,2026-04-02,2026-04-22,0.39,Semi-Anl,Final
2057 HK Equity,2025-08-20,2025-09-29,2025-10-24,0.3,Semi-Anl,Interim
2057 HK Equity,2025-03-19,2025-04-09,2025-04-22,0.35,Semi-Anl,Final
2057 HK Equity,2024-08-21,2024-09-09,2024-10-10,0.35,Irreg,Interim
2057 HK Equity,2024-03-20,2024-04-09,2024-04-22,0.62,Irreg,Final
2057 HK Equity,2023-03-16,2023-04-04,2023-04-21,0.37,None,Special Cash
2057 HK Equity,2022-03-17,2022-04-07,2022-04-22,0.25,None,Special Cash
2057 HK Equity,2021-03-18,2021-04-07,2021-04-20,0.25,None,Special Cash
2269 HK Equity,2023-10-20,2023-11-02,2023-11-17,0.002096,None,Entitlement
2269 HK Equity,2020-09-18,2020-11-16,2020-11-17,3.0,#N/A N/A,None
2313 HK Equity,2026-08-25,2026-09-08,2026-09-24,0.88,Semi-Anl,Interim
2313 HK Equity,2026-03-30,2026-06-03,2026-06-23,1.2,Semi-Anl,Final
2313 HK Equity,2025-08-27,2025-09-09,2025-09-26,1.38,Semi-Anl,Interim
2313 HK Equity,2025-03-25,2025-06-04,2025-06-25,1.28,Semi-Anl,Final
2313 HK Equity,2024-08-28,2024-09-09,2024-09-27,1.25,Semi-Anl,Interim
2313 HK Equity,2024-03-26,2024-06-05,2024-06-20,1.08,Semi-Anl,Final
2313 HK Equity,2023-08-30,2023-09-11,2023-09-28,0.95,Semi-Anl,Interim
2313 HK Equity,2023-03-28,2023-06-07,2023-06-26,0.85,Semi-Anl,Final
2313 HK Equity,2022-08-25,2022-09-07,2022-09-28,1.06,Semi-Anl,Interim
2313 HK Equity,2022-03-30,2022-06-06,2022-06-23,0.57,Semi-Anl,Final
2313 HK Equity,2021-08-26,2021-09-08,2021-09-28,1.06,Semi-Anl,Interim
2313 HK Equity,2021-03-29,2021-06-04,2021-06-22,1.1,Semi-Anl,Final
2313 HK Equity,2020-08-25,2020-09-07,2020-09-25,0.9,Semi-Anl,Interim
2313 HK Equity,2020-03-23,2020-06-03,2020-06-19,1.0,Semi-Anl,Final
2313 HK Equity,2019-08-26,2019-09-06,2019-09-26,0.9,Semi-Anl,Interim
2313 HK Equity,2019-03-25,2019-06-03,2019-06-21,0.9,Semi-Anl,Final
2313 HK Equity,2018-08-27,2018-09-07,2018-09-27,0.85,Semi-Anl,Interim
2313 HK Equity,2018-03-26,2018-05-31,2018-06-22,0.75,Semi-Anl,Final
2313 HK Equity,2017-08-20,2017-09-04,2017-09-26,0.7,Irreg,Interim
2313 HK Equity,2017-03-27,2017-06-02,2017-06-14,0.35,None,Special Cash
2313 HK Equity,2017-03-27,2017-06-02,2017-06-14,0.85,Annual,Final
2313 HK Equity,2016-03-21,2016-06-03,2016-06-15,0.35,None,Special Cash
2313 HK Equity,2016-03-21,2016-06-03,2016-06-15,0.72,Annual,Final
2313 HK Equity,2015-03-25,2015-06-05,2015-06-23,0.35,None,Special Cash
2313 HK Equity,2015-03-25,2015-06-05,2015-06-23,0.65,Annual,Final
2313 HK Equity,2014-03-25,2014-06-04,2014-06-26,0.2,None,Special Cash
2313 HK Equity,2014-03-25,2014-06-04,2014-06-26,0.55,Annual,Final
2313 HK Equity,2013-03-25,2013-05-31,2013-06-26,0.2,None,Special Cash
2313 HK Equity,2013-03-25,2013-05-31,2013-06-26,0.5,Annual,Final
2313 HK Equity,2012-03-26,2012-06-01,2012-06-18,0.5,Annual,Final
2313 HK Equity,2011-03-28,2011-05-19,2011-06-15,0.36,Annual,Final
2313 HK Equity,2010-03-28,2010-05-19,2010-06-11,0.35,Annual,Final
2313 HK Equity,2009-03-26,2009-05-22,2009-06-12,0.2,Annual,Final
2313 HK Equity,2008-03-25,2008-05-13,2008-06-18,0.16,Annual,Final
2313 HK Equity,2007-03-19,2007-06-04,2007-06-22,0.15,Annual,Final
2313 HK Equity,2006-04-10,2006-05-29,2006-06-20,0.02,Irreg,Final
2318 HK Equity,2026-08-20,2026-09-02,2026-10-16,0.98,Semi-Anl,Interim
2318 HK Equity,2026-03-26,2026-06-02,2026-07-15,1.75,Semi-Anl,Final
2318 HK Equity,2025-08-26,2025-09-10,2025-10-24,0.95,Semi-Anl,Interim
2318 HK Equity,2025-03-19,2025-05-15,2025-06-30,1.62,Semi-Anl,Final
2318 HK Equity,2024-08-22,2024-09-04,2024-10-18,0.93,Semi-Anl,Interim
2318 HK Equity,2024-03-21,2024-06-07,2024-07-26,1.5,Semi-Anl,Final
2318 HK Equity,2023-08-29,2023-09-11,2023-10-25,0.93,Semi-Anl,Interim
2318 HK Equity,2023-03-15,2023-06-14,2023-07-10,1.5,Semi-Anl,Final
2318 HK Equity,2022-08-23,2022-09-20,2022-10-20,0.92,Semi-Anl,Interim
2318 HK Equity,2022-03-17,2022-06-01,2022-06-20,1.5,Semi-Anl,Final
2318 HK Equity,2021-08-26,2021-09-28,2021-10-25,0.88,Semi-Anl,Interim
2318 HK Equity,2021-02-03,2021-04-22,2021-05-24,1.4,Semi-Anl,Final
2318 HK Equity,2020-08-27,2020-09-16,2020-10-23,0.8,Semi-Anl,Interim
2318 HK Equity,2020-02-20,2020-05-08,2020-06-08,1.3,Semi-Anl,Final
2318 HK Equity,2019-08-15,2019-09-04,2019-10-11,0.75,Semi-Anl,Interim
2318 HK Equity,2019-03-12,2019-05-23,2019-06-28,1.1,Semi-Anl,Final
2318 HK Equity,2018-08-21,2018-09-06,2018-10-11,0.62,Semi-Anl,Interim
2318 HK Equity,2018-04-26,2018-06-07,2018-07-13,0.2,None,Special Cash
2318 HK Equity,2018-03-20,2018-06-07,2018-07-13,1.0,Semi-Anl,Final
2318 HK Equity,2017-08-17,2017-09-04,2017-10-16,0.5,Semi-Anl,Interim
2318 HK Equity,2017-03-22,2017-07-11,2017-08-16,0.55,Semi-Anl,Final
2318 HK Equity,2016-08-17,2016-09-05,2016-10-14,0.2,Semi-Anl,Interim
2318 HK Equity,2016-03-15,2016-07-05,2016-07-28,0.315,Semi-Anl,Final
2318 HK Equity,2015-08-20,2015-09-07,2015-09-29,0.162,Semi-Anl,Interim
2318 HK Equity,2015-03-19,2015-07-27,2015-08-04,1.0,None,Bonus
2318 HK Equity,2015-03-19,2015-07-27,2015-08-13,0.225,Semi-Anl,Final
2318 HK Equity,2014-08-19,2014-09-10,2014-10-17,0.1125,Semi-Anl,Interim
2318 HK Equity,2014-03-13,2014-06-25,2014-08-08,0.2025,Semi-Anl,Final
2318 HK Equity,2013-08-29,2013-09-11,2013-10-24,0.09,Semi-Anl,Interim
2318 HK Equity,2013-03-14,2013-05-14,2013-06-04,0.135,Semi-Anl,Final
2318 HK Equity,2012-08-23,2012-09-21,2012-10-22,0.0675,Semi-Anl,Interim
2318 HK Equity,2012-03-16,2012-07-04,2012-07-27,0.1125,Semi-Anl,Final
2318 HK Equity,2011-08-17,2011-08-31,2011-09-23,0.0675,Semi-Anl,Interim
2318 HK Equity,2011-03-29,2011-05-13,2011-07-29,0.18,Semi-Anl,Final
2318 HK Equity,2010-08-24,2010-09-07,2010-09-17,0.0675,Semi-Anl,Interim
2318 HK Equity,2010-04-16,2010-05-26,2010-07-21,0.135,Semi-Anl,Final
2318 HK Equity,2009-08-14,2009-08-28,2009-09-09,0.0675,Semi-Anl,Interim
2318 HK Equity,2009-04-08,2009-04-14,,-2.4245362661989844e-14,#N/A N/A,#N/A N/A
2318 HK Equity,2008-08-15,2008-09-18,2008-10-10,0.09,Semi-Anl,Interim
2318 HK Equity,2008-03-19,2008-04-10,2008-05-27,0.25,Semi-Anl,Final
2318 HK Equity,2007-08-16,2007-08-28,2007-09-07,0.1,Semi-Anl,Interim
2318 HK Equity,2007-04-12,2007-05-04,2007-06-27,0.11,Semi-Anl,Final
2318 HK Equity,2006-08-16,2006-08-28,2006-09-08,0.06,Semi-Anl,Interim
2318 HK Equity,2006-03-29,2006-04-21,2006-06-02,0.1,None,Special Cash
2318 HK Equity,2006-03-29,2006-03-29,,-2.4245362661989844e-14,#N/A N/A,#N/A N/A
2318 HK Equity,2005-04-19,2005-05-20,2005-06-30,0.07,Semi-Anl,Final
2319 HK Equity,2026-03-25,2026-06-09,2026-06-24,0.52,Annual,Final
2319 HK Equity,2025-03-26,2025-06-16,2025-06-27,0.509,Annual,Final
2319 HK Equity,2024-03-26,2024-06-14,2024-06-26,0.489,Annual,Final
2319 HK Equity,2023-03-29,2023-06-08,2023-06-21,0.402,Annual,Return of Capital
2319 HK Equity,2022-03-30,2022-06-10,2022-06-22,0.381,Annual,Return of Capital
2319 HK Equity,2021-03-24,2021-06-04,2021-06-23,0.268,Annual,Return of Capital
2319 HK Equity,2020-03-26,2020-06-05,2020-06-24,0.181,Annual,Return of Capital
2319 HK Equity,2019-03-27,2019-06-11,2019-06-27,0.181,Annual,Return of Capital
2319 HK Equity,2018-03-27,2018-05-08,2018-05-31,0.12,Annual,Return of Capital
2319 HK Equity,2017-03-29,2017-06-06,2017-06-21,0.089,None,Return of Capital
2319 HK Equity,2016-03-22,2016-06-07,2016-06-22,0.14,Annual,Final
2319 HK Equity,2015-09-04,2015-10-13,2015-10-30,1.0,None,Bonus
2319 HK Equity,2015-03-25,2015-06-09,2015-06-24,0.14,Annual,Final
2319 HK Equity,2014-03-26,2014-06-10,2014-06-23,0.1,Annual,Final
2319 HK Equity,2013-03-27,2013-06-11,2013-06-25,0.08,Annual,Final
2319 HK Equity,2012-03-27,2012-06-19,2012-06-29,0.099,Annual,Final
2319 HK Equity,2011-03-31,2011-06-02,2011-06-20,0.08,Annual,Final
2319 HK Equity,2010-04-28,2010-06-02,2010-06-14,0.07065,Annual,Final
2319 HK Equity,2009-04-16,2009-05-21,,-2.4245362661989844e-14,#N/A N/A,#N/A N/A
2319 HK Equity,2008-04-08,2008-05-21,2008-06-20,0.06575,Annual,Final
2319 HK Equity,2007-04-12,2007-06-15,2007-07-18,0.0547,Annual,Final
2319 HK Equity,2006-04-10,2006-06-16,2006-07-17,0.0343,Annual,Final
2319 HK Equity,2005-04-06,2005-06-20,2005-07-08,0.02925,Irreg,Final
2331 HK Equity,2026-08-20,2026-09-03,2026-09-16,0.3512,Semi-Anl,Interim
2331 HK Equity,2026-03-19,2026-06-15,2026-06-29,0.2336,Semi-Anl,Final
2331 HK Equity,2025-08-21,2025-09-03,2025-09-16,0.3359,Semi-Anl,Interim
2331 HK Equity,2025-03-28,2025-06-16,2025-06-27,0.2073,Semi-Anl,Final
2331 HK Equity,2024-08-16,2024-08-29,2024-09-11,0.3775,Semi-Anl,Interim
2331 HK Equity,2024-03-20,2024-06-17,2024-06-28,0.1854,Semi-Anl,Return of Capital
2331 HK Equity,2023-08-11,2023-08-23,2023-09-06,0.362,Semi-Anl,Interim
2331 HK Equity,2023-03-17,2023-06-16,2023-06-30,0.4627,Annual,Final
2331 HK Equity,2022-03-18,2022-06-17,2022-06-30,0.4597,Annual,Final
2331 HK Equity,2021-03-18,2021-06-16,2021-06-29,0.2046,Annual,Final
2331 HK Equity,2020-03-27,2020-06-16,2020-06-30,0.1547,Annual,Final
2331 HK Equity,2019-03-22,2019-06-18,2019-07-02,0.0878,Annual,Final
2331 HK Equity,2014-12-16,2015-01-02,2015-02-03,0.416667,None,Open Offer
2331 HK Equity,2013-03-26,2013-05-09,,-2.4245362661989844e-14,#N/A N/A,#N/A N/A
2331 HK Equity,2013-01-25,2013-03-15,2013-04-22,0.5,None,Preferred Right
2331 HK Equity,2012-08-22,2012-09-12,,-2.4245362661989844e-14,#N/A N/A,#N/A N/A
2331 HK Equity,2012-03-29,2012-05-09,,-2.4245362661989844e-14,#N/A N/A,#N/A N/A
2331 HK Equity,2011-08-24,2011-09-12,2011-09-23,0.101022,Semi-Anl,Interim
2331 HK Equity,2011-03-16,2011-05-09,2011-05-23,0.181258,Semi-Anl,Final
2331 HK Equity,2010-08-25,2010-09-14,2010-09-24,0.201045,Semi-Anl,Interim
2331 HK Equity,2010-03-17,2010-05-11,2010-05-24,0.204585,Semi-Anl,Final
2331 HK Equity,2009-08-26,2009-09-15,2009-09-25,0.123259,Semi-Anl,Interim
2331 HK Equity,2009-03-18,2009-05-12,2009-05-25,0.101112,Semi-Anl,Final
2331 HK Equity,2008-11-27,2008-12-10,2008-12-19,0.262311,None,Special Cash
2331 HK Equity,2008-08-27,2008-09-11,2008-09-26,0.087407,Semi-Anl,Interim
2331 HK Equity,2008-03-18,2008-05-02,2008-05-19,0.082869,None,Special Cash
2331 HK Equity,2008-03-18,2008-05-02,2008-05-19,0.072249,Semi-Anl,Final
2331 HK Equity,2007-08-28,2007-09-14,2007-09-28,0.052281,Semi-Anl,Interim
2331 HK Equity,2007-03-22,2007-05-04,2007-05-21,0.069345,Semi-Anl,Final
2331 HK Equity,2006-08-28,2006-09-15,2006-09-29,0.034491,Semi-Anl,Interim
2331 HK Equity,2006-03-22,2006-05-04,2006-05-22,0.045383,Semi-Anl,Final
2331 HK Equity,2005-08-25,2005-09-15,2005-09-30,0.020876,Irreg,Interim
2331 HK Equity,2005-03-30,2005-05-05,2005-05-20,0.04148,Irreg,Final
2338 HK Equity,2026-08-27,2026-09-25,2026-10-23,0.517,Semi-Anl,Interim
2338 HK Equity,2026-03-26,2026-07-16,2026-08-13,0.374,Semi-Anl,Final
2338 HK Equity,2025-08-29,2025-09-25,2025-10-24,0.358,Semi-Anl,Interim
2338 HK Equity,2025-03-27,2025-06-26,2025-07-25,0.347,Semi-Anl,Final
2338 HK Equity,2024-08-22,2024-09-20,2024-10-18,0.372,Semi-Anl,Interim
2338 HK Equity,2024-03-25,2024-05-31,2024-06-28,0.293,Semi-Anl,Final
2338 HK Equity,2023-08-30,2023-09-28,2023-10-27,0.226,Semi-Anl,Interim
2338 HK Equity,2023-03-30,2023-07-28,2023-08-25,0.158,Semi-Anl,Final
2338 HK Equity,2022-08-30,2022-09-22,2022-10-21,0.096,Semi-Anl,Interim
2338 HK Equity,2022-03-30,2022-07-28,2022-08-26,0.185,Semi-Anl,Final
2338 HK Equity,2021-08-30,2021-09-21,2021-10-22,0.185,Semi-Anl,Interim
2338 HK Equity,2021-03-30,2021-07-29,2021-08-27,0.233,Semi-Anl,Final
2338 HK Equity,2020-08-27,2020-09-17,2020-10-16,0.15,Semi-Anl,Interim
2338 HK Equity,2020-03-26,2020-07-23,2020-08-18,0.136,Semi-Anl,Final
2338 HK Equity,2019-08-30,2019-09-26,2019-10-25,0.15,Semi-Anl,Interim
2338 HK Equity,2019-03-25,2019-07-08,2019-07-31,0.28,Semi-Anl,Final
2338 HK Equity,2018-08-29,2018-09-18,2018-10-23,0.18,Semi-Anl,Interim
2338 HK Equity,2018-03-28,2018-07-05,2018-07-31,0.25,Semi-Anl,Final
2338 HK Equity,2017-08-30,2017-09-28,2017-10-20,0.15,Semi-Anl,Interim
2338 HK Equity,2017-03-29,2017-06-23,2017-07-21,1.0,None,Bonus
2338 HK Equity,2017-03-29,2017-06-23,2017-07-21,0.125,Semi-Anl,Final
2338 HK Equity,2016-08-30,2016-09-21,2016-10-20,0.05,Semi-Anl,Interim
2338 HK Equity,2016-03-30,2016-07-04,2016-07-29,0.045,Semi-Anl,Final
2338 HK Equity,2015-08-27,2015-09-21,2015-10-20,0.045,Semi-Anl,Interim
2338 HK Equity,2015-03-30,2015-07-16,2015-08-20,1.0,None,Bonus
2338 HK Equity,2015-03-30,2015-07-16,2015-08-20,0.03375,Semi-Anl,Final
2338 HK Equity,2014-08-29,2014-09-29,2014-10-24,0.0225,Semi-Anl,Interim
2338 HK Equity,2014-03-30,2014-07-30,2014-08-27,0.03375,Semi-Anl,Final
2338 HK Equity,2013-08-29,2013-09-18,2013-10-18,0.0225,Semi-Anl,Interim
2338 HK Equity,2013-03-21,2013-07-25,2013-08-20,0.05175,Semi-Anl,Final
2338 HK Equity,2012-08-30,2012-09-17,2012-10-18,0.0225,Irreg,Interim
2338 HK Equity,2012-03-30,2012-08-02,2012-08-17,0.2,None,Bonus
2338 HK Equity,2012-03-29,2012-08-02,2012-08-17,0.01875,Annual,Final
2338 HK Equity,2011-03-30,2011-04-14,2011-07-08,0.080625,Annual,Final
2338 HK Equity,2010-08-23,2010-11-16,2010-12-02,1.0,None,Bonus
2338 HK Equity,2010-04-27,2010-05-13,2010-08-06,0.045,Annual,Final
2338 HK Equity,2009-04-28,2009-05-15,2009-08-07,0.012188,Annual,Final
2338 HK Equity,2008-08-20,2008-11-26,2008-12-12,0.6,None,Bonus
2338 HK Equity,2008-04-29,2008-05-15,2008-08-15,0.028646,Annual,Final
2338 HK Equity,2007-08-28,2007-09-14,,-2.4245362661989844e-14,#N/A N/A,#N/A N/A
2338 HK Equity,2007-06-13,2007-07-19,2007-08-29,0.008464,Semi-Anl,Final
2338 HK Equity,2007-04-18,2007-04-18,,-2.4245362661989844e-14,#N/A N/A,#N/A N/A
2338 HK Equity,2006-08-31,2006-09-14,2006-10-13,0.013021,Semi-Anl,Interim
2338 HK Equity,2006-04-20,2006-05-26,2006-07-24,0.010742,Semi-Anl,Final
2338 HK Equity,2005-08-26,2005-09-08,2005-09-30,0.010742,Semi-Anl,Interim
2338 HK Equity,2005-04-06,2005-04-25,2005-06-24,0.009766,Semi-Anl,Final
2338 HK Equity,2004-08-24,2004-09-08,2004-09-30,0.009766,Semi-Anl,Interim
2359 HK Equity,2026-08-03,2026-08-18,2026-09-04,0.51,Semi-Anl,Interim
2359 HK Equity,2026-03-23,2026-05-13,2026-05-29,1.57927,Irreg,Final
2359 HK Equity,2025-07-28,2025-09-08,2025-09-26,0.35,Irreg,Interim
2359 HK Equity,2025-03-17,2025-05-15,2025-06-05,0.35,None,Special Cash
2359 HK Equity,2025-03-17,2025-05-15,2025-06-05,0.98169,Annual,Final
2359 HK Equity,2024-03-18,2024-06-17,2024-07-05,0.98974,Annual,Final
2359 HK Equity,2023-03-20,2023-06-05,2023-06-27,0.89266,Annual,Final
2359 HK Equity,2022-03-23,2022-05-30,2022-06-17,0.5174,Annual,Final
2359 HK Equity,2021-03-30,2021-05-28,2021-06-09,0.2,None,Bonus
2359 HK Equity,2021-03-30,2021-05-28,2021-06-17,0.3025,Annual,Final
2359 HK Equity,2020-03-25,2020-05-26,2020-06-04,0.4,None,Bonus
2359 HK Equity,2020-03-24,2020-05-26,2020-06-12,0.200595,Annual,Final
2359 HK Equity,2019-03-22,2019-06-17,2019-07-02,0.4,None,Bonus
2359 HK Equity,2019-03-22,2019-06-17,2019-07-10,0.246607,Annual,Final
2382 HK Equity,2026-03-30,2026-06-05,2026-06-26,1.059,Annual,Final
2382 HK Equity,2025-03-24,2025-06-05,2025-06-27,0.493,Annual,Final
2382 HK Equity,2024-03-20,2024-05-30,2024-06-28,0.2,Annual,Final
2382 HK Equity,2023-03-20,2023-05-30,2023-06-28,0.439,Annual,Final
2382 HK Equity,2022-03-22,2022-05-27,2022-06-23,0.91,Annual,Final
2382 HK Equity,2021-03-17,2021-05-28,2021-06-24,0.888,Annual,Final
2382 HK Equity,2020-03-16,2020-05-27,2020-06-24,0.728,Annual,Final
2382 HK Equity,2019-03-19,2019-05-31,2019-06-24,0.568,Annual,Final
2382 HK Equity,2018-03-19,2018-06-01,2018-06-25,0.661,Annual,Final
2382 HK Equity,2017-03-13,2017-05-31,2017-06-22,0.29,Annual,Final
2382 HK Equity,2016-03-14,2016-05-23,2016-06-14,0.208,Annual,Final
2382 HK Equity,2015-03-09,2015-05-19,2015-06-10,0.155,Annual,Final
2382 HK Equity,2014-03-11,2014-05-15,2014-06-04,0.121,Annual,Final
2382 HK Equity,2013-03-10,2013-05-14,2013-05-31,0.105,Annual,Final
2382 HK Equity,2012-03-14,2012-05-15,2012-06-01,0.071,Annual,Final
2382 HK Equity,2011-03-14,2011-04-29,2011-05-17,0.0435,Annual,Final
2382 HK Equity,2010-03-22,2010-05-10,2010-05-25,0.02,Annual,Final
2382 HK Equity,2009-03-30,2009-05-08,2009-05-22,0.02,Annual,Final
2382 HK Equity,2008-04-06,2008-05-15,2008-05-29,0.021,Annual,Final
2388 HK Equity,2026-08-28,2026-09-10,2026-09-25,0.2388,None,Special Cash
2388 HK Equity,2026-08-28,2026-09-10,2026-09-25,0.29,Quarter,Interim
2388 HK Equity,2026-03-30,2026-06-29,2026-07-17,1.255,Quarter,Final
2388 HK Equity,2026-04-29,2026-05-13,2026-05-28,0.29,Quarter,Interim
2388 HK Equity,2025-10-28,2025-11-12,2025-11-26,0.29,Quarter,Interim
2388 HK Equity,2025-08-29,2025-09-11,2025-09-26,0.29,Quarter,Interim
2388 HK Equity,2025-03-26,2025-06-30,2025-07-17,1.419,Semi-Anl,Final
2388 HK Equity,2025-04-29,2025-05-14,2025-05-29,0.29,Quarter,Interim
2388 HK Equity,2024-08-29,2024-09-12,2024-09-27,0.57,Semi-Anl,Interim
2388 HK Equity,2024-03-28,2024-07-02,2024-07-15,1.145,Semi-Anl,Final
2388 HK Equity,2023-08-30,2023-09-14,2023-09-29,0.527,Semi-Anl,Interim
2388 HK Equity,2023-03-30,2023-07-03,2023-07-14,0.91,Semi-Anl,Final
2388 HK Equity,2022-08-30,2022-09-15,2022-09-30,0.447,Semi-Anl,Interim
2388 HK Equity,2022-03-29,2022-07-04,2022-07-15,0.683,Semi-Anl,Final
2388 HK Equity,2021-08-30,2021-09-14,2021-09-30,0.447,Semi-Anl,Interim
2388 HK Equity,2021-03-30,2021-05-20,2021-06-03,0.795,Semi-Anl,Final
2388 HK Equity,2020-08-30,2020-09-15,2020-09-30,0.447,Semi-Anl,Interim
2388 HK Equity,2020-03-27,2020-07-02,2020-07-16,0.992,Semi-Anl,Final
2388 HK Equity,2019-08-30,2019-09-17,2019-10-03,0.545,Semi-Anl,Interim
2388 HK Equity,2019-03-29,2019-05-20,2019-06-03,0.923,Semi-Anl,Final
2388 HK Equity,2018-08-28,2018-09-17,2018-10-03,0.545,Semi-Anl,Interim
2388 HK Equity,2018-03-29,2018-06-29,2018-07-16,0.758,Semi-Anl,Final
2388 HK Equity,2017-08-30,2017-09-18,2017-10-03,0.095,None,Special Cash
2388 HK Equity,2017-08-30,2017-09-18,2017-10-03,0.545,Semi-Anl,Interim
2388 HK Equity,2017-03-31,2017-06-30,2017-07-14,0.625,Semi-Anl,Final
2388 HK Equity,2016-08-30,2016-09-19,2016-10-03,0.71,None,Special Cash
2388 HK Equity,2016-08-30,2016-09-19,2016-10-03,0.545,Semi-Anl,Interim
2388 HK Equity,2016-03-30,2016-06-08,2016-06-24,0.679,Semi-Anl,Final
2388 HK Equity,2015-08-28,2015-09-17,2015-10-05,0.545,Semi-Anl,Interim
2388 HK Equity,2015-03-25,2015-06-18,2015-07-03,0.575,Semi-Anl,Final
2388 HK Equity,2014-08-19,2014-09-11,2014-09-25,0.545,Semi-Anl,Interim
2388 HK Equity,2014-03-28,2014-06-13,2014-06-27,0.465,Semi-Anl,Final
2388 HK Equity,2013-08-29,2013-09-12,2013-09-27,0.545,Semi-Anl,Interim
2388 HK Equity,2013-03-26,2013-05-30,2013-06-14,0.693,Semi-Anl,Final
2388 HK Equity,2012-08-23,2012-09-06,2012-09-21,0.545,Semi-Anl,Interim
2388 HK Equity,2012-03-29,2012-05-31,2012-06-15,0.558,Semi-Anl,Final
2388 HK Equity,2011-08-24,2011-09-08,2011-09-23,0.63,Semi-Anl,Interim
2388 HK Equity,2011-03-24,2011-05-18,2011-06-01,0.572,Semi-Anl,Final
2388 HK Equity,2010-08-26,2010-09-09,2010-09-24,0.4,Semi-Anl,Interim
2388 HK Equity,2010-03-23,2010-05-11,2010-05-27,0.57,Semi-Anl,Final
2388 HK Equity,2009-08-27,2009-09-10,2009-09-24,0.285,Semi-Anl,Interim
2388 HK Equity,2009-03-24,2009-05-08,,-2.4245362661989844e-14,#N/A N/A,#N/A N/A
2388 HK Equity,2008-08-28,2008-09-11,2008-09-25,0.438,Semi-Anl,Interim
2388 HK Equity,2008-03-25,2008-05-09,2008-05-27,0.487,Semi-Anl,Final
2388 HK Equity,2007-08-23,2007-09-06,2007-09-20,0.428,Semi-Anl,Interim
2388 HK Equity,2007-03-23,2007-05-15,2007-05-30,0.447,Semi-Anl,Final
2388 HK Equity,2006-08-29,2006-09-12,2006-09-26,0.401,Semi-Anl,Interim
2388 HK Equity,2006-03-23,2006-05-16,2006-05-30,0.48,Semi-Anl,Final
2388 HK Equity,2005-08-18,2005-09-08,2005-09-23,0.328,Semi-Anl,Interim
2388 HK Equity,2005-03-23,2005-05-17,2005-05-31,0.395,Semi-Anl,Final
2388 HK Equity,2004-08-19,2004-09-06,2004-09-23,0.32,Semi-Anl,Interim
2388 HK Equity,2004-03-22,2004-05-10,2004-05-25,0.32,Semi-Anl,Final
2388 HK Equity,2003-09-05,2003-09-22,2003-10-09,0.195,Semi-Anl,Interim
2388 HK Equity,2003-03-20,2003-04-29,2003-05-30,0.215,Semi-Anl,Final
241 HK Equity,2026-05-14,2026-08-12,2026-09-02,0.1947,Irreg,Return of Capital
241 HK Equity,2005-02-08,2005-02-21,2005-02-22,0.166667,#N/A N/A,None
241 HK Equity,1998-06-01,1998-06-09,1998-06-10,10.0,#N/A N/A,None
241 HK Equity,1998-01-08,1998-01-21,1998-02-03,0.749131,None,Special Cash
241 HK Equity,1997-11-26,1997-11-26,,-2.4245362661989844e-14,#N/A N/A,#N/A N/A
241 HK Equity,1997-07-04,1997-08-08,1997-08-19,0.01071,Semi-Anl,Final
241 HK Equity,1996-11-18,1996-12-10,1996-12-30,0.002147,Semi-Anl,Interim
241 HK Equity,1996-05-29,1996-06-26,1996-07-11,0.010752,Semi-Anl,Final
241 HK Equity,1995-11-16,1995-12-05,1995-12-19,0.002687,Semi-Anl,Interim
241 HK Equity,1995-05-30,1995-06-16,1995-07-06,0.010735,Semi-Anl,Final
241 HK Equity,1994-11-28,1994-12-14,1995-01-05,0.54846,None,Special Cash
241 HK Equity,1994-11-28,1994-12-14,1995-01-05,0.002742,Semi-Anl,Interim
241 HK Equity,1994-06-10,1994-06-30,1994-07-15,0.036377,Semi-Anl,Final
241 HK Equity,1993-11-18,1993-12-09,1993-12-31,0.001884,Semi-Anl,Interim
241 HK Equity,1993-05-29,1993-06-21,1993-07-03,0.007461,Semi-Anl,Final
241 HK Equity,1992-11-17,1992-12-04,1992-12-15,0.001873,Semi-Anl,Interim
241 HK Equity,1992-05-30,1992-06-19,1992-06-30,0.007093,None,Special Cash
241 HK Equity,1992-05-30,1992-06-19,1992-06-30,0.007093,Semi-Anl,Final
241 HK Equity,1991-11-23,1991-12-11,1991-12-18,0.003488,Semi-Anl,Interim
241 HK Equity,1991-05-01,1991-06-21,1991-06-29,0.006959,Semi-Anl,Final
241 HK Equity,1990-05-01,1990-06-20,1990-07-04,0.004558,Semi-Anl,Final
241 HK Equity,1990-01-01,1990-02-11,1990-02-27,0.01212,Semi-Anl,Interim
241 HK Equity,1989-11-15,1989-12-06,1989-12-19,0.002388,Semi-Anl,Interim
241 HK Equity,1989-05-01,1989-06-16,1989-06-29,0.009578,Semi-Anl,Regular Cash
241 HK Equity,1988-11-15,1988-12-02,1988-12-14,0.00765,Irreg,Interim
241 HK Equity,1988-05-26,1988-06-16,1988-07-01,0.011947,Irreg,Final
241 HK Equity,1987-11-12,1987-12-03,1987-12-18,0.008644,Irreg,Interim
241 HK Equity,1987-05-21,1987-06-16,1987-07-01,0.011943,Irreg,Final
241 HK Equity,1986-11-07,1986-11-27,1986-12-12,0.002396,Irreg,Interim
241 HK Equity,1986-05-22,1986-06-13,1986-07-01,0.003083,Irreg,Final
241 HK Equity,1986-05-22,1986-06-13,1986-07-01,0.024666,Irreg,Special Cash
2600 HK Equity,2026-08-27,2026-09-09,2026-10-23,0.276,Semi-Anl,Interim
2600 HK Equity,2026-03-27,2026-06-30,2026-08-14,0.147,Semi-Anl,Final
2600 HK Equity,2025-08-27,2025-09-09,2025-10-17,0.123,Semi-Anl,Interim
2600 HK Equity,2025-03-26,2025-06-30,2025-08-08,0.135,Irreg,Final
2600 HK Equity,2024-08-28,2024-11-21,2024-12-27,0.082,Irreg,Interim
2600 HK Equity,2024-03-27,2024-06-27,2024-07-26,0.08,Annual,Final
2600 HK Equity,2023-03-21,2023-06-23,2023-08-18,0.036,Annual,Final
2600 HK Equity,2022-03-22,2022-06-29,2022-08-19,0.0318,Irreg,Final
2600 HK Equity,2011-03-01,2011-04-28,2011-07-27,0.01026,Irreg,Final
2600 HK Equity,2010-03-28,2010-04-07,,-2.4245362661989844e-14,#N/A N/A,#N/A N/A
2600 HK Equity,2009-08-24,2009-09-25,,-2.4245362661989844e-14,#N/A N/A,#N/A N/A
2600 HK Equity,2009-03-29,2009-04-07,,-2.4245362661989844e-14,#N/A N/A,#N/A N/A
2600 HK Equity,2008-08-29,2008-09-25,2008-12-24,0.0468,Semi-Anl,Interim
2600 HK Equity,2008-03-17,2008-04-07,2008-06-30,0.053,Semi-Anl,Final
2600 HK Equity,2007-08-20,2007-09-10,2007-10-31,0.013,None,Special Cash
2600 HK Equity,2007-08-20,2007-09-10,2007-10-31,0.137,Semi-Anl,Interim
2600 HK Equity,2007-05-18,2007-06-07,2007-07-30,0.115,Semi-Anl,Final
2600 HK Equity,2006-08-23,2006-09-12,2006-10-31,0.188,Semi-Anl,Interim
2600 HK Equity,2006-03-13,2006-04-07,2006-05-30,0.214,Annual,Final
2600 HK Equity,2005-03-29,2005-05-09,2005-06-30,0.176,Annual,Regular Cash
2600 HK Equity,2004-03-30,2004-05-03,2004-06-30,0.096,Annual,Regular Cash
2600 HK Equity,2003-04-15,2003-05-09,2003-06-30,0.045,Annual,Regular Cash
2600 HK Equity,2002-04-15,2002-05-09,2002-06-28,0.017,Annual,Regular Cash
2628 HK Equity,2026-08-27,2026-10-08,2026-11-18,0.358,Semi-Anl,Interim
2628 HK Equity,2026-03-25,2026-06-30,2026-08-20,0.618,Semi-Anl,Final
2628 HK Equity,2025-08-27,2025-10-09,2025-11-18,0.238,Semi-Anl,Interim
2628 HK Equity,2025-03-26,2025-07-02,2025-08-21,0.45,Semi-Anl,Final
2628 HK Equity,2024-08-29,2024-11-05,2024-12-23,0.2,Irreg,Interim
2628 HK Equity,2024-03-27,2024-07-03,2024-08-22,0.43,Annual,Final
2628 HK Equity,2023-03-29,2023-07-05,2023-08-24,0.49,Annual,Final
2628 HK Equity,2022-03-24,2022-07-06,2022-08-25,0.65,Annual,Final
2628 HK Equity,2021-03-25,2021-07-07,2021-08-26,0.64,Annual,Final
2628 HK Equity,2020-03-25,2020-07-07,2020-08-26,0.73,Annual,Final
2628 HK Equity,2019-03-27,2019-06-06,2019-08-06,0.16,Annual,Final
2628 HK Equity,2018-03-22,2018-06-13,2018-08-09,0.4,Annual,Final
2628 HK Equity,2017-03-23,2017-06-08,2017-08-04,0.24,Annual,Final
2628 HK Equity,2016-03-23,2016-06-07,2016-08-05,0.378,Annual,Final
2628 HK Equity,2015-03-24,2015-06-03,2015-08-21,0.36,Annual,Final
2628 HK Equity,2014-03-25,2014-06-03,2014-08-22,0.27,Annual,Final
2628 HK Equity,2013-03-27,2013-06-07,2013-08-28,0.126,Annual,Final
2628 HK Equity,2012-03-26,2012-05-24,2012-08-09,0.207,Annual,Final
2628 HK Equity,2011-03-22,2011-04-28,2011-08-24,0.36,Annual,Final
2628 HK Equity,2010-04-07,2010-04-30,2010-08-24,0.63,Annual,Final
2628 HK Equity,2009-03-25,2009-04-23,2009-08-03,0.207,Annual,Final
2628 HK Equity,2008-03-25,2008-06-04,2008-07-11,0.42,Annual,Final
2628 HK Equity,2007-04-17,2007-06-26,2007-07-27,0.14,Annual,Final
2628 HK Equity,2006-04-18,2006-05-15,2006-07-25,0.05,Annual,Final
267 HK Equity,2026-08-28,2026-09-14,2026-11-17,0.21,Semi-Anl,Interim
267 HK Equity,2026-03-27,2026-06-30,2026-08-21,0.385,Semi-Anl,Final
267 HK Equity,2025-08-29,2025-09-22,2025-11-21,0.200784,Semi-Anl,Interim
267 HK Equity,2025-03-28,2025-06-27,2025-08-15,0.360117,Semi-Anl,Final
267 HK Equity,2024-08-30,2024-09-23,2024-11-15,0.188362,Semi-Anl,Interim
267 HK Equity,2024-03-28,2024-06-27,2024-08-16,0.341868,Semi-Anl,Final
267 HK Equity,2023-08-31,2023-09-22,2023-11-16,0.183475,Semi-Anl,Interim
267 HK Equity,2023-03-31,2023-06-26,2023-08-22,0.416939,Semi-Anl,Final
267 HK Equity,2022-08-30,2022-09-21,2022-11-11,0.179625,Semi-Anl,Interim
267 HK Equity,2022-03-31,2022-06-16,2022-08-08,0.389494,Semi-Anl,Final
267 HK Equity,2021-08-27,2021-09-13,2021-11-03,0.124397,Semi-Anl,Interim
267 HK Equity,2021-03-30,2021-06-11,2021-08-03,0.3199,Semi-Anl,Final
267 HK Equity,2020-08-28,2020-09-14,2020-11-03,0.087876,Semi-Anl,Interim
267 HK Equity,2020-03-31,2020-06-23,2020-08-11,0.259555,Semi-Anl,Final
267 HK Equity,2019-08-29,2019-09-13,2019-10-04,0.16287,Semi-Anl,Interim
267 HK Equity,2019-03-29,2019-06-10,2019-06-26,0.229763,Semi-Anl,Final
267 HK Equity,2018-08-29,2018-09-12,2018-10-04,0.13133,Semi-Anl,Interim
267 HK Equity,2018-03-28,2018-06-19,2018-07-05,0.206136,Semi-Anl,Final
267 HK Equity,2017-08-29,2017-09-14,2017-09-29,0.092245,Semi-Anl,Interim
267 HK Equity,2017-03-23,2017-06-15,2017-06-30,0.20058,Semi-Anl,Final
267 HK Equity,2016-08-26,2016-09-14,2016-09-30,0.085963,Semi-Anl,Interim
267 HK Equity,2016-03-24,2016-06-13,2016-06-29,0.169607,Semi-Anl,Final
267 HK Equity,2015-08-24,2015-09-15,2015-10-02,0.082187,Semi-Anl,Interim
267 HK Equity,2015-03-24,2015-06-04,2015-06-19,0.160001,Semi-Anl,Final
267 HK Equity,2014-08-29,2014-09-23,2014-10-10,0.011876,Semi-Anl,Interim
267 HK Equity,2014-02-20,2014-05-16,2014-06-03,0.20105,Semi-Anl,Final
267 HK Equity,2013-08-14,2013-09-06,2013-09-23,0.078918,Semi-Anl,Interim
267 HK Equity,2013-02-28,2013-05-21,2013-06-05,0.237172,Semi-Anl,Final
267 HK Equity,2012-08-16,2012-09-07,2012-09-24,0.122688,Semi-Anl,Interim
267 HK Equity,2012-03-01,2012-05-22,2012-06-06,0.244186,Semi-Anl,Final
267 HK Equity,2011-08-19,2011-09-08,2011-09-23,0.12285,Semi-Anl,Interim
267 HK Equity,2011-03-03,2011-05-03,2011-05-20,0.250931,Semi-Anl,Final
267 HK Equity,2010-08-18,2010-09-07,2010-09-22,0.131139,Semi-Anl,Interim
267 HK Equity,2010-03-10,2010-05-06,2010-05-24,0.219543,Semi-Anl,Final
267 HK Equity,2009-08-26,2009-09-10,2009-09-24,0.132169,Semi-Anl,Interim
267 HK Equity,2009-03-25,2009-04-29,,-2.4245362661989844e-14,#N/A N/A,#N/A N/A
267 HK Equity,2008-08-28,2008-09-11,2008-09-26,0.263399,Semi-Anl,Interim
267 HK Equity,2008-03-17,2008-04-29,2008-05-13,0.717042,Semi-Anl,Final
267 HK Equity,2007-09-14,2007-09-28,2007-10-02,0.04,#N/A N/A,None
267 HK Equity,2007-08-22,2007-09-05,2007-09-18,0.193945,None,Special Cash
267 HK Equity,2007-08-22,2007-09-05,2007-09-18,0.38789,Semi-Anl,Interim
267 HK Equity,2007-03-15,2007-05-08,2007-05-18,0.295261,None,Special Cash
267 HK Equity,2007-03-15,2007-05-08,2007-05-18,0.787363,Semi-Anl,Final
267 HK Equity,2007-03-13,2007-03-15,2007-04-03,0.05,None,Entitlement
267 HK Equity,2006-08-21,2006-09-05,2006-09-15,0.306593,None,Special Cash
267 HK Equity,2006-08-21,2006-09-05,2006-09-15,0.306593,Semi-Anl,Interim
267 HK Equity,2006-03-22,2006-05-02,2006-05-17,0.826788,Semi-Anl,Final
267 HK Equity,2005-08-25,2005-09-08,2005-09-22,0.312674,Semi-Anl,Interim
267 HK Equity,2005-03-15,2005-05-04,2005-05-17,0.849632,Semi-Anl,Final
267 HK Equity,2004-08-26,2004-09-09,2004-09-22,0.318351,Semi-Anl,Interim
267 HK Equity,2004-03-18,2004-04-30,2004-05-13,0.742845,Semi-Anl,Final
267 HK Equity,2003-08-27,2003-09-10,2003-09-23,0.318383,Semi-Anl,Interim
267 HK Equity,2003-03-12,2003-04-28,2003-05-12,1.061194,Irreg,Special Cash
267 HK Equity,2003-03-12,2003-04-28,2003-05-12,0.742836,Semi-Anl,Final
267 HK Equity,2002-08-26,2002-09-09,2002-09-19,0.318362,Semi-Anl,Interim
267 HK Equity,2002-03-14,2002-04-30,2002-05-15,0.63674,Semi-Anl,Final
267 HK Equity,2001-08-28,2001-09-11,2001-09-21,0.212236,Semi-Anl,Interim
267 HK Equity,2001-03-19,2001-05-07,2001-05-21,0.68981,Semi-Anl,Final
267 HK Equity,2000-08-28,2000-09-11,2000-09-22,0.212313,Semi-Anl,Interim
267 HK Equity,2000-03-16,2000-05-23,2000-06-07,0.584234,Semi-Anl,Final
267 HK Equity,1999-10-13,1999-10-26,1999-11-03,2.130411,Semi-Anl,Special Cash
267 HK Equity,1999-08-25,1999-09-09,1999-09-22,0.213176,Semi-Anl,Interim
267 HK Equity,1999-03-18,1999-05-31,1999-06-14,0.533756,Semi-Anl,Final
267 HK Equity,1998-08-27,1998-09-10,1998-09-24,0.213702,Semi-Anl,Interim
267 HK Equity,1998-03-18,1998-05-26,1998-06-18,0.534324,Semi-Anl,Final
267 HK Equity,1997-08-28,1997-09-11,1997-09-26,0.321079,None,Special Cash
267 HK Equity,1997-08-28,1997-09-11,1997-09-26,0.214053,Semi-Anl,Interim
267 HK Equity,1997-03-26,1997-05-30,1997-06-25,0.481618,Semi-Anl,Final
267 HK Equity,1996-08-27,1996-09-12,1996-09-26,0.322258,None,Special Cash
267 HK Equity,1996-08-27,1996-09-12,1996-09-26,0.177242,Semi-Anl,Interim
267 HK Equity,1996-03-26,1996-05-24,1996-06-18,0.435939,Semi-Anl,Final
267 HK Equity,1995-08-21,1995-09-05,1995-09-15,0.155807,Semi-Anl,Interim
267 HK Equity,1995-03-27,1995-05-31,1995-06-21,0.375807,Semi-Anl,Final
267 HK Equity,1994-08-22,1994-09-06,1994-09-16,0.143818,Semi-Anl,Interim
267 HK Equity,1994-03-21,1994-05-31,1994-06-17,0.313827,Semi-Anl,Final
267 HK Equity,1993-09-09,1993-09-23,1993-10-08,0.074999,Semi-Anl,Interim
267 HK Equity,1993-04-22,1993-06-04,1993-06-22,0.162985,Semi-Anl,Final
267 HK Equity,1992-09-12,1992-09-24,1992-10-15,0.058698,Semi-Anl,Interim
267 HK Equity,1992-04-17,1992-05-29,1992-06-16,0.127881,Semi-Anl,Final
267 HK Equity,1992-03-01,1992-03-24,1992-03-25,0.25,None,Stock Split
267 HK Equity,1991-09-06,1991-09-20,1991-10-07,0.047251,Semi-Anl,Interim
267 HK Equity,1991-05-01,1991-06-20,1991-07-02,0.111211,Semi-Anl,Final
267 HK Equity,1990-08-01,1990-09-28,1990-10-09,0.036601,Semi-Anl,Interim
267 HK Equity,1990-01-02,1990-02-02,1990-02-22,0.072718,Semi-Anl,Final
267 HK Equity,1989-05-01,1989-06-19,1989-07-10,0.057484,Semi-Anl,Interim
2688 HK Equity,2026-08-28,2026-10-30,2026-11-27,0.68,Semi-Anl,Interim
2688 HK Equity,2026-03-27,2026-06-01,2026-07-31,2.35,Semi-Anl,Final
2688 HK Equity,2025-08-27,2025-10-31,2025-11-28,0.65,Semi-Anl,Interim
2688 HK Equity,2025-03-26,2025-05-28,2025-07-25,2.35,Semi-Anl,Final
2688 HK Equity,2024-08-23,2024-11-01,2024-11-29,0.65,Semi-Anl,Interim
2688 HK Equity,2024-03-22,2024-06-05,2024-07-26,2.31,Semi-Anl,Final
2688 HK Equity,2023-08-24,2023-11-02,2023-11-29,0.64,Semi-Anl,Interim
2688 HK Equity,2023-03-24,2023-05-29,2023-07-21,2.27,Semi-Anl,Final
2688 HK Equity,2022-08-19,2022-11-03,2022-11-30,0.64,Semi-Anl,Interim
2688 HK Equity,2022-03-18,2022-05-23,2022-07-22,2.11,Semi-Anl,Final
2688 HK Equity,2021-08-23,2021-11-04,2021-11-30,0.59,Irreg,Interim
2688 HK Equity,2021-03-22,2021-05-13,2021-07-23,0.32,None,Special Cash
2688 HK Equity,2021-03-22,2021-05-13,2021-07-23,2.1,Annual,Final
2688 HK Equity,2020-03-16,2020-05-18,2020-07-22,1.67,Annual,Final
2688 HK Equity,2019-03-21,2019-06-04,2019-07-19,1.19,Annual,Final
2688 HK Equity,2018-03-22,2018-05-24,2018-07-27,1.08,Annual,Final
2688 HK Equity,2017-03-21,2017-06-01,2017-07-28,0.83,Annual,Final
2688 HK Equity,2016-03-22,2016-06-03,2016-07-29,0.76,Annual,Final
2688 HK Equity,2015-03-27,2015-06-02,2015-07-24,0.83,Annual,Final
2688 HK Equity,2014-03-24,2014-06-05,2014-09-19,0.48,Annual,Final
2688 HK Equity,2013-03-26,2013-05-23,2013-10-21,0.422,Annual,Final
2688 HK Equity,2012-03-27,2012-06-28,2012-10-11,0.3623,Annual,Final
2688 HK Equity,2011-03-25,2011-05-23,2011-06-22,0.0566,None,Special Cash
2688 HK Equity,2011-03-25,2011-05-23,2011-06-22,0.2835,Annual,Final
2688 HK Equity,2010-03-31,2010-06-22,2010-07-13,0.2165,Annual,Final
2688 HK Equity,2009-04-08,2009-05-18,2009-06-15,0.1771,Annual,Final
2688 HK Equity,2008-04-22,2008-05-19,2008-06-17,0.1342,Annual,Final
2688 HK Equity,2007-04-20,2007-05-22,2007-06-12,0.0775,Annual,Final
2688 HK Equity,2006-04-21,2006-05-03,2006-07-10,0.0481,Annual,Final
2688 HK Equity,2005-04-20,2005-05-12,2005-07-08,0.0271,Annual,Final
27 HK Equity,2026-08-12,2026-08-25,2026-09-15,0.9,Semi-Anl,Interim
27 HK Equity,2026-02-26,2026-05-22,2026-06-12,0.8,Semi-Anl,Final
27 HK Equity,2025-08-12,2025-09-24,2025-10-31,0.7,Semi-Anl,Interim
27 HK Equity,2025-02-27,2025-05-23,2025-06-12,0.5,Irreg,Final
27 HK Equity,2024-08-15,2024-09-24,2024-10-25,0.5,Irreg,Interim
27 HK Equity,2024-02-28,2024-03-22,2024-04-26,0.3,None,Special Cash
27 HK Equity,2023-08-17,2023-09-25,2023-10-27,0.2,None,Special Cash
27 HK Equity,2022-02-23,2022-03-25,2022-04-29,0.3,None,Special Cash
27 HK Equity,2021-08-12,2021-09-24,,-2.4245362661989844e-14,#N/A N/A,#N/A N/A
27 HK Equity,2021-02-25,2021-03-25,,-2.4245362661989844e-14,#N/A N/A,#N/A N/A
27 HK Equity,2020-08-13,2020-09-25,,-2.4245362661989844e-14,#N/A N/A,#N/A N/A
27 HK Equity,2020-02-27,2020-03-25,2020-04-24,0.45,None,Special Cash
27 HK Equity,2019-08-13,2019-09-24,2019-10-25,0.46,None,Special Cash
27 HK Equity,2019-02-28,2019-03-25,2019-04-26,0.45,None,Special Cash
27 HK Equity,2018-08-08,2018-09-21,2018-10-26,0.5,None,Special Cash
27 HK Equity,2018-02-28,2018-03-23,2018-04-27,0.41,None,Special Cash
27 HK Equity,2017-08-31,2017-09-25,2017-10-27,0.33,None,Special Cash
27 HK Equity,2017-02-28,2017-03-27,2017-04-28,0.26,None,Special Cash
27 HK Equity,2016-08-25,2016-09-23,2016-10-28,0.18,None,Special Cash
27 HK Equity,2016-02-25,2016-04-08,2016-04-29,0.15,None,Special Cash
27 HK Equity,2015-08-19,2015-09-23,2015-10-30,0.14,None,Special Cash
27 HK Equity,2015-03-19,2015-04-23,2015-05-22,0.28,None,Special Cash
27 HK Equity,2014-08-19,2014-09-23,2014-10-31,0.45,None,Special Cash
27 HK Equity,2014-03-19,2014-05-23,2014-07-31,0.7,None,Special Cash
27 HK Equity,2006-09-13,2006-09-13,,-2.4245362661989844e-14,#N/A N/A,#N/A N/A
27 HK Equity,2006-04-11,2006-04-20,,-2.4245362661989844e-14,#N/A N/A,#N/A N/A
27 HK Equity,2005-09-14,2005-09-14,,-2.4245362661989844e-14,#N/A N/A,#N/A N/A
27 HK Equity,2005-03-03,2005-04-20,2005-06-10,0.01,Semi-Anl,Final
27 HK Equity,2004-09-09,2004-09-23,2004-11-12,0.01,Semi-Anl,Interim
27 HK Equity,2004-04-15,2004-05-20,2004-07-09,0.01,Semi-Anl,Final
27 HK Equity,2003-09-17,2003-10-02,2003-11-21,0.01,Semi-Anl,Interim
27 HK Equity,2003-04-09,2003-05-15,2003-07-04,0.01,Semi-Anl,Final
27 HK Equity,2002-09-18,2002-10-03,2002-11-22,0.01,Semi-Anl,Interim
27 HK Equity,2002-04-11,2002-05-22,2002-07-10,0.025,Semi-Anl,Final
27 HK Equity,2001-09-18,2001-10-04,2001-11-23,0.015,Semi-Anl,Interim
27 HK Equity,2001-04-17,2001-05-23,2001-07-11,0.04,Semi-Anl,Final
27 HK Equity,2000-09-19,2000-10-04,2000-11-24,0.025,Semi-Anl,Interim
27 HK Equity,2000-05-10,2000-06-15,2000-08-04,0.04,Semi-Anl,Final
27 HK Equity,1999-11-23,1999-12-03,1999-12-06,0.02,#N/A N/A,Semi-Anl
27 HK Equity,1999-08-09,1999-09-13,1999-09-23,0.035,Semi-Anl,Final
27 HK Equity,1998-12-28,1999-01-08,1999-02-01,0.333333,None,Rights Issue
27 HK Equity,1998-12-21,1999-01-08,1999-01-29,0.009612,Semi-Anl,Interim
27 HK Equity,1998-08-07,1998-09-16,1998-10-16,0.019224,Semi-Anl,Final
27 HK Equity,1997-12-23,1998-01-08,1998-02-09,0.024029,Semi-Anl,Interim
27 HK Equity,1997-07-31,1997-09-15,1997-10-17,0.024029,Semi-Anl,Final
27 HK Equity,1996-12-18,1997-01-02,1997-01-31,0.048059,Semi-Anl,Interim
27 HK Equity,1996-07-12,1996-09-02,1996-10-02,0.086506,Semi-Anl,Final
27 HK Equity,1995-12-12,1996-01-04,1996-02-02,0.009612,Semi-Anl,Interim
27 HK Equity,1995-08-10,1995-09-20,1995-09-21,0.2,#N/A N/A,None
27 HK Equity,1994-08-25,1994-09-19,1994-10-19,0.038447,Semi-Anl,Final
27 HK Equity,1994-01-24,1994-02-24,1994-03-18,0.033641,Semi-Anl,Interim
27 HK Equity,1993-07-23,1993-09-09,1993-09-30,0.057671,Semi-Anl,Final
27 HK Equity,1993-01-08,1993-02-04,1993-03-12,0.028835,Semi-Anl,Interim
27 HK Equity,1992-07-18,1992-08-27,1992-10-02,0.052865,Semi-Anl,Final
27 HK Equity,1986-11-08,1986-11-08,,-2.4245362661989844e-14,#N/A N/A,#N/A N/A
27 HK Equity,1986-01-01,1986-01-01,,-2.4245362661989844e-14,#N/A N/A,#N/A N/A
285 HK Equity,2026-03-27,2026-06-11,2026-07-31,0.156,Annual,Final
285 HK Equity,2025-03-24,2025-06-10,2025-07-29,0.568,Annual,Final
285 HK Equity,2024-03-26,2024-06-11,2024-07-29,0.538,Annual,Final
285 HK Equity,2023-03-28,2023-06-13,2023-07-28,0.165,Annual,Final
285 HK Equity,2022-03-29,2022-06-13,2022-07-29,0.103,Annual,Final
285 HK Equity,2021-03-29,2021-06-10,2021-08-06,0.241,Annual,Final
285 HK Equity,2020-04-21,2020-07-02,2020-08-18,0.071,Annual,Final
285 HK Equity,2019-03-27,2019-06-11,2019-07-26,0.195,Annual,Final
285 HK Equity,2018-03-27,2018-06-22,2018-08-17,0.23,Annual,Final
285 HK Equity,2017-03-28,2017-06-13,2017-08-04,0.069,Irreg,Final
285 HK Equity,2016-08-28,2016-09-08,2016-10-26,0.067,Irreg,Interim
285 HK Equity,2016-04-20,2016-06-30,,-2.4245362661989844e-14,#N/A N/A,#N/A N/A
285 HK Equity,2015-03-29,2015-06-30,,-2.4245362661989844e-14,#N/A N/A,#N/A N/A
285 HK Equity,2014-03-19,2014-06-30,2014-08-13,0.0288,Irreg,Final
285 HK Equity,2013-03-24,2013-06-13,,-2.4245362661989844e-14,#N/A N/A,#N/A N/A
285 HK Equity,2012-03-25,2012-06-12,2012-07-27,0.0535,Irreg,Final
285 HK Equity,2011-03-13,2011-05-09,,-2.4245362661989844e-14,#N/A N/A,#N/A N/A
285 HK Equity,2010-03-14,2010-05-07,2010-06-10,0.067,Irreg,Final
285 HK Equity,2009-03-29,2009-05-29,,-2.4245362661989844e-14,#N/A N/A,#N/A N/A
285 HK Equity,2008-03-24,2008-05-30,2008-07-08,0.15,Irreg,Final
288 HK Equity,2026-08-28,2026-09-11,2026-09-30,0.2,Semi-Anl,Interim
288 HK Equity,2026-03-24,2026-05-13,2026-05-29,0.41,Semi-Anl,Final
288 HK Equity,2025-09-22,2025-10-06,2025-10-22,0.3,None,Special Cash
288 HK Equity,2025-08-12,2025-08-25,2025-09-30,0.2,Semi-Anl,Interim
288 HK Equity,2025-03-25,2025-05-14,2025-05-29,0.4,Semi-Anl,Final
288 HK Equity,2025-02-28,2025-03-13,2025-03-28,0.18,None,Special Cash
288 HK Equity,2025-02-06,2025-02-18,2025-04-08,0.000108,None,Spinoff
288 HK Equity,2024-08-13,2024-08-26,2024-09-25,0.1,Semi-Anl,Interim
288 HK Equity,2024-03-26,2024-05-14,2024-05-30,0.25,Semi-Anl,Final
288 HK Equity,2023-08-15,2023-08-28,2023-09-29,0.05,Semi-Anl,Interim
288 HK Equity,2023-03-28,2023-06-09,2023-07-07,0.25,Semi-Anl,Final
288 HK Equity,2022-08-16,2022-08-29,2022-09-30,0.05,Semi-Anl,Interim
288 HK Equity,2022-03-28,2022-06-07,2022-07-07,0.14,Semi-Anl,Final
288 HK Equity,2021-08-12,2021-08-25,2021-09-30,0.05,Semi-Anl,Interim
288 HK Equity,2021-03-30,2021-06-04,2021-07-07,0.125,Semi-Anl,Final
288 HK Equity,2020-08-11,2020-08-24,2020-10-15,0.05,Semi-Anl,Interim
288 HK Equity,2020-03-24,2020-06-05,2020-07-06,0.265,Semi-Anl,Final
288 HK Equity,2019-08-13,2019-08-26,2019-10-04,0.05,Semi-Anl,Interim
288 HK Equity,2019-03-15,2019-05-31,2019-06-21,0.15,Semi-Anl,Final
288 HK Equity,2018-08-14,2018-08-27,2018-09-12,0.05,Semi-Anl,Interim
288 HK Equity,2018-03-26,2018-06-07,2018-06-27,0.22,Semi-Anl,Final
288 HK Equity,2017-08-14,2017-09-19,2017-10-06,0.05,Semi-Anl,Interim
288 HK Equity,2017-03-22,2017-05-26,2017-06-19,0.21,Semi-Anl,Final
288 HK Equity,2016-08-21,2016-09-01,2016-09-20,0.05,Irreg,Interim
288 HK Equity,2016-03-29,2016-05-26,2016-06-13,0.125,Irreg,Final
2899 HK Equity,2026-07-10,2026-07-23,2026-08-21,0.42,Semi-Anl,Interim
2899 HK Equity,2026-03-20,2026-06-09,2026-07-10,0.38,Semi-Anl,Final
2899 HK Equity,2025-08-26,2025-09-16,2025-09-17,0.002907,#N/A N/A,None
2899 HK Equity,2025-08-26,2025-09-10,2025-10-17,0.22,Semi-Anl,Interim
2899 HK Equity,2025-03-23,2025-05-21,2025-06-20,0.28,Semi-Anl,Final
2899 HK Equity,2024-07-21,2024-08-01,2024-08-28,0.1,Semi-Anl,Interim
2899 HK Equity,2024-03-24,2024-05-21,2024-06-28,0.2,Semi-Anl,Final
2899 HK Equity,2023-08-27,2023-12-12,2024-01-19,0.05,Semi-Anl,Interim
2899 HK Equity,2023-03-24,2023-05-30,2023-06-30,0.2,Annual,Final
2899 HK Equity,2022-03-20,2022-05-19,2022-06-24,0.2,Annual,Final
2899 HK Equity,2021-03-21,2021-06-04,2021-07-09,0.12,Annual,Final
2899 HK Equity,2020-03-22,2020-06-16,2020-07-17,0.1,Annual,Final
2899 HK Equity,2019-03-24,2019-05-28,2019-07-11,0.1,Annual,Final
2899 HK Equity,2018-03-25,2018-05-21,2018-06-29,0.09,Annual,Final
2899 HK Equity,2017-03-27,2017-07-04,2017-08-04,0.06,Annual,Final
2899 HK Equity,2016-05-04,2016-06-22,2016-07-22,0.054,Annual,Final
2899 HK Equity,2015-03-22,2015-06-09,2015-07-09,0.072,Annual,Final
2899 HK Equity,2014-03-30,2014-06-04,2014-07-07,0.072,Annual,Final
2899 HK Equity,2013-03-28,2013-06-10,2013-07-12,0.09,Annual,Final
2899 HK Equity,2012-03-29,2012-06-08,2012-07-12,0.09,Annual,Final
2899 HK Equity,2011-05-30,2011-06-13,2011-06-30,0.5,None,Bonus
2899 HK Equity,2011-03-31,2011-04-28,2011-07-08,0.06,Annual,Final
2899 HK Equity,2010-03-31,2010-04-22,2010-06-22,0.06,Annual,Final
2899 HK Equity,2009-03-23,2009-04-09,2009-06-10,0.06,Annual,Final
2899 HK Equity,2008-05-19,2008-07-03,2008-07-25,0.06,Annual,Final
2899 HK Equity,2007-03-19,2007-03-29,2007-05-15,0.25,None,Bonus
2899 HK Equity,2007-03-09,2007-03-29,2007-05-15,0.048,Annual,Final
2899 HK Equity,2006-03-31,2006-04-12,2006-06-16,1.0,None,Bonus
2899 HK Equity,2006-03-30,2006-04-12,2006-06-16,0.021333,Annual,Final
2899 HK Equity,2005-04-11,2005-04-26,2005-06-23,1.0,None,Bonus
2899 HK Equity,2005-04-08,2005-04-26,2005-06-23,0.013333,Annual,Final
2899 HK Equity,2004-04-06,2004-04-26,2004-06-25,1.0,None,Bonus
2899 HK Equity,2004-04-06,2004-04-26,2004-06-25,0.01,Annual,Final
291 HK Equity,2026-08-19,2026-09-01,2026-10-21,0.446,Semi-Anl,Interim
291 HK Equity,2026-03-23,2026-05-22,2026-07-08,0.557,Semi-Anl,Final
291 HK Equity,2025-08-19,2025-09-02,2025-10-22,0.464,Semi-Anl,Interim
291 HK Equity,2025-03-18,2025-05-22,2025-07-04,0.387,Semi-Anl,Final
291 HK Equity,2024-08-19,2024-09-03,2024-10-23,0.373,Semi-Anl,Interim
291 HK Equity,2024-03-18,2024-05-22,2024-07-04,0.3,None,Special Cash
291 HK Equity,2024-03-18,2024-05-22,2024-07-04,0.349,Semi-Anl,Final
291 HK Equity,2023-08-18,2023-08-30,2023-10-20,0.287,Semi-Anl,Interim
291 HK Equity,2023-03-24,2023-05-23,2023-07-07,0.302,Semi-Anl,Final
291 HK Equity,2022-08-17,2022-08-30,2022-10-21,0.234,Semi-Anl,Interim
291 HK Equity,2022-03-24,2022-06-23,2022-08-12,0.302,Semi-Anl,Final
291 HK Equity,2021-08-18,2021-08-31,2021-10-21,0.264,Semi-Anl,Interim
291 HK Equity,2021-03-22,2021-05-21,2021-06-11,0.131,Semi-Anl,Final
291 HK Equity,2020-08-19,2020-09-23,2020-10-12,0.128,Semi-Anl,Interim
291 HK Equity,2020-03-20,2020-05-26,2020-06-12,0.045,Semi-Anl,Final
291 HK Equity,2019-08-16,2019-09-25,2019-10-14,0.12,Semi-Anl,Interim
291 HK Equity,2019-03-20,2019-05-28,2019-06-14,0.03,Semi-Anl,Final
291 HK Equity,2018-08-17,2018-09-26,2018-10-15,0.09,Semi-Anl,Interim
291 HK Equity,2018-03-21,2018-05-28,2018-06-15,0.07,Semi-Anl,Final
291 HK Equity,2017-08-21,2017-09-27,2017-10-16,0.07,Irreg,Interim
291 HK Equity,2017-03-21,2017-05-29,2017-06-16,0.08,Irreg,Final
291 HK Equity,2016-08-19,2016-09-29,,-2.4245362661989844e-14,#N/A N/A,#N/A N/A
291 HK Equity,2016-07-06,2016-07-14,2016-08-19,0.333333,None,Rights Issue
291 HK Equity,2016-03-18,2016-06-02,,-2.4245362661989844e-14,#N/A N/A,#N/A N/A
291 HK Equity,2015-08-21,2015-09-29,,-2.4245362661989844e-14,#N/A N/A,#N/A N/A
291 HK Equity,2015-04-21,2015-09-18,2015-10-20,9.260132,None,Special Cash
291 HK Equity,2015-03-20,2015-06-02,2015-07-10,0.117223,Semi-Anl,Final
291 HK Equity,2014-08-21,2014-09-29,2014-11-13,0.079827,Semi-Anl,Interim
291 HK Equity,2014-03-20,2014-06-04,2014-07-10,0.103479,Semi-Anl,Final
291 HK Equity,2013-08-21,2013-09-27,2013-10-15,0.094009,Semi-Anl,Interim
291 HK Equity,2013-03-21,2013-05-28,2013-06-14,0.108406,Semi-Anl,Final
291 HK Equity,2012-08-17,2012-09-27,2012-10-15,0.111773,Semi-Anl,Interim
291 HK Equity,2012-03-21,2012-05-29,2012-06-15,0.239653,Semi-Anl,Final
291 HK Equity,2011-08-25,2011-09-29,2011-10-17,0.112923,Semi-Anl,Interim
291 HK Equity,2011-03-24,2011-05-19,2011-06-15,0.291417,Semi-Anl,Final
291 HK Equity,2010-08-26,2010-09-29,2010-10-15,0.110637,Semi-Anl,Interim
291 HK Equity,2010-03-25,2010-05-19,2010-06-15,0.280802,Semi-Anl,Final
291 HK Equity,2009-09-03,2009-09-30,2009-10-16,0.11303,Semi-Anl,Interim
291 HK Equity,2009-03-31,2009-05-21,2009-06-12,0.201745,Semi-Anl,Final
291 HK Equity,2008-09-03,2008-09-29,2008-10-15,0.121299,Semi-Anl,Interim
291 HK Equity,2008-03-31,2008-05-22,2008-06-13,0.244792,Semi-Anl,Final
291 HK Equity,2007-09-05,2007-09-27,2007-10-15,0.133174,Semi-Anl,Interim
291 HK Equity,2007-07-17,2007-07-30,2007-08-15,0.531927,None,Special Cash
291 HK Equity,2007-04-04,2007-05-23,2007-06-15,0.233023,Semi-Anl,Final
291 HK Equity,2006-10-19,2006-12-14,2006-12-27,0.922196,None,Special Cash
291 HK Equity,2006-09-06,2006-09-28,2006-10-16,0.130102,Semi-Anl,Interim
291 HK Equity,2006-04-06,2006-05-25,2006-06-16,0.23705,Semi-Anl,Final
291 HK Equity,2005-09-08,2005-09-29,2005-10-26,0.124287,Semi-Anl,Interim
291 HK Equity,2005-04-08,2005-05-26,2005-06-17,0.156001,Semi-Anl,Final
291 HK Equity,2004-09-02,2004-09-28,2004-11-01,0.107001,Semi-Anl,Interim
291 HK Equity,2004-04-07,2004-05-24,2004-06-15,0.136296,Semi-Anl,Final
291 HK Equity,2003-09-10,2003-10-02,2003-11-03,0.098113,Semi-Anl,Interim
291 HK Equity,2003-03-27,2003-07-10,2003-07-11,0.1,#N/A N/A,None
291 HK Equity,2003-04-04,2003-05-29,2003-07-02,0.126472,Semi-Anl,Final
291 HK Equity,2002-09-04,2002-10-03,2002-11-01,0.087546,Semi-Anl,Interim
291 HK Equity,2002-04-15,2002-05-30,2002-07-02,0.097266,Semi-Anl,Final
291 HK Equity,2002-01-18,2002-01-31,2002-02-08,0.243166,Semi-Anl,Special Cash
291 HK Equity,2001-09-18,2001-10-11,2001-11-01,0.077813,Semi-Anl,Interim
291 HK Equity,2001-04-12,2001-06-08,2001-07-04,0.145913,Semi-Anl,Final
291 HK Equity,2000-09-20,2000-10-12,2000-11-01,0.058392,Semi-Anl,Interim
291 HK Equity,2000-04-27,2000-06-09,2000-07-03,0.087621,Semi-Anl,Final
291 HK Equity,1999-09-17,1999-10-07,1999-11-01,0.058605,Semi-Anl,Interim
291 HK Equity,1999-04-23,1999-06-09,1999-07-02,0.08803,Semi-Anl,Final
291 HK Equity,1998-09-24,1998-10-08,1998-11-02,0.058764,Semi-Anl,Interim
291 HK Equity,1998-04-22,1998-06-10,1998-07-03,0.13712,Semi-Anl,Final
291 HK Equity,1997-09-12,1997-10-08,1997-10-31,0.058893,Semi-Anl,Interim
291 HK Equity,1997-04-21,1997-06-10,1997-07-03,0.07854,Semi-Anl,Final
291 HK Equity,1996-09-24,1996-10-10,1996-10-24,0.029518,Semi-Anl,Interim
291 HK Equity,1996-05-06,1996-06-14,1996-07-01,0.059117,Semi-Anl,Final
291 HK Equity,1995-09-22,1995-10-12,1995-10-24,0.019714,Semi-Anl,Interim
291 HK Equity,1995-05-03,1995-06-14,1995-06-30,0.059009,Semi-Anl,Final
291 HK Equity,1994-05-18,1994-06-15,1994-06-30,0.041059,Semi-Anl,Regular Cash
291 HK Equity,1993-05-15,1993-06-17,1993-06-30,0.034155,Semi-Anl,Regular Cash
291 HK Equity,1989-10-25,1989-10-25,,-2.4245362661989844e-14,#N/A N/A,#N/A N/A
291 HK Equity,1989-05-22,1989-05-22,,-2.4245362661989844e-14,#N/A N/A,#N/A N/A
291 HK Equity,1988-10-17,1988-10-17,,-2.4245362661989844e-14,#N/A N/A,#N/A N/A
291 HK Equity,1988-04-14,1988-04-14,,-2.4245362661989844e-14,#N/A N/A,#N/A N/A
291 HK Equity,1987-10-26,1987-10-26,,-2.4245362661989844e-14,#N/A N/A,#N/A N/A
291 HK Equity,1987-05-25,1987-05-25,,-2.4245362661989844e-14,#N/A N/A,#N/A N/A
291 HK Equity,1986-08-16,1986-08-16,,-2.4245362661989844e-14,#N/A N/A,#N/A N/A
291 HK Equity,1986-05-14,1986-05-14,,-2.4245362661989844e-14,#N/A N/A,#N/A N/A
3 HK Equity,2026-08-18,2026-08-31,2026-09-11,0.12,Semi-Anl,Interim
3 HK Equity,2026-03-20,2026-06-03,2026-06-18,0.23,Semi-Anl,Final
3 HK Equity,2025-08-20,2025-09-02,2025-09-15,0.12,Semi-Anl,Interim
3 HK Equity,2025-03-19,2025-06-06,2025-06-23,0.23,Semi-Anl,Final
3 HK Equity,2024-08-16,2024-08-29,2024-09-11,0.12,Semi-Anl,Interim
3 HK Equity,2024-03-20,2024-06-06,2024-06-24,0.23,Semi-Anl,Final
3 HK Equity,2023-08-15,2023-08-28,2023-09-08,0.12,Semi-Anl,Interim
3 HK Equity,2023-03-17,2023-06-09,2023-06-26,0.23,Semi-Anl,Final
3 HK Equity,2022-08-19,2022-09-01,2022-09-15,0.12,Semi-Anl,Interim
3 HK Equity,2022-03-21,2022-06-08,2022-06-22,0.23,Semi-Anl,Final
3 HK Equity,2021-08-20,2021-09-02,2021-09-15,0.12,Semi-Anl,Interim
3 HK Equity,2021-03-19,2021-06-04,2021-06-21,0.05,None,Bonus
3 HK Equity,2021-03-19,2021-06-04,2021-06-21,0.219048,Semi-Anl,Final
3 HK Equity,2020-08-17,2020-08-31,2020-09-14,0.114286,Semi-Anl,Interim
3 HK Equity,2020-03-19,2020-06-09,2020-06-23,0.05,None,Bonus
3 HK Equity,2020-03-19,2020-06-09,2020-06-23,0.208617,Semi-Anl,Final
3 HK Equity,2019-08-20,2019-09-10,2019-10-02,0.108844,Semi-Anl,Interim
3 HK Equity,2019-03-20,2019-05-30,2019-06-13,0.1,None,Bonus
3 HK Equity,2019-03-20,2019-05-30,2019-06-13,0.189652,Semi-Anl,Final
3 HK Equity,2018-08-21,2018-09-11,2018-10-02,0.098949,Semi-Anl,Interim
3 HK Equity,2018-03-20,2018-06-08,2018-06-22,0.1,None,Bonus
3 HK Equity,2018-03-20,2018-06-08,2018-06-22,0.172411,Semi-Anl,Final
3 HK Equity,2017-08-21,2017-09-12,2017-10-03,0.089953,Semi-Anl,Interim
3 HK Equity,2017-03-16,2017-06-09,2017-06-23,0.1,None,Bonus
3 HK Equity,2017-03-16,2017-06-09,2017-06-23,0.156737,Semi-Anl,Final
3 HK Equity,2016-08-22,2016-09-12,2016-10-03,0.081776,Semi-Anl,Interim
3 HK Equity,2016-03-18,2016-06-10,2016-06-24,0.1,None,Bonus
3 HK Equity,2016-03-18,2016-06-10,2016-06-24,0.142488,Semi-Anl,Final
3 HK Equity,2015-08-13,2015-09-15,2015-10-02,0.074342,Semi-Anl,Interim
3 HK Equity,2015-03-18,2015-06-03,2015-06-17,0.1,None,Bonus
3 HK Equity,2015-03-18,2015-06-03,2015-06-17,0.129535,Semi-Anl,Final
3 HK Equity,2014-08-25,2014-09-16,2014-10-03,0.067583,Semi-Anl,Interim
3 HK Equity,2014-03-19,2014-06-06,2014-06-20,0.1,None,Bonus
3 HK Equity,2014-03-19,2014-06-06,2014-06-20,0.117759,Semi-Anl,Final
3 HK Equity,2013-08-21,2013-09-16,2013-10-02,0.061439,Semi-Anl,Interim
3 HK Equity,2013-03-18,2013-06-07,2013-06-24,0.1,None,Bonus
3 HK Equity,2013-03-18,2013-06-07,2013-06-24,0.107053,Semi-Anl,Final
3 HK Equity,2012-08-21,2012-09-11,2012-10-03,0.055854,Semi-Anl,Interim
3 HK Equity,2012-03-19,2012-06-07,2012-06-21,0.074049,None,Special Cash
3 HK Equity,2012-03-19,2012-06-07,2012-06-21,0.097321,Semi-Anl,Final
3 HK Equity,2012-03-19,2012-06-07,2012-06-21,0.1,None,Bonus
3 HK Equity,2011-08-23,2011-09-12,2011-10-03,0.050776,Semi-Anl,Interim
3 HK Equity,2011-03-15,2011-05-23,2011-06-07,0.1,None,Bonus
3 HK Equity,2011-03-15,2011-05-23,2011-06-07,0.088474,Semi-Anl,Final
3 HK Equity,2010-08-24,2010-10-05,2010-10-18,0.04616,Semi-Anl,Interim
3 HK Equity,2010-03-16,2010-05-14,2010-05-31,0.1,None,Bonus
3 HK Equity,2010-03-16,2010-05-14,2010-05-31,0.080431,Semi-Anl,Final
3 HK Equity,2009-08-27,2009-10-06,2009-10-19,0.041964,Semi-Anl,Interim
3 HK Equity,2009-03-17,2009-05-04,2009-05-15,0.080431,Semi-Anl,Final
3 HK Equity,2008-09-12,2008-10-06,2008-10-20,0.041964,Semi-Anl,Interim
3 HK Equity,2008-03-26,2008-05-05,2008-05-20,0.1,None,Bonus
3 HK Equity,2008-03-26,2008-05-05,2008-05-20,0.073119,Semi-Anl,Final
3 HK Equity,2007-09-13,2007-10-09,2007-10-22,0.038149,Semi-Anl,Interim
3 HK Equity,2007-03-19,2007-05-08,2007-05-22,0.1,None,Bonus
3 HK Equity,2007-03-19,2007-05-08,2007-05-22,0.066472,Semi-Anl,Final
3 HK Equity,2006-09-13,2006-10-10,2006-10-23,0.034681,Semi-Anl,Interim
3 HK Equity,2006-03-20,2006-05-08,2006-05-22,0.066472,Semi-Anl,Final
3 HK Equity,2005-09-07,2005-10-04,2005-10-24,0.034681,Semi-Anl,Interim
3 HK Equity,2005-03-11,2005-04-18,2005-05-05,0.066472,Semi-Anl,Final
3 HK Equity,2004-09-07,2004-10-05,2004-10-25,0.034681,Semi-Anl,Interim
3 HK Equity,2004-03-11,2004-04-19,2004-05-06,0.066472,Semi-Anl,Final
3 HK Equity,2003-09-01,2003-10-07,2003-10-20,0.034681,Semi-Anl,Interim
3 HK Equity,2003-03-05,2003-04-11,2003-04-30,0.066472,Semi-Anl,Final
3 HK Equity,2002-09-05,2002-10-08,2002-10-21,0.034681,Semi-Anl,Interim
3 HK Equity,2002-03-14,2002-04-22,2002-05-10,0.1,None,Bonus
3 HK Equity,2002-03-14,2002-04-22,2002-05-10,0.060429,Semi-Anl,Final
3 HK Equity,2001-09-18,2001-10-09,2001-10-22,0.031528,Semi-Anl,Interim
3 HK Equity,2001-03-16,2001-04-12,2001-05-04,0.1,None,Bonus
3 HK Equity,2001-03-16,2001-04-12,2001-05-04,0.054935,Semi-Anl,Final
3 HK Equity,2000-09-08,2000-10-10,2000-10-23,0.028662,Semi-Anl,Interim
3 HK Equity,2000-02-29,2000-04-14,2000-05-08,0.1,None,Bonus
3 HK Equity,2000-02-29,2000-04-14,2000-05-08,0.049941,Semi-Anl,Final
3 HK Equity,1999-09-03,1999-10-12,1999-10-25,0.026056,Semi-Anl,Interim
3 HK Equity,1999-03-03,1999-04-12,1999-04-30,0.1,None,Bonus
3 HK Equity,1999-03-03,1999-04-12,1999-04-30,0.045401,Semi-Anl,Final
3 HK Equity,1998-09-11,1998-10-08,1998-10-26,0.023688,Semi-Anl,Interim
3 HK Equity,1998-02-26,1998-04-09,1998-04-27,0.1,None,Bonus
3 HK Equity,1998-02-26,1998-04-09,1998-04-27,0.041274,Semi-Anl,Final
3 HK Equity,1998-02-26,1998-04-09,1998-04-14,0.05,#N/A N/A,None
3 HK Equity,1997-09-09,1997-09-22,1997-10-15,0.021534,Semi-Anl,Interim
3 HK Equity,1997-02-27,1997-04-14,1997-05-01,0.2,None,Bonus
3 HK Equity,1997-02-27,1997-04-14,1997-05-01,0.034395,Semi-Anl,Final
3 HK Equity,1996-09-11,1996-10-03,1996-10-18,0.017945,Semi-Anl,Interim
3 HK Equity,1996-03-01,1996-04-15,1996-05-01,0.1,None,Warrant
3 HK Equity,1996-03-01,1996-04-15,1996-05-01,0.028662,Semi-Anl,Final
3 HK Equity,1996-03-01,1996-04-15,1996-05-01,0.2,None,Bonus
3 HK Equity,1995-09-18,1995-10-05,1995-10-23,0.014954,Semi-Anl,Interim
3 HK Equity,1995-02-27,1995-04-06,1995-04-26,0.2,None,Bonus
3 HK Equity,1995-02-27,1995-04-06,1995-04-26,0.023885,Semi-Anl,Final
3 HK Equity,1994-09-07,1994-09-22,1994-10-10,0.012462,Semi-Anl,Interim
3 HK Equity,1994-02-25,1994-04-07,1994-04-27,0.2,None,Bonus
3 HK Equity,1994-02-25,1994-04-07,1994-04-27,0.008654,None,Misc
3 HK Equity,1994-02-25,1994-04-07,1994-04-27,0.019904,Semi-Anl,Final
3 HK Equity,1993-09-08,1993-09-29,1993-10-15,0.010385,Semi-Anl,Interim
3 HK Equity,1993-02-24,1993-04-22,1993-05-14,0.015866,Semi-Anl,Final
3 HK Equity,1993-02-24,1993-04-22,1993-04-26,0.2,None,Stock Dividend
3 HK Equity,1992-09-12,1992-10-01,1992-10-16,0.008654,Semi-Anl,Interim
3 HK Equity,1992-02-28,1992-04-10,1992-04-13,0.00601,None,Misc
3 HK Equity,1992-02-29,1992-04-10,1992-05-06,0.012621,Semi-Anl,Final
3 HK Equity,1992-02-28,1992-04-10,1992-04-13,0.2,None,Stock Dividend
3 HK Equity,1991-09-18,1991-10-04,1991-10-18,0.007212,Semi-Anl,Interim
3 HK Equity,1991-03-01,1991-04-19,1991-05-06,0.010217,Semi-Anl,Final
3 HK Equity,1990-08-01,1990-09-28,1990-10-16,0.00601,Semi-Anl,Interim
3 HK Equity,1990-03-01,1990-04-27,1990-04-29,2.0,None,Stock Split
3 HK Equity,1990-03-01,1990-04-16,1990-04-26,0.010517,Semi-Anl,Final
3 HK Equity,1990-03-01,1990-04-12,1990-04-17,0.2,None,Scrip
3 HK Equity,1989-09-06,1989-09-29,1989-10-17,0.004758,Semi-Anl,Interim
3 HK Equity,1989-02-22,1989-03-15,1989-04-19,0.007011,Semi-Anl,Final
3 HK Equity,1988-09-07,1988-09-30,1988-10-17,0.004257,Semi-Anl,Interim
3 HK Equity,1988-03-02,1988-03-25,1988-04-27,0.005509,Semi-Anl,Final
3 HK Equity,1987-09-02,1987-09-29,1987-10-15,0.003756,Semi-Anl,Interim
3 HK Equity,1987-02-25,1987-03-18,1987-04-15,0.003756,Semi-Anl,Final
3 HK Equity,1987-02-25,1987-03-18,1987-04-15,0.4,None,Bonus
3 HK Equity,1986-11-19,1986-12-30,1987-01-16,0.000894,Semi-Anl,Interim
3 HK Equity,1986-09-03,1986-09-03,1986-10-14,0.000894,Semi-Anl,Interim
3 HK Equity,1986-04-16,1986-04-16,1986-06-30,0.000894,#N/A N/A,Semi-Anl
3 HK Equity,1986-01-01,1986-01-01,1986-04-01,0.002325,#N/A N/A,Semi-Anl
300 HK Equity,2026-08-28,,,0.5,#N/A N/A,#N/A N/A
300 HK Equity,2026-03-30,2026-06-18,2026-07-10,3.8,Semi-Anl,Final
300 HK Equity,2025-08-29,2025-10-30,2025-11-18,0.5,Semi-Anl,Interim
300 HK Equity,2025-03-28,2025-06-03,2025-07-22,3.5,Irreg,Final
316 HK Equity,2026-08-27,2026-09-10,2026-10-16,0.55,Semi-Anl,Interim
316 HK Equity,2026-03-12,2026-05-27,2026-06-30,0.42,Semi-Anl,Final
316 HK Equity,2025-08-21,2025-09-04,2025-10-15,0.72,Semi-Anl,Interim
316 HK Equity,2025-03-13,2025-05-30,2025-06-30,1.32,Semi-Anl,Final
316 HK Equity,2024-08-22,2024-09-05,2024-10-16,0.63,Semi-Anl,Interim
316 HK Equity,2024-03-21,2024-05-27,2024-06-28,0.036,None,Special Cash
316 HK Equity,2024-03-21,2024-05-27,2024-06-28,0.145,Semi-Anl,Final
316 HK Equity,2023-08-18,2023-08-31,2023-10-11,0.17,None,Special Cash
316 HK Equity,2023-08-18,2023-08-31,2023-10-11,0.69,Semi-Anl,Interim
316 HK Equity,2023-03-22,2023-05-24,2023-06-29,2.61,Semi-Anl,Final
316 HK Equity,2023-03-22,2023-05-24,2023-06-29,1.95,None,Special Cash
316 HK Equity,2022-08-19,2022-09-01,2022-10-11,3.43,Semi-Anl,Interim
316 HK Equity,2022-08-19,2022-09-01,2022-10-11,2.57,None,Special Cash
316 HK Equity,2022-03-25,2022-05-25,2022-06-28,0.69,None,Special Cash
316 HK Equity,2022-03-25,2022-05-25,2022-06-28,2.61,Semi-Anl,Final
316 HK Equity,2021-08-20,2021-09-02,2021-10-08,2.65,None,Special Cash
316 HK Equity,2021-08-20,2021-09-02,2021-10-08,1.76,Semi-Anl,Interim
316 HK Equity,2021-03-26,2021-05-26,2021-06-29,0.866,None,Special Cash
316 HK Equity,2021-03-26,2021-05-26,2021-06-29,0.5026,Semi-Anl,Final
316 HK Equity,2020-08-21,2020-09-16,2020-10-23,0.0489,Semi-Anl,Interim
316 HK Equity,2020-03-20,2020-05-20,2020-06-23,0.24,None,Special Cash
316 HK Equity,2020-03-20,2020-05-20,2020-06-23,0.0269,Semi-Anl,Final
316 HK Equity,2019-12-06,2019-12-19,2020-02-03,1.6,None,Special Cash
316 HK Equity,2019-08-26,2019-09-18,2019-10-25,0.0666,Semi-Anl,Interim
316 HK Equity,2019-03-25,2019-05-22,2019-07-02,0.077,Semi-Anl,Final
316 HK Equity,2018-08-29,2018-08-30,,-2.4245362661989844e-14,#N/A N/A,#N/A N/A
316 HK Equity,2018-03-12,2018-05-04,,-2.4245362661989844e-14,#N/A N/A,#N/A N/A
316 HK Equity,2017-08-07,2017-08-30,2017-10-11,0.0214,Semi-Anl,Interim
316 HK Equity,2017-03-13,2017-05-05,,-2.4245362661989844e-14,#N/A N/A,#N/A N/A
316 HK Equity,2016-08-08,2016-09-02,,-2.4245362661989844e-14,#N/A N/A,#N/A N/A
316 HK Equity,2016-03-07,2016-05-05,2016-06-08,0.0185,Semi-Anl,Final
316 HK Equity,2015-08-10,2015-09-02,2015-10-15,0.096,Semi-Anl,Interim
316 HK Equity,2015-03-09,2015-05-06,2015-06-10,0.034,Semi-Anl,Final
316 HK Equity,2014-08-11,2014-09-04,2014-10-16,0.075,Semi-Anl,Interim
316 HK Equity,2014-03-10,2014-04-30,2014-06-06,0.0188,Semi-Anl,Final
316 HK Equity,2013-08-08,2013-09-04,,-2.4245362661989844e-14,#N/A N/A,#N/A N/A
316 HK Equity,2013-03-06,2013-05-02,2013-06-06,0.0718,Semi-Anl,Final
316 HK Equity,2012-08-02,2012-09-04,2012-10-15,0.0466,Semi-Anl,Interim
316 HK Equity,2012-04-12,2012-04-23,,-2.4245362661989844e-14,#N/A N/A,#N/A N/A
316 HK Equity,2011-08-08,2011-09-01,2011-10-07,0.07,Semi-Anl,Interim
316 HK Equity,2011-03-13,2011-04-21,2011-05-20,2.093,None,Special Cash
316 HK Equity,2011-03-13,2011-04-21,2011-05-20,0.23,Semi-Anl,Final
316 HK Equity,2010-08-05,2010-09-01,2010-09-21,0.4,None,Special Cash
316 HK Equity,2010-08-05,2010-09-01,2010-09-21,0.115,Semi-Anl,Interim
316 HK Equity,2010-03-19,2010-04-23,,-2.4245362661989844e-14,#N/A N/A,#N/A N/A
316 HK Equity,2009-08-07,2009-08-27,,-2.4245362661989844e-14,#N/A N/A,#N/A N/A
316 HK Equity,2009-03-20,2009-04-23,2009-05-18,0.045,Semi-Anl,Final
316 HK Equity,2008-07-31,2008-08-27,2008-09-12,0.065,Semi-Anl,Interim
316 HK Equity,2008-03-06,2008-04-11,2008-05-05,0.135,Semi-Anl,Final
316 HK Equity,2007-08-03,2007-08-29,2007-09-14,0.8,None,Special Cash
316 HK Equity,2007-08-03,2007-08-29,2007-09-14,0.095,Semi-Anl,Interim
316 HK Equity,2007-03-12,2007-04-13,2007-05-07,0.8,None,Special Cash
316 HK Equity,2007-03-12,2007-04-13,2007-05-07,0.12,Semi-Anl,Final
316 HK Equity,2006-08-04,2006-08-30,2006-09-15,0.11,Semi-Anl,Interim
316 HK Equity,2006-03-10,2006-04-12,2006-05-08,0.15,Semi-Anl,Final
316 HK Equity,2005-08-05,2005-08-31,2005-09-16,0.12,Semi-Anl,Interim
316 HK Equity,2005-03-10,2005-04-15,2005-04-18,0.1,#N/A N/A,None
316 HK Equity,2005-03-10,2005-04-15,2005-05-05,0.163636,Semi-Anl,Final
316 HK Equity,2004-08-06,2004-09-01,2004-09-17,0.109091,Semi-Anl,Interim
316 HK Equity,2004-03-19,2004-04-16,2004-04-19,0.1,#N/A N/A,None
316 HK Equity,2004-03-19,2004-04-16,2004-05-11,0.105785,Semi-Anl,Final
316 HK Equity,2003-08-20,2003-09-03,2003-09-26,0.031818,Semi-Anl,Interim
316 HK Equity,2003-03-14,2003-04-23,2003-05-16,0.020661,Semi-Anl,Final
316 HK Equity,2002-08-16,2002-08-16,,-2.4245362661989844e-14,#N/A N/A,#N/A N/A
316 HK Equity,2002-03-15,2002-04-24,2002-05-17,0.012397,Semi-Anl,Final
316 HK Equity,2001-08-17,2001-09-05,2001-09-28,0.008264,Semi-Anl,Interim
316 HK Equity,2001-03-16,2001-04-23,2001-05-18,0.024793,Semi-Anl,Final
316 HK Equity,2000-08-18,2000-09-06,2000-09-29,0.008264,Semi-Anl,Interim
316 HK Equity,2000-03-17,2000-05-09,2000-06-02,0.024793,Semi-Anl,Final
316 HK Equity,1998-08-14,1998-08-14,,-2.4245362661989844e-14,#N/A N/A,#N/A N/A
316 HK Equity,1998-03-20,1998-04-29,1998-05-22,0.008273,Semi-Anl,Final
316 HK Equity,1997-08-15,1997-09-03,1997-09-22,0.00576,Semi-Anl,Interim
316 HK Equity,1997-04-10,1997-05-06,1997-05-26,0.013227,Semi-Anl,Final
316 HK Equity,1996-08-15,1996-09-02,1996-09-18,0.008267,Semi-Anl,Interim
316 HK Equity,1996-03-21,1996-04-22,1996-05-10,0.010572,Semi-Anl,Final
316 HK Equity,1995-08-18,1995-08-31,1995-09-18,0.006614,Semi-Anl,Interim
316 HK Equity,1995-03-29,1995-04-19,1995-05-09,0.007933,Semi-Anl,Final
316 HK Equity,1994-08-17,1994-08-31,1994-09-19,0.005371,Semi-Anl,Interim
316 HK Equity,1994-03-28,1994-04-20,1994-05-09,0.010742,Semi-Anl,Final
322 HK Equity,2026-03-23,2026-06-10,2026-07-08,0.3992,None,Special Cash
322 HK Equity,2026-03-23,2026-06-10,2026-07-08,0.3992,Annual,Final
322 HK Equity,2025-03-24,2025-06-11,2025-07-09,0.3314,None,Special Cash
322 HK Equity,2025-03-24,2025-06-11,2025-07-09,0.3314,Annual,Final
322 HK Equity,2024-03-26,2024-06-12,2024-07-10,0.2766,None,Special Cash
322 HK Equity,2024-03-26,2024-06-12,2024-07-10,0.2766,Annual,Final
322 HK Equity,2023-03-27,2023-06-07,2023-07-12,0.2336,None,Special Cash
322 HK Equity,2023-03-27,2023-06-07,2023-07-12,0.2336,Annual,Final
322 HK Equity,2022-08-22,2022-11-04,2022-12-14,0.476372,None,Special Cash
322 HK Equity,2022-06-02,2022-06-15,2022-07-13,0.355895,Annual,Special Cash
322 HK Equity,2022-03-28,2022-06-15,2022-07-13,0.355895,Annual,Final
322 HK Equity,2021-08-23,2021-11-05,2021-12-15,0.440244,None,Special Cash
322 HK Equity,2021-03-22,2021-06-09,2021-07-14,0.353856,None,Special Cash
322 HK Equity,2021-03-22,2021-06-09,2021-07-14,0.353856,Annual,Final
322 HK Equity,2020-03-23,2020-06-10,2020-07-15,0.299382,None,Special Cash
322 HK Equity,2020-03-23,2020-06-10,2020-07-15,0.299382,Annual,Final
322 HK Equity,2019-03-25,2019-06-05,2019-07-10,0.221091,None,Special Cash
322 HK Equity,2019-03-25,2019-06-05,2019-07-10,0.221091,Annual,Final
322 HK Equity,2018-03-20,2018-06-07,2018-07-11,0.159091,Annual,Final
322 HK Equity,2017-03-27,2017-07-03,2017-07-19,0.107219,Annual,Final
322 HK Equity,2016-03-22,2016-06-07,2016-07-06,0.150407,Annual,Final
322 HK Equity,2015-03-23,2015-06-01,2015-06-16,0.22124,Annual,Final
322 HK Equity,2014-03-24,2014-05-22,2014-07-09,0.227651,Annual,Final
322 HK Equity,2013-03-18,2013-06-13,2013-07-10,0.197528,Annual,Final
322 HK Equity,2012-03-21,2012-06-07,2012-07-25,0.238684,Annual,Final
322 HK Equity,2011-03-21,2011-06-03,2011-07-13,0.276662,Annual,Final
322 HK Equity,2010-03-22,2010-06-04,2010-07-14,0.234228,Annual,Final
322 HK Equity,2009-04-21,2009-06-02,2009-07-15,0.159139,Annual,Final
322 HK Equity,2008-04-21,2008-05-27,2008-07-23,0.11259,Annual,Final
322 HK Equity,2008-02-19,2008-02-28,2008-03-14,0.076112,None,Special Cash
322 HK Equity,2007-04-23,2007-06-04,2007-07-18,0.105587,Annual,Final
322 HK Equity,2007-01-17,2007-01-29,2007-02-14,0.083187,None,Special Cash
322 HK Equity,2006-04-24,2006-06-05,2006-07-26,0.100096,Annual,Final
322 HK Equity,2006-01-24,2006-02-13,2006-02-28,0.08609,None,Special Cash
322 HK Equity,2005-04-27,2005-06-06,2005-07-29,0.094352,Annual,Final
322 HK Equity,2004-04-21,2004-05-10,2004-05-31,0.093529,Annual,Regular Cash
322 HK Equity,2003-04-29,2003-06-10,2003-08-29,0.076974,Annual,Regular Cash
322 HK Equity,2002-04-28,2002-06-13,2002-07-10,0.067043,Annual,Regular Cash
322 HK Equity,2001-04-26,2001-05-10,2001-06-28,0.044696,Annual,Regular Cash
322 HK Equity,2000-05-22,2000-06-08,2000-07-28,0.04445,Semi-Anl,Regular Cash
322 HK Equity,1999-10-04,1999-10-14,1999-10-15,0.34,#N/A N/A,None
322 HK Equity,1998-05-11,1998-06-11,1998-06-24,0.029807,Annual,Regular Cash
322 HK Equity,1997-05-01,1997-06-02,1997-06-18,0.029849,Annual,Regular Cash
3692 HK Equity,2026-08-26,2026-09-22,2026-10-29,0.285,Semi-Anl,Interim
3692 HK Equity,2026-03-29,2026-07-03,2026-07-24,0.2,Semi-Anl,Final
3692 HK Equity,2025-08-18,2025-09-22,2025-10-30,0.2316,Semi-Anl,Interim
3692 HK Equity,2025-03-21,2025-07-03,2025-07-25,0.1353,Semi-Anl,Final
3692 HK Equity,2024-08-27,2024-09-20,2024-10-30,0.201,Semi-Anl,Interim
3692 HK Equity,2024-03-26,2024-06-19,2024-07-17,0.1422,Semi-Anl,Final
3692 HK Equity,2023-08-31,2023-09-15,2023-09-28,0.0707,Semi-Anl,Interim
3692 HK Equity,2023-03-27,2023-06-05,2023-07-05,0.05,Semi-Anl,Final
3692 HK Equity,2022-08-26,2022-09-08,2022-09-30,0.05,Annual,Interim
3692 HK Equity,2022-03-29,2022-06-16,2022-07-15,0.085699,Annual,Final
3692 HK Equity,2021-03-30,2021-06-07,2021-07-05,0.078958,Irreg,Final
3750 HK Equity,2026-07-24,2026-08-06,2026-09-03,1.411,Semi-Anl,Interim
3750 HK Equity,2026-03-09,2026-04-10,2026-05-14,4.779,None,Special Cash
3750 HK Equity,2026-03-09,2026-04-10,2026-05-14,2.178,Irreg,Final
3750 HK Equity,2025-07-30,2025-08-12,2025-09-15,1.007,Irreg,Interim
386 HK Equity,2026-08-23,2026-09-21,2026-10-14,0.105,Semi-Anl,Interim
386 HK Equity,2026-03-20,2026-06-08,2026-06-26,0.112,Semi-Anl,Final
386 HK Equity,2025-08-21,2025-09-04,2025-09-25,0.088,Semi-Anl,Interim
386 HK Equity,2025-03-23,2025-06-09,2025-06-27,0.14,Semi-Anl,Final
386 HK Equity,2024-08-25,2024-09-05,2024-09-26,0.146,Semi-Anl,Interim
386 HK Equity,2024-03-24,2024-07-08,2024-07-26,0.2,Semi-Anl,Final
386 HK Equity,2023-08-27,2023-09-07,2023-09-28,0.145,Semi-Anl,Interim
386 HK Equity,2023-03-26,2023-06-12,2023-06-30,0.195,Semi-Anl,Final
386 HK Equity,2022-08-28,2022-09-08,2022-09-29,0.16,Semi-Anl,Interim
386 HK Equity,2022-03-27,2022-05-31,2022-06-23,0.31,Semi-Anl,Final
386 HK Equity,2021-08-29,2021-09-09,2021-09-30,0.16,Semi-Anl,Interim
386 HK Equity,2021-03-28,2021-06-08,2021-06-28,0.13,Semi-Anl,Final
386 HK Equity,2020-08-30,2020-10-14,2020-11-05,0.07,None,Special Cash
386 HK Equity,2020-08-30,2020-09-07,,-2.4245362661989844e-14,#N/A N/A,#N/A N/A
386 HK Equity,2020-03-29,2020-06-01,2020-06-19,0.19,Semi-Anl,Final
386 HK Equity,2019-08-25,2019-09-06,2019-09-26,0.12,Semi-Anl,Interim
386 HK Equity,2019-03-24,2019-05-31,2019-06-21,0.26,Semi-Anl,Final
386 HK Equity,2018-08-26,2018-09-03,2018-09-21,0.16,Semi-Anl,Interim
386 HK Equity,2018-03-25,2018-05-25,2018-06-14,0.4,Semi-Anl,Final
386 HK Equity,2017-08-27,2017-09-11,2017-09-29,0.1,Semi-Anl,Interim
386 HK Equity,2017-03-27,2017-07-10,2017-07-28,0.17,Semi-Anl,Final
386 HK Equity,2016-08-28,2016-09-09,2016-09-30,0.079,Semi-Anl,Interim
386 HK Equity,2016-03-29,2016-06-15,2016-06-30,0.054,Semi-Anl,Final
386 HK Equity,2015-08-26,2015-09-14,2015-09-30,0.081,Semi-Anl,Interim
386 HK Equity,2015-03-22,2015-06-10,2015-06-30,0.099,Semi-Anl,Final
386 HK Equity,2014-08-22,2014-09-15,2014-09-30,0.081,Semi-Anl,Interim
386 HK Equity,2014-03-23,2014-05-22,2014-06-19,0.135,Semi-Anl,Final
386 HK Equity,2013-08-25,2013-09-05,2013-09-17,0.081,Semi-Anl,Interim
386 HK Equity,2013-03-24,2013-06-10,2013-06-25,0.3,None,Bonus
386 HK Equity,2013-03-24,2013-06-10,2013-06-25,0.138462,Semi-Anl,Final
386 HK Equity,2012-08-26,2012-09-06,2012-09-26,0.069231,Semi-Anl,Interim
386 HK Equity,2012-03-25,2012-05-17,2012-06-07,0.138462,Semi-Anl,Final
386 HK Equity,2011-08-28,2011-09-08,2011-09-28,0.069231,Semi-Anl,Interim
386 HK Equity,2011-03-27,2011-06-09,2011-06-30,0.09,Semi-Anl,Final
386 HK Equity,2010-08-22,2010-09-02,2010-09-30,0.055385,Semi-Anl,Interim
386 HK Equity,2010-03-29,2010-06-03,2010-06-30,0.076154,Semi-Anl,Final
386 HK Equity,2009-08-23,2009-09-11,2009-10-15,0.048462,Semi-Anl,Interim
386 HK Equity,2009-03-29,2009-06-04,2009-06-30,0.062308,Semi-Anl,Final
386 HK Equity,2008-08-24,2008-09-11,2008-09-29,0.020769,Semi-Anl,Interim
386 HK Equity,2008-04-06,2008-06-05,2008-06-30,0.088462,Semi-Anl,Final
386 HK Equity,2007-08-26,2007-09-10,2007-09-28,0.038462,Semi-Anl,Interim
386 HK Equity,2007-04-10,2007-06-07,2007-06-29,0.084615,Semi-Anl,Final
386 HK Equity,2006-08-28,2006-09-11,2006-09-28,0.030769,Semi-Anl,Interim
386 HK Equity,2006-04-03,2006-06-08,2006-06-30,0.069231,Semi-Anl,Final
386 HK Equity,2005-08-29,2005-09-12,2005-09-30,0.030769,Semi-Anl,Interim
386 HK Equity,2005-03-29,2005-05-26,2005-06-27,0.061538,Semi-Anl,Final
386 HK Equity,2004-08-30,2004-09-10,2004-09-30,0.030769,Semi-Anl,Interim
386 HK Equity,2004-03-29,2004-05-27,2004-06-28,0.046154,Semi-Anl,Final
386 HK Equity,2003-08-25,2003-09-10,2003-09-30,0.023077,Semi-Anl,Interim
386 HK Equity,2003-03-31,2003-06-12,2003-06-30,0.046154,Semi-Anl,Final
386 HK Equity,2002-08-20,2002-09-12,2002-09-26,0.015385,Semi-Anl,Interim
386 HK Equity,2002-04-02,2002-07-17,2002-08-08,0.061538,Semi-Anl,Final
386 HK Equity,2001-08-27,2001-08-27,,-2.4245362661989844e-14,#N/A N/A,#N/A N/A
386 HK Equity,2001-04-17,2001-05-03,2001-07-27,0.061538,Semi-Anl,Final
388 HK Equity,2026-08-19,2026-09-01,2026-09-15,7.43,Semi-Anl,Interim
388 HK Equity,2026-02-26,2026-03-11,2026-03-25,6.52,Semi-Anl,Interim
388 HK Equity,2025-08-20,2025-09-02,2025-09-16,6.0,Semi-Anl,Interim
388 HK Equity,2025-02-27,2025-03-12,2025-03-26,4.9,Semi-Anl,Interim
388 HK Equity,2024-08-21,2024-09-03,2024-09-17,4.36,Semi-Anl,Interim
388 HK Equity,2024-02-29,2024-03-13,2024-03-27,3.91,Semi-Anl,Interim
388 HK Equity,2023-08-16,2023-08-29,2023-09-12,4.5,Semi-Anl,Interim
388 HK Equity,2023-02-23,2023-03-08,2023-03-22,3.69,Semi-Anl,Interim
388 HK Equity,2022-08-17,2022-08-30,2022-09-14,3.45,Semi-Anl,Interim
388 HK Equity,2022-02-24,2022-03-09,2022-03-23,4.18,Semi-Anl,Interim
388 HK Equity,2021-08-11,2021-08-24,2021-09-13,4.69,Semi-Anl,Interim
388 HK Equity,2021-02-24,2021-03-09,2021-03-23,4.46,Semi-Anl,Interim
388 HK Equity,2020-08-19,2020-09-01,2020-09-15,3.71,Semi-Anl,Interim
388 HK Equity,2020-02-26,2020-03-11,2020-04-15,2.99,Semi-Anl,Interim
388 HK Equity,2019-08-14,2019-08-27,2019-09-26,3.72,Semi-Anl,Interim
388 HK Equity,2019-02-27,2019-03-12,2019-04-15,3.07,Semi-Anl,Interim
388 HK Equity,2018-08-08,2018-08-21,2018-09-20,3.64,Semi-Anl,Interim
388 HK Equity,2018-02-28,2018-04-27,2018-06-01,2.85,Semi-Anl,Final
388 HK Equity,2017-08-09,2017-08-22,2017-09-21,2.55,Semi-Anl,Interim
388 HK Equity,2017-02-27,2017-04-28,2017-06-02,2.04,Semi-Anl,Final
388 HK Equity,2016-08-10,2016-08-23,2016-09-23,2.21,Semi-Anl,Interim
388 HK Equity,2016-03-02,2016-05-03,2016-06-02,2.87,Semi-Anl,Final
388 HK Equity,2015-08-12,2015-08-25,2015-09-24,3.08,Semi-Anl,Interim
388 HK Equity,2015-03-05,2015-05-04,2015-06-05,2.15,Semi-Anl,Final
388 HK Equity,2014-08-06,2014-08-19,2014-09-22,1.83,Semi-Anl,Interim
388 HK Equity,2014-02-26,2014-04-22,2014-05-27,1.72,Semi-Anl,Final
388 HK Equity,2013-08-15,2013-08-27,2013-09-30,1.82,Semi-Anl,Interim
388 HK Equity,2013-02-27,2013-04-26,2013-05-31,1.46,Semi-Anl,Final
388 HK Equity,2012-08-09,2012-08-21,2012-09-21,1.85,Semi-Anl,Interim
388 HK Equity,2012-02-29,2012-04-25,2012-05-29,2.09,Semi-Anl,Final
388 HK Equity,2011-08-10,2011-08-24,2011-10-06,2.16,Semi-Anl,Interim
388 HK Equity,2011-03-02,2011-04-13,2011-05-27,2.31,Semi-Anl,Final
388 HK Equity,2010-08-11,2010-08-25,2010-09-08,1.89,Semi-Anl,Interim
388 HK Equity,2010-03-04,2010-04-15,2010-05-03,2.09,Semi-Anl,Final
388 HK Equity,2009-08-12,2009-08-26,2009-09-09,1.84,Semi-Anl,Interim
388 HK Equity,2009-03-04,2009-04-16,2009-05-05,1.8,Semi-Anl,Final
388 HK Equity,2008-08-13,2008-08-27,2008-09-11,2.49,Semi-Anl,Interim
388 HK Equity,2008-03-05,2008-04-17,2008-05-09,3.4,Semi-Anl,Final
388 HK Equity,2007-08-15,2007-09-05,2007-09-18,1.79,Semi-Anl,Interim
388 HK Equity,2007-03-08,2007-04-19,2007-05-08,1.19,Semi-Anl,Final
388 HK Equity,2006-08-16,2006-09-06,2006-09-19,0.94,Semi-Anl,Interim
388 HK Equity,2006-03-08,2006-04-19,2006-05-08,0.64,Semi-Anl,Final
388 HK Equity,2005-08-17,2005-09-05,2005-09-15,0.49,Semi-Anl,Interim
388 HK Equity,2005-02-28,2005-04-04,2005-04-25,0.47,Semi-Anl,Final
388 HK Equity,2004-08-11,2004-09-03,2004-09-13,0.43,Semi-Anl,Interim
388 HK Equity,2004-02-26,2004-03-24,2004-04-14,1.68,Irreg,Special Cash
388 HK Equity,2004-02-26,2004-03-24,2004-04-14,0.42,Semi-Anl,Final
388 HK Equity,2003-08-13,2003-09-05,2003-09-15,0.18,Semi-Anl,Interim
388 HK Equity,2003-03-12,2003-04-08,2003-04-25,0.43,Semi-Anl,Final
388 HK Equity,2002-08-15,2002-09-05,2002-09-12,0.08,Semi-Anl,Interim
388 HK Equity,2002-03-13,2002-04-11,2002-04-22,0.25,Semi-Anl,Final
388 HK Equity,2001-09-12,2001-10-08,2001-10-15,0.08,Semi-Anl,Interim
388 HK Equity,2001-03-13,2001-04-23,2001-05-03,0.25,Semi-Anl,Final
388 HK Equity,2000-09-07,2000-10-04,2000-10-12,0.08,Semi-Anl,Interim
3968 HK Equity,2026-03-27,2026-07-02,2026-08-21,1.003,Irreg,Final
3968 HK Equity,2025-12-29,2026-01-14,2026-02-09,1.013,Semi-Anl,Interim
3968 HK Equity,2025-03-25,2025-07-03,2025-07-30,2.0,Annual,Final
3968 HK Equity,2024-03-25,2024-07-03,2024-08-06,1.972,Annual,Final
3968 HK Equity,2023-03-24,2023-07-05,2023-08-08,1.738,Annual,Final
3968 HK Equity,2022-03-18,2022-07-07,2022-08-10,1.522,Annual,Final
3968 HK Equity,2021-03-19,2021-07-05,2021-08-06,1.253,Annual,Final
3968 HK Equity,2020-03-20,2020-07-02,2020-08-12,1.2,Annual,Final
3968 HK Equity,2019-03-22,2019-07-04,2019-08-13,0.94,Annual,Final
3968 HK Equity,2018-03-23,2018-07-04,2018-08-13,0.84,Annual,Final
3968 HK Equity,2017-03-24,2017-06-06,2017-07-14,0.74,Annual,Final
3968 HK Equity,2016-03-30,2016-07-05,2016-08-11,0.621,Annual,Final
3968 HK Equity,2015-03-18,2015-06-24,2015-07-31,0.603,Annual,Final
3968 HK Equity,2014-03-28,2014-07-03,2014-08-01,0.558,Annual,Final
3968 HK Equity,2011-07-18,2013-08-29,2013-10-02,0.174,None,Rights Issue
3968 HK Equity,2013-03-28,2013-06-04,2013-07-05,0.55409,Annual,Final
3968 HK Equity,2012-03-28,2012-06-01,2012-07-06,0.369393,Annual,Final
3968 HK Equity,2011-03-31,2011-04-28,2011-07-28,0.255057,Annual,Final
3968 HK Equity,2010-04-13,2010-05-10,2010-08-19,0.184697,Annual,Final
3968 HK Equity,2009-08-13,2010-03-08,2010-04-09,0.13,None,Rights Issue
3968 HK Equity,2009-04-24,2009-05-18,2009-07-03,0.3,None,Bonus
3968 HK Equity,2009-04-24,2009-05-18,2009-08-14,0.063636,Annual,Final
3968 HK Equity,2008-03-18,2008-05-26,2008-08-05,0.197977,Annual,Final
3968 HK Equity,2007-04-17,2007-05-14,2007-08-15,0.084847,Irreg,Final
3968 HK Equity,2005-12-19,2006-02-24,2006-02-27,0.08589,None,Bonus
3988 HK Equity,2026-08-28,,,0.119,#N/A N/A,#N/A N/A
3988 HK Equity,2026-03-30,2026-07-02,2026-08-19,0.1169,Semi-Anl,Final
3988 HK Equity,2025-08-29,2025-12-02,2026-01-23,0.1094,Semi-Anl,Interim
3988 HK Equity,2025-03-26,2025-04-22,2025-05-23,0.1216,Irreg,Final
3988 HK Equity,2024-08-29,2025-01-13,2025-02-19,0.1208,Irreg,Interim
3988 HK Equity,2024-03-28,2024-07-08,2024-08-05,0.2364,Annual,Final
3988 HK Equity,2023-03-30,2023-07-06,2023-08-04,0.232,Annual,Final
3988 HK Equity,2022-03-29,2022-07-07,2022-08-10,0.221,Annual,Final
3988 HK Equity,2021-03-30,2021-05-27,2021-06-30,0.197,Annual,Final
3988 HK Equity,2020-03-27,2020-07-07,2020-08-07,0.191,Annual,Final
3988 HK Equity,2019-03-29,2019-05-23,2019-06-18,0.184,Annual,Final
3988 HK Equity,2018-03-29,2018-07-05,2018-08-08,0.176,Annual,Final
3988 HK Equity,2017-03-31,2017-07-06,2017-08-09,0.168,Annual,Final
3988 HK Equity,2016-03-30,2016-06-16,2016-07-20,0.1575,Annual,Final
3988 HK Equity,2015-03-25,2015-06-25,2015-07-29,0.171,Annual,Final
3988 HK Equity,2014-03-26,2014-06-19,2014-07-23,0.1764,Annual,Final
3988 HK Equity,2013-03-26,2013-06-07,2013-07-12,0.1575,Annual,Final
3988 HK Equity,2012-03-29,2012-06-06,2012-07-06,0.1395,Annual,Final
3988 HK Equity,2011-03-24,2011-06-02,2011-07-08,0.1314,Annual,Final
3988 HK Equity,2010-07-02,2010-11-05,2010-12-14,0.1,None,Rights Issue
3988 HK Equity,2010-03-23,2010-05-27,2010-06-22,0.120823,Annual,Final
3988 HK Equity,2009-03-24,2009-06-18,2009-07-20,0.112192,Annual,Final
3988 HK Equity,2008-03-25,2008-06-19,2008-07-08,0.095891,Annual,Final
3988 HK Equity,2007-03-26,2007-07-03,2007-07-20,0.038356,Irreg,Final
3993 HK Equity,2026-04-07,2026-09-01,2026-09-24,0.095,Irreg,Interim
3993 HK Equity,2026-03-27,2026-05-18,2026-06-24,0.286,Annual,Final
3993 HK Equity,2025-03-21,2025-06-19,2025-07-18,0.255,Annual,Final
3993 HK Equity,2024-03-22,2024-06-27,2024-07-26,0.15425,Annual,Final
3993 HK Equity,2023-03-17,2023-06-29,2023-07-27,0.08508,Annual,Final
3993 HK Equity,2022-03-20,2022-06-29,2022-07-27,0.07125,Annual,Final
3993 HK Equity,2021-03-22,2021-06-18,2021-07-14,0.033,Annual,Final
3993 HK Equity,2020-03-29,2020-06-16,2020-07-10,0.043,Annual,Final
3993 HK Equity,2019-03-29,2019-06-20,2019-07-15,0.11,Annual,Final
3993 HK Equity,2018-03-29,2018-06-15,2018-07-20,0.076,Annual,Final
3993 HK Equity,2017-03-30,2017-04-25,2017-05-24,0.035,Annual,Final
3993 HK Equity,2016-08-26,2016-12-29,,-2.4245362661989844e-14,#N/A N/A,#N/A N/A
3993 HK Equity,2016-03-24,2016-07-06,2016-08-04,0.0225,Annual,Final
3993 HK Equity,2015-08-30,2015-12-29,,-2.4245362661989844e-14,#N/A N/A,#N/A N/A
3993 HK Equity,2015-08-30,2015-11-03,2015-12-02,2.0,None,Bonus
3993 HK Equity,2015-03-24,2015-07-02,2015-07-31,0.054,Semi-Anl,Final
3993 HK Equity,2014-08-11,2014-12-29,,-2.4245362661989844e-14,#N/A N/A,#N/A N/A
3993 HK Equity,2014-02-27,2014-05-14,2014-06-12,0.042,Semi-Anl,Final
3993 HK Equity,2013-08-23,2013-12-27,,-2.4245362661989844e-14,#N/A N/A,#N/A N/A
3993 HK Equity,2013-03-14,2013-06-11,2013-07-11,0.036,Semi-Anl,Final
3993 HK Equity,2012-10-24,2012-12-27,2013-01-24,0.027,Semi-Anl,Interim
3993 HK Equity,2012-02-14,2012-02-28,,-2.4245362661989844e-14,#N/A N/A,#N/A N/A
3993 HK Equity,2011-01-27,2011-02-28,2011-04-26,0.1212,Annual,Final
3993 HK Equity,2010-03-21,2010-05-04,2010-07-23,0.024,Annual,Final
3993 HK Equity,2009-03-22,2009-04-29,2009-06-29,0.0474,Annual,Final
3993 HK Equity,2008-03-30,2008-05-02,2008-06-16,0.01,None,Special Cash
3993 HK Equity,2008-03-30,2008-05-02,2008-06-16,0.042667,Irreg,Final
5 HK Equity,2026-08-04,2026-08-13,2026-09-25,0.1,Quarter,Interim
5 HK Equity,2026-05-05,2026-05-14,2026-06-26,0.1,Quarter,Interim
5 HK Equity,2026-02-25,2026-03-12,2026-04-30,0.45,Quarter,Final
5 HK Equity,2025-10-28,2025-11-06,2025-12-18,0.1,Quarter,Interim
5 HK Equity,2025-07-30,2025-08-14,2025-09-26,0.1,Quarter,Interim
5 HK Equity,2025-04-29,2025-05-08,2025-06-20,0.1,Quarter,Interim
5 HK Equity,2025-02-19,2025-03-06,2025-04-25,0.36,Quarter,Final
5 HK Equity,2024-10-29,2024-11-07,2024-12-19,0.1,Quarter,Interim
5 HK Equity,2024-07-31,2024-08-15,2024-09-27,0.1,Quarter,Interim
5 HK Equity,2024-04-30,2024-05-09,2024-06-21,0.1,Quarter,Interim
5 HK Equity,2023-05-02,2024-05-09,2024-06-21,0.21,None,Special Cash
5 HK Equity,2024-02-21,2024-03-07,2024-04-25,0.31,Quarter,Final
5 HK Equity,2023-10-30,2023-11-09,2023-12-21,0.1,Quarter,Interim
5 HK Equity,2023-08-01,2023-08-10,2023-09-21,0.1,Quarter,Interim
5 HK Equity,2023-05-02,2023-05-11,2023-06-23,0.1,Quarter,Interim
5 HK Equity,2023-02-21,2023-03-02,2023-04-27,0.23,Quarter,Interim
5 HK Equity,2022-08-01,2022-08-18,2022-09-29,0.09,Semi-Anl,Interim
5 HK Equity,2022-02-22,2022-03-10,2022-04-28,0.18,Quarter,Final
5 HK Equity,2021-10-25,2021-10-25,,-2.4245362661989844e-14,#N/A N/A,#N/A N/A
5 HK Equity,2021-08-02,2021-08-19,2021-09-30,0.07,Quarter,Interim
5 HK Equity,2021-04-27,2021-05-13,,-2.4245362661989844e-14,#N/A N/A,#N/A N/A
5 HK Equity,2021-02-23,2021-03-11,2021-04-29,0.15,Quarter,Final
5 HK Equity,2020-04-24,2020-04-28,,-2.4245362661989844e-14,#N/A N/A,#N/A N/A
5 HK Equity,2020-02-18,2020-02-27,2020-04-14,0.21,Quarter,Cancelled
5 HK Equity,2019-10-02,2019-10-10,2019-11-20,0.1,Quarter,Interim
5 HK Equity,2019-08-04,2019-08-15,2019-09-26,0.1,Quarter,Interim
5 HK Equity,2019-05-03,2019-05-16,2019-07-05,0.1,Quarter,Interim
5 HK Equity,2019-02-19,2019-02-21,2019-04-08,0.21,Quarter,Final
5 HK Equity,2018-10-02,2018-10-11,2018-11-21,0.1,Quarter,Interim
5 HK Equity,2018-08-06,2018-08-16,2018-09-27,0.1,Quarter,Interim
5 HK Equity,2018-05-04,2018-05-17,2018-07-05,0.1,Quarter,Interim
5 HK Equity,2018-02-20,2018-02-22,2018-04-06,0.21,Quarter,Final
5 HK Equity,2017-10-03,2017-10-12,2017-11-22,0.1,Quarter,Interim
5 HK Equity,2017-07-31,2017-08-03,2017-09-20,0.1,Quarter,Interim
5 HK Equity,2017-05-04,2017-05-18,2017-07-05,0.1,Quarter,Interim
5 HK Equity,2017-02-21,2017-02-23,2017-04-06,0.21,Quarter,Final
5 HK Equity,2016-10-03,2016-10-20,2016-12-06,0.1,Quarter,Interim
5 HK Equity,2016-07-20,2016-08-11,2016-09-28,0.1,Quarter,2nd Interim
5 HK Equity,2016-05-03,2016-05-19,2016-07-06,0.1,Quarter,1st Interim
5 HK Equity,2016-02-22,2016-03-03,2016-04-20,0.21,Quarter,Final
5 HK Equity,2015-10-05,2015-10-22,2015-12-03,0.1,Quarter,Interim
5 HK Equity,2015-08-03,2015-08-13,2015-10-02,0.1,Quarter,Interim
5 HK Equity,2015-05-05,2015-05-21,2015-07-08,0.1,Quarter,Interim
5 HK Equity,2015-02-23,2015-03-05,2015-04-30,0.2,Quarter,Final
5 HK Equity,2014-10-02,2014-10-23,2014-12-10,0.1,Quarter,Interim
5 HK Equity,2014-07-10,2014-08-20,2014-10-09,0.1,Quarter,Interim
5 HK Equity,2014-05-07,2014-05-21,2014-07-10,0.1,Quarter,Interim
5 HK Equity,2014-02-24,2014-03-12,2014-04-30,0.19,Quarter,Final
5 HK Equity,2013-10-07,2013-10-23,2013-12-11,0.1,Quarter,Interim
5 HK Equity,2013-08-05,2013-08-21,2013-10-09,0.1,Quarter,Interim
5 HK Equity,2013-05-07,2013-05-22,2013-07-11,0.1,Quarter,Interim
5 HK Equity,2013-03-04,2013-03-20,2013-05-08,0.18,Quarter,Final
5 HK Equity,2012-10-09,2012-10-24,2012-12-12,0.09,Quarter,Interim
5 HK Equity,2012-07-30,2012-08-15,2012-10-04,0.09,Quarter,Interim
5 HK Equity,2012-04-30,2012-05-16,2012-07-05,0.09,Quarter,Interim
5 HK Equity,2012-02-27,2012-03-14,2012-05-02,0.14,Quarter,Final
5 HK Equity,2011-11-07,2011-11-23,2012-01-18,0.09,Quarter,Interim
5 HK Equity,2011-07-15,2011-08-17,2011-10-06,0.09,Quarter,Interim
5 HK Equity,2011-05-03,2011-05-18,2011-07-06,0.09,Quarter,Interim
5 HK Equity,2011-02-28,2011-03-16,2011-05-05,0.12,Quarter,Final
5 HK Equity,2010-11-01,2010-11-17,2011-01-12,0.08,Quarter,Interim
5 HK Equity,2010-08-02,2010-08-18,2010-10-06,0.08,Quarter,Interim
5 HK Equity,2010-05-04,2010-05-19,2010-07-07,0.08,Quarter,Interim
5 HK Equity,2010-03-01,2010-03-17,2010-05-05,0.1,Quarter,Final
5 HK Equity,2009-11-02,2009-11-18,2010-01-13,0.08,Quarter,Interim
5 HK Equity,2009-07-28,2009-08-19,2009-10-07,0.08,Quarter,Interim
5 HK Equity,2009-05-01,2009-05-20,2009-07-08,0.08,Quarter,Interim
5 HK Equity,2009-03-02,2009-03-18,2009-05-06,0.1,Quarter,Final
5 HK Equity,2009-03-02,2009-03-12,2009-04-06,0.416667,None,Rights Issue
5 HK Equity,2008-11-03,2008-11-19,2009-01-14,0.165612,Quarter,Interim
5 HK Equity,2008-08-04,2008-08-20,2008-10-08,0.165612,Quarter,Interim
5 HK Equity,2008-03-03,2008-05-21,2008-07-09,0.165612,Quarter,Interim
5 HK Equity,2008-03-03,2008-03-19,2008-05-07,0.358825,Quarter,Final
5 HK Equity,2007-11-05,2007-11-21,2008-01-16,0.156411,Quarter,Interim
5 HK Equity,2007-07-30,2007-08-15,2007-10-04,0.156411,Quarter,Interim
5 HK Equity,2007-04-30,2007-05-16,2007-07-05,0.156411,Quarter,Interim
5 HK Equity,2007-03-05,2007-03-21,2007-05-10,0.331223,Quarter,Final
5 HK Equity,2006-11-06,2006-11-22,2007-01-18,0.13801,Quarter,Interim
5 HK Equity,2006-07-31,2006-08-16,2006-10-04,0.13801,Quarter,Interim
5 HK Equity,2006-05-02,2006-05-17,2006-07-06,0.13801,Quarter,Interim
5 HK Equity,2006-03-06,2006-03-22,2006-05-11,0.28522,Quarter,Final
5 HK Equity,2005-11-07,2005-11-23,2006-01-19,0.128809,Quarter,Interim
5 HK Equity,2005-08-01,2005-08-17,2005-10-05,0.128809,Quarter,Interim
5 HK Equity,2005-05-03,2005-05-18,2005-07-06,0.128809,Quarter,Interim
5 HK Equity,2005-03-01,2005-03-16,2005-05-04,0.248417,Quarter,Final
5 HK Equity,2004-11-08,2004-11-24,2005-01-20,0.119608,Quarter,Interim
5 HK Equity,2004-08-02,2004-08-18,2004-10-06,0.119608,Quarter,Interim
5 HK Equity,2004-05-05,2004-05-19,2004-07-07,0.119608,Quarter,Interim
5 HK Equity,2004-03-02,2004-03-17,2004-05-05,0.220815,Quarter,Final
5 HK Equity,2003-11-10,2003-11-26,2004-01-20,0.110408,Quarter,Interim
5 HK Equity,2003-08-04,2003-08-20,2003-10-07,0.220815,Semi-Anl,1st Interim
5 HK Equity,2003-03-03,2003-03-19,2003-05-06,0.299021,Semi-Anl,2nd Interim
5 HK Equity,2002-08-05,2002-08-21,2002-10-09,0.188613,Semi-Anl,1st Interim
5 HK Equity,2002-03-04,2002-03-20,2002-05-07,0.266819,Semi-Anl,2nd Interim
5 HK Equity,2001-08-06,2001-08-22,2001-10-09,0.174812,Semi-Anl,1st Interim
5 HK Equity,2001-02-26,2001-03-14,2001-05-02,0.262218,Semi-Anl,2nd Interim
5 HK Equity,2000-07-31,2000-08-14,2000-10-05,0.13801,Semi-Anl,Interim
5 HK Equity,2000-02-28,2000-03-13,2000-04-27,0.190453,Semi-Anl,2nd Interim
5 HK Equity,1999-08-02,1999-08-16,1999-10-07,0.122369,Semi-Anl,Interim
5 HK Equity,1999-04-19,1999-07-05,1999-07-05,3.0,None,Stock Split
5 HK Equity,1999-02-22,1999-03-08,1999-04-28,0.170212,Semi-Anl,2nd Interim
5 HK Equity,1998-08-03,1998-08-18,1998-10-08,0.113475,Semi-Anl,Interim
5 HK Equity,1998-02-23,1998-03-09,1998-04-29,0.15055,Semi-Anl,2nd Interim
5 HK Equity,1997-08-04,1997-08-19,1997-10-08,0.098343,Semi-Anl,Interim
5 HK Equity,1997-03-05,1997-03-17,1997-04-30,0.126705,Semi-Anl,2nd Interim
5 HK Equity,1996-08-06,1996-08-19,1996-10-11,0.071052,Semi-Anl,Interim
5 HK Equity,1996-02-26,1996-03-25,1996-06-03,0.106088,Semi-Anl,Final
5 HK Equity,1995-08-14,1995-09-04,1995-10-27,0.044071,Semi-Anl,Interim
5 HK Equity,1995-02-27,1995-03-27,1995-05-30,0.093,Semi-Anl,Final
5 HK Equity,1994-08-25,1994-09-05,1994-11-18,0.037941,Semi-Anl,Interim
5 HK Equity,1994-02-28,1994-03-23,1994-06-10,0.0092,None,Scrip
5 HK Equity,1994-03-01,1994-03-14,1994-06-10,0.075013,Semi-Anl,Final
5 HK Equity,1993-09-07,1993-09-20,1993-11-26,0.032621,Semi-Anl,Interim
5 HK Equity,1993-03-15,1993-03-29,1993-06-04,0.064362,Semi-Anl,Final
5 HK Equity,1992-08-28,1992-09-07,1992-11-10,0.029091,Semi-Anl,Interim
5 HK Equity,1992-03-10,1992-05-01,1992-05-26,0.051307,Semi-Anl,Final
5 HK Equity,1991-08-28,1991-09-13,1991-10-01,0.021177,Semi-Anl,Interim
5 HK Equity,1991-04-01,1991-04-03,1991-04-04,0.25,None,Stock Split
5 HK Equity,1991-01-28,1991-03-01,1991-03-22,0.040562,Semi-Anl,Final
5 HK Equity,1990-08-28,1990-09-14,1990-10-01,0.020338,Semi-Anl,Interim
5 HK Equity,1990-03-01,1990-04-12,1990-05-08,0.039683,Semi-Anl,Final
5 HK Equity,1990-03-01,1990-04-12,1990-05-08,0.1,None,Bonus
5 HK Equity,1989-08-01,1989-09-14,1989-10-02,0.01981,Semi-Anl,Interim
5 HK Equity,1989-03-14,1989-04-14,1989-05-09,0.1,None,Bonus
5 HK Equity,1989-03-01,1989-04-14,1989-04-14,0.1,None,Stock Dividend
5 HK Equity,1989-03-14,1989-04-14,1989-05-09,0.031691,Semi-Anl,Final
5 HK Equity,1988-08-23,1988-09-09,1988-09-29,0.118726,Quarter,Interim
5 HK Equity,1988-03-15,1988-04-15,1988-05-10,0.215865,Quarter,Final
5 HK Equity,1988-03-15,1988-04-15,1988-05-10,0.1,None,Bonus
5 HK Equity,1987-08-25,1987-09-11,1987-10-01,0.09963,Quarter,Interim
5 HK Equity,1987-03-10,1987-03-30,1987-04-28,0.20664,Quarter,Special Cash
5 HK Equity,1987-03-10,1987-03-30,1987-05-13,0.125,None,Rights Issue
5 HK Equity,1987-03-10,1987-03-30,1987-04-28,0.125,None,Bonus
5 HK Equity,1986-08-26,1986-09-12,1986-10-01,0.09594,Quarter,Interim
5 HK Equity,1986-04-01,1986-04-18,1986-05-13,0.2,None,Bonus
5 HK Equity,1986-01-01,1986-01-01,1986-05-13,0.19065,Quarter,Final
6 HK Equity,2026-08-12,2026-09-09,2026-09-22,0.78,Semi-Anl,Interim
6 HK Equity,2026-03-18,2026-05-26,2026-06-09,2.04,Semi-Anl,Final
6 HK Equity,2025-08-13,2025-09-10,2025-09-23,0.78,Semi-Anl,Interim
6 HK Equity,2025-03-19,2025-05-26,2025-06-10,2.04,Semi-Anl,Final
6 HK Equity,2024-08-14,2024-09-11,2024-09-24,0.78,Semi-Anl,Interim
6 HK Equity,2024-03-20,2024-05-27,2024-06-11,2.04,Semi-Anl,Final
6 HK Equity,2023-08-02,2023-08-31,2023-09-12,0.78,Semi-Anl,Interim
6 HK Equity,2023-03-15,2023-05-22,2023-06-06,2.04,Semi-Anl,Final
6 HK Equity,2022-08-03,2022-09-01,2022-09-14,0.78,Semi-Anl,Interim
6 HK Equity,2022-03-16,2022-05-23,2022-06-07,2.04,Semi-Anl,Final
6 HK Equity,2021-08-04,2021-09-02,2021-09-14,0.78,Semi-Anl,Interim
6 HK Equity,2021-03-17,2021-05-17,2021-06-01,2.04,Semi-Anl,Final
6 HK Equity,2020-08-05,2020-09-03,2020-09-15,0.77,Semi-Anl,Interim
6 HK Equity,2020-03-18,2020-05-18,2020-05-28,2.03,Semi-Anl,Final
6 HK Equity,2019-07-31,2019-08-29,2019-09-10,0.77,Semi-Anl,Interim
6 HK Equity,2019-03-20,2019-05-20,2019-05-30,2.03,Semi-Anl,Final
6 HK Equity,2018-07-26,2018-08-24,2018-09-05,0.77,Semi-Anl,Interim
6 HK Equity,2018-03-16,2018-05-14,2018-05-29,2.03,Semi-Anl,Final
6 HK Equity,2018-03-16,2018-04-03,2018-04-16,6.0,None,Special Cash
6 HK Equity,2017-07-20,2017-08-18,2017-08-29,7.5,None,Special Cash
6 HK Equity,2017-07-20,2017-08-18,2017-08-29,0.77,Semi-Anl,Interim
6 HK Equity,2017-03-21,2017-05-15,2017-05-25,2.02,Semi-Anl,Final
6 HK Equity,2017-01-26,2017-02-14,2017-02-28,5.0,None,Special Cash
6 HK Equity,2016-07-28,2016-08-26,2016-09-07,0.7,Semi-Anl,Interim
6 HK Equity,2016-03-16,2016-05-17,2016-05-27,2.02,Semi-Anl,Final
6 HK Equity,2015-07-23,2015-08-21,2015-09-02,0.68,Semi-Anl,Interim
6 HK Equity,2015-02-24,2015-05-19,2015-06-01,2.01,Semi-Anl,Final
6 HK Equity,2014-07-24,2014-08-25,2014-09-04,0.67,Semi-Anl,Interim
6 HK Equity,2014-02-25,2014-05-20,2014-05-30,1.9,Semi-Anl,Final
6 HK Equity,2013-09-27,2014-01-08,2014-01-29,0.25,None,Entitlement
6 HK Equity,2013-07-24,2013-08-23,2013-09-04,0.65,Semi-Anl,Interim
6 HK Equity,2013-03-06,2013-05-22,2013-06-04,1.83,Semi-Anl,Final
6 HK Equity,2012-07-19,2012-08-17,2012-08-29,0.62,Semi-Anl,Interim
6 HK Equity,2012-03-07,2012-05-25,2012-06-07,1.7,Semi-Anl,Final
6 HK Equity,2011-07-27,2011-08-25,2011-09-06,0.62,Semi-Anl,Interim
6 HK Equity,2011-03-02,2011-05-06,2011-05-19,1.49,Semi-Anl,Final
6 HK Equity,2010-07-28,2010-08-26,2010-09-07,0.62,Semi-Anl,Interim
6 HK Equity,2010-03-03,2010-04-27,2010-05-07,1.49,Semi-Anl,Final
6 HK Equity,2009-08-05,2009-09-03,2009-09-15,0.62,Semi-Anl,Interim
6 HK Equity,2009-03-17,2009-05-05,2009-05-15,1.49,Semi-Anl,Final
6 HK Equity,2008-08-05,2008-09-09,2008-09-19,0.62,Semi-Anl,Interim
6 HK Equity,2008-03-06,2008-05-06,2008-05-16,1.43,Semi-Anl,Final
6 HK Equity,2007-08-09,2007-09-11,2007-09-21,0.58,Semi-Anl,Interim
6 HK Equity,2007-03-09,2007-04-30,2007-05-11,1.27,Semi-Anl,Final
6 HK Equity,2006-08-10,2006-09-12,2006-09-22,0.58,Semi-Anl,Interim
6 HK Equity,2006-03-09,2006-05-02,2006-05-12,0.73,None,Special Cash
6 HK Equity,2006-03-09,2006-05-02,2006-05-12,1.01,Semi-Anl,Final
6 HK Equity,2005-08-11,2005-09-13,2005-09-23,0.58,Semi-Anl,Interim
6 HK Equity,2005-03-10,2005-05-03,2005-05-13,1.19,Semi-Anl,Final
6 HK Equity,2004-08-06,2004-09-14,2004-09-24,0.58,Semi-Anl,Interim
6 HK Equity,2004-03-04,2004-05-04,2004-05-14,1.13,Semi-Anl,Final
6 HK Equity,2003-08-07,2003-09-16,2003-09-26,0.58,Semi-Anl,Interim
6 HK Equity,2003-03-06,2003-05-06,2003-05-16,1.13,Semi-Anl,Final
6 HK Equity,2002-08-08,2002-09-17,2002-09-27,0.58,Semi-Anl,Interim
6 HK Equity,2002-03-07,2002-04-29,2002-05-10,1.07,Semi-Anl,Final
6 HK Equity,2001-08-10,2001-09-19,2001-10-03,0.56,Semi-Anl,Interim
6 HK Equity,2001-03-08,2001-04-27,2001-05-11,0.975,Semi-Anl,Final
6 HK Equity,2000-08-10,2000-09-20,2000-10-03,0.54,Semi-Anl,Interim
6 HK Equity,2000-03-09,2000-04-28,2000-06-12,0.95,Semi-Anl,Final
6 HK Equity,1999-08-12,1999-09-02,1999-10-08,0.5375,Semi-Anl,Interim
6 HK Equity,1999-03-11,1999-04-29,1999-06-09,0.9,Semi-Anl,Final
6 HK Equity,1998-08-13,1998-09-21,1998-10-05,0.535,Semi-Anl,Interim
6 HK Equity,1998-03-12,1998-04-30,1998-05-12,0.855,Semi-Anl,Final
6 HK Equity,1997-08-14,1997-09-19,1997-10-03,0.505,Semi-Anl,Interim
6 HK Equity,1997-03-13,1997-05-01,1997-05-13,0.775,Semi-Anl,Final
6 HK Equity,1996-08-09,1996-09-13,1996-10-02,0.455,Semi-Anl,Interim
6 HK Equity,1996-03-07,1996-04-25,1996-05-10,0.7,Semi-Anl,Final
6 HK Equity,1995-08-10,1995-09-15,1995-10-04,0.41,Semi-Anl,Interim
6 HK Equity,1995-03-15,1995-04-27,1995-05-12,0.63,Semi-Anl,Final
6 HK Equity,1994-08-15,1994-09-15,1994-10-05,0.37,Semi-Anl,Interim
6 HK Equity,1994-03-03,1994-04-28,1994-05-13,0.57,Semi-Anl,Final
6 HK Equity,1993-08-12,1993-09-16,1993-10-07,0.33,Semi-Anl,Interim
6 HK Equity,1993-03-05,1993-04-29,1993-05-14,0.52,Semi-Anl,Final
6 HK Equity,1992-08-07,1992-09-10,1992-10-01,0.3,Semi-Anl,Interim
6 HK Equity,1992-03-03,1992-05-01,1992-05-15,0.44,Semi-Anl,Final
6 HK Equity,1991-08-16,1991-09-20,1991-10-10,0.26,Semi-Anl,Interim
6 HK Equity,1991-04-02,1991-05-03,1991-05-15,0.38,Semi-Anl,Final
6 HK Equity,1990-08-01,1990-09-21,1990-10-11,0.23,Semi-Anl,Interim
6 HK Equity,1990-03-01,1990-04-27,1990-05-11,0.1,None,Bonus
6 HK Equity,1990-03-01,1990-04-27,1990-05-11,0.336364,Semi-Anl,Final
6 HK Equity,1989-08-17,1989-09-22,1989-10-12,0.209091,Semi-Anl,Interim
6 HK Equity,1989-03-16,1989-04-28,1989-05-12,0.3,Semi-Anl,Final
6 HK Equity,1988-08-23,1988-09-23,1988-10-12,0.190909,Semi-Anl,Interim
6 HK Equity,1988-03-08,1988-04-22,1988-05-20,0.272727,Semi-Anl,Final
6 HK Equity,1987-08-25,1987-10-02,1987-10-12,0.181818,Semi-Anl,Interim
6 HK Equity,1987-03-02,1987-06-05,1987-06-16,0.318182,Semi-Anl,Final
6 HK Equity,1986-08-22,1986-09-26,1986-10-14,0.227273,Semi-Anl,Interim
6 HK Equity,1986-01-01,1986-01-01,1986-05-28,0.3,Semi-Anl,Final
6181 HK Equity,2026-08-25,2026-11-27,2027-01-22,18.02,Semi-Anl,Interim
6181 HK Equity,2026-03-23,2026-05-12,2026-07-08,11.95,Semi-Anl,Final
6181 HK Equity,2025-08-20,2025-11-20,2026-01-15,9.59,Irreg,Interim
6181 HK Equity,2025-03-31,2025-05-22,2025-07-02,6.35,Irreg,Final
66 HK Equity,2026-08-13,2026-08-26,2026-09-15,0.42,Semi-Anl,Interim
66 HK Equity,2026-03-12,2026-05-29,2026-06-22,0.89,Semi-Anl,Final
66 HK Equity,2025-08-14,2025-08-27,2025-09-16,0.42,Semi-Anl,Interim
66 HK Equity,2025-03-06,2025-05-23,2025-06-13,0.89,Semi-Anl,Final
66 HK Equity,2024-08-15,2024-08-28,2024-09-17,0.42,Semi-Anl,Interim
66 HK Equity,2024-03-07,2024-05-24,2024-07-16,0.89,Semi-Anl,Final
66 HK Equity,2023-08-10,2023-08-23,2023-10-13,0.42,Semi-Anl,Interim
66 HK Equity,2023-03-09,2023-05-29,2023-07-18,0.89,Semi-Anl,Final
66 HK Equity,2022-08-11,2022-08-24,2022-10-14,0.42,Semi-Anl,Interim
66 HK Equity,2022-03-10,2022-05-27,2022-07-19,1.02,Semi-Anl,Final
66 HK Equity,2021-08-12,2021-08-25,2021-10-19,0.25,Semi-Anl,Interim
66 HK Equity,2021-03-11,2021-05-28,2021-07-20,0.98,Semi-Anl,Final
66 HK Equity,2020-08-06,2020-08-19,2020-10-09,0.25,Semi-Anl,Interim
66 HK Equity,2020-03-05,2020-05-22,2020-07-16,0.98,Semi-Anl,Final
66 HK Equity,2019-08-08,2019-08-21,2019-10-11,0.25,Semi-Anl,Interim
66 HK Equity,2019-03-07,2019-05-24,2019-07-16,0.95,Semi-Anl,Final
66 HK Equity,2018-08-09,2018-08-22,2018-10-12,0.25,Semi-Anl,Interim
66 HK Equity,2018-03-08,2018-05-18,2018-07-11,0.87,Semi-Anl,Final
66 HK Equity,2017-08-10,2017-08-24,2017-10-13,0.25,Semi-Anl,Interim
66 HK Equity,2017-03-07,2017-05-19,2017-07-12,0.82,Semi-Anl,Final
66 HK Equity,2016-01-06,2017-05-19,2017-07-12,2.2,None,Special Cash
66 HK Equity,2016-08-09,2016-08-22,2016-10-13,0.25,Semi-Anl,Interim
66 HK Equity,2016-03-11,2016-05-20,2016-07-13,0.81,Semi-Anl,Final
66 HK Equity,2016-01-06,2016-05-20,2016-07-13,2.2,None,Special Cash
66 HK Equity,2015-08-13,2015-08-26,2015-10-16,0.25,Semi-Anl,Interim
66 HK Equity,2015-03-16,2015-05-22,2015-07-17,0.8,Semi-Anl,Final
66 HK Equity,2014-08-25,2014-09-05,2014-10-30,0.25,Semi-Anl,Interim
66 HK Equity,2014-03-11,2014-05-12,2014-07-04,0.67,Semi-Anl,Final
66 HK Equity,2013-08-26,2013-09-06,2013-09-27,0.25,Semi-Anl,Interim
66 HK Equity,2013-03-11,2013-05-13,2013-06-05,0.54,Semi-Anl,Final
66 HK Equity,2012-08-13,2012-08-24,2012-09-19,0.25,Semi-Anl,Interim
66 HK Equity,2012-03-08,2012-05-07,2012-05-29,0.51,Semi-Anl,Final
66 HK Equity,2011-08-11,2011-08-24,2011-09-19,0.25,Semi-Anl,Interim
66 HK Equity,2011-03-03,2011-03-16,2011-05-18,0.45,Semi-Anl,Final
66 HK Equity,2010-08-12,2010-08-26,2010-10-22,0.14,Semi-Anl,Interim
66 HK Equity,2010-03-09,2010-03-26,2010-06-15,0.38,Semi-Anl,Final
66 HK Equity,2009-08-11,2009-08-27,2009-10-23,0.14,Semi-Anl,Interim
66 HK Equity,2009-03-10,2009-04-01,2009-06-17,0.34,Semi-Anl,Final
66 HK Equity,2008-08-05,2008-08-18,2008-10-17,0.14,Semi-Anl,Interim
66 HK Equity,2008-03-11,2008-04-03,2008-06-18,0.31,Semi-Anl,Final
66 HK Equity,2007-08-07,2007-08-29,2007-10-26,0.14,Semi-Anl,Interim
66 HK Equity,2007-03-13,2007-04-03,2007-06-26,0.28,Semi-Anl,Final
66 HK Equity,2006-08-10,2006-08-30,2006-10-27,0.14,Semi-Anl,Interim
66 HK Equity,2006-03-07,2006-03-30,2006-06-27,0.28,Semi-Anl,Final
66 HK Equity,2005-08-02,2005-08-24,2005-10-27,0.14,Semi-Anl,Interim
66 HK Equity,2005-03-01,2005-03-21,2005-06-21,0.28,Semi-Anl,Final
66 HK Equity,2004-08-03,2004-08-26,2004-10-28,0.14,Semi-Anl,Interim
66 HK Equity,2004-03-02,2004-03-24,2004-06-30,0.28,Semi-Anl,Final
66 HK Equity,2003-08-01,2003-08-26,2003-10-29,0.14,Semi-Anl,Interim
66 HK Equity,2003-03-06,2003-03-24,2003-06-12,0.28,Semi-Anl,Final
66 HK Equity,2002-08-01,2002-08-26,2002-10-29,0.14,Semi-Anl,Interim
66 HK Equity,2002-02-28,2002-03-22,2002-06-14,0.28,Semi-Anl,Final
66 HK Equity,2001-08-01,2001-09-12,2001-11-02,0.14,Semi-Anl,Interim
66 HK Equity,2001-03-01,2001-05-08,2001-06-26,0.1,Semi-Anl,Final
669 HK Equity,2026-08-04,2026-09-01,2026-09-18,1.5,Semi-Anl,Interim
669 HK Equity,2026-03-03,2026-05-14,2026-06-26,1.32,Semi-Anl,Final
669 HK Equity,2025-08-05,2025-09-02,2025-09-19,1.25,Semi-Anl,Interim
669 HK Equity,2025-03-04,2025-05-15,2025-06-27,1.18,Semi-Anl,Final
669 HK Equity,2024-08-06,2024-09-03,2024-09-19,1.08,Semi-Anl,Interim
669 HK Equity,2024-03-06,2024-05-16,2024-07-05,0.98,Semi-Anl,Final
669 HK Equity,2023-08-09,2023-08-29,2023-09-15,0.95,Semi-Anl,Interim
669 HK Equity,2023-03-01,2023-05-17,2023-07-07,0.9,Semi-Anl,Final
669 HK Equity,2022-08-10,2022-08-30,2022-09-16,0.95,Semi-Anl,Interim
669 HK Equity,2022-03-02,2022-05-18,2022-06-17,1.0,Semi-Anl,Final
669 HK Equity,2021-08-11,2021-08-31,2021-09-17,0.85,Semi-Anl,Interim
669 HK Equity,2021-03-03,2021-05-20,2021-06-18,0.82,Semi-Anl,Final
669 HK Equity,2020-08-12,2020-09-01,2020-09-18,0.53,Semi-Anl,Interim
669 HK Equity,2020-03-04,2020-05-20,2020-06-19,0.58,Semi-Anl,Final
669 HK Equity,2019-08-14,2019-09-03,2019-09-20,0.45,Semi-Anl,Interim
669 HK Equity,2019-03-06,2019-05-22,2019-06-21,0.5,Semi-Anl,Final
669 HK Equity,2018-08-15,2018-09-04,2018-09-21,0.38,Semi-Anl,Interim
669 HK Equity,2018-03-13,2018-05-24,2018-06-22,0.3975,Semi-Anl,Final
669 HK Equity,2017-08-16,2017-09-05,2017-09-22,0.2775,Semi-Anl,Interim
669 HK Equity,2017-03-14,2017-05-24,2017-06-23,0.3,Semi-Anl,Final
669 HK Equity,2016-08-17,2016-09-06,2016-09-23,0.2,Semi-Anl,Interim
669 HK Equity,2016-03-15,2016-05-25,2016-06-24,0.2325,Semi-Anl,Final
669 HK Equity,2015-08-19,2015-09-02,2015-09-25,0.16,Semi-Anl,Interim
669 HK Equity,2015-03-18,2015-05-27,2015-06-26,0.19,Semi-Anl,Final
669 HK Equity,2014-08-20,2014-09-08,2014-09-26,0.125,Semi-Anl,Interim
669 HK Equity,2014-03-19,2014-05-27,2014-06-27,0.1375,Semi-Anl,Final
669 HK Equity,2013-08-21,2013-09-10,2013-09-27,0.1,Semi-Anl,Interim
669 HK Equity,2013-03-21,2013-05-28,2013-06-28,0.1075,Semi-Anl,Final
669 HK Equity,2012-08-16,2012-09-11,2012-09-28,0.0675,Semi-Anl,Interim
669 HK Equity,2012-03-22,2012-05-22,2012-07-06,0.0775,Semi-Anl,Final
669 HK Equity,2011-08-18,2011-09-12,2011-09-29,0.05,Semi-Anl,Interim
669 HK Equity,2011-03-24,2011-05-16,2011-07-08,0.0625,Semi-Anl,Final
669 HK Equity,2010-08-19,2010-09-14,2010-09-29,0.0375,Semi-Anl,Interim
669 HK Equity,2010-04-16,2010-05-24,2010-07-30,0.045,Semi-Anl,Final
669 HK Equity,2009-08-27,2009-09-15,2009-09-29,0.03,Semi-Anl,Interim
669 HK Equity,2009-04-23,2009-05-21,2009-07-31,0.03,Semi-Anl,Final
669 HK Equity,2008-08-21,2008-09-12,2008-09-29,0.03,Semi-Anl,Interim
669 HK Equity,2008-04-17,2008-05-26,2008-07-31,0.015,Semi-Anl,Final
669 HK Equity,2007-08-22,2007-09-13,2007-09-28,0.065,Semi-Anl,Interim
669 HK Equity,2007-04-19,2007-05-22,2007-07-05,0.126,Semi-Anl,Final
669 HK Equity,2006-08-22,2006-09-11,2006-09-28,0.065,Semi-Anl,Interim
669 HK Equity,2006-04-12,2006-06-08,2006-07-28,0.126,Semi-Anl,Final
669 HK Equity,2005-08-18,2005-09-08,2005-09-30,0.06,Semi-Anl,Interim
669 HK Equity,2005-04-08,2005-06-09,2005-07-29,0.125,Semi-Anl,Final
669 HK Equity,2004-08-12,2004-09-09,2004-09-30,0.045,Semi-Anl,Interim
669 HK Equity,2004-04-07,2004-06-10,2004-07-29,0.08875,Semi-Anl,Final
669 HK Equity,2004-04-20,2004-05-31,2004-07-12,2.0,None,Stock Split
669 HK Equity,2003-08-19,2003-09-10,2003-09-30,0.03625,Semi-Anl,Interim
669 HK Equity,2003-04-16,2003-06-12,2003-07-29,0.05,Semi-Anl,Final
669 HK Equity,2002-08-08,2002-09-12,2002-09-30,0.03,Semi-Anl,Interim
669 HK Equity,2002-04-23,2002-06-13,2002-07-29,0.035,Semi-Anl,Final
669 HK Equity,2001-09-03,2001-10-11,2001-10-30,0.0225,Semi-Anl,Interim
669 HK Equity,2001-04-02,2001-06-14,2001-07-30,0.03,Semi-Anl,Final
669 HK Equity,2000-08-31,2000-10-12,2000-10-31,0.02,Semi-Anl,Interim
669 HK Equity,2000-05-08,2000-07-06,2000-07-28,0.0275,Semi-Anl,Final
669 HK Equity,1999-09-20,1999-10-14,1999-11-02,0.019,Semi-Anl,Interim
669 HK Equity,1999-05-05,1999-07-08,1999-07-30,0.025,Semi-Anl,Final
669 HK Equity,1998-09-10,1998-10-15,1998-11-02,0.019,Semi-Anl,Interim
669 HK Equity,1998-05-01,1998-07-09,1998-07-31,0.025,Semi-Anl,Final
669 HK Equity,1997-09-03,1997-10-08,1997-10-27,0.019,Semi-Anl,Interim
669 HK Equity,1997-05-08,1997-07-10,1997-07-31,0.025,Semi-Anl,Final
669 HK Equity,1996-09-04,1996-10-10,1996-10-28,0.0175,Semi-Anl,Interim
669 HK Equity,1996-05-17,1996-07-18,1996-08-12,0.0165,Semi-Anl,Final
669 HK Equity,1995-09-06,1995-10-12,1995-10-30,0.015,Semi-Anl,Interim
669 HK Equity,1995-05-18,1995-07-20,1995-08-14,0.015,Semi-Anl,Final
669 HK Equity,1994-09-23,1994-10-27,1994-11-14,0.015,Semi-Anl,Interim
669 HK Equity,1994-05-25,1994-07-21,1994-08-08,0.019,Semi-Anl,Final
669 HK Equity,1993-09-07,1993-09-23,1993-10-11,0.015,Semi-Anl,Interim
669 HK Equity,1993-05-26,1993-07-16,1993-07-27,0.01,Semi-Anl,Final
669 HK Equity,1992-10-31,1992-11-12,1992-11-30,0.0125,Semi-Anl,Interim
669 HK Equity,1992-05-30,1992-07-16,1992-07-27,0.0175,Semi-Anl,Final
669 HK Equity,1991-10-26,1991-11-07,1991-11-21,0.0125,Semi-Anl,Interim
669 HK Equity,1991-04-02,1991-05-16,1991-05-27,0.01,Annual,Final
6690 HK Equity,2026-03-26,2026-08-03,2026-08-21,0.89151,Irreg,Final
6690 HK Equity,2025-08-28,2025-10-20,2025-11-07,0.2692,Irreg,Interim
6690 HK Equity,2025-03-27,2025-06-27,2025-07-25,0.96504,Annual,Final
6690 HK Equity,2024-03-27,2024-07-15,2024-08-16,0.80131,Annual,Final
6690 HK Equity,2023-03-30,2023-07-24,2023-08-25,0.56692,Annual,Final
6690 HK Equity,2022-03-30,2022-07-12,2022-08-23,0.461357,Annual,Final
6690 HK Equity,2021-04-01,2021-07-09,2021-08-20,0.366,Irreg,Final
6862 HK Equity,2026-08-25,2026-09-07,2026-09-23,0.377,Semi-Anl,Interim
6862 HK Equity,2026-03-24,2026-05-21,2026-06-18,0.384,Semi-Anl,Final
6862 HK Equity,2025-08-25,2025-09-05,2025-10-15,0.338,Semi-Anl,Interim
6862 HK Equity,2025-03-25,2025-05-21,2025-06-19,0.507,Semi-Anl,Final
6862 HK Equity,2024-08-27,2024-09-09,2024-10-02,0.391,Irreg,Interim
6862 HK Equity,2024-03-26,2024-06-07,2024-07-05,0.824,Annual,Final
6862 HK Equity,2023-03-30,2023-06-09,2023-07-04,0.116,Annual,Final
6862 HK Equity,2022-07-11,2022-12-16,2022-12-29,0.1,None,Spinoff
6862 HK Equity,2022-03-23,2022-06-16,,-2.4245362661989844e-14,#N/A N/A,#N/A N/A
6862 HK Equity,2021-03-23,2021-06-16,2021-07-02,0.021,Annual,Final
6862 HK Equity,2020-03-25,2020-06-01,2020-06-18,0.15,Annual,Final
6862 HK Equity,2019-03-26,2019-05-29,2019-06-14,0.076,Annual,Final
688 HK Equity,2026-08-26,2026-09-16,2026-10-05,0.23,Semi-Anl,Interim
688 HK Equity,2026-03-31,2026-06-26,2026-07-15,0.25,Semi-Anl,Final
688 HK Equity,2025-08-27,2025-09-16,2025-10-03,0.25,Semi-Anl,Interim
688 HK Equity,2025-03-31,2025-06-27,2025-07-17,0.3,Semi-Anl,Final
688 HK Equity,2024-08-28,2024-09-16,2024-10-04,0.3,Semi-Anl,Interim
688 HK Equity,2024-03-28,2024-06-25,2024-07-12,0.45,Semi-Anl,Final
688 HK Equity,2023-08-28,2023-09-18,2023-10-05,0.35,Semi-Anl,Interim
688 HK Equity,2023-03-31,2023-06-30,2023-07-19,0.4,Semi-Anl,Final
688 HK Equity,2022-08-24,2022-09-16,2022-10-05,0.4,Semi-Anl,Interim
688 HK Equity,2022-03-31,2022-06-23,2022-07-11,0.76,Semi-Anl,Final
688 HK Equity,2021-08-23,2021-09-16,2021-10-05,0.45,Semi-Anl,Interim
688 HK Equity,2021-03-29,2021-06-24,2021-07-12,0.73,Semi-Anl,Final
688 HK Equity,2020-08-24,2020-09-18,2020-10-05,0.45,Semi-Anl,Interim
688 HK Equity,2020-03-26,2020-06-30,2020-07-15,0.57,Semi-Anl,Final
688 HK Equity,2019-08-22,2019-09-17,2019-10-04,0.45,Semi-Anl,Interim
688 HK Equity,2019-03-20,2019-06-18,2019-07-05,0.5,Semi-Anl,Final
688 HK Equity,2018-08-23,2018-09-18,2018-10-05,0.4,Semi-Anl,Interim
688 HK Equity,2018-03-26,2018-06-13,2018-07-06,0.45,Semi-Anl,Final
688 HK Equity,2017-08-21,2017-09-13,2017-10-06,0.35,Semi-Anl,Interim
688 HK Equity,2017-03-22,2017-06-16,2017-07-07,0.42,Semi-Anl,Final
688 HK Equity,2016-08-22,2016-09-15,2016-10-05,0.35,Semi-Anl,Interim
688 HK Equity,2016-03-18,2016-05-10,2016-05-31,0.41,Semi-Anl,Final
688 HK Equity,2015-07-06,2015-10-16,2015-10-23,0.333333,None,Spinoff
688 HK Equity,2015-08-19,2015-09-09,2015-09-25,0.2,Semi-Anl,Interim
688 HK Equity,2015-03-24,2015-06-18,2015-07-08,0.35,Semi-Anl,Final
688 HK Equity,2014-08-01,2014-08-27,2014-09-11,0.2,Semi-Anl,Interim
688 HK Equity,2014-03-13,2014-06-11,2014-07-03,0.29,Semi-Anl,Final
688 HK Equity,2013-08-05,2013-08-26,2013-09-09,0.18,Semi-Anl,Interim
688 HK Equity,2013-03-18,2013-06-04,2013-06-18,0.24,Semi-Anl,Final
688 HK Equity,2012-08-10,2012-08-30,2012-09-13,0.02,None,Special Cash
688 HK Equity,2012-08-10,2012-08-30,2012-09-13,0.15,Semi-Anl,Interim
688 HK Equity,2012-03-15,2012-06-01,2012-06-15,0.2,Semi-Anl,Final
688 HK Equity,2011-08-09,2011-09-20,2011-10-03,0.13,Semi-Anl,Interim
688 HK Equity,2011-03-17,2011-05-24,2011-06-15,0.17,Semi-Anl,Final
688 HK Equity,2010-08-11,2010-09-16,2010-10-05,0.1,Semi-Anl,Interim
688 HK Equity,2010-03-18,2010-06-04,2010-06-18,0.13,Semi-Anl,Final
688 HK Equity,2009-08-17,2009-09-15,2009-09-28,0.07,Semi-Anl,Interim
688 HK Equity,2009-03-23,2009-05-22,2009-06-08,0.07,Semi-Anl,Final
688 HK Equity,2008-12-10,2008-12-23,2009-02-05,0.04,None,Open Offer
688 HK Equity,2008-08-19,2008-09-18,2008-10-03,0.059323,Semi-Anl,Interim
688 HK Equity,2008-03-20,2008-06-04,2008-06-26,0.06921,Semi-Anl,Final
688 HK Equity,2007-08-16,2007-09-17,2007-10-03,0.049436,Semi-Anl,Interim
688 HK Equity,2007-07-18,2007-08-14,2007-08-28,0.083333,None,Bonus-Options
688 HK Equity,2007-03-22,2007-05-28,2007-06-13,0.059323,Semi-Anl,Final
688 HK Equity,2006-08-21,2006-09-11,2006-09-28,0.039549,Semi-Anl,Interim
688 HK Equity,2006-06-05,2006-06-29,2006-07-18,0.125,None,Bonus-Options
688 HK Equity,2006-03-30,2006-05-18,2006-06-05,0.039549,Semi-Anl,Final
688 HK Equity,2005-08-26,2005-09-13,2005-09-28,0.029662,Semi-Anl,Interim
688 HK Equity,2005-06-17,2005-06-24,2005-06-30,0.055556,#N/A N/A,None
688 HK Equity,2005-03-21,2005-05-18,2005-06-06,0.039549,Semi-Anl,Final
688 HK Equity,2004-08-18,2004-09-01,2004-09-10,0.019774,Semi-Anl,Interim
688 HK Equity,2004-03-26,2004-06-17,2004-07-06,0.029662,Semi-Anl,Final
688 HK Equity,2003-09-04,2003-09-30,2003-11-07,0.019774,Semi-Anl,Interim
688 HK Equity,2003-04-04,2003-05-12,2003-06-20,0.009887,Semi-Anl,Final
688 HK Equity,2002-09-03,2002-10-02,2002-11-08,0.019774,Semi-Anl,Interim
688 HK Equity,2002-04-19,2002-05-14,2002-06-20,0.019774,Semi-Anl,Final
688 HK Equity,2001-09-11,2001-10-03,2001-11-09,0.019774,Semi-Anl,Interim
688 HK Equity,2001-04-12,2001-05-14,2001-06-20,0.019774,Semi-Anl,Final
688 HK Equity,2000-08-07,2000-08-21,2000-09-28,0.019774,Semi-Anl,Interim
688 HK Equity,1999-04-01,1999-04-01,,-2.4245362661989844e-14,#N/A N/A,#N/A N/A
688 HK Equity,1998-09-02,1998-09-21,1998-10-21,0.009887,Semi-Anl,Interim
688 HK Equity,1998-04-28,1998-06-18,1998-07-20,0.040538,Semi-Anl,Final
688 HK Equity,1997-09-23,1997-10-21,1997-11-10,0.03856,Semi-Anl,Interim
688 HK Equity,1997-04-28,1997-06-10,1997-07-08,0.040538,Semi-Anl,Final
688 HK Equity,1996-09-18,1996-10-15,1996-11-05,0.03856,Semi-Anl,Interim
688 HK Equity,1996-04-23,1996-05-28,1996-06-12,0.070199,Semi-Anl,Final
688 HK Equity,1995-03-28,1995-05-12,1995-05-30,0.070199,Semi-Anl,Final
688 HK Equity,1994-08-17,1994-09-07,1994-09-17,0.03856,Semi-Anl,Interim
688 HK Equity,1994-03-28,1994-05-12,1994-05-28,0.041526,Semi-Anl,Final
688 HK Equity,1993-09-24,1993-10-14,1993-10-25,0.037571,Semi-Anl,Interim
688 HK Equity,1993-04-01,1993-05-14,1993-05-28,0.039549,Semi-Anl,Final
700 HK Equity,2026-03-18,2026-05-15,2026-06-01,5.3,Annual,Final
700 HK Equity,2025-03-19,2025-05-16,2025-05-30,4.5,Annual,Final
700 HK Equity,2024-03-20,2024-05-17,2024-05-31,3.4,Annual,Final
700 HK Equity,2023-03-22,2023-05-19,2023-06-05,2.4,Annual,Final
700 HK Equity,2022-11-16,2023-01-05,2023-03-24,0.1,None,Spinoff
700 HK Equity,2022-03-23,2022-05-20,2022-06-06,1.6,Annual,Final
700 HK Equity,2021-12-23,2022-01-20,2022-03-25,0.047619,None,Spinoff
700 HK Equity,2021-03-24,2021-05-24,2021-06-07,1.6,Annual,Final
700 HK Equity,2020-03-18,2020-05-15,2020-05-29,1.2,Annual,Final
700 HK Equity,2019-03-21,2019-05-17,2019-05-31,1.0,Annual,Final
700 HK Equity,2018-07-08,2018-12-28,2019-02-20,0.000256,None,Spinoff
700 HK Equity,2018-03-21,2018-05-18,2018-06-01,0.88,Annual,Final
700 HK Equity,2017-06-30,2017-10-18,2017-11-08,0.000796,None,Entitlement
700 HK Equity,2017-03-22,2017-05-19,2017-06-02,0.61,Annual,Final
700 HK Equity,2016-03-17,2016-05-20,2016-06-02,0.47,Annual,Final
700 HK Equity,2015-03-18,2015-05-15,2015-05-29,0.36,Annual,Final
700 HK Equity,2014-03-19,2014-05-16,2014-05-30,0.24,Annual,Final
700 HK Equity,2014-03-19,2014-05-15,2014-05-16,5.0,#N/A N/A,None
700 HK Equity,2013-03-20,2013-05-20,2013-05-30,0.2,Annual,Final
700 HK Equity,2012-03-14,2012-05-18,2012-05-30,0.15,Annual,Final
700 HK Equity,2011-03-16,2011-05-03,2011-05-25,0.11,Annual,Final
700 HK Equity,2010-03-17,2010-05-05,2010-05-26,0.08,Annual,Final
700 HK Equity,2009-03-18,2009-05-06,2009-05-27,0.02,None,Special Cash
700 HK Equity,2009-03-18,2009-05-06,2009-05-27,0.05,Annual,Final
700 HK Equity,2008-03-19,2008-05-06,2008-05-28,0.032,Annual,Final
700 HK Equity,2007-03-22,2007-05-09,2007-05-30,0.024,Annual,Final
700 HK Equity,2006-03-22,2006-05-15,2006-06-07,0.016,Annual,Final
700 HK Equity,2005-03-17,2005-04-19,2005-05-17,0.014,Annual,Final
728 HK Equity,2026-08-20,2026-09-02,2026-10-13,0.1606,Semi-Anl,Interim
728 HK Equity,2026-03-24,2026-06-02,2026-07-08,0.0908,Semi-Anl,Final
728 HK Equity,2025-08-14,2025-08-27,2025-09-30,0.1812,Semi-Anl,Interim
728 HK Equity,2025-03-25,2025-06-03,2025-07-18,0.0927,Semi-Anl,Final
728 HK Equity,2024-08-20,2024-09-03,2024-10-18,0.1671,Semi-Anl,Interim
728 HK Equity,2024-03-26,2024-06-05,2024-07-26,0.09,Semi-Anl,Final
728 HK Equity,2023-08-08,2023-08-23,2023-09-28,0.1432,Semi-Anl,Interim
728 HK Equity,2023-03-22,2023-05-31,2023-07-21,0.076,Semi-Anl,Final
728 HK Equity,2022-08-16,2022-08-31,2022-10-14,0.122478,Semi-Anl,Interim
728 HK Equity,2022-03-17,2022-05-31,2022-07-18,0.167679,Annual,Final
728 HK Equity,2021-03-09,2021-05-11,2021-06-01,0.103462,Annual,Final
728 HK Equity,2020-03-24,2020-06-01,2020-07-31,0.114945,Annual,Final
728 HK Equity,2019-03-19,2019-06-03,2019-07-26,0.110124,Annual,Final
728 HK Equity,2018-03-28,2018-05-31,2018-07-27,0.093978,Annual,Final
728 HK Equity,2017-03-21,2017-05-26,2017-07-21,0.083164,Annual,Final
728 HK Equity,2016-03-23,2016-05-30,2016-07-15,0.072453,Annual,Final
728 HK Equity,2015-03-18,2015-06-01,2015-07-17,0.068315,Annual,Final
728 HK Equity,2014-03-19,2014-06-04,2014-07-18,0.068945,Annual,Final
728 HK Equity,2013-03-20,2013-06-04,2013-07-19,0.06041,Annual,Final
728 HK Equity,2012-03-20,2012-06-05,2012-07-20,0.062788,Annual,Final
728 HK Equity,2011-03-22,2011-04-18,2011-06-30,0.064226,Annual,Final
728 HK Equity,2010-03-22,2010-04-22,2010-06-30,0.067274,Annual,Final
728 HK Equity,2009-03-24,2009-04-23,2009-06-30,0.067417,Annual,Final
728 HK Equity,2008-03-31,2008-04-28,2008-06-16,0.076389,Annual,Final
728 HK Equity,2007-03-27,2007-04-26,2007-06-15,0.084018,Annual,Final
728 HK Equity,2006-03-23,2006-04-20,2006-06-15,0.077481,Annual,Final
728 HK Equity,2005-03-31,2005-04-21,2005-06-23,0.068978,Annual,Final
728 HK Equity,2004-03-17,2004-04-01,2004-05-20,0.0689,Annual,Final
728 HK Equity,2003-04-24,2003-05-16,2003-07-10,0.00888,Annual,Final
762 HK Equity,2026-08-18,2026-09-02,,-2.4245362661989844e-14,#N/A N/A,#N/A N/A
762 HK Equity,2026-03-19,2026-06-03,2026-06-24,0.1329,Semi-Anl,Final
762 HK Equity,2025-08-12,2025-09-02,2025-09-24,0.2841,Semi-Anl,Interim
762 HK Equity,2025-03-18,2025-06-04,2025-06-25,0.1562,Semi-Anl,Final
762 HK Equity,2024-08-15,2024-09-04,2024-09-25,0.2481,Semi-Anl,Interim
762 HK Equity,2024-03-19,2024-06-05,2024-06-26,0.1336,Semi-Anl,Final
762 HK Equity,2023-08-09,2023-09-04,2023-09-25,0.203,Semi-Anl,Interim
762 HK Equity,2023-03-08,2023-05-23,2023-06-15,0.109,Semi-Anl,Final
762 HK Equity,2022-08-08,2022-09-01,2022-09-29,0.165,Semi-Anl,Interim
762 HK Equity,2022-03-11,2022-05-19,2022-06-15,0.096,Semi-Anl,Final
762 HK Equity,2021-08-19,2021-09-02,2021-09-29,0.12,Irreg,Interim
762 HK Equity,2021-03-11,2021-05-20,2021-06-16,0.164,Annual,Final
762 HK Equity,2020-03-23,2020-06-01,2020-06-19,0.148,Annual,Final
762 HK Equity,2019-03-13,2019-05-16,2019-06-12,0.134,Annual,Final
762 HK Equity,2018-03-15,2018-05-16,2018-06-12,0.052,Annual,Final
762 HK Equity,2017-03-15,2017-05-16,,-2.4245362661989844e-14,#N/A N/A,#N/A N/A
762 HK Equity,2016-03-16,2016-05-17,2016-06-08,0.153,Annual,Final
762 HK Equity,2015-03-03,2015-05-13,2015-06-10,0.18,Annual,Final
762 HK Equity,2014-02-27,2014-04-23,2014-05-15,0.144,Annual,Final
762 HK Equity,2013-03-21,2013-05-23,2013-06-13,0.108,Annual,Final
762 HK Equity,2012-03-22,2012-05-31,2012-06-14,0.09,Annual,Final
762 HK Equity,2011-03-29,2011-05-18,2011-06-22,0.072,Annual,Final
762 HK Equity,2010-03-24,2010-05-06,2010-06-11,0.144,Annual,Final
762 HK Equity,2009-03-31,2009-06-05,2009-06-18,0.18,Annual,Final
762 HK Equity,2008-03-27,2008-05-09,2008-06-12,0.2,Annual,Final
762 HK Equity,2007-03-29,2007-05-07,2007-06-08,0.18,Annual,Final
762 HK Equity,2006-03-24,2006-05-08,2006-06-08,0.11,Annual,Final
762 HK Equity,2005-03-24,2005-05-03,2005-06-07,0.1,Annual,Final
762 HK Equity,2004-03-26,2004-05-04,2004-06-05,0.1,Annual,Final
762 HK Equity,2003-04-01,2003-05-05,2003-06-05,0.1,Annual,Final
823 HK Equity,2026-05-28,2026-06-11,2026-07-28,1.2673,Semi-Anl,Final
823 HK Equity,2025-11-20,2025-12-02,2025-12-31,1.2688,Semi-Anl,Interim
823 HK Equity,2025-05-27,2025-06-18,2025-08-04,1.3745,Semi-Anl,Final
823 HK Equity,2024-11-06,2024-11-18,2024-12-27,1.3489,Semi-Anl,Interim
823 HK Equity,2024-05-29,2024-06-27,2024-08-13,1.3257,Semi-Anl,Final
823 HK Equity,2023-11-08,2023-11-20,2023-12-29,1.3008,Semi-Anl,Interim
823 HK Equity,2023-05-31,2023-06-15,2023-08-01,1.188,Semi-Anl,Final
823 HK Equity,2023-02-10,2023-02-24,2023-03-30,0.2,None,Rights Issue
823 HK Equity,2022-11-09,2022-11-21,2022-12-30,1.511254,Semi-Anl,Interim
823 HK Equity,2022-06-01,2022-06-16,2022-08-02,1.419613,Semi-Anl,Final
823 HK Equity,2021-11-10,2021-11-22,2021-12-31,1.550904,Semi-Anl,Interim
823 HK Equity,2021-06-17,2021-06-29,2021-08-12,1.441576,Semi-Anl,Final
823 HK Equity,2020-11-09,2020-11-19,2020-12-28,1.376562,Semi-Anl,Interim
823 HK Equity,2020-06-01,2020-06-12,2020-07-30,1.416114,Semi-Anl,Final
823 HK Equity,2019-11-13,2019-11-27,2019-12-10,1.374813,Semi-Anl,Interim
823 HK Equity,2019-06-03,2019-06-19,2019-07-04,1.365872,Semi-Anl,Final
823 HK Equity,2018-11-14,2018-11-27,2018-12-10,1.269372,Semi-Anl,Interim
823 HK Equity,2018-06-06,2018-06-20,2018-07-05,1.246631,Semi-Anl,Final
823 HK Equity,2017-11-08,2017-11-21,2017-12-01,1.180743,Semi-Anl,Interim
823 HK Equity,2017-06-07,2017-06-20,2017-07-05,1.133708,Semi-Anl,Final
823 HK Equity,2016-11-09,2016-11-22,2016-12-02,1.085992,Semi-Anl,Interim
823 HK Equity,2016-06-08,2016-06-22,2016-07-07,1.041678,Semi-Anl,Final
823 HK Equity,2015-11-11,2015-11-24,2015-12-04,0.96199,Semi-Anl,Interim
823 HK Equity,2015-06-10,2015-06-23,2015-07-07,0.9065,Semi-Anl,Final
823 HK Equity,2014-11-12,2014-11-25,2014-12-09,0.870349,Semi-Anl,Interim
823 HK Equity,2014-06-04,2014-06-17,2014-07-03,0.831768,Semi-Anl,Final
823 HK Equity,2013-11-13,2013-11-26,2013-12-10,0.779582,Semi-Anl,Interim
823 HK Equity,2013-06-05,2013-06-19,2013-08-02,0.732547,Semi-Anl,Final
823 HK Equity,2012-11-08,2012-11-20,2013-01-11,0.690759,Semi-Anl,Interim
823 HK Equity,2012-06-06,2012-06-19,2012-08-02,0.645376,Semi-Anl,Final
823 HK Equity,2011-11-09,2011-11-22,2012-01-13,0.613306,Semi-Anl,Interim
823 HK Equity,2011-06-01,2011-06-15,2011-07-26,0.559662,Semi-Anl,Final
823 HK Equity,2010-11-10,2010-12-01,2011-01-20,0.513696,Semi-Anl,Interim
823 HK Equity,2010-06-02,2010-06-15,2010-08-04,0.476379,Semi-Anl,Final
823 HK Equity,2009-11-19,2009-12-02,2010-01-26,0.469868,Semi-Anl,Interim
823 HK Equity,2009-06-17,2009-06-29,2009-08-19,0.419139,Semi-Anl,Final
823 HK Equity,2008-11-12,2008-11-26,2009-01-23,0.39708,Semi-Anl,Interim
823 HK Equity,2008-06-06,2008-06-18,2008-08-19,0.372104,Semi-Anl,Final
823 HK Equity,2007-11-15,2007-11-27,2008-01-15,0.350919,Semi-Anl,Interim
823 HK Equity,2007-06-08,2007-06-21,2007-08-22,0.336439,Semi-Anl,Final
823 HK Equity,2006-11-21,2006-12-08,2006-12-21,0.318849,Semi-Anl,Interim
823 HK Equity,2006-06-29,2006-08-15,2006-08-30,0.211951,Semi-Anl,Final
836 HK Equity,2026-08-26,2026-09-10,2026-10-30,0.321,Semi-Anl,Interim
836 HK Equity,2026-03-18,2026-06-10,2026-07-27,0.771,Semi-Anl,Final
836 HK Equity,2025-08-21,2025-09-10,2025-10-30,0.356,Semi-Anl,Interim
836 HK Equity,2025-03-20,2025-06-11,2025-07-23,0.691,Semi-Anl,Final
836 HK Equity,2024-08-27,2024-09-10,2024-11-01,0.455,Semi-Anl,Interim
836 HK Equity,2024-03-20,2024-06-07,2024-07-22,0.587,Semi-Anl,Final
836 HK Equity,2023-11-09,2023-11-29,2024-01-23,0.5,None,Special Cash
836 HK Equity,2023-08-22,2023-09-05,2023-11-03,0.328,Semi-Anl,Interim
836 HK Equity,2023-03-22,2023-06-13,2023-07-21,0.376,Semi-Anl,Final
836 HK Equity,2022-08-17,2022-09-02,2022-11-04,0.21,Semi-Anl,Interim
836 HK Equity,2022-03-16,2022-06-09,2022-07-22,0.045,Semi-Anl,Final
836 HK Equity,2021-08-20,2021-09-02,2021-10-26,0.25,Semi-Anl,Interim
836 HK Equity,2021-03-18,2021-06-16,2021-07-09,0.406,Semi-Anl,Final
836 HK Equity,2020-08-17,2020-10-08,2020-10-23,0.225,Semi-Anl,Interim
836 HK Equity,2020-03-30,2020-06-17,2020-07-09,0.348,Semi-Anl,Final
836 HK Equity,2019-08-14,2019-10-04,2019-10-25,0.2,Semi-Anl,Interim
836 HK Equity,2019-03-22,2019-07-03,2019-07-26,0.203,Semi-Anl,Final
836 HK Equity,2018-08-16,2018-10-05,2018-10-26,0.125,Semi-Anl,Interim
836 HK Equity,2018-03-19,2018-06-15,2018-07-05,0.75,Semi-Anl,Final
836 HK Equity,2017-08-16,2017-10-13,2017-10-31,0.125,Semi-Anl,Interim
836 HK Equity,2017-03-23,2017-06-20,2017-06-30,0.75,Semi-Anl,Final
836 HK Equity,2016-08-18,2016-09-21,2016-10-07,0.125,Semi-Anl,Interim
836 HK Equity,2016-03-21,2016-06-10,2016-06-23,0.75,Semi-Anl,Final
836 HK Equity,2015-08-18,2015-09-23,2015-11-06,0.1,Semi-Anl,Interim
836 HK Equity,2015-03-19,2015-06-11,2015-06-23,0.7,Semi-Anl,Final
836 HK Equity,2014-08-18,2014-09-18,2014-10-10,0.08,Semi-Anl,Interim
836 HK Equity,2014-03-17,2014-06-16,2014-06-27,0.67,Semi-Anl,Final
836 HK Equity,2013-08-19,2013-09-12,2013-10-04,0.08,Semi-Anl,Interim
836 HK Equity,2013-03-18,2013-06-13,2013-06-26,0.45,Semi-Anl,Final
836 HK Equity,2012-08-20,2012-09-13,2012-10-12,0.06,Semi-Anl,Interim
836 HK Equity,2012-03-19,2012-06-12,2012-06-26,0.24,Semi-Anl,Final
836 HK Equity,2011-08-22,2011-09-15,2011-10-03,0.06,Semi-Anl,Interim
836 HK Equity,2011-03-17,2011-05-31,2011-06-30,0.27,Semi-Anl,Final
836 HK Equity,2010-08-23,2010-09-16,2010-10-11,0.06,Semi-Anl,Interim
836 HK Equity,2010-03-22,2010-05-31,2010-06-21,0.32,Semi-Anl,Final
836 HK Equity,2009-08-24,2009-09-10,2009-10-05,0.06,Semi-Anl,Interim
836 HK Equity,2009-06-04,2009-06-18,2009-07-22,0.1,None,Rights Issue
836 HK Equity,2009-04-02,2009-05-29,2009-06-22,0.078565,Semi-Anl,Final
836 HK Equity,2008-09-01,2008-09-18,2008-10-06,0.049103,Semi-Anl,Interim
836 HK Equity,2008-03-31,2008-05-22,2008-06-10,0.196414,Semi-Anl,Final
836 HK Equity,2007-08-20,2007-09-13,2007-10-02,0.049103,Semi-Anl,Interim
836 HK Equity,2007-03-27,2007-05-22,2007-06-11,0.13749,Semi-Anl,Final
836 HK Equity,2006-08-21,2006-09-14,2006-10-03,0.039283,Semi-Anl,Interim
836 HK Equity,2006-03-20,2006-05-18,2006-06-05,0.058924,Semi-Anl,Special Cash
836 HK Equity,2006-03-20,2006-05-18,2006-06-05,0.098207,Semi-Anl,Final
836 HK Equity,2005-08-31,2005-09-15,2005-10-03,0.029462,Semi-Anl,Interim
836 HK Equity,2005-04-20,2005-05-19,2005-06-06,0.059906,Semi-Anl,Final
836 HK Equity,2004-08-30,2004-09-16,2004-10-04,0.024552,Semi-Anl,Interim
857 HK Equity,2026-08-28,2026-09-10,2026-10-26,0.26,Semi-Anl,Interim
857 HK Equity,2026-03-29,2026-06-18,2026-07-31,0.25,Semi-Anl,Final
857 HK Equity,2025-08-26,2025-09-09,2025-10-23,0.22,Semi-Anl,Interim
857 HK Equity,2025-03-30,2025-06-17,2025-07-24,0.25,Semi-Anl,Final
857 HK Equity,2024-08-26,2024-09-11,2024-10-28,0.22,Semi-Anl,Interim
857 HK Equity,2024-03-25,2024-06-18,2024-07-29,0.23,Semi-Anl,Final
857 HK Equity,2023-08-30,2023-09-12,2023-10-30,0.21,Semi-Anl,Interim
857 HK Equity,2023-03-29,2023-06-20,2023-07-28,0.22,Semi-Anl,Final
857 HK Equity,2022-08-25,2022-09-09,2022-10-28,0.20258,Semi-Anl,Interim
857 HK Equity,2022-03-31,2022-06-20,2022-07-29,0.09622,Semi-Anl,Final
857 HK Equity,2021-08-26,2021-09-09,2021-10-29,0.1304,Semi-Anl,Interim
857 HK Equity,2021-03-25,2021-06-21,2021-07-30,0.08742,Semi-Anl,Final
857 HK Equity,2020-08-27,2020-09-29,2020-11-13,0.08742,Semi-Anl,Interim
857 HK Equity,2020-03-26,2020-06-22,2020-07-31,0.02358,None,Special Cash
857 HK Equity,2020-03-26,2020-06-22,2020-07-31,0.04243,Semi-Anl,Final
857 HK Equity,2019-08-29,2019-09-16,2019-11-01,0.06988,Semi-Anl,Interim
857 HK Equity,2019-08-29,2019-09-16,2019-11-01,0.00777,None,Special Cash
857 HK Equity,2019-03-21,2019-06-20,2019-08-02,0.02729,None,Special Cash
857 HK Equity,2019-03-21,2019-06-20,2019-08-02,0.06271,Semi-Anl,Final
857 HK Equity,2018-08-30,2018-09-13,2018-11-01,0.0666,Semi-Anl,Interim
857 HK Equity,2018-08-30,2018-09-13,2018-11-01,0.0222,None,Special Cash
857 HK Equity,2018-03-22,2018-06-13,2018-07-26,0.03585,None,Special Cash
857 HK Equity,2018-03-22,2018-06-13,2018-07-26,0.02489,Semi-Anl,Final
857 HK Equity,2017-08-24,2017-09-07,2017-10-27,0.03117,Semi-Anl,Interim
857 HK Equity,2017-08-24,2017-09-07,2017-10-27,0.03809,None,Special Cash
857 HK Equity,2017-03-30,2017-06-14,2017-07-27,0.02,None,Special Cash
857 HK Equity,2017-03-30,2017-06-14,2017-07-27,0.01801,Semi-Anl,Final
857 HK Equity,2016-08-24,2016-09-13,2016-10-28,0.02131,Semi-Anl,Interim
857 HK Equity,2016-03-23,2016-05-31,2016-07-14,0.022374,Semi-Anl,Final
857 HK Equity,2015-08-27,2015-09-10,2015-10-27,0.056223,Semi-Anl,Interim
857 HK Equity,2015-03-26,2015-06-30,2015-08-13,0.086409,Semi-Anl,Final
857 HK Equity,2014-08-28,2014-09-11,2014-09-29,0.15075,Semi-Anl,Interim
857 HK Equity,2014-03-20,2014-05-28,2014-07-17,0.141795,Semi-Anl,Final
857 HK Equity,2013-08-22,2013-09-04,2013-10-24,0.14499,Semi-Anl,Interim
857 HK Equity,2013-03-21,2013-05-29,2013-07-18,0.117954,Semi-Anl,Final
857 HK Equity,2012-08-23,2012-09-05,2012-10-24,0.13725,Semi-Anl,Interim
857 HK Equity,2012-03-29,2012-05-30,2012-07-12,0.148158,Semi-Anl,Final
857 HK Equity,2011-08-25,2011-09-07,2011-10-21,0.146061,Semi-Anl,Interim
857 HK Equity,2011-03-17,2011-05-24,2011-06-30,0.165213,Semi-Anl,Final
857 HK Equity,2010-08-26,2010-09-08,2010-10-15,0.144567,Semi-Anl,Interim
857 HK Equity,2010-03-25,2010-05-26,2010-06-30,0.117027,Semi-Anl,Final
857 HK Equity,2009-08-28,2009-09-10,2009-10-16,0.111753,Semi-Anl,Interim
857 HK Equity,2009-03-25,2009-05-19,2009-06-19,0.134577,Semi-Anl,Final
857 HK Equity,2008-08-27,2008-09-09,2008-10-16,0.118644,Semi-Anl,Interim
857 HK Equity,2008-03-19,2008-05-20,2008-06-13,0.156859,Semi-Anl,Final
857 HK Equity,2007-08-23,2007-09-05,2007-09-28,0.20569,Semi-Anl,Interim
857 HK Equity,2007-03-19,2007-04-12,2007-06-01,0.154699,Semi-Anl,Final
857 HK Equity,2006-08-23,2006-09-06,2006-09-26,0.202806,Semi-Anl,Interim
857 HK Equity,2006-03-20,2006-04-24,2006-06-09,0.180325,Semi-Anl,Final
857 HK Equity,2005-08-24,2005-09-07,2005-09-30,0.157719,Semi-Anl,Interim
857 HK Equity,2005-03-16,2005-04-22,2005-06-10,0.147511,Semi-Anl,Final
857 HK Equity,2004-08-26,2004-09-09,2004-10-08,0.115919,Semi-Anl,Interim
857 HK Equity,2004-03-24,2004-04-15,2004-06-02,0.079324,Semi-Anl,Final
857 HK Equity,2003-08-27,2003-09-09,2003-10-08,0.098841,Semi-Anl,Interim
857 HK Equity,2003-04-01,2003-04-24,2003-06-12,0.069951,Semi-Anl,Final
857 HK Equity,2002-08-29,2002-09-11,2002-10-08,0.050113,Semi-Anl,Interim
857 HK Equity,2002-04-15,2002-05-03,2002-06-21,0.050272,Semi-Anl,Final
857 HK Equity,2001-08-30,2001-09-12,2001-10-08,0.069535,Semi-Anl,Interim
857 HK Equity,2001-04-23,2001-05-07,2001-06-22,0.082315,Semi-Anl,Final
857 HK Equity,2000-08-31,2000-09-12,2000-10-05,0.059042,Semi-Anl,Interim
868 HK Equity,2026-07-31,2026-08-13,2026-09-30,0.15,Semi-Anl,Interim
868 HK Equity,2026-02-27,2026-06-02,2026-07-29,0.215,Semi-Anl,Final
868 HK Equity,2025-08-01,2025-08-14,2025-10-10,0.125,Semi-Anl,Interim
868 HK Equity,2025-03-02,2025-06-03,2025-07-30,0.1,Semi-Anl,Final
868 HK Equity,2024-07-31,2024-08-13,2024-10-16,0.31,Semi-Anl,Interim
868 HK Equity,2024-02-28,2024-06-04,2024-08-07,0.37,Semi-Anl,Final
868 HK Equity,2023-07-31,2023-08-11,2023-10-10,0.26,Semi-Anl,Interim
868 HK Equity,2023-02-27,2023-06-06,2023-08-04,0.22,Semi-Anl,Final
868 HK Equity,2022-08-01,2022-08-12,2022-09-28,0.4,Semi-Anl,Interim
868 HK Equity,2022-02-28,2022-06-07,2022-07-06,0.76,Semi-Anl,Final
868 HK Equity,2021-08-02,2021-08-13,2021-09-07,0.66,Semi-Anl,Interim
868 HK Equity,2021-03-01,2021-06-01,2021-07-06,0.62,Semi-Anl,Final
868 HK Equity,2020-08-03,2020-08-17,2020-09-01,0.17,Semi-Anl,Interim
868 HK Equity,2020-03-16,2020-06-04,2020-07-07,0.3,Semi-Anl,Final
868 HK Equity,2019-08-07,2019-08-20,2019-09-03,0.25,Semi-Anl,Interim
868 HK Equity,2019-02-25,2019-05-17,2019-07-03,0.27,Semi-Anl,Final
868 HK Equity,2018-07-31,2018-08-13,2018-09-04,0.25,Semi-Anl,Interim
868 HK Equity,2018-02-26,2018-06-11,2018-07-04,0.28,Semi-Anl,Final
868 HK Equity,2017-07-31,2017-08-11,2017-09-05,0.2,Semi-Anl,Return of Capital
868 HK Equity,2017-02-28,2017-06-19,2017-07-04,0.23,Semi-Anl,Return of Capital
868 HK Equity,2016-08-02,2016-08-15,2016-09-06,0.17,Semi-Anl,Return of Capital
868 HK Equity,2015-12-16,2016-06-28,2016-07-08,0.125,None,Spinoff
868 HK Equity,2016-03-15,2016-06-16,2016-07-05,0.17,Semi-Anl,Return of Capital
868 HK Equity,2015-07-28,2015-08-10,2015-09-08,0.095,Semi-Anl,Return of Capital
868 HK Equity,2015-03-02,2015-06-03,2015-07-07,0.06,Semi-Anl,Return of Capital
868 HK Equity,2014-07-23,2014-08-06,2014-09-08,0.09,Semi-Anl,Return of Capital
868 HK Equity,2014-02-26,2014-06-11,2014-07-08,0.14,Semi-Anl,Return of Capital
868 HK Equity,2013-02-28,2013-12-02,2013-12-11,1.0,None,Spinoff
868 HK Equity,2013-07-23,2013-09-02,2013-09-18,0.13,Semi-Anl,Interim
868 HK Equity,2013-02-28,2013-06-04,2013-07-08,0.09,Semi-Anl,Final
868 HK Equity,2012-07-30,2012-08-10,2012-09-19,0.06,Semi-Anl,Interim
868 HK Equity,2012-02-27,2012-05-31,2012-07-09,0.05,Semi-Anl,Final
868 HK Equity,2011-08-01,2011-08-25,2011-10-11,0.11,Semi-Anl,Interim
868 HK Equity,2011-02-28,2011-04-28,2011-06-02,0.13,Semi-Anl,Final
868 HK Equity,2010-08-02,2010-08-13,2010-09-13,0.08,Semi-Anl,Interim
868 HK Equity,2010-03-30,2010-05-20,2010-06-07,1.0,None,Bonus
868 HK Equity,2010-03-30,2010-05-20,2010-06-07,0.075,Semi-Anl,Final
868 HK Equity,2009-08-31,2009-09-11,2009-09-24,0.03,Semi-Anl,Interim
868 HK Equity,2009-03-30,2009-05-15,2009-06-01,0.045,Semi-Anl,Final
868 HK Equity,2008-09-01,2008-09-11,2008-09-25,0.055,Semi-Anl,Interim
868 HK Equity,2008-03-31,2008-05-19,2008-06-03,0.05,Semi-Anl,Final
868 HK Equity,2007-08-13,2007-08-23,2007-09-07,0.045,Semi-Anl,Interim
868 HK Equity,2007-04-02,2007-05-04,2007-05-21,0.035,Semi-Anl,Final
868 HK Equity,2006-08-31,2006-09-14,2006-09-28,0.02,Semi-Anl,Interim
868 HK Equity,2006-04-04,2006-05-04,2006-05-22,0.025,Semi-Anl,Final
868 HK Equity,2005-09-13,2005-09-26,2005-10-10,0.015,Semi-Anl,Interim
868 HK Equity,2005-04-22,2005-05-13,2005-05-27,0.025,Irreg,Final
883 HK Equity,2026-08-26,2026-09-10,2026-10-16,0.94,Semi-Anl,Interim
883 HK Equity,2026-03-26,2026-06-11,2026-07-10,0.55,Semi-Anl,Final
883 HK Equity,2025-08-27,2025-09-11,2025-10-17,0.73,Semi-Anl,Interim
883 HK Equity,2025-03-27,2025-06-12,2025-07-11,0.66,Semi-Anl,Final
883 HK Equity,2024-08-28,2024-09-12,2024-10-18,0.74,Semi-Anl,Interim
883 HK Equity,2024-03-21,2024-06-13,2024-07-12,0.66,Semi-Anl,Final
883 HK Equity,2023-08-17,2023-09-07,2023-10-18,0.59,Semi-Anl,Interim
883 HK Equity,2023-03-29,2023-06-08,2023-07-14,0.75,Semi-Anl,Final
883 HK Equity,2022-08-25,2022-09-06,2022-10-13,0.7,Semi-Anl,Interim
883 HK Equity,2022-04-28,2022-06-09,2022-07-15,1.18,None,Special Cash
883 HK Equity,2022-03-30,2022-06-08,,-2.4245362661989844e-14,#N/A N/A,#N/A N/A
883 HK Equity,2021-08-19,2021-09-02,2021-10-13,0.3,Semi-Anl,Interim
883 HK Equity,2021-03-25,2021-06-03,2021-07-09,0.25,Semi-Anl,Final
883 HK Equity,2020-08-19,2020-09-03,2020-10-16,0.2,Semi-Anl,Interim
883 HK Equity,2020-03-25,2020-06-04,2020-07-10,0.45,Semi-Anl,Final
883 HK Equity,2019-08-29,2019-09-12,2019-10-16,0.33,Semi-Anl,Interim
883 HK Equity,2019-03-21,2019-06-05,2019-07-10,0.4,Semi-Anl,Final
883 HK Equity,2018-08-23,2018-09-06,2018-10-16,0.3,Semi-Anl,Interim
883 HK Equity,2018-03-29,2018-06-07,2018-07-10,0.3,Semi-Anl,Final
883 HK Equity,2017-08-24,2017-09-07,2017-10-12,0.2,Semi-Anl,Interim
883 HK Equity,2017-03-23,2017-06-08,2017-07-18,0.23,Semi-Anl,Final
883 HK Equity,2016-08-24,2016-09-08,2016-10-13,0.12,Semi-Anl,Interim
883 HK Equity,2016-03-24,2016-06-08,2016-07-19,0.25,Semi-Anl,Final
883 HK Equity,2015-08-26,2015-09-10,2015-10-13,0.25,Semi-Anl,Interim
883 HK Equity,2015-03-27,2015-06-04,2015-07-03,0.32,Semi-Anl,Final
883 HK Equity,2014-08-28,2014-09-11,2014-10-16,0.25,Semi-Anl,Interim
883 HK Equity,2014-03-28,2014-06-05,2014-07-03,0.32,Semi-Anl,Final
883 HK Equity,2013-08-20,2013-09-05,2013-10-10,0.25,Semi-Anl,Interim
883 HK Equity,2013-03-22,2013-05-30,2013-07-03,0.32,Semi-Anl,Final
883 HK Equity,2012-08-21,2012-09-06,2012-10-10,0.15,Semi-Anl,Interim
883 HK Equity,2012-03-28,2012-05-30,2012-06-28,0.28,Semi-Anl,Final
883 HK Equity,2011-08-24,2011-09-05,2011-09-30,0.25,Semi-Anl,Interim
883 HK Equity,2011-03-23,2011-05-18,2011-06-09,0.25,Semi-Anl,Final
883 HK Equity,2010-08-19,2010-09-01,2010-09-17,0.21,Semi-Anl,Interim
883 HK Equity,2010-03-31,2010-05-11,2010-06-04,0.2,Semi-Anl,Final
883 HK Equity,2009-08-26,2009-09-09,2009-09-30,0.2,Semi-Anl,Interim
883 HK Equity,2009-03-31,2009-05-25,2009-06-18,0.2,Semi-Anl,Final
883 HK Equity,2008-08-27,2008-09-10,2008-09-30,0.2,Semi-Anl,Interim
883 HK Equity,2008-03-27,2008-05-20,2008-06-11,0.17,Semi-Anl,Final
883 HK Equity,2007-08-29,2007-09-12,2007-09-28,0.13,Semi-Anl,Interim
883 HK Equity,2007-03-29,2007-05-16,2007-06-07,0.14,Semi-Anl,Final
883 HK Equity,2006-08-29,2006-09-13,2006-09-29,0.12,Semi-Anl,Interim
883 HK Equity,2006-03-24,2006-05-15,2006-06-07,0.1,Semi-Anl,Final
883 HK Equity,2005-08-30,2005-09-13,2005-09-29,0.05,Semi-Anl,Special Cash
883 HK Equity,2005-08-30,2005-09-13,2005-09-29,0.05,Semi-Anl,Interim
883 HK Equity,2005-03-29,2005-05-13,2005-06-07,0.03,Semi-Anl,Final
883 HK Equity,2005-03-29,2005-05-13,2005-06-07,0.05,Semi-Anl,Special Cash
883 HK Equity,2004-08-25,2004-09-15,2004-09-28,0.05,Semi-Anl,Special Cash
883 HK Equity,2004-08-25,2004-09-15,2004-09-28,0.03,Semi-Anl,Interim
883 HK Equity,2004-03-15,2004-04-14,2004-05-04,0.036,None,Special Cash
883 HK Equity,2004-03-15,2004-04-14,2004-05-04,0.024,Semi-Anl,Final
883 HK Equity,2004-01-27,2004-03-17,2004-03-18,5.0,#N/A N/A,None
883 HK Equity,2003-09-04,2003-09-17,2003-10-10,0.036,None,Special Cash
883 HK Equity,2003-09-04,2003-09-17,2003-10-10,0.028,Semi-Anl,Interim
883 HK Equity,2003-03-27,2003-05-21,2003-05-30,0.03,None,Special Cash
883 HK Equity,2003-03-27,2003-05-21,2003-05-30,0.03,Semi-Anl,Final
883 HK Equity,2002-08-23,2002-09-16,2002-09-27,0.022,Semi-Anl,Interim
883 HK Equity,2002-03-27,2002-05-27,2002-06-19,0.03,Semi-Anl,Final
883 HK Equity,2001-08-27,2001-09-20,2001-10-31,0.02,Semi-Anl,Interim
939 HK Equity,2026-08-28,,,0.201,#N/A N/A,#N/A N/A
939 HK Equity,2026-03-27,2026-07-02,2026-08-21,0.2029,Semi-Anl,Final
939 HK Equity,2025-08-29,2025-12-03,2026-01-26,0.1858,Semi-Anl,Interim
939 HK Equity,2025-03-28,2025-04-30,2025-05-28,0.206,Semi-Anl,Final
939 HK Equity,2024-08-30,2025-01-02,2025-01-27,0.197,Irreg,Interim
939 HK Equity,2024-03-28,2024-07-04,2024-08-02,0.4,Annual,Final
939 HK Equity,2023-03-29,2023-07-06,2023-08-04,0.389,Annual,Final
939 HK Equity,2022-03-29,2022-06-29,2022-07-29,0.364,Annual,Final
939 HK Equity,2021-03-26,2021-07-07,2021-08-05,0.326,Annual,Final
939 HK Equity,2020-03-29,2020-07-02,2020-07-30,0.32,Annual,Final
939 HK Equity,2019-03-27,2019-07-02,2019-07-30,0.306,Annual,Final
939 HK Equity,2018-03-27,2018-07-09,2018-08-06,0.291,Annual,Final
939 HK Equity,2017-03-29,2017-06-22,2017-07-20,0.278,Annual,Final
939 HK Equity,2016-03-30,2016-06-22,2016-07-22,0.2466,Annual,Final
939 HK Equity,2015-03-27,2015-06-23,2015-07-24,0.2709,Annual,Final
939 HK Equity,2014-03-30,2014-07-02,2014-08-08,0.27,Annual,Final
939 HK Equity,2013-03-24,2013-06-13,2013-07-12,0.2412,Annual,Final
939 HK Equity,2012-03-25,2012-06-14,2012-07-13,0.21285,Semi-Anl,Final
939 HK Equity,2011-08-21,2011-11-07,,-2.4245362661989844e-14,#N/A N/A,#N/A N/A
939 HK Equity,2011-03-27,2011-06-16,2011-07-15,0.19098,Semi-Anl,Final
939 HK Equity,2010-04-29,2010-11-10,2010-12-16,0.07,None,Rights Issue
939 HK Equity,2010-08-22,2010-11-08,,-2.4245362661989844e-14,#N/A N/A,#N/A N/A
939 HK Equity,2010-03-28,2010-06-30,2010-07-21,0.176362,Semi-Anl,Final
939 HK Equity,2009-08-21,2009-11-06,,-2.4245362661989844e-14,#N/A N/A,#N/A N/A
939 HK Equity,2009-03-27,2009-06-17,2009-07-08,0.073077,Semi-Anl,Final
939 HK Equity,2008-10-24,2008-11-06,2008-11-25,0.096475,Semi-Anl,Interim
939 HK Equity,2008-04-11,2008-06-17,2008-07-08,0.063056,Semi-Anl,Final
939 HK Equity,2007-08-24,2007-09-25,2007-10-10,0.070541,None,Special Cash
939 HK Equity,2007-08-24,2007-09-25,2007-10-10,0.064996,Semi-Anl,Interim
939 HK Equity,2007-04-16,2007-05-10,2007-07-13,0.089248,Annual,Final
939 HK Equity,2006-04-06,2006-05-12,2006-07-14,0.014551,Annual,Final
941 HK Equity,2026-08-13,2026-08-25,2026-09-30,2.9003,Semi-Anl,Interim
941 HK Equity,2026-03-26,2026-06-05,2026-06-24,2.52,Semi-Anl,Final
941 HK Equity,2025-08-07,2025-09-01,2025-09-17,2.75,Semi-Anl,Interim
941 HK Equity,2025-03-20,2025-06-06,2025-06-25,2.49,Semi-Anl,Final
941 HK Equity,2024-08-08,2024-09-02,2024-09-24,2.6,Semi-Anl,Interim
941 HK Equity,2024-03-21,2024-06-06,2024-06-26,2.4,Semi-Anl,Final
941 HK Equity,2023-08-10,2023-09-04,2023-09-25,2.43,Semi-Anl,Interim
941 HK Equity,2023-03-23,2023-06-07,2023-06-26,2.21,Semi-Anl,Final
941 HK Equity,2022-08-11,2022-09-06,2022-09-27,2.2,Semi-Anl,Interim
941 HK Equity,2022-03-23,2022-05-25,2022-06-15,2.43,Semi-Anl,Final
941 HK Equity,2021-08-12,2021-08-25,2021-09-15,1.63,Semi-Anl,Interim
941 HK Equity,2021-03-25,2021-05-03,2021-05-20,1.76,Semi-Anl,Final
941 HK Equity,2020-08-13,2020-08-27,2020-09-29,1.53,Semi-Anl,Interim
941 HK Equity,2020-03-19,2020-05-25,2020-06-23,1.723,Semi-Anl,Final
941 HK Equity,2019-08-08,2019-08-29,2019-09-25,1.527,Semi-Anl,Interim
941 HK Equity,2019-03-21,2019-05-27,2019-06-26,1.391,Semi-Anl,Final
941 HK Equity,2018-08-09,2018-08-30,2018-09-27,1.826,Semi-Anl,Interim
941 HK Equity,2018-03-22,2018-05-24,2018-06-27,1.582,Semi-Anl,Final
941 HK Equity,2017-08-10,2017-08-31,2017-09-28,3.2,None,Special Cash
941 HK Equity,2017-08-10,2017-08-31,2017-09-28,1.623,Semi-Anl,Interim
941 HK Equity,2017-03-23,2017-06-02,2017-06-28,1.243,Semi-Anl,Final
941 HK Equity,2016-08-11,2016-09-01,2016-09-29,1.489,Semi-Anl,Interim
941 HK Equity,2016-03-17,2016-06-02,2016-06-24,1.196,Semi-Anl,Final
941 HK Equity,2015-08-20,2015-09-07,2015-09-30,1.525,Semi-Anl,Interim
941 HK Equity,2015-03-19,2015-06-04,2015-06-30,1.38,Semi-Anl,Final
941 HK Equity,2014-08-14,2014-09-04,2014-09-29,1.54,Semi-Anl,Interim
941 HK Equity,2014-03-20,2014-05-27,2014-06-23,1.615,Semi-Anl,Final
941 HK Equity,2013-08-15,2013-09-05,2013-09-30,1.696,Semi-Anl,Interim
941 HK Equity,2013-03-14,2013-06-04,2013-06-26,1.778,Semi-Anl,Final
941 HK Equity,2012-08-16,2012-09-06,2012-09-28,1.633,Semi-Anl,Interim
941 HK Equity,2012-03-15,2012-05-21,2012-06-08,1.747,Semi-Anl,Final
941 HK Equity,2011-08-18,2011-09-08,2011-09-30,1.58,Semi-Anl,Interim
941 HK Equity,2011-03-16,2011-05-13,2011-06-03,1.597,Semi-Anl,Final
941 HK Equity,2010-08-19,2010-09-09,2010-09-30,1.417,Semi-Anl,Interim
941 HK Equity,2010-03-18,2010-05-06,2010-05-28,1.458,Semi-Anl,Final
941 HK Equity,2009-08-20,2009-09-14,2009-09-30,1.346,Semi-Anl,Interim
941 HK Equity,2009-03-19,2009-05-25,2009-06-12,1.404,Semi-Anl,Final
941 HK Equity,2008-08-27,2008-09-12,2008-09-26,1.339,Semi-Anl,Interim
941 HK Equity,2008-03-19,2008-05-02,2008-05-21,0.016,None,Special Cash
941 HK Equity,2008-03-19,2008-05-02,2008-05-21,1.16,Semi-Anl,Final
941 HK Equity,2007-08-16,2007-09-03,2007-09-14,0.085,None,Special Cash
941 HK Equity,2007-08-16,2007-09-03,2007-09-14,0.837,Semi-Anl,Interim
941 HK Equity,2007-03-21,2007-05-10,2007-05-25,0.069,Semi-Anl,Special Cash
941 HK Equity,2007-03-21,2007-05-10,2007-05-25,0.763,Semi-Anl,Final
941 HK Equity,2006-08-17,2006-09-04,2006-09-15,0.09,Semi-Anl,Special Cash
941 HK Equity,2006-08-17,2006-09-04,2006-09-15,0.62,Semi-Anl,Interim
941 HK Equity,2006-03-16,2006-05-12,2006-05-26,0.57,Semi-Anl,Final
941 HK Equity,2005-08-10,2005-08-29,2005-09-09,0.45,Semi-Anl,Interim
941 HK Equity,2005-03-11,2005-05-06,2005-05-20,0.46,Semi-Anl,Final
941 HK Equity,2004-08-18,2004-09-06,2004-09-17,0.2,Semi-Anl,Interim
941 HK Equity,2004-03-18,2004-06-10,2004-06-21,0.2,Semi-Anl,Final
941 HK Equity,2003-08-12,2003-08-29,2003-09-15,0.16,Semi-Anl,Interim
941 HK Equity,2003-03-18,2003-04-01,2003-05-22,0.32,Semi-Anl,Final
960 HK Equity,2026-08-28,2027-03-16,,-2.4245362661989844e-14,#N/A N/A,#N/A N/A
960 HK Equity,2026-03-27,2026-08-14,,-2.4245362661989844e-14,#N/A N/A,#N/A N/A
960 HK Equity,2025-08-29,2026-03-16,2026-04-30,0.07,Semi-Anl,Interim
960 HK Equity,2025-03-28,2025-08-14,2025-09-26,0.1,Semi-Anl,Final
960 HK Equity,2024-08-23,2025-02-24,2025-04-08,0.22,Semi-Anl,Interim
960 HK Equity,2024-03-22,2024-07-12,2024-08-22,0.23,Semi-Anl,Final
960 HK Equity,2023-08-18,2023-12-29,2024-02-08,0.32,Semi-Anl,Interim
960 HK Equity,2023-03-17,2023-07-07,2023-08-21,0.8,Semi-Anl,Final
960 HK Equity,2022-08-26,2022-11-24,2023-01-20,0.33,Semi-Anl,Interim
960 HK Equity,2022-03-25,2022-07-07,2022-08-19,1.23,Semi-Anl,Final
960 HK Equity,2021-08-25,2021-12-16,2022-01-24,0.47,Semi-Anl,Interim
960 HK Equity,2021-03-26,2021-06-21,2021-07-15,1.03,Semi-Anl,Final
960 HK Equity,2020-08-26,2020-12-17,2021-01-15,0.4,Semi-Anl,Interim
960 HK Equity,2020-03-24,2020-06-18,2020-07-10,0.84,Semi-Anl,Final
960 HK Equity,2019-08-26,2019-12-19,2020-01-17,0.36,Semi-Anl,Interim
960 HK Equity,2019-03-25,2019-06-20,2019-07-10,0.69,Semi-Anl,Final
960 HK Equity,2018-08-21,2019-01-03,2019-01-18,0.3,Semi-Anl,Interim
960 HK Equity,2018-03-23,2018-06-20,2018-07-10,0.085,None,Special Cash
960 HK Equity,2018-03-23,2018-06-20,2018-07-10,0.473,Semi-Anl,Final
960 HK Equity,2017-08-16,2017-12-07,2018-01-08,0.2,Irreg,Interim
960 HK Equity,2017-03-24,2017-06-08,2017-07-07,0.466,Annual,Final
960 HK Equity,2016-03-29,2016-06-06,2016-07-07,0.357,Annual,Final
960 HK Equity,2015-03-18,2015-06-01,2015-07-06,0.284,Annual,Final
960 HK Equity,2014-03-21,2014-05-28,2014-06-17,0.228,Annual,Final
960 HK Equity,2013-03-15,2013-05-21,2013-06-04,0.2,Annual,Final
960 HK Equity,2012-03-12,2012-05-21,2012-06-04,0.175,Annual,Final
960 HK Equity,2011-03-21,2011-04-21,2011-05-13,0.1,Annual,Final
960 HK Equity,2010-04-12,2010-05-18,2010-06-15,0.063,Annual,Final
9618 HK Equity,2026-03-05,2026-04-08,2026-04-23,0.5,Annual,Final
9618 HK Equity,2025-03-06,2025-04-07,2025-04-23,0.5,Annual,Final
9618 HK Equity,2024-03-06,2024-04-03,2024-04-23,0.38,Annual,Final
9618 HK Equity,2023-03-09,2023-04-04,2023-04-27,0.31,Irreg,Final
9618 HK Equity,2022-05-04,2022-05-19,2022-06-08,0.63,None,Special Cash
9633 HK Equity,2026-03-24,2026-05-21,2026-08-19,0.99,Annual,Final
9633 HK Equity,2025-03-25,2025-05-22,2025-08-27,0.76,Annual,Final
9633 HK Equity,2024-03-26,2024-05-23,2024-08-28,0.75,Annual,Final
9633 HK Equity,2023-03-28,2023-05-18,2023-08-30,0.68,Annual,Final
9633 HK Equity,2022-03-28,2022-06-16,2022-07-08,0.45,Annual,Final
9633 HK Equity,2021-03-25,2021-06-29,2021-08-31,0.17,Irreg,Final
968 HK Equity,2026-07-31,2026-08-13,2026-09-02,0.0023,Semi-Anl,Interim
968 HK Equity,2026-02-27,2026-06-02,2026-07-03,0.008,Semi-Anl,Final
968 HK Equity,2025-08-01,2025-08-14,2025-10-10,0.042,Semi-Anl,Interim
968 HK Equity,2025-02-28,2025-06-04,,-2.4245362661989844e-14,#N/A N/A,#N/A N/A
968 HK Equity,2024-07-31,2024-08-13,2024-10-16,0.1,Semi-Anl,Interim
968 HK Equity,2024-02-28,2024-06-04,2024-08-07,0.15,Semi-Anl,Final
968 HK Equity,2023-07-31,2023-08-11,2023-09-06,0.075,Semi-Anl,Interim
968 HK Equity,2023-02-27,2023-06-06,2023-07-04,0.1,Semi-Anl,Final
968 HK Equity,2022-08-01,2022-08-11,2022-09-06,0.1,Semi-Anl,Interim
968 HK Equity,2022-02-28,2022-06-07,2022-07-06,0.1,Semi-Anl,Final
968 HK Equity,2021-08-02,2021-08-17,2021-09-21,0.17,Semi-Anl,Interim
968 HK Equity,2021-03-01,2021-06-01,2021-07-07,0.17,Semi-Anl,Final
968 HK Equity,2020-08-03,2020-08-18,2020-09-23,0.085,Semi-Anl,Interim
968 HK Equity,2020-03-16,2020-05-19,2020-06-24,0.085,Semi-Anl,Final
968 HK Equity,2019-08-07,2019-08-20,2019-10-15,0.055,Semi-Anl,Interim
968 HK Equity,2019-02-25,2019-05-17,2019-07-03,0.042,Semi-Anl,Final
968 HK Equity,2019-04-22,2019-05-07,2019-05-28,0.1,None,Entitlement
968 HK Equity,2018-07-30,2018-08-13,2018-09-19,0.08,Semi-Anl,Interim
968 HK Equity,2018-02-26,2018-06-11,2018-07-04,0.07,None,Return of Capital
968 HK Equity,2017-07-31,2017-08-11,2017-09-19,0.08,Semi-Anl,Interim
968 HK Equity,2017-02-28,2017-06-19,2017-07-04,0.06,Semi-Anl,Return of Capital
968 HK Equity,2017-04-19,2017-05-05,2017-06-09,0.1,None,Rights Issue
968 HK Equity,2016-08-02,2016-08-15,2016-09-20,0.079459,Semi-Anl,Return of Capital
968 HK Equity,2016-03-15,2016-06-16,2016-07-05,0.044696,None,Return of Capital
968 HK Equity,2015-07-28,2015-08-10,2015-09-08,0.041716,Semi-Anl,Interim
968 HK Equity,2015-03-02,2015-06-03,2015-07-07,0.023838,Semi-Anl,Final
968 HK Equity,2014-07-23,2014-08-06,2014-09-08,0.015892,Irreg,Interim
968 HK Equity,2014-02-26,2014-06-11,2014-07-08,0.017878,Irreg,Final
981 HK Equity,2016-09-30,2016-12-07,2016-12-08,0.1,#N/A N/A,None
9888 HK Equity,2021-03-05,2021-03-08,,80.0,#N/A N/A,#N/A N/A
9901 HK Equity,2025-10-28,2026-05-14,2026-06-02,0.06,Irreg,Regular Cash
9901 HK Equity,2025-10-28,2025-11-17,2025-12-02,0.06,Irreg,Regular Cash
9901 HK Equity,2024-08-19,2024-09-09,2024-09-23,0.06,None,Special Cash
9901 HK Equity,2021-01-26,2021-03-10,2021-03-11,10.0,#N/A N/A,None
992 HK Equity,2026-05-22,2026-08-05,2026-08-19,0.337,Semi-Anl,Final
992 HK Equity,2025-11-20,2025-12-10,2025-12-24,0.085,Semi-Anl,Interim
992 HK Equity,2025-05-22,2025-07-30,2025-08-13,0.305,Semi-Anl,Final
992 HK Equity,2024-11-15,2024-11-27,2024-12-12,0.085,Semi-Anl,Interim
992 HK Equity,2024-05-23,2024-07-31,2024-08-14,0.3,Semi-Anl,Final
992 HK Equity,2023-11-16,2023-11-28,2023-12-13,0.08,Semi-Anl,Interim
992 HK Equity,2023-05-24,2023-07-26,2023-08-10,0.3,Semi-Anl,Final
992 HK Equity,2022-11-03,2022-11-25,2022-12-09,0.08,Semi-Anl,Interim
992 HK Equity,2022-05-26,2022-08-01,2022-08-16,0.3,Semi-Anl,Final
992 HK Equity,2021-11-04,2021-11-26,2021-12-10,0.08,Semi-Anl,Interim
992 HK Equity,2021-05-27,2021-07-26,2021-08-10,0.24,Semi-Anl,Final
992 HK Equity,2020-11-03,2020-11-25,2020-12-10,0.066,Semi-Anl,Interim
992 HK Equity,2020-05-20,2020-07-13,2020-07-24,0.215,Semi-Anl,Final
992 HK Equity,2019-11-07,2019-11-27,2019-12-06,0.063,Semi-Anl,Interim
992 HK Equity,2019-05-23,2019-07-11,2019-07-24,0.218,Semi-Anl,Final
992 HK Equity,2018-11-08,2018-11-21,2018-11-30,0.06,Semi-Anl,Interim
992 HK Equity,2018-05-24,2018-07-10,2018-07-18,0.205,Semi-Anl,Final
992 HK Equity,2017-11-02,2017-11-21,2017-11-30,0.06,Semi-Anl,Interim
992 HK Equity,2017-05-25,2017-07-10,2017-07-18,0.205,Semi-Anl,Final
992 HK Equity,2016-11-03,2016-11-16,2016-11-28,0.06,Semi-Anl,Interim
992 HK Equity,2016-05-26,2016-07-11,2016-07-19,0.205,Semi-Anl,Final
992 HK Equity,2015-11-12,2015-11-25,2015-12-07,0.06,Semi-Anl,Interim
992 HK Equity,2015-05-21,2015-07-06,2015-07-14,0.205,Semi-Anl,Final
992 HK Equity,2014-11-06,2014-11-19,2014-12-01,0.06,Semi-Anl,Interim
992 HK Equity,2014-05-21,2014-07-04,2014-07-14,0.18,Semi-Anl,Final
992 HK Equity,2013-11-07,2013-11-20,2013-12-02,0.06,Semi-Anl,Interim
992 HK Equity,2013-05-23,2013-07-18,2013-07-26,0.14,Semi-Anl,Final
992 HK Equity,2012-11-08,2012-11-21,2012-12-03,0.045,Semi-Anl,Interim
992 HK Equity,2012-05-23,2012-07-05,2012-07-13,0.1,Semi-Anl,Final
992 HK Equity,2011-11-02,2011-11-17,2011-11-30,0.038,Semi-Anl,Interim
992 HK Equity,2011-05-26,2011-07-18,2011-08-02,0.05,Semi-Anl,Final
992 HK Equity,2010-11-10,2010-11-25,2010-12-09,0.026,Semi-Anl,Interim
992 HK Equity,2010-05-27,2010-07-26,2010-08-09,0.045,Semi-Anl,Final
992 HK Equity,2009-11-05,2009-11-19,2009-12-02,0.01,Semi-Anl,Interim
992 HK Equity,2009-05-21,2009-07-17,,-2.4245362661989844e-14,#N/A N/A,#N/A N/A
992 HK Equity,2008-11-07,2008-11-20,2008-12-05,0.03,Semi-Anl,Interim
992 HK Equity,2008-05-22,2008-07-17,2008-08-01,0.128,Semi-Anl,Final
992 HK Equity,2007-11-01,2007-11-15,2007-11-30,0.03,Semi-Anl,Interim
992 HK Equity,2007-05-23,2007-07-12,2007-07-27,0.028,Semi-Anl,Final
992 HK Equity,2006-11-09,2006-11-24,2006-12-06,0.024,Semi-Anl,Interim
992 HK Equity,2006-05-25,2006-08-21,2006-09-08,0.028,Semi-Anl,Final
992 HK Equity,2005-11-01,2005-11-15,2005-12-02,0.024,Semi-Anl,Interim
992 HK Equity,2005-06-08,2005-08-01,2005-08-16,0.028,Semi-Anl,Final
992 HK Equity,2004-11-16,2004-11-30,2004-12-14,0.024,Semi-Anl,Interim
992 HK Equity,2004-06-02,2004-07-15,2004-07-28,0.03,Semi-Anl,Final
992 HK Equity,2003-11-05,2003-11-19,2003-12-04,0.02,Semi-Anl,Interim
992 HK Equity,2003-05-28,2003-07-08,2003-08-13,0.052,Semi-Anl,Special Cash
992 HK Equity,2003-05-28,2003-07-08,2003-08-13,0.03,Semi-Anl,Final
992 HK Equity,2002-11-12,2002-11-27,2002-12-18,0.018,Semi-Anl,Interim
992 HK Equity,2002-05-23,2002-07-03,2002-08-20,0.036,Semi-Anl,Final
992 HK Equity,2001-11-07,2001-11-22,2001-12-18,0.015,Semi-Anl,Interim
992 HK Equity,2001-06-27,2001-08-02,2001-08-28,0.024,Semi-Anl,Final
992 HK Equity,2001-04-24,2001-05-07,2001-05-08,0.1,#N/A N/A,None
992 HK Equity,2000-10-31,2000-11-20,2000-12-15,0.011,Semi-Anl,Interim
992 HK Equity,2000-05-22,2000-06-26,2000-07-18,0.018,Semi-Anl,Final
992 HK Equity,2000-02-18,2000-03-08,2000-03-09,4.0,#N/A N/A,None
992 HK Equity,1999-11-01,1999-11-15,1999-12-15,0.00625,Semi-Anl,Interim
992 HK Equity,1999-05-25,1999-07-06,1999-07-30,0.0075,Semi-Anl,Final
992 HK Equity,1998-11-12,1998-12-14,1999-01-15,0.005,Semi-Anl,Interim
992 HK Equity,1998-06-18,1998-07-22,1998-08-31,0.00375,Semi-Anl,Final
992 HK Equity,1996-07-05,1996-07-05,,-2.4245362661989844e-14,#N/A N/A,#N/A N/A
992 HK Equity,1995-11-15,1995-12-07,1996-01-18,0.00375,Semi-Anl,Interim
992 HK Equity,1995-07-05,1995-08-10,1995-09-06,0.0075,Semi-Anl,Final
992 HK Equity,1994-12-20,1995-01-12,1995-01-26,0.0025,Semi-Anl,Interim
992 HK Equity,1994-08-11,1994-09-08,1994-09-28,0.0025,Semi-Anl,Final
992 HK Equity,1994-08-12,1994-09-08,1994-09-28,0.005,None,Special Cash
9961 HK Equity,2025-02-25,2025-03-14,2025-03-27,0.3,Irreg,Regular Cash
9961 HK Equity,2021-03-10,2021-03-18,,8.0,#N/A N/A,#N/A N/A
9988 HK Equity,2026-05-13,2026-06-10,2026-07-06,0.13125,Annual,Regular Cash
9988 HK Equity,2025-05-15,2025-06-11,2025-07-03,0.11875,None,Special Cash
9988 HK Equity,2025-05-15,2025-06-11,2025-07-03,0.13125,Annual,Regular Cash
9988 HK Equity,2024-05-14,2024-06-12,2024-07-03,0.125,Irreg,Regular Cash
9988 HK Equity,2024-05-14,2024-06-12,2024-07-03,0.0825,None,Special Cash
9988 HK Equity,2023-11-16,2023-12-20,2024-01-11,0.125,Irreg,Final
9992 HK Equity,2026-03-25,2026-05-15,2026-05-28,2.3817,Annual,Final
9992 HK Equity,2025-03-26,2025-05-29,2025-06-20,0.8146,Annual,Final
9992 HK Equity,2024-03-20,2024-05-23,2024-06-12,0.2821,Annual,Final
9992 HK Equity,2023-03-29,2023-05-19,2023-06-08,0.087,Annual,Final
9992 HK Equity,2022-03-28,2022-06-06,2022-06-23,0.1524,Irreg,Final
9992 HK Equity,2021-03-26,2021-06-03,2021-06-30,0.1494,None,Return of Capital
9999 HK Equity,2026-08-20,2026-09-02,2026-09-15,0.096,Quarter,Interim
9999 HK Equity,2026-05-21,2026-06-04,2026-06-15,0.144,Quarter,Interim
9999 HK Equity,2026-02-11,2026-03-13,2026-03-25,0.232,Quarter,Interim
9999 HK Equity,2025-11-20,2025-12-04,2025-12-16,0.114,Quarter,Interim
9999 HK Equity,2025-08-14,2025-08-27,2025-09-08,0.114,Quarter,Interim
9999 HK Equity,2025-05-15,2025-05-29,2025-06-10,0.135,Quarter,Interim
9999 HK Equity,2025-02-20,2025-03-05,2025-03-17,0.24405,Quarter,Interim
9999 HK Equity,2024-11-14,2024-11-28,2024-12-10,0.087,Quarter,Interim
9999 HK Equity,2024-08-22,2024-09-05,2024-09-17,0.087,Quarter,Interim
9999 HK Equity,2024-05-23,2024-06-05,2024-06-17,0.099,Quarter,Interim
9999 HK Equity,2024-02-29,2024-03-13,2024-03-25,0.21597,Quarter,Interim
9999 HK Equity,2023-11-16,2023-11-30,2023-12-12,0.099,Quarter,Interim
9999 HK Equity,2023-08-24,2023-09-07,2023-09-19,0.105,Quarter,Interim
9999 HK Equity,2023-05-25,2023-06-08,2023-06-21,0.093,Quarter,Interim
9999 HK Equity,2023-02-23,2023-03-08,2023-03-21,0.054,Quarter,Interim
9999 HK Equity,2022-11-17,2022-12-01,2022-12-13,0.087,Quarter,Interim
9999 HK Equity,2022-08-18,2022-08-31,2022-09-13,0.072,Quarter,Interim
9999 HK Equity,2022-05-24,2022-06-07,2022-06-20,0.0644,Quarter,Interim
9999 HK Equity,2022-02-24,2022-03-10,2022-03-22,0.081,Quarter,Interim
9999 HK Equity,2021-11-16,2021-11-30,2021-12-13,0.045,Quarter,Interim
9999 HK Equity,2021-08-31,2021-09-13,2021-09-27,0.048,Quarter,Interim
9999 HK Equity,2021-05-18,2021-06-02,2021-06-15,0.06,Quarter,Interim
9999 HK Equity,2021-02-25,2021-03-11,2021-03-23,0.012,Quarter,Interim
9999 HK Equity,2020-11-19,2020-12-03,2020-12-15,0.039,Quarter,Interim
9999 HK Equity,2020-08-13,2020-08-27,2020-09-14,0.0594,Quarter,Interim
9999 HK Equity,2020-06-02,2020-06-11,2020-06-23,0.0464,Quarter,Interim
