ticker,fiscal_period,announce_date
1 HK Equity,2026:S1,2026-08-13
1 HK Equity,2025:A,2026-03-19
1 HK Equity,2025:S2,2026-03-19
1 HK Equity,2025:S1,2025-08-14
1 HK Equity,2024:A,2025-03-20
1 HK Equity,2024:S2,2025-03-20
1 HK Equity,2024:S1,2024-08-15
1 HK Equity,2023:A,2024-03-21
1 HK Equity,2023:S2,2024-03-21
1 HK Equity,2023:S1,2023-08-03
1 HK Equity,2022:A,2023-03-16
1 HK Equity,2022:S2,2023-03-16
1 HK Equity,2022:S1,2022-08-04
1 HK Equity,2021:A,2022-03-17
1 HK Equity,2021:S2,2022-03-17
1 HK Equity,2021:S1,2021-08-05
1 HK Equity,2020:A,2021-03-18
1 HK Equity,2020:S2,2021-03-18
1 HK Equity,2020:S1,2020-08-06
1 HK Equity,2019:A,2020-03-19
1 HK Equity,2019:S2,2020-03-19
1 HK Equity,2019:S1,2019-08-01
1 HK Equity,2018:A,2019-03-21
1 HK Equity,2018:S2,2019-03-21
1 HK Equity,2018:S1,2018-08-02
1 HK Equity,2017:A,2018-03-16
1 HK Equity,2017:S2,2018-03-16
1 HK Equity,2017:S1,2017-08-03
1 HK Equity,2016:A,2017-03-22
1 HK Equity,2016:S2,2017-03-22
1 HK Equity,2016:S1,2016-08-11
1 HK Equity,2015:A,2016-03-17
1 HK Equity,2015:S2,2016-03-17
1 HK Equity,2015:S1,2015-08-25
1 HK Equity,2014:A,2015-02-26
1 HK Equity,2014:S2,2015-02-26
1 HK Equity,2014:S1,2014-07-31
1 HK Equity,2013:A,2014-02-28
1 HK Equity,2013:S2,2014-02-28
1 HK Equity,2013:S1,2013-08-01
1 HK Equity,2012:A,2013-03-26
1 HK Equity,2012:S2,2013-03-26
1 HK Equity,2012:S1,2012-08-02
1 HK Equity,2011:A,2012-03-29
1 HK Equity,2011:S2,2012-03-29
1 HK Equity,2011:S1,2011-08-04
1 HK Equity,2010:A,2011-03-29
1 HK Equity,2010:S2,2011-03-29
1 HK Equity,2010:S1,2010-08-05
1 HK Equity,2009:A,2010-03-30
1 HK Equity,2009:S2,2010-03-30
1 HK Equity,2009:S1,2009-08-13
1 HK Equity,2008:A,2009-03-26
1 HK Equity,2008:S2,2009-03-26
1 HK Equity,2008:S1,2008-08-21
1 HK Equity,2007:A,2008-03-27
1 HK Equity,2007:S2,2008-03-27
1 HK Equity,2007:S1,2007-08-23
1 HK Equity,2006:A,2007-03-22
1 HK Equity,2006:S2,2007-03-22
1 HK Equity,2006:S1,2006-08-24
1 HK Equity,2005:A,2006-03-23
1 HK Equity,2005:S2,2006-03-23
1 HK Equity,2005:S1,2005-08-25
1 HK Equity,2004:A,2005-03-31
1 HK Equity,2004:S2,2005-03-31
1 HK Equity,2004:S1,2004-08-19
1 HK Equity,2003:A,2004-03-18
1 HK Equity,2003:S2,2004-03-18
1 HK Equity,2003:S1,2003-08-21
1 HK Equity,2002:A,2003-03-20
1 HK Equity,2002:S2,2003-03-20
1 HK Equity,2002:S1,2002-08-22
1 HK Equity,2001:A,2002-03-21
1 HK Equity,2001:S2,2002-03-21
1 HK Equity,2001:S1,2001-08-23
1 HK Equity,2000:A,2001-03-22
1 HK Equity,2000:S2,2001-03-22
1 HK Equity,2000:S1,2000-08-24
1 HK Equity,1999:A,2000-03-23
1 HK Equity,1999:S1,1999-08-26
1 HK Equity,1998:A,2000-03-23
1 HK Equity,1998:S2,1999-08-27
1 HK Equity,1998:S1,1998-08-27
1 HK Equity,1997:A,1998-03-26
1 HK Equity,1997:S2,1998-03-26
1 HK Equity,1997:S1,1997-08-28
1 HK Equity,1996:A,1997-03-26
1 HK Equity,1996:S2,1997-03-26
1 HK Equity,1996:S1,1996-08-22
1 HK Equity,1995:A,1996-03-28
1 HK Equity,1995:S2,1996-03-28
1 HK Equity,1995:S1,1995-08-24
1 HK Equity,1994:A,1995-03-30
1 HK Equity,1993:A,1994-03-25
1 HK Equity,1992:A,1993-03-25
1 HK Equity,1991:A,1992-03-26
1 HK Equity,1990:A,1991-03-28
101 HK Equity,2026:S1,2026-07-31
101 HK Equity,2025:A,2026-01-30
101 HK Equity,2025:S2,2026-01-30
101 HK Equity,2025:S1,2025-07-30
101 HK Equity,2024:A,2025-01-24
101 HK Equity,2024:S2,2025-01-24
101 HK Equity,2024:S1,2024-07-30
101 HK Equity,2023:A,2024-01-30
101 HK Equity,2023:S2,2024-01-30
101 HK Equity,2023:S1,2023-07-31
101 HK Equity,2022:A,2023-01-31
101 HK Equity,2022:S2,2023-01-31
101 HK Equity,2022:S1,2022-07-28
101 HK Equity,2021:A,2022-01-26
101 HK Equity,2021:S2,2022-01-27
101 HK Equity,2021:S1,2021-07-29
101 HK Equity,2020:A,2021-01-28
101 HK Equity,2020:S2,2021-01-28
101 HK Equity,2020:S1,2020-07-30
101 HK Equity,2019:A,2020-01-21
101 HK Equity,2019:S2,2020-01-21
101 HK Equity,2019:S1,2019-07-30
101 HK Equity,2018:A,2019-01-29
101 HK Equity,2018:S2,2019-01-29
101 HK Equity,2018:S1,2018-07-30
101 HK Equity,2017:A,2018-01-30
101 HK Equity,2017:S2,2018-01-30
101 HK Equity,2017:S1,2017-07-27
101 HK Equity,2016:A,2017-01-26
101 HK Equity,2016:S2,2017-01-26
101 HK Equity,2016:S1,2016-07-28
101 HK Equity,2015:A,2016-01-28
101 HK Equity,2015:S2,2016-01-28
101 HK Equity,2015:S1,2015-07-30
101 HK Equity,2014:A,2015-01-26
101 HK Equity,2014:S2,2015-01-26
101 HK Equity,2014:S1,2014-07-31
101 HK Equity,2013:A,2014-01-23
101 HK Equity,2013:S2,2014-01-23
101 HK Equity,2013:S1,2013-07-31
101 HK Equity,2012:A,2013-01-31
101 HK Equity,2012:S2,2013-01-31
101 HK Equity,2012:S1,2012-07-31
101 HK Equity,2011:A,2011-08-01
101 HK Equity,2011:S2,2011-08-01
101 HK Equity,2011:S1,2011-01-26
101 HK Equity,2010:A,2010-07-28
101 HK Equity,2010:S2,2010-07-28
101 HK Equity,2010:S1,2010-01-27
101 HK Equity,2009:A,2009-07-31
101 HK Equity,2009:S2,2009-07-31
101 HK Equity,2009:S1,2009-02-10
101 HK Equity,2008:A,2008-08-13
101 HK Equity,2008:S2,2008-08-13
101 HK Equity,2008:S1,2008-02-20
101 HK Equity,2007:A,2007-08-15
101 HK Equity,2007:S2,2007-08-15
101 HK Equity,2007:S1,2007-02-08
101 HK Equity,2006:A,2006-08-21
101 HK Equity,2006:S2,2006-08-21
101 HK Equity,2006:S1,2006-03-20
101 HK Equity,2005:A,2005-08-31
101 HK Equity,2005:S2,2005-08-31
101 HK Equity,2005:S1,2005-03-03
101 HK Equity,2004:A,2004-09-08
101 HK Equity,2004:S2,2004-09-08
101 HK Equity,2004:S1,2004-02-18
101 HK Equity,2003:A,2003-08-29
101 HK Equity,2003:S2,2003-08-29
101 HK Equity,2003:S1,2003-02-20
101 HK Equity,2002:A,2002-08-28
101 HK Equity,2002:S2,2002-08-28
101 HK Equity,2002:S1,2002-03-01
101 HK Equity,2001:A,2001-09-24
101 HK Equity,2001:S2,2001-09-24
101 HK Equity,2001:S1,2001-03-02
101 HK Equity,2000:A,2000-09-22
101 HK Equity,2000:S2,2000-09-22
101 HK Equity,2000:S1,2000-03-24
101 HK Equity,1999:A,1999-09-22
101 HK Equity,1999:S2,1999-09-22
101 HK Equity,1999:S1,1999-03-26
101 HK Equity,1998:A,1998-09-25
101 HK Equity,1998:S2,1998-09-25
101 HK Equity,1998:S1,1998-03-27
101 HK Equity,1997:A,1997-09-23
101 HK Equity,1996:A,1996-09-20
101 HK Equity,1995:A,1995-07-31
1024 HK Equity,2026:S1,2026-08-19
1024 HK Equity,2026:C2,2026-08-19
1024 HK Equity,2026:Q2,2026-08-19
1024 HK Equity,2026:Q1,2026-05-27
1024 HK Equity,2025:A,2026-03-25
1024 HK Equity,2025:S2,2026-03-25
1024 HK Equity,2025:Q4,2026-03-25
1024 HK Equity,2025:C3,2025-11-19
1024 HK Equity,2025:Q3,2025-11-19
1024 HK Equity,2025:S1,2025-08-21
1024 HK Equity,2025:C2,2025-08-21
1024 HK Equity,2025:Q2,2025-08-21
1024 HK Equity,2025:Q1,2025-05-27
1024 HK Equity,2024:A,2025-03-25
1024 HK Equity,2024:S2,2025-03-25
1024 HK Equity,2024:Q4,2025-03-25
1024 HK Equity,2024:C3,2024-11-20
1024 HK Equity,2024:Q3,2024-11-20
1024 HK Equity,2024:S1,2024-08-20
1024 HK Equity,2024:C2,2024-08-20
1024 HK Equity,2024:Q2,2024-08-20
1024 HK Equity,2024:Q1,2024-05-22
1024 HK Equity,2023:A,2024-03-20
1024 HK Equity,2023:S2,2024-03-20
1024 HK Equity,2023:Q4,2024-03-20
1024 HK Equity,2023:C3,2023-11-21
1024 HK Equity,2023:Q3,2023-11-21
1024 HK Equity,2023:S1,2023-08-22
1024 HK Equity,2023:C2,2023-08-22
1024 HK Equity,2023:Q2,2023-08-22
1024 HK Equity,2023:Q1,2023-05-22
1024 HK Equity,2022:A,2023-03-29
1024 HK Equity,2022:S2,2023-03-29
1024 HK Equity,2022:Q4,2023-03-29
1024 HK Equity,2022:C3,2022-11-22
1024 HK Equity,2022:Q3,2022-11-22
1024 HK Equity,2022:S1,2022-08-23
1024 HK Equity,2022:C2,2022-08-23
1024 HK Equity,2022:Q2,2022-08-23
1024 HK Equity,2022:Q1,2022-05-24
1024 HK Equity,2021:A,2022-03-29
1024 HK Equity,2021:S2,2022-03-29
1024 HK Equity,2021:Q4,2022-03-29
1024 HK Equity,2021:C3,2021-11-23
1024 HK Equity,2021:Q3,2021-11-23
1024 HK Equity,2021:S1,2021-08-25
1024 HK Equity,2021:Q2,2021-08-25
1024 HK Equity,2021:Q1,2021-05-24
1024 HK Equity,2020:A,2021-03-23
1024 HK Equity,2020:S2,2021-03-23
1024 HK Equity,2020:Q4,2021-03-23
1024 HK Equity,2020:C3,2021-01-26
1024 HK Equity,2020:Q3,2021-01-26
1024 HK Equity,2020:S1,2021-08-25
1024 HK Equity,2020:Q2,2021-08-25
1024 HK Equity,2020:Q1,2021-05-24
1024 HK Equity,2019:A,2021-01-26
1024 HK Equity,2019:S2,2021-01-26
1024 HK Equity,2019:Q4,2021-01-26
1024 HK Equity,2019:C3,2021-01-26
1024 HK Equity,2019:Q3,2021-01-26
1024 HK Equity,2019:S1,2020-11-05
1024 HK Equity,2018:A,2021-01-26
1024 HK Equity,2017:A,2021-01-26
1038 HK Equity,2026:S1,2026-08-12
1038 HK Equity,2025:A,2026-03-18
1038 HK Equity,2025:S2,2026-03-18
1038 HK Equity,2025:S1,2025-08-13
1038 HK Equity,2024:A,2025-03-19
1038 HK Equity,2024:S2,2025-03-19
1038 HK Equity,2024:S1,2024-08-14
1038 HK Equity,2023:A,2024-03-20
1038 HK Equity,2023:S2,2024-03-20
1038 HK Equity,2023:S1,2023-08-02
1038 HK Equity,2022:A,2023-03-15
1038 HK Equity,2022:S2,2023-03-15
1038 HK Equity,2022:S1,2022-08-03
1038 HK Equity,2021:A,2022-03-16
1038 HK Equity,2021:S2,2022-03-16
1038 HK Equity,2021:S1,2021-08-04
1038 HK Equity,2020:A,2021-03-17
1038 HK Equity,2020:S2,2021-03-17
1038 HK Equity,2020:S1,2020-08-05
1038 HK Equity,2019:A,2020-03-18
1038 HK Equity,2019:S2,2020-03-18
1038 HK Equity,2019:S1,2019-07-31
1038 HK Equity,2018:A,2019-03-20
1038 HK Equity,2018:S2,2019-03-20
1038 HK Equity,2018:S1,2018-07-26
1038 HK Equity,2017:A,2018-03-16
1038 HK Equity,2017:S2,2018-03-16
1038 HK Equity,2017:S1,2017-07-20
1038 HK Equity,2016:A,2017-03-21
1038 HK Equity,2016:S2,2017-03-21
1038 HK Equity,2016:S1,2016-07-28
1038 HK Equity,2015:A,2016-03-16
1038 HK Equity,2015:S2,2016-03-16
1038 HK Equity,2015:S1,2015-07-23
1038 HK Equity,2014:A,2015-02-25
1038 HK Equity,2014:S2,2015-02-25
1038 HK Equity,2014:S1,2014-07-24
1038 HK Equity,2013:A,2014-02-25
1038 HK Equity,2013:S2,2014-02-25
1038 HK Equity,2013:S1,2013-07-25
1038 HK Equity,2012:A,2013-03-07
1038 HK Equity,2012:S2,2013-03-07
1038 HK Equity,2012:S1,2012-07-19
1038 HK Equity,2011:A,2012-03-08
1038 HK Equity,2011:S2,2012-03-08
1038 HK Equity,2011:S1,2011-07-28
1038 HK Equity,2010:A,2011-03-02
1038 HK Equity,2010:S2,2011-03-02
1038 HK Equity,2010:S1,2010-07-29
1038 HK Equity,2009:A,2010-03-04
1038 HK Equity,2009:S2,2010-03-04
1038 HK Equity,2009:S1,2009-08-06
1038 HK Equity,2008:A,2009-03-19
1038 HK Equity,2008:S2,2009-03-19
1038 HK Equity,2008:S1,2008-08-14
1038 HK Equity,2007:A,2008-03-17
1038 HK Equity,2007:S2,2008-03-17
1038 HK Equity,2007:S1,2007-08-16
1038 HK Equity,2006:A,2007-03-15
1038 HK Equity,2006:S2,2007-03-15
1038 HK Equity,2006:S1,2006-08-17
1038 HK Equity,2005:A,2006-03-16
1038 HK Equity,2005:S2,2006-03-16
1038 HK Equity,2005:S1,2005-08-18
1038 HK Equity,2004:A,2005-03-17
1038 HK Equity,2004:S2,2005-03-17
1038 HK Equity,2004:S1,2004-09-02
1038 HK Equity,2003:A,2004-03-09
1038 HK Equity,2003:S2,2004-03-09
1038 HK Equity,2003:S1,2003-08-14
1038 HK Equity,2002:A,2003-03-13
1038 HK Equity,2002:S2,2003-03-13
1038 HK Equity,2002:S1,2002-08-15
1038 HK Equity,2001:A,2002-03-14
1038 HK Equity,2001:S2,2002-03-14
1038 HK Equity,2001:S1,2001-08-16
1038 HK Equity,2000:A,2001-03-15
1038 HK Equity,2000:S2,2001-03-15
1038 HK Equity,2000:S1,2000-08-17
1038 HK Equity,1999:A,2000-03-16
1038 HK Equity,1999:S2,2000-03-16
1038 HK Equity,1999:S1,1999-08-19
1038 HK Equity,1998:A,1999-03-18
1038 HK Equity,1998:S2,1999-03-18
1038 HK Equity,1998:S1,1998-08-20
1038 HK Equity,1997:A,1998-03-19
1044 HK Equity,2026:S1,2026-08-19
1044 HK Equity,2025:A,2026-03-17
1044 HK Equity,2025:S2,2026-03-17
1044 HK Equity,2025:S1,2025-08-21
1044 HK Equity,2024:A,2025-03-25
1044 HK Equity,2024:S2,2025-03-25
1044 HK Equity,2024:S1,2024-08-19
1044 HK Equity,2023:A,2024-03-21
1044 HK Equity,2023:S2,2024-03-21
1044 HK Equity,2023:S1,2023-08-24
1044 HK Equity,2022:A,2023-03-22
1044 HK Equity,2022:S2,2023-03-22
1044 HK Equity,2022:S1,2022-08-19
1044 HK Equity,2021:A,2022-03-22
1044 HK Equity,2021:S2,2022-03-22
1044 HK Equity,2021:S1,2021-08-18
1044 HK Equity,2020:A,2021-03-19
1044 HK Equity,2020:S2,2021-03-19
1044 HK Equity,2020:S1,2020-08-19
1044 HK Equity,2019:A,2020-03-26
1044 HK Equity,2019:S2,2020-03-26
1044 HK Equity,2019:S1,2019-08-22
1044 HK Equity,2018:A,2019-03-19
1044 HK Equity,2018:S2,2019-03-19
1044 HK Equity,2018:S1,2018-08-22
1044 HK Equity,2017:A,2018-03-22
1044 HK Equity,2017:S2,2018-03-22
1044 HK Equity,2017:S1,2017-08-24
1044 HK Equity,2016:A,2017-03-21
1044 HK Equity,2016:S2,2017-03-21
1044 HK Equity,2016:S1,2016-08-25
1044 HK Equity,2015:A,2016-03-22
1044 HK Equity,2015:S2,2016-03-22
1044 HK Equity,2015:S1,2015-08-25
1044 HK Equity,2014:A,2015-03-24
1044 HK Equity,2014:S2,2015-03-24
1044 HK Equity,2014:S1,2014-08-27
1044 HK Equity,2013:A,2014-03-25
1044 HK Equity,2013:S2,2014-03-25
1044 HK Equity,2013:S1,2013-08-27
1044 HK Equity,2012:A,2013-03-26
1044 HK Equity,2012:S2,2013-03-26
1044 HK Equity,2012:S1,2012-08-29
1044 HK Equity,2011:A,2012-03-27
1044 HK Equity,2011:S2,2012-03-27
1044 HK Equity,2011:S1,2011-08-30
1044 HK Equity,2010:A,2011-03-29
1044 HK Equity,2010:S2,2011-03-29
1044 HK Equity,2010:S1,2010-08-30
1044 HK Equity,2009:A,2010-03-25
1044 HK Equity,2009:S2,2010-03-25
1044 HK Equity,2009:S1,2009-09-02
1044 HK Equity,2008:A,2009-03-18
1044 HK Equity,2008:S2,2009-03-18
1044 HK Equity,2008:S1,2008-09-17
1044 HK Equity,2007:A,2008-03-18
1044 HK Equity,2007:S2,2008-03-18
1044 HK Equity,2007:S1,2007-09-05
1044 HK Equity,2006:A,2007-03-21
1044 HK Equity,2006:S2,2007-03-21
1044 HK Equity,2006:S1,2006-09-12
1044 HK Equity,2005:A,2006-03-21
1044 HK Equity,2005:S2,2006-04-30
1044 HK Equity,2005:S1,2005-09-06
1044 HK Equity,2004:A,2005-04-30
1044 HK Equity,2004:S2,2005-04-30
1044 HK Equity,2004:S1,2004-09-14
1044 HK Equity,2003:A,2004-04-30
1044 HK Equity,2003:S2,2004-04-30
1044 HK Equity,2003:S1,2003-09-10
1044 HK Equity,2002:A,2003-04-30
1044 HK Equity,2002:S2,2003-04-30
1044 HK Equity,2002:S1,2002-09-03
1044 HK Equity,2001:A,2002-03-08
1044 HK Equity,2001:S2,2002-03-08
1044 HK Equity,2001:S1,2001-09-07
1044 HK Equity,2000:A,2001-03-12
1044 HK Equity,2000:S2,2001-03-12
1044 HK Equity,2000:S1,2000-09-05
1044 HK Equity,1999:A,2000-02-28
1044 HK Equity,1999:S2,2000-02-28
1044 HK Equity,1999:S1,1999-08-25
1044 HK Equity,1998:A,1999-03-29
1044 HK Equity,1997:A,1999-03-29
1088 HK Equity,2026:S1,2026-08-28
1088 HK Equity,2026:C2,2026-08-28
1088 HK Equity,2026:Q2,2026-08-28
1088 HK Equity,2026:Q1,2026-04-24
1088 HK Equity,2025:A,2026-03-30
1088 HK Equity,2025:S2,2026-03-30
1088 HK Equity,2025:Q4,2026-03-30
1088 HK Equity,2025:C3,2025-10-24
1088 HK Equity,2025:Q3,2025-10-24
1088 HK Equity,2025:S1,2025-08-29
1088 HK Equity,2025:C2,2025-08-29
1088 HK Equity,2025:Q2,2025-08-29
1088 HK Equity,2025:Q1,2025-04-25
1088 HK Equity,2024:A,2025-03-21
1088 HK Equity,2024:S2,2025-03-21
1088 HK Equity,2024:Q4,2025-03-21
1088 HK Equity,2024:C3,2024-10-25
1088 HK Equity,2024:Q3,2024-10-25
1088 HK Equity,2024:S1,2024-08-30
1088 HK Equity,2024:C2,2024-08-30
1088 HK Equity,2024:Q2,2024-08-30
1088 HK Equity,2024:Q1,2024-04-26
1088 HK Equity,2023:A,2024-03-22
1088 HK Equity,2023:S2,2024-03-22
1088 HK Equity,2023:Q4,2024-03-22
1088 HK Equity,2023:C3,2023-10-27
1088 HK Equity,2023:Q3,2023-10-27
1088 HK Equity,2023:S1,2023-08-25
1088 HK Equity,2023:Q2,2023-08-25
1088 HK Equity,2023:Q1,2023-04-28
1088 HK Equity,2022:A,2023-03-24
1088 HK Equity,2022:S2,2023-03-24
1088 HK Equity,2022:Q4,2023-03-24
1088 HK Equity,2022:C3,2022-10-28
1088 HK Equity,2022:Q3,2022-10-28
1088 HK Equity,2022:S1,2022-08-26
1088 HK Equity,2022:Q2,2022-08-26
1088 HK Equity,2022:Q1,2022-04-27
1088 HK Equity,2021:A,2022-03-25
1088 HK Equity,2021:S2,2022-03-25
1088 HK Equity,2021:Q4,2022-03-25
1088 HK Equity,2021:C3,2021-10-22
1088 HK Equity,2021:Q3,2021-10-22
1088 HK Equity,2021:S1,2021-08-27
1088 HK Equity,2021:Q2,2021-08-27
1088 HK Equity,2021:Q1,2021-04-23
1088 HK Equity,2020:A,2021-03-28
1088 HK Equity,2020:S2,2021-03-28
1088 HK Equity,2020:Q4,2021-03-28
1088 HK Equity,2020:C3,2020-10-25
1088 HK Equity,2020:Q3,2020-10-25
1088 HK Equity,2020:S1,2020-08-28
1088 HK Equity,2020:Q2,2020-08-28
1088 HK Equity,2020:Q1,2020-04-24
1088 HK Equity,2019:A,2020-03-27
1088 HK Equity,2019:S2,2020-03-27
1088 HK Equity,2019:Q4,2020-03-27
1088 HK Equity,2019:C3,2019-10-28
1088 HK Equity,2019:Q3,2019-10-28
1088 HK Equity,2019:S1,2019-08-23
1088 HK Equity,2019:Q2,2019-08-23
1088 HK Equity,2019:Q1,2019-04-25
1088 HK Equity,2018:A,2019-03-22
1088 HK Equity,2018:S2,2019-03-22
1088 HK Equity,2018:Q4,2019-03-22
1088 HK Equity,2018:C3,2018-10-30
1088 HK Equity,2018:Q3,2018-10-30
1088 HK Equity,2018:S1,2018-08-24
1088 HK Equity,2018:Q2,2018-08-24
1088 HK Equity,2018:Q1,2018-04-27
1088 HK Equity,2017:A,2018-03-23
1088 HK Equity,2017:S2,2018-03-23
1088 HK Equity,2017:Q4,2018-03-23
1088 HK Equity,2017:C3,2017-10-27
1088 HK Equity,2017:Q3,2017-10-27
1088 HK Equity,2017:S1,2017-08-25
1088 HK Equity,2017:Q2,2017-08-25
1088 HK Equity,2017:Q1,2017-04-28
1088 HK Equity,2016:A,2017-03-17
1088 HK Equity,2016:S2,2017-03-17
1088 HK Equity,2016:Q4,2017-03-17
1088 HK Equity,2016:C3,2016-10-28
1088 HK Equity,2016:Q3,2016-10-28
1088 HK Equity,2016:S1,2016-08-26
1088 HK Equity,2016:Q2,2016-08-26
1088 HK Equity,2016:Q1,2016-04-29
1088 HK Equity,2015:A,2016-03-24
1088 HK Equity,2015:S2,2016-03-24
1088 HK Equity,2015:Q4,2016-03-24
1088 HK Equity,2015:C3,2015-10-23
1088 HK Equity,2015:Q3,2015-10-23
1088 HK Equity,2015:S1,2015-08-21
1088 HK Equity,2015:Q2,2015-08-21
1088 HK Equity,2015:Q1,2015-04-24
1088 HK Equity,2014:A,2015-03-20
1088 HK Equity,2014:S2,2015-03-20
1088 HK Equity,2014:Q4,2015-03-20
1088 HK Equity,2014:C3,2014-10-24
1088 HK Equity,2014:Q3,2014-10-24
1088 HK Equity,2014:S1,2014-08-22
1088 HK Equity,2014:Q2,2014-08-22
1088 HK Equity,2014:Q1,2014-04-25
1088 HK Equity,2013:A,2014-03-28
1088 HK Equity,2013:S2,2014-03-28
1088 HK Equity,2013:Q4,2014-03-28
1088 HK Equity,2013:C3,2013-10-25
1088 HK Equity,2013:Q3,2013-10-25
1088 HK Equity,2013:S1,2013-08-23
1088 HK Equity,2013:Q2,2013-08-23
1088 HK Equity,2013:Q1,2013-04-26
1088 HK Equity,2012:A,2013-03-22
1088 HK Equity,2012:S2,2013-03-22
1088 HK Equity,2012:Q4,2013-03-22
1088 HK Equity,2012:C3,2012-10-26
1088 HK Equity,2012:Q3,2012-10-26
1088 HK Equity,2012:S1,2012-08-24
1088 HK Equity,2012:Q2,2012-08-24
1088 HK Equity,2012:Q1,2012-04-27
1088 HK Equity,2011:A,2012-03-23
1088 HK Equity,2011:S2,2012-03-23
1088 HK Equity,2011:Q4,2012-03-23
1088 HK Equity,2011:C3,2011-10-28
1088 HK Equity,2011:Q3,2011-10-28
1088 HK Equity,2011:S1,2011-08-26
1088 HK Equity,2011:Q2,2011-08-26
1088 HK Equity,2011:Q1,2011-04-29
1088 HK Equity,2010:A,2011-03-25
1088 HK Equity,2010:S2,2011-03-25
1088 HK Equity,2010:Q4,2011-03-25
1088 HK Equity,2010:C3,2010-10-29
1088 HK Equity,2010:Q3,2010-10-29
1088 HK Equity,2010:S1,2010-08-27
1088 HK Equity,2010:Q2,2010-08-27
1088 HK Equity,2010:Q1,2010-04-30
1088 HK Equity,2009:A,2010-03-12
1088 HK Equity,2009:S2,2010-03-12
1088 HK Equity,2009:Q4,2010-03-12
1088 HK Equity,2009:C3,2009-10-27
1088 HK Equity,2009:Q3,2009-10-27
1088 HK Equity,2009:S1,2009-08-28
1088 HK Equity,2009:C2,2009-08-28
1088 HK Equity,2009:Q2,2009-08-28
1088 HK Equity,2009:Q1,2009-04-29
1088 HK Equity,2008:A,2009-03-29
1088 HK Equity,2008:S2,2009-03-29
1088 HK Equity,2008:Q4,2009-03-29
1088 HK Equity,2008:Q3,2008-10-28
1088 HK Equity,2008:S1,2008-08-29
1088 HK Equity,2008:Q2,2008-08-29
1088 HK Equity,2008:Q1,2008-04-24
1088 HK Equity,2007:A,2008-03-16
1088 HK Equity,2007:S2,2008-03-17
1088 HK Equity,2007:S1,2007-08-21
1088 HK Equity,2007:C2,2007-08-21
1088 HK Equity,2006:A,2007-03-23
1088 HK Equity,2006:S2,2007-03-23
1088 HK Equity,2006:S1,2006-08-25
1088 HK Equity,2005:A,2006-03-10
1088 HK Equity,2005:S2,2006-03-10
1088 HK Equity,2005:S1,2005-08-26
1088 HK Equity,2004:A,2005-03-10
1088 HK Equity,2004:S2,2006-03-10
1088 HK Equity,2004:S1,2004-08-24
1093 HK Equity,2026:S1,2026-08-20
1093 HK Equity,2026:C2,2026-08-20
1093 HK Equity,2026:Q2,2026-08-20
1093 HK Equity,2026:Q1,2026-05-27
1093 HK Equity,2025:A,2026-03-25
1093 HK Equity,2025:S2,2026-03-25
1093 HK Equity,2025:Q4,2026-03-25
1093 HK Equity,2025:C3,2025-11-20
1093 HK Equity,2025:Q3,2025-11-20
1093 HK Equity,2025:S1,2025-08-22
1093 HK Equity,2025:C2,2025-08-22
1093 HK Equity,2025:Q2,2025-08-22
1093 HK Equity,2025:Q1,2025-05-29
1093 HK Equity,2024:A,2025-03-28
1093 HK Equity,2024:S2,2025-03-28
1093 HK Equity,2024:Q4,2025-03-28
1093 HK Equity,2024:C3,2024-11-14
1093 HK Equity,2024:Q3,2024-11-14
1093 HK Equity,2024:S1,2024-08-21
1093 HK Equity,2024:Q2,2024-08-21
1093 HK Equity,2024:Q1,2024-05-27
1093 HK Equity,2023:A,2024-03-20
1093 HK Equity,2023:S2,2024-03-20
1093 HK Equity,2023:Q4,2024-03-20
1093 HK Equity,2023:C3,2023-11-30
1093 HK Equity,2023:Q3,2023-11-30
1093 HK Equity,2023:S1,2023-08-23
1093 HK Equity,2023:Q2,2023-08-23
1093 HK Equity,2023:Q1,2023-05-25
1093 HK Equity,2022:A,2023-03-22
1093 HK Equity,2022:S2,2023-03-22
1093 HK Equity,2022:Q4,2023-03-22
1093 HK Equity,2022:C3,2022-11-22
1093 HK Equity,2022:Q3,2022-11-22
1093 HK Equity,2022:S1,2022-08-24
1093 HK Equity,2022:Q2,2022-08-24
1093 HK Equity,2022:Q1,2022-05-25
1093 HK Equity,2021:A,2022-03-22
1093 HK Equity,2021:S2,2022-03-22
1093 HK Equity,2021:Q4,2022-03-22
1093 HK Equity,2021:C3,2021-11-18
1093 HK Equity,2021:Q3,2021-11-18
1093 HK Equity,2021:S1,2021-08-26
1093 HK Equity,2021:Q2,2021-08-26
1093 HK Equity,2021:Q1,2021-05-24
1093 HK Equity,2020:A,2021-03-15
1093 HK Equity,2020:S2,2021-03-15
1093 HK Equity,2020:Q4,2021-03-15
1093 HK Equity,2020:C3,2020-11-23
1093 HK Equity,2020:Q3,2020-11-23
1093 HK Equity,2020:S1,2020-08-26
1093 HK Equity,2020:Q2,2020-08-26
1093 HK Equity,2020:Q1,2020-05-27
1093 HK Equity,2019:A,2020-03-30
1093 HK Equity,2019:S2,2020-03-30
1093 HK Equity,2019:Q4,2020-03-30
1093 HK Equity,2019:C3,2019-11-18
1093 HK Equity,2019:Q3,2019-11-18
1093 HK Equity,2019:S1,2019-08-19
1093 HK Equity,2019:Q2,2019-08-19
1093 HK Equity,2019:Q1,2019-05-21
1093 HK Equity,2018:A,2019-03-18
1093 HK Equity,2018:S2,2019-03-18
1093 HK Equity,2018:Q4,2019-03-18
1093 HK Equity,2018:C3,2018-11-19
1093 HK Equity,2018:Q3,2018-11-19
1093 HK Equity,2018:S1,2018-08-20
1093 HK Equity,2018:Q2,2018-08-20
1093 HK Equity,2018:Q1,2018-05-25
1093 HK Equity,2017:A,2018-03-19
1093 HK Equity,2017:S2,2018-03-19
1093 HK Equity,2017:Q4,2018-03-19
1093 HK Equity,2017:C3,2017-11-15
1093 HK Equity,2017:Q3,2017-11-15
1093 HK Equity,2017:S1,2017-08-22
1093 HK Equity,2017:Q2,2017-08-22
1093 HK Equity,2017:Q1,2017-05-25
1093 HK Equity,2016:A,2017-03-20
1093 HK Equity,2016:S2,2017-03-20
1093 HK Equity,2016:Q4,2017-03-20
1093 HK Equity,2016:C3,2016-11-23
1093 HK Equity,2016:Q3,2016-11-23
1093 HK Equity,2016:S1,2016-08-23
1093 HK Equity,2016:Q2,2016-08-23
1093 HK Equity,2016:Q1,2016-05-18
1093 HK Equity,2015:A,2016-03-21
1093 HK Equity,2015:S2,2016-03-21
1093 HK Equity,2015:Q4,2016-03-21
1093 HK Equity,2015:C3,2015-11-30
1093 HK Equity,2015:Q3,2015-11-30
1093 HK Equity,2015:S1,2015-08-25
1093 HK Equity,2015:Q2,2015-08-25
1093 HK Equity,2015:Q1,2015-05-26
1093 HK Equity,2014:A,2015-03-24
1093 HK Equity,2014:S2,2015-03-24
1093 HK Equity,2014:Q4,2015-03-24
1093 HK Equity,2014:C3,2014-11-25
1093 HK Equity,2014:Q3,2014-11-25
1093 HK Equity,2014:S1,2014-08-26
1093 HK Equity,2014:Q2,2014-08-26
1093 HK Equity,2014:Q1,2014-05-23
1093 HK Equity,2013:A,2014-03-24
1093 HK Equity,2013:S2,2014-03-24
1093 HK Equity,2013:Q4,2014-03-24
1093 HK Equity,2013:C3,2013-11-27
1093 HK Equity,2013:Q3,2013-11-27
1093 HK Equity,2013:S1,2013-08-28
1093 HK Equity,2013:Q2,2013-08-28
1093 HK Equity,2013:Q1,2013-05-31
1093 HK Equity,2012:A,2013-03-28
1093 HK Equity,2012:S2,2013-03-28
1093 HK Equity,2012:Q4,2013-03-28
1093 HK Equity,2012:C3,2012-11-30
1093 HK Equity,2012:Q3,2012-11-30
1093 HK Equity,2012:S1,2012-08-15
1093 HK Equity,2012:Q2,2012-08-15
1093 HK Equity,2012:Q1,2012-05-04
1093 HK Equity,2011:A,2012-03-30
1093 HK Equity,2011:S2,2012-03-30
1093 HK Equity,2011:Q4,2012-03-30
1093 HK Equity,2011:C3,2011-11-30
1093 HK Equity,2011:Q3,2011-11-30
1093 HK Equity,2011:S1,2011-08-30
1093 HK Equity,2011:Q2,2011-08-30
1093 HK Equity,2011:Q1,2011-05-31
1093 HK Equity,2010:A,2011-03-30
1093 HK Equity,2010:S2,2011-03-30
1093 HK Equity,2010:Q4,2011-03-30
1093 HK Equity,2010:C3,2010-11-30
1093 HK Equity,2010:Q3,2010-11-30
1093 HK Equity,2010:S1,2010-08-30
1093 HK Equity,2010:Q2,2010-08-30
1093 HK Equity,2010:Q1,2010-05-28
1093 HK Equity,2009:A,2010-04-09
1093 HK Equity,2009:S2,2010-04-09
1093 HK Equity,2009:Q4,2010-04-09
1093 HK Equity,2009:Q3,2009-12-14
1093 HK Equity,2009:S1,2009-09-08
1093 HK Equity,2009:Q2,2009-09-08
1093 HK Equity,2009:Q1,2009-06-09
1093 HK Equity,2008:A,2009-04-08
1093 HK Equity,2008:S2,2009-04-08
1093 HK Equity,2008:Q3,2008-12-12
1093 HK Equity,2008:S1,2008-09-11
1093 HK Equity,2008:Q2,2008-09-11
1093 HK Equity,2008:Q1,2008-06-18
1093 HK Equity,2007:A,2008-04-11
1093 HK Equity,2007:S2,2008-04-17
1093 HK Equity,2007:Q3,2007-12-13
1093 HK Equity,2007:S1,2007-09-13
1093 HK Equity,2007:Q1,2007-06-14
1093 HK Equity,2006:A,2007-04-11
1093 HK Equity,2006:S2,2007-04-11
1093 HK Equity,2006:Q4,2007-04-11
1093 HK Equity,2006:C3,2006-11-14
1093 HK Equity,2006:S1,2006-09-07
1093 HK Equity,2006:Q1,2006-06-15
1093 HK Equity,2005:A,2006-04-11
1093 HK Equity,2005:S2,2006-04-11
1093 HK Equity,2005:Q3,2005-12-07
1093 HK Equity,2005:S1,2005-09-07
1093 HK Equity,2005:Q1,2005-06-09
1093 HK Equity,2004:A,2005-04-11
1093 HK Equity,2004:S2,2005-04-11
1093 HK Equity,2004:S1,2004-08-26
1093 HK Equity,2004:Q1,2004-05-31
1093 HK Equity,2003:A,2004-03-22
1093 HK Equity,2003:S1,2003-08-12
1093 HK Equity,2002:A,2003-03-25
1093 HK Equity,2002:S1,2002-08-26
1093 HK Equity,2001:A,2002-04-22
1093 HK Equity,2001:S2,2002-04-22
1093 HK Equity,2001:S1,2001-09-21
1093 HK Equity,2000:A,2001-04-19
1093 HK Equity,2000:S2,2001-04-19
1093 HK Equity,2000:S1,2000-09-20
1093 HK Equity,1999:A,2000-05-22
1093 HK Equity,1999:S2,2000-05-22
1093 HK Equity,1999:S1,1999-09-07
1093 HK Equity,1998:A,2000-05-22
1093 HK Equity,1998:S2,2000-05-22
1093 HK Equity,1998:S1,1998-08-31
1093 HK Equity,1997:A,1998-05-01
1093 HK Equity,1996:A,1997-04-30
1093 HK Equity,1995:A,1996-05-20
1099 HK Equity,2026:S1,2026-08-24
1099 HK Equity,2026:C2,2026-08-24
1099 HK Equity,2026:Q1,2026-04-27
1099 HK Equity,2025:A,2026-03-23
1099 HK Equity,2025:S2,2026-03-23
1099 HK Equity,2025:Q4,2026-03-23
1099 HK Equity,2025:C3,2025-10-27
1099 HK Equity,2025:Q3,2025-10-27
1099 HK Equity,2025:S1,2025-08-25
1099 HK Equity,2025:C2,2025-08-25
1099 HK Equity,2025:Q2,2025-08-25
1099 HK Equity,2025:Q1,2025-04-28
1099 HK Equity,2024:A,2025-03-24
1099 HK Equity,2024:S2,2025-03-24
1099 HK Equity,2024:Q4,2025-03-24
1099 HK Equity,2024:C3,2024-10-28
1099 HK Equity,2024:Q3,2024-10-28
1099 HK Equity,2024:S1,2024-08-26
1099 HK Equity,2024:Q2,2024-08-26
1099 HK Equity,2024:Q1,2024-04-29
1099 HK Equity,2023:A,2024-03-25
1099 HK Equity,2023:S2,2024-03-25
1099 HK Equity,2023:Q4,2024-03-25
1099 HK Equity,2023:C3,2023-10-30
1099 HK Equity,2023:Q3,2023-10-30
1099 HK Equity,2023:S1,2023-08-28
1099 HK Equity,2023:Q2,2023-08-28
1099 HK Equity,2023:Q1,2023-04-28
1099 HK Equity,2022:A,2023-03-27
1099 HK Equity,2022:S2,2023-03-27
1099 HK Equity,2022:Q4,2023-03-27
1099 HK Equity,2022:C3,2022-10-26
1099 HK Equity,2022:Q3,2022-10-26
1099 HK Equity,2022:S1,2022-08-29
1099 HK Equity,2022:Q2,2022-08-29
1099 HK Equity,2022:Q1,2022-04-21
1099 HK Equity,2021:A,2022-03-20
1099 HK Equity,2021:S2,2022-03-20
1099 HK Equity,2021:Q4,2022-03-20
1099 HK Equity,2021:C3,2021-10-25
1099 HK Equity,2021:Q3,2021-10-25
1099 HK Equity,2021:S1,2021-08-22
1099 HK Equity,2021:Q2,2021-08-22
1099 HK Equity,2021:Q1,2021-04-28
1099 HK Equity,2020:A,2021-03-22
1099 HK Equity,2020:S2,2021-03-22
1099 HK Equity,2020:Q4,2021-03-22
1099 HK Equity,2020:C3,2020-10-23
1099 HK Equity,2020:Q3,2020-10-23
1099 HK Equity,2020:S1,2020-08-24
1099 HK Equity,2020:Q2,2020-08-24
1099 HK Equity,2020:Q1,2020-04-27
1099 HK Equity,2019:A,2020-03-30
1099 HK Equity,2019:S2,2020-03-30
1099 HK Equity,2019:Q4,2020-03-30
1099 HK Equity,2019:C3,2019-10-23
1099 HK Equity,2019:Q3,2019-10-23
1099 HK Equity,2019:S1,2019-08-26
1099 HK Equity,2019:Q2,2019-08-26
1099 HK Equity,2019:Q1,2019-04-26
1099 HK Equity,2018:A,2019-03-25
1099 HK Equity,2018:S2,2019-03-25
1099 HK Equity,2018:Q4,2019-03-25
1099 HK Equity,2018:C3,2018-10-29
1099 HK Equity,2018:Q3,2018-10-29
1099 HK Equity,2018:S1,2018-08-27
1099 HK Equity,2018:Q2,2018-08-27
1099 HK Equity,2018:Q1,2018-04-26
1099 HK Equity,2017:A,2018-03-26
1099 HK Equity,2017:S2,2018-03-26
1099 HK Equity,2017:Q4,2018-03-26
1099 HK Equity,2017:C3,2017-10-30
1099 HK Equity,2017:Q3,2017-10-30
1099 HK Equity,2017:S1,2017-08-28
1099 HK Equity,2017:Q2,2017-08-28
1099 HK Equity,2017:Q1,2017-04-26
1099 HK Equity,2016:A,2017-03-24
1099 HK Equity,2016:S2,2017-03-24
1099 HK Equity,2016:C3,2016-10-28
1099 HK Equity,2016:S1,2016-08-22
1099 HK Equity,2016:Q1,2016-04-25
1099 HK Equity,2015:A,2016-03-28
1099 HK Equity,2015:S2,2016-03-28
1099 HK Equity,2015:Q3,2015-10-27
1099 HK Equity,2015:S1,2015-08-24
1099 HK Equity,2015:Q1,2015-04-27
1099 HK Equity,2014:A,2015-03-23
1099 HK Equity,2014:S2,2015-03-23
1099 HK Equity,2014:Q4,2015-03-23
1099 HK Equity,2014:Q3,2014-10-27
1099 HK Equity,2014:S1,2014-08-25
1099 HK Equity,2014:Q1,2014-04-29
1099 HK Equity,2013:A,2014-03-24
1099 HK Equity,2013:S2,2014-03-24
1099 HK Equity,2013:S1,2013-08-26
1099 HK Equity,2012:A,2013-03-24
1099 HK Equity,2012:S2,2013-03-24
1099 HK Equity,2012:Q4,2013-03-24
1099 HK Equity,2012:C3,2012-11-01
1099 HK Equity,2012:Q3,2012-11-01
1099 HK Equity,2012:S1,2012-08-23
1099 HK Equity,2012:Q2,2012-08-23
1099 HK Equity,2012:Q1,2012-04-29
1099 HK Equity,2011:A,2012-03-23
1099 HK Equity,2011:S2,2012-03-23
1099 HK Equity,2011:S1,2011-08-24
1099 HK Equity,2010:A,2011-03-24
1099 HK Equity,2010:S2,2011-03-24
1099 HK Equity,2010:S1,2010-08-25
1099 HK Equity,2009:A,2010-03-24
1099 HK Equity,2009:S2,2010-03-24
1099 HK Equity,2009:S1,2009-09-27
1099 HK Equity,2008:A,2009-09-11
1099 HK Equity,2008:S2,2009-09-11
1099 HK Equity,2008:S1,2009-09-27
1099 HK Equity,2007:A,2009-09-11
1099 HK Equity,2006:A,2009-09-11
1109 HK Equity,2026:S1,2026-08-31
1109 HK Equity,2025:A,2026-03-30
1109 HK Equity,2025:S2,2026-03-30
1109 HK Equity,2025:S1,2025-08-27
1109 HK Equity,2024:A,2025-03-26
1109 HK Equity,2024:S2,2025-03-26
1109 HK Equity,2024:S1,2024-08-28
1109 HK Equity,2023:A,2024-03-26
1109 HK Equity,2023:S2,2024-03-26
1109 HK Equity,2023:S1,2023-08-30
1109 HK Equity,2022:A,2023-03-29
1109 HK Equity,2022:S2,2023-03-29
1109 HK Equity,2022:S1,2022-08-30
1109 HK Equity,2021:A,2022-03-30
1109 HK Equity,2021:S2,2022-03-30
1109 HK Equity,2021:S1,2021-08-25
1109 HK Equity,2020:A,2021-03-30
1109 HK Equity,2020:S2,2021-03-30
1109 HK Equity,2020:S1,2020-08-26
1109 HK Equity,2019:A,2020-03-26
1109 HK Equity,2019:S2,2020-03-26
1109 HK Equity,2019:S1,2019-08-20
1109 HK Equity,2018:A,2019-03-26
1109 HK Equity,2018:S2,2019-03-26
1109 HK Equity,2018:S1,2018-08-21
1109 HK Equity,2017:A,2018-03-20
1109 HK Equity,2017:S2,2018-03-20
1109 HK Equity,2017:S1,2017-08-23
1109 HK Equity,2016:A,2017-03-22
1109 HK Equity,2016:S2,2017-03-22
1109 HK Equity,2016:S1,2016-08-26
1109 HK Equity,2015:A,2016-03-21
1109 HK Equity,2015:S2,2016-03-21
1109 HK Equity,2015:S1,2015-08-24
1109 HK Equity,2014:A,2015-03-23
1109 HK Equity,2014:S2,2015-03-23
1109 HK Equity,2014:S1,2014-08-19
1109 HK Equity,2013:A,2014-03-21
1109 HK Equity,2013:S2,2014-03-21
1109 HK Equity,2013:S1,2013-08-23
1109 HK Equity,2012:A,2013-03-15
1109 HK Equity,2012:S2,2013-03-15
1109 HK Equity,2012:S1,2012-08-17
1109 HK Equity,2011:A,2012-03-09
1109 HK Equity,2011:S2,2012-03-15
1109 HK Equity,2011:S1,2011-08-19
1109 HK Equity,2010:A,2011-03-25
1109 HK Equity,2010:S2,2011-03-25
1109 HK Equity,2010:S1,2010-08-27
1109 HK Equity,2009:A,2010-03-26
1109 HK Equity,2009:S2,2010-03-26
1109 HK Equity,2009:S1,2009-09-18
1109 HK Equity,2008:A,2009-03-27
1109 HK Equity,2008:S2,2009-03-27
1109 HK Equity,2008:S1,2008-09-12
1109 HK Equity,2007:A,2008-03-28
1109 HK Equity,2007:S2,2008-03-28
1109 HK Equity,2007:S1,2007-09-14
1109 HK Equity,2006:A,2007-03-30
1109 HK Equity,2006:S2,2007-03-30
1109 HK Equity,2006:S1,2006-09-15
1109 HK Equity,2005:A,2006-03-27
1109 HK Equity,2005:S2,2006-03-27
1109 HK Equity,2005:S1,2005-09-29
1109 HK Equity,2004:A,2005-04-07
1109 HK Equity,2004:S2,2005-04-07
1109 HK Equity,2004:S1,2004-09-28
1109 HK Equity,2003:A,2004-04-08
1109 HK Equity,2003:S2,2004-04-08
1109 HK Equity,2003:S1,2003-09-16
1109 HK Equity,2002:A,2003-04-17
1109 HK Equity,2002:S2,2003-04-17
1109 HK Equity,2002:S1,2002-09-06
1109 HK Equity,2001:A,2002-04-15
1109 HK Equity,2001:S2,2002-04-15
1109 HK Equity,2001:S1,2001-09-15
1109 HK Equity,2000:A,2001-04-10
1109 HK Equity,2000:S2,2001-04-10
1109 HK Equity,2000:S1,2000-09-09
1109 HK Equity,1999:A,2000-04-10
1109 HK Equity,1999:S2,2000-04-10
1109 HK Equity,1999:S1,1999-09-10
1109 HK Equity,1998:A,1999-04-12
1109 HK Equity,1998:S2,1999-04-12
1109 HK Equity,1998:S1,1998-09-04
1109 HK Equity,1997:A,1998-04-03
1109 HK Equity,1996:A,1997-04-03
1113 HK Equity,2026:S1,2026-08-13
1113 HK Equity,2025:A,2026-03-19
1113 HK Equity,2025:S2,2026-03-19
1113 HK Equity,2025:S1,2025-08-14
1113 HK Equity,2024:A,2025-03-20
1113 HK Equity,2024:S2,2025-03-20
1113 HK Equity,2024:S1,2024-08-15
1113 HK Equity,2023:A,2024-03-21
1113 HK Equity,2023:S2,2024-03-21
1113 HK Equity,2023:S1,2023-08-03
1113 HK Equity,2022:A,2023-03-16
1113 HK Equity,2022:S2,2023-03-16
1113 HK Equity,2022:S1,2022-08-04
1113 HK Equity,2021:A,2022-03-17
1113 HK Equity,2021:S2,2022-03-17
1113 HK Equity,2021:S1,2021-08-05
1113 HK Equity,2020:A,2021-03-18
1113 HK Equity,2020:S2,2021-03-18
1113 HK Equity,2020:S1,2020-08-06
1113 HK Equity,2019:A,2020-03-19
1113 HK Equity,2019:S2,2020-03-19
1113 HK Equity,2019:S1,2019-08-01
1113 HK Equity,2018:A,2019-03-21
1113 HK Equity,2018:S2,2019-03-21
1113 HK Equity,2018:S1,2018-08-02
1113 HK Equity,2017:A,2018-03-16
1113 HK Equity,2017:S2,2018-03-16
1113 HK Equity,2017:S1,2017-08-03
1113 HK Equity,2016:A,2017-03-22
1113 HK Equity,2016:S2,2017-03-22
1113 HK Equity,2016:S1,2016-08-11
1113 HK Equity,2015:A,2016-03-17
1113 HK Equity,2015:S2,2016-03-17
1113 HK Equity,2015:S1,2015-08-25
1113 HK Equity,2014:A,2015-05-08
1113 HK Equity,2013:A,2015-05-08
1113 HK Equity,2012:A,2015-05-08
1113 HK Equity,2011:A,2012-03-31
1177 HK Equity,2026:S1,2026-08-19
1177 HK Equity,2025:A,2026-03-26
1177 HK Equity,2025:S2,2026-03-26
1177 HK Equity,2025:S1,2025-08-18
1177 HK Equity,2024:A,2025-03-20
1177 HK Equity,2024:S2,2025-03-20
1177 HK Equity,2024:S1,2024-08-13
1177 HK Equity,2023:A,2024-03-28
1177 HK Equity,2023:S2,2024-03-28
1177 HK Equity,2023:S1,2023-08-25
1177 HK Equity,2022:A,2023-03-31
1177 HK Equity,2022:S2,2023-03-31
1177 HK Equity,2022:S1,2022-08-23
1177 HK Equity,2021:A,2022-02-10
1177 HK Equity,2021:S2,2022-02-10
1177 HK Equity,2021:C3,2021-11-05
1177 HK Equity,2021:S1,2021-08-31
1177 HK Equity,2021:Q2,2021-08-31
1177 HK Equity,2021:Q1,2021-05-24
1177 HK Equity,2020:A,2021-03-23
1177 HK Equity,2020:S2,2021-03-23
1177 HK Equity,2020:Q4,2021-03-23
1177 HK Equity,2020:C3,2020-11-30
1177 HK Equity,2020:Q3,2020-11-30
1177 HK Equity,2020:S1,2020-08-28
1177 HK Equity,2020:Q2,2020-08-28
1177 HK Equity,2020:Q1,2020-05-28
1177 HK Equity,2019:A,2020-03-30
1177 HK Equity,2019:S2,2020-03-30
1177 HK Equity,2019:Q4,2020-03-30
1177 HK Equity,2019:C3,2019-11-26
1177 HK Equity,2019:Q3,2019-11-26
1177 HK Equity,2019:S1,2019-08-28
1177 HK Equity,2019:Q2,2019-08-28
1177 HK Equity,2019:Q1,2019-05-21
1177 HK Equity,2018:A,2019-03-31
1177 HK Equity,2018:S2,2019-03-31
1177 HK Equity,2018:Q4,2019-03-31
1177 HK Equity,2018:C3,2018-11-22
1177 HK Equity,2018:Q3,2018-11-22
1177 HK Equity,2018:S1,2018-08-22
1177 HK Equity,2018:Q2,2018-08-22
1177 HK Equity,2018:Q1,2018-05-18
1177 HK Equity,2017:A,2018-03-23
1177 HK Equity,2017:S2,2018-03-23
1177 HK Equity,2017:Q4,2018-03-23
1177 HK Equity,2017:C3,2017-11-09
1177 HK Equity,2017:Q3,2017-11-09
1177 HK Equity,2017:S1,2017-08-21
1177 HK Equity,2017:Q2,2017-08-21
1177 HK Equity,2017:Q1,2017-05-26
1177 HK Equity,2016:A,2017-03-13
1177 HK Equity,2016:S2,2017-03-13
1177 HK Equity,2016:Q4,2017-03-13
1177 HK Equity,2016:C3,2016-11-18
1177 HK Equity,2016:Q3,2016-11-18
1177 HK Equity,2016:S1,2016-08-26
1177 HK Equity,2016:Q2,2016-08-26
1177 HK Equity,2016:Q1,2016-05-18
1177 HK Equity,2015:A,2016-03-30
1177 HK Equity,2015:S2,2016-03-30
1177 HK Equity,2015:Q4,2016-03-30
1177 HK Equity,2015:C3,2015-11-20
1177 HK Equity,2015:Q3,2015-11-20
1177 HK Equity,2015:S1,2015-08-25
1177 HK Equity,2015:Q2,2015-08-25
1177 HK Equity,2015:Q1,2015-05-12
1177 HK Equity,2014:A,2015-03-25
1177 HK Equity,2014:S2,2015-03-25
1177 HK Equity,2014:Q4,2015-03-25
1177 HK Equity,2014:C3,2014-11-10
1177 HK Equity,2014:Q3,2014-11-10
1177 HK Equity,2014:S1,2014-08-25
1177 HK Equity,2014:Q2,2014-08-25
1177 HK Equity,2014:Q1,2014-05-23
1177 HK Equity,2013:A,2014-03-26
1177 HK Equity,2013:S2,2014-03-26
1177 HK Equity,2013:Q4,2014-03-26
1177 HK Equity,2013:C3,2013-11-13
1177 HK Equity,2013:Q3,2013-11-13
1177 HK Equity,2013:S1,2013-08-30
1177 HK Equity,2013:Q2,2013-08-30
1177 HK Equity,2013:Q1,2013-05-16
1177 HK Equity,2012:A,2013-03-25
1177 HK Equity,2012:S2,2013-03-25
1177 HK Equity,2012:Q4,2013-03-25
1177 HK Equity,2012:C3,2012-11-15
1177 HK Equity,2012:Q3,2012-11-15
1177 HK Equity,2012:S1,2012-08-27
1177 HK Equity,2012:Q2,2012-08-27
1177 HK Equity,2012:Q1,2012-05-16
1177 HK Equity,2011:A,2012-03-30
1177 HK Equity,2011:S2,2012-03-30
1177 HK Equity,2011:Q4,2012-03-30
1177 HK Equity,2011:C3,2011-11-18
1177 HK Equity,2011:Q3,2011-11-18
1177 HK Equity,2011:S1,2011-08-29
1177 HK Equity,2011:Q2,2011-08-29
1177 HK Equity,2011:Q1,2011-05-19
1177 HK Equity,2010:A,2011-03-28
1177 HK Equity,2010:S2,2011-03-28
1177 HK Equity,2010:Q4,2011-03-28
1177 HK Equity,2010:C3,2010-11-16
1177 HK Equity,2010:Q3,2010-11-16
1177 HK Equity,2010:S1,2010-08-25
1177 HK Equity,2010:Q2,2010-08-25
1177 HK Equity,2010:Q1,2010-05-27
1177 HK Equity,2009:A,2010-03-31
1177 HK Equity,2009:S2,2010-03-31
1177 HK Equity,2009:Q4,2010-03-31
1177 HK Equity,2009:C3,2009-11-11
1177 HK Equity,2009:Q3,2009-11-11
1177 HK Equity,2009:S1,2009-09-09
1177 HK Equity,2009:Q2,2009-09-09
1177 HK Equity,2009:Q1,2009-05-13
1177 HK Equity,2008:A,2009-03-31
1177 HK Equity,2008:S2,2009-03-31
1177 HK Equity,2008:Q4,2009-03-31
1177 HK Equity,2008:C3,2008-11-17
1177 HK Equity,2008:Q3,2008-11-17
1177 HK Equity,2008:S1,2008-09-02
1177 HK Equity,2008:Q2,2008-09-02
1177 HK Equity,2008:Q1,2008-05-15
1177 HK Equity,2007:A,2008-03-27
1177 HK Equity,2007:S2,2008-03-27
1177 HK Equity,2007:C3,2007-11-14
1177 HK Equity,2007:Q3,2007-11-14
1177 HK Equity,2007:S1,2007-09-06
1177 HK Equity,2007:Q2,2007-09-06
1177 HK Equity,2007:Q1,2007-05-14
1177 HK Equity,2006:A,2007-04-03
1177 HK Equity,2006:S2,2007-04-03
1177 HK Equity,2006:Q4,2007-04-03
1177 HK Equity,2006:C3,2006-11-14
1177 HK Equity,2006:Q3,2006-11-14
1177 HK Equity,2006:S1,2006-09-12
1177 HK Equity,2006:Q2,2006-09-12
1177 HK Equity,2006:Q1,2006-05-11
1177 HK Equity,2005:A,2006-04-30
1177 HK Equity,2005:S2,2006-04-30
1177 HK Equity,2005:Q4,2006-04-30
1177 HK Equity,2005:C3,2005-11-14
1177 HK Equity,2005:Q3,2005-11-14
1177 HK Equity,2005:S1,2005-09-27
1177 HK Equity,2005:Q2,2005-09-27
1177 HK Equity,2005:Q1,2005-05-15
1177 HK Equity,2004:A,2005-03-30
1177 HK Equity,2004:S2,2005-03-30
1177 HK Equity,2004:Q4,2005-03-30
1177 HK Equity,2004:C3,2004-11-14
1177 HK Equity,2004:Q3,2004-11-14
1177 HK Equity,2004:S1,2004-09-21
1177 HK Equity,2004:Q2,2004-09-21
1177 HK Equity,2004:Q1,2004-05-15
1177 HK Equity,2003:A,2004-04-30
1177 HK Equity,2003:S2,2004-04-30
1177 HK Equity,2003:Q4,2004-02-15
1177 HK Equity,2003:Q3,2003-11-07
1177 HK Equity,2003:S1,2003-08-08
1177 HK Equity,2003:Q2,2003-08-11
1177 HK Equity,2003:Q1,2003-05-14
1177 HK Equity,2002:A,2003-04-30
1177 HK Equity,2002:S2,2003-04-30
1177 HK Equity,2002:Q4,2003-02-15
1177 HK Equity,2002:Q3,2002-11-07
1177 HK Equity,2002:S1,2002-11-06
1177 HK Equity,2002:Q2,2002-07-30
1177 HK Equity,2002:Q1,2002-05-15
1177 HK Equity,2001:A,2002-03-15
1177 HK Equity,2001:Q4,2002-02-15
1177 HK Equity,2001:Q3,2001-11-15
1177 HK Equity,2001:Q2,2001-08-15
1177 HK Equity,2001:Q1,2001-05-15
1177 HK Equity,2000:A,2001-03-20
1177 HK Equity,2000:Q4,2001-02-15
1177 HK Equity,2000:Q3,2000-11-15
1177 HK Equity,2000:Q2,2001-08-15
1177 HK Equity,2000:Q1,2001-05-15
1177 HK Equity,1999:A,2000-09-22
1177 HK Equity,1998:A,2000-09-22
12 HK Equity,2026:S1,2026-08-20
12 HK Equity,2025:A,2026-03-23
12 HK Equity,2025:S2,2026-03-23
12 HK Equity,2025:S1,2025-08-20
12 HK Equity,2024:A,2025-03-20
12 HK Equity,2024:S2,2025-03-20
12 HK Equity,2024:S1,2024-08-21
12 HK Equity,2023:A,2024-03-21
12 HK Equity,2023:S2,2024-03-21
12 HK Equity,2023:S1,2023-08-22
12 HK Equity,2022:A,2023-03-21
12 HK Equity,2022:S2,2023-03-21
12 HK Equity,2022:S1,2022-08-23
12 HK Equity,2021:A,2022-03-22
12 HK Equity,2021:S2,2022-03-22
12 HK Equity,2021:S1,2021-08-23
12 HK Equity,2020:A,2021-03-23
12 HK Equity,2020:S2,2021-03-23
12 HK Equity,2020:S1,2020-08-20
12 HK Equity,2019:A,2020-03-23
12 HK Equity,2019:S2,2020-03-23
12 HK Equity,2019:S1,2019-08-21
12 HK Equity,2018:A,2019-03-20
12 HK Equity,2018:S2,2019-03-20
12 HK Equity,2018:S1,2018-08-23
12 HK Equity,2017:A,2018-03-21
12 HK Equity,2017:S2,2018-03-21
12 HK Equity,2017:S1,2017-08-22
12 HK Equity,2016:A,2017-03-21
12 HK Equity,2016:S2,2017-03-21
12 HK Equity,2016:S1,2016-08-23
12 HK Equity,2015:A,2016-03-21
12 HK Equity,2015:S2,2016-03-21
12 HK Equity,2015:S1,2015-08-20
12 HK Equity,2014:A,2015-03-23
12 HK Equity,2014:S2,2015-03-23
12 HK Equity,2014:S1,2014-08-26
12 HK Equity,2013:A,2014-03-20
12 HK Equity,2013:S2,2014-03-20
12 HK Equity,2013:S1,2013-08-22
12 HK Equity,2012:A,2013-03-25
12 HK Equity,2012:S2,2013-03-25
12 HK Equity,2012:S1,2012-08-22
12 HK Equity,2011:A,2012-03-21
12 HK Equity,2011:S2,2012-03-21
12 HK Equity,2011:S1,2011-08-25
12 HK Equity,2010:A,2011-03-17
12 HK Equity,2010:S2,2011-03-17
12 HK Equity,2010:S1,2010-08-26
12 HK Equity,2009:A,2010-03-31
12 HK Equity,2009:S2,2010-03-31
12 HK Equity,2009:S1,2009-08-31
12 HK Equity,2008:A,2008-09-18
12 HK Equity,2008:S2,2008-09-18
12 HK Equity,2008:S1,2008-03-27
12 HK Equity,2007:A,2007-09-17
12 HK Equity,2007:S2,2007-09-17
12 HK Equity,2007:S1,2007-03-21
12 HK Equity,2006:A,2006-09-21
12 HK Equity,2006:S2,2006-09-21
12 HK Equity,2006:S1,2006-03-31
12 HK Equity,2005:A,2005-09-28
12 HK Equity,2005:S2,2005-09-28
12 HK Equity,2005:S1,2005-01-18
12 HK Equity,2004:A,2004-09-23
12 HK Equity,2004:S2,2004-09-23
12 HK Equity,2004:S1,2004-03-17
12 HK Equity,2003:A,2003-10-02
12 HK Equity,2003:S2,2003-10-02
12 HK Equity,2003:S1,2003-03-21
12 HK Equity,2002:A,2002-10-03
12 HK Equity,2002:S2,2002-07-20
12 HK Equity,2002:S1,2002-03-20
12 HK Equity,2001:A,2001-10-04
12 HK Equity,2001:S2,2001-10-04
12 HK Equity,2001:S1,2001-03-23
12 HK Equity,2000:A,2000-09-20
12 HK Equity,2000:S2,2000-09-20
12 HK Equity,2000:S1,2000-03-23
12 HK Equity,1999:A,1999-09-23
12 HK Equity,1999:S2,1999-09-23
12 HK Equity,1999:S1,1999-03-25
12 HK Equity,1998:A,1998-09-30
12 HK Equity,1998:S2,1998-09-30
12 HK Equity,1998:S1,1998-03-25
12 HK Equity,1997:A,1997-10-03
1209 HK Equity,2026:S1,2026-08-31
1209 HK Equity,2025:A,2026-03-30
1209 HK Equity,2025:S2,2026-03-30
1209 HK Equity,2025:S1,2025-08-27
1209 HK Equity,2024:A,2025-03-26
1209 HK Equity,2024:S2,2025-03-26
1209 HK Equity,2024:S1,2024-08-28
1209 HK Equity,2023:A,2024-03-26
1209 HK Equity,2023:S2,2024-03-26
1209 HK Equity,2023:S1,2023-08-30
1209 HK Equity,2022:A,2023-03-28
1209 HK Equity,2022:S2,2023-03-28
1209 HK Equity,2022:S1,2022-08-30
1209 HK Equity,2021:A,2022-03-30
1209 HK Equity,2021:S2,2022-03-30
1209 HK Equity,2021:S1,2021-08-25
1209 HK Equity,2020:A,2021-03-30
1209 HK Equity,2020:S2,2021-03-30
1209 HK Equity,2020:S1,2020-06-30
1209 HK Equity,2019:A,2020-11-25
1209 HK Equity,2019:S2,2020-11-25
1209 HK Equity,2019:S1,2020-11-25
1209 HK Equity,2018:A,2020-11-25
1209 HK Equity,2017:A,2020-11-25
1211 HK Equity,2026:S1,2026-08-28
1211 HK Equity,2026:C2,2026-08-28
1211 HK Equity,2026:Q2,2026-08-28
1211 HK Equity,2026:Q1,2026-04-28
1211 HK Equity,2025:A,2026-03-27
1211 HK Equity,2025:S2,2026-03-27
1211 HK Equity,2025:Q4,2026-03-27
1211 HK Equity,2025:C3,2025-10-30
1211 HK Equity,2025:Q3,2025-10-30
1211 HK Equity,2025:S1,2025-08-29
1211 HK Equity,2025:C2,2025-08-29
1211 HK Equity,2025:Q2,2025-08-29
1211 HK Equity,2025:Q1,2025-04-25
1211 HK Equity,2024:A,2025-03-24
1211 HK Equity,2024:S2,2025-03-24
1211 HK Equity,2024:Q4,2025-03-24
1211 HK Equity,2024:C3,2024-10-30
1211 HK Equity,2024:Q3,2024-10-30
1211 HK Equity,2024:S1,2024-08-28
1211 HK Equity,2024:C2,2024-08-28
1211 HK Equity,2024:Q2,2024-08-28
1211 HK Equity,2024:Q1,2024-04-29
1211 HK Equity,2023:A,2024-03-26
1211 HK Equity,2023:S2,2024-03-26
1211 HK Equity,2023:Q4,2024-03-26
1211 HK Equity,2023:C3,2023-10-30
1211 HK Equity,2023:Q3,2023-10-30
1211 HK Equity,2023:S1,2023-08-28
1211 HK Equity,2023:C2,2023-08-28
1211 HK Equity,2023:Q2,2023-08-28
1211 HK Equity,2023:Q1,2023-04-27
1211 HK Equity,2022:A,2023-03-28
1211 HK Equity,2022:S2,2023-03-28
1211 HK Equity,2022:Q4,2023-03-28
1211 HK Equity,2022:C3,2022-10-28
1211 HK Equity,2022:Q3,2022-10-28
1211 HK Equity,2022:S1,2022-08-29
1211 HK Equity,2022:C2,2022-08-29
1211 HK Equity,2022:Q2,2022-08-29
1211 HK Equity,2022:Q1,2022-04-27
1211 HK Equity,2021:A,2022-03-29
1211 HK Equity,2021:S2,2022-03-29
1211 HK Equity,2021:Q4,2022-03-29
1211 HK Equity,2021:C3,2021-10-28
1211 HK Equity,2021:Q3,2021-10-28
1211 HK Equity,2021:S1,2021-08-27
1211 HK Equity,2021:C2,2021-08-27
1211 HK Equity,2021:Q2,2021-08-27
1211 HK Equity,2021:Q1,2021-04-28
1211 HK Equity,2020:A,2021-03-29
1211 HK Equity,2020:S2,2021-03-29
1211 HK Equity,2020:Q4,2021-03-29
1211 HK Equity,2020:C3,2020-10-29
1211 HK Equity,2020:Q3,2020-10-29
1211 HK Equity,2020:S1,2020-08-28
1211 HK Equity,2020:C2,2020-08-28
1211 HK Equity,2020:Q2,2020-08-28
1211 HK Equity,2020:Q1,2020-04-28
1211 HK Equity,2019:A,2020-03-31
1211 HK Equity,2019:S2,2020-03-31
1211 HK Equity,2019:Q4,2020-03-31
1211 HK Equity,2019:C3,2019-10-29
1211 HK Equity,2019:Q3,2019-10-29
1211 HK Equity,2019:S1,2019-08-21
1211 HK Equity,2019:C2,2019-08-21
1211 HK Equity,2019:Q2,2019-08-21
1211 HK Equity,2019:Q1,2019-04-28
1211 HK Equity,2018:A,2019-03-27
1211 HK Equity,2018:S2,2019-03-27
1211 HK Equity,2018:Q4,2019-03-27
1211 HK Equity,2018:C3,2018-10-29
1211 HK Equity,2018:Q3,2018-10-29
1211 HK Equity,2018:S1,2018-08-29
1211 HK Equity,2018:C2,2018-08-29
1211 HK Equity,2018:Q2,2018-08-29
1211 HK Equity,2018:Q1,2018-04-28
1211 HK Equity,2017:A,2018-03-27
1211 HK Equity,2017:S2,2018-03-27
1211 HK Equity,2017:Q4,2018-03-27
1211 HK Equity,2017:C3,2017-10-29
1211 HK Equity,2017:Q3,2017-10-29
1211 HK Equity,2017:S1,2017-08-28
1211 HK Equity,2017:C2,2017-08-28
1211 HK Equity,2017:Q2,2017-08-28
1211 HK Equity,2017:Q1,2017-04-28
1211 HK Equity,2016:A,2017-03-28
1211 HK Equity,2016:S2,2017-03-28
1211 HK Equity,2016:Q4,2017-03-28
1211 HK Equity,2016:C3,2016-10-30
1211 HK Equity,2016:Q3,2016-10-30
1211 HK Equity,2016:S1,2016-08-28
1211 HK Equity,2016:C2,2016-08-28
1211 HK Equity,2016:Q2,2016-08-28
1211 HK Equity,2016:Q1,2016-04-28
1211 HK Equity,2015:A,2016-03-28
1211 HK Equity,2015:S2,2016-03-28
1211 HK Equity,2015:Q4,2016-03-28
1211 HK Equity,2015:C3,2015-10-29
1211 HK Equity,2015:Q3,2015-10-29
1211 HK Equity,2015:S1,2015-08-26
1211 HK Equity,2015:C2,2015-08-26
1211 HK Equity,2015:Q2,2015-08-26
1211 HK Equity,2015:Q1,2015-04-27
1211 HK Equity,2014:A,2015-03-29
1211 HK Equity,2014:S2,2015-03-29
1211 HK Equity,2014:Q4,2015-03-29
1211 HK Equity,2014:C3,2014-10-29
1211 HK Equity,2014:Q3,2014-10-29
1211 HK Equity,2014:S1,2014-08-24
1211 HK Equity,2014:C2,2014-08-24
1211 HK Equity,2014:Q2,2014-08-24
1211 HK Equity,2014:Q1,2014-04-24
1211 HK Equity,2013:A,2014-03-19
1211 HK Equity,2013:S2,2014-03-19
1211 HK Equity,2013:Q4,2014-03-19
1211 HK Equity,2013:C3,2013-10-29
1211 HK Equity,2013:Q3,2013-10-29
1211 HK Equity,2013:S1,2013-08-25
1211 HK Equity,2013:C2,2013-08-25
1211 HK Equity,2013:Q2,2013-08-25
1211 HK Equity,2013:Q1,2013-04-25
1211 HK Equity,2012:A,2013-03-22
1211 HK Equity,2012:S2,2013-03-22
1211 HK Equity,2012:Q4,2013-03-22
1211 HK Equity,2012:Q3,2012-10-29
1211 HK Equity,2012:S1,2012-08-27
1211 HK Equity,2012:C2,2012-08-27
1211 HK Equity,2012:Q2,2012-08-27
1211 HK Equity,2012:Q1,2012-04-25
1211 HK Equity,2011:A,2012-03-25
1211 HK Equity,2011:S2,2012-03-25
1211 HK Equity,2011:Q4,2012-03-25
1211 HK Equity,2011:Q3,2011-10-28
1211 HK Equity,2011:S1,2011-08-22
1211 HK Equity,2011:C2,2011-08-22
1211 HK Equity,2010:A,2011-03-13
1211 HK Equity,2010:S2,2011-03-13
1211 HK Equity,2010:Q4,2011-03-13
1211 HK Equity,2010:C3,2010-10-26
1211 HK Equity,2010:Q3,2010-10-26
1211 HK Equity,2010:S1,2010-08-22
1211 HK Equity,2010:Q2,2010-08-22
1211 HK Equity,2010:Q1,2010-04-26
1211 HK Equity,2009:A,2010-03-14
1211 HK Equity,2009:S2,2010-03-14
1211 HK Equity,2009:Q4,2010-03-14
1211 HK Equity,2009:C3,2009-11-26
1211 HK Equity,2009:Q3,2009-11-26
1211 HK Equity,2009:S1,2009-08-30
1211 HK Equity,2008:A,2009-03-29
1211 HK Equity,2008:S2,2009-03-29
1211 HK Equity,2008:S1,2008-08-31
1211 HK Equity,2007:A,2008-03-24
1211 HK Equity,2007:S2,2008-03-24
1211 HK Equity,2007:S1,2007-08-31
1211 HK Equity,2006:A,2007-03-16
1211 HK Equity,2006:S2,2007-03-16
1211 HK Equity,2006:S1,2006-09-13
1211 HK Equity,2005:A,2006-03-24
1211 HK Equity,2005:S2,2006-03-24
1211 HK Equity,2005:S1,2005-09-27
1211 HK Equity,2004:A,2005-03-24
1211 HK Equity,2004:S2,2005-03-24
1211 HK Equity,2004:S1,2005-03-03
1211 HK Equity,2003:A,2004-02-20
1211 HK Equity,2003:S2,2004-02-23
1211 HK Equity,2003:S1,2003-08-19
1211 HK Equity,2002:A,2003-02-14
1211 HK Equity,2002:S2,2003-02-14
1211 HK Equity,2002:S1,2002-08-26
1211 HK Equity,2001:A,2002-07-22
1211 HK Equity,2001:S2,2002-07-22
1299 HK Equity,2026:S1,2026-08-20
1299 HK Equity,2026:Q2,2026-08-20
1299 HK Equity,2026:Q1,2026-04-30
1299 HK Equity,2025:A,2026-03-19
1299 HK Equity,2025:S2,2026-03-19
1299 HK Equity,2025:Q4,2026-03-19
1299 HK Equity,2025:S1,2025-08-21
1299 HK Equity,2025:Q2,2025-08-21
1299 HK Equity,2025:Q1,2025-04-30
1299 HK Equity,2024:A,2025-03-14
1299 HK Equity,2024:S2,2025-03-14
1299 HK Equity,2024:Q3,2024-10-30
1299 HK Equity,2024:S1,2024-08-22
1299 HK Equity,2024:Q2,2024-08-22
1299 HK Equity,2024:Q1,2024-04-29
1299 HK Equity,2023:A,2024-03-14
1299 HK Equity,2023:S2,2024-03-14
1299 HK Equity,2023:Q4,2024-03-14
1299 HK Equity,2023:Q3,2023-11-03
1299 HK Equity,2023:S1,2023-08-24
1299 HK Equity,2023:Q2,2023-08-24
1299 HK Equity,2023:Q1,2023-04-27
1299 HK Equity,2022:A,2023-03-10
1299 HK Equity,2022:S2,2023-03-10
1299 HK Equity,2022:Q4,2023-03-10
1299 HK Equity,2022:Q3,2022-11-01
1299 HK Equity,2022:S1,2022-08-24
1299 HK Equity,2022:Q2,2022-08-24
1299 HK Equity,2022:Q1,2022-04-28
1299 HK Equity,2021:A,2022-03-10
1299 HK Equity,2021:S2,2022-03-10
1299 HK Equity,2021:Q4,2022-03-10
1299 HK Equity,2021:Q3,2021-11-12
1299 HK Equity,2021:S1,2021-08-17
1299 HK Equity,2021:Q2,2021-08-17
1299 HK Equity,2021:Q1,2021-05-14
1299 HK Equity,2020:A,2021-03-12
1299 HK Equity,2020:S2,2021-03-12
1299 HK Equity,2020:Q4,2021-03-12
1299 HK Equity,2020:Q3,2020-11-08
1299 HK Equity,2020:S1,2020-08-20
1299 HK Equity,2020:Q2,2020-08-20
1299 HK Equity,2020:Q1,2020-05-15
1299 HK Equity,2019:A,2020-03-12
1299 HK Equity,2019:S2,2020-03-12
1299 HK Equity,2019:Q4,2020-03-12
1299 HK Equity,2019:Q3,2019-10-28
1299 HK Equity,2019:S1,2019-08-23
1299 HK Equity,2019:Q2,2019-08-23
1299 HK Equity,2019:Q1,2019-05-11
1299 HK Equity,2018:A,2019-03-15
1299 HK Equity,2018:S2,2019-03-15
1299 HK Equity,2018:Q4,2019-03-15
1299 HK Equity,2018:Q3,2018-11-09
1299 HK Equity,2018:S1,2018-08-24
1299 HK Equity,2018:Q2,2018-08-24
1299 HK Equity,2018:Q1,2018-04-27
1299 HK Equity,2017:A,2018-02-27
1299 HK Equity,2017:S2,2018-02-27
1299 HK Equity,2017:Q4,2018-02-27
1299 HK Equity,2017:Q3,2017-10-20
1299 HK Equity,2017:S1,2017-07-28
1299 HK Equity,2017:Q2,2017-07-28
1299 HK Equity,2017:Q1,2017-04-27
1299 HK Equity,2016:A,2017-02-24
1299 HK Equity,2016:S2,2017-02-24
1299 HK Equity,2016:S1,2016-07-28
1299 HK Equity,2015:A,2016-02-25
1299 HK Equity,2015:S2,2016-02-25
1299 HK Equity,2015:S1,2015-07-24
1299 HK Equity,2014:A,2015-02-26
1299 HK Equity,2014:S2,2015-02-26
1299 HK Equity,2014:S1,2014-07-25
1299 HK Equity,2013:A,2014-02-21
1299 HK Equity,2013:S2,2014-02-21
1299 HK Equity,2013:S1,2013-07-26
1299 HK Equity,2012:A,2013-02-27
1299 HK Equity,2012:S2,2013-02-27
1299 HK Equity,2012:S1,2012-07-27
1299 HK Equity,2011:A,2012-02-24
1299 HK Equity,2011:S2,2012-02-24
1299 HK Equity,2011:S1,2011-07-29
1299 HK Equity,2010:A,2011-02-25
1299 HK Equity,2010:S2,2011-02-25
1299 HK Equity,2010:S1,2010-10-12
1299 HK Equity,2009:A,2010-10-12
1299 HK Equity,2009:S2,2010-10-12
1299 HK Equity,2009:C4,2010-10-12
1299 HK Equity,2009:S1,2010-10-12
1299 HK Equity,2008:A,2010-10-12
1299 HK Equity,2007:A,2010-10-12
1347 HK Equity,2026:S1,2026-08-26
1347 HK Equity,2026:C2,2026-08-26
1347 HK Equity,2026:Q2,2026-08-26
1347 HK Equity,2026:Q1,2026-05-14
1347 HK Equity,2025:A,2026-02-12
1347 HK Equity,2025:S2,2026-02-12
1347 HK Equity,2025:Q4,2026-02-12
1347 HK Equity,2025:C3,2025-11-06
1347 HK Equity,2025:Q3,2025-11-06
1347 HK Equity,2025:S1,2025-08-07
1347 HK Equity,2025:C2,2025-08-07
1347 HK Equity,2025:Q2,2025-08-07
1347 HK Equity,2025:Q1,2025-05-08
1347 HK Equity,2024:A,2025-02-13
1347 HK Equity,2024:S2,2025-02-13
1347 HK Equity,2024:Q4,2025-02-13
1347 HK Equity,2024:C3,2024-11-07
1347 HK Equity,2024:Q3,2024-11-07
1347 HK Equity,2024:S1,2024-08-08
1347 HK Equity,2024:C2,2024-08-08
1347 HK Equity,2024:Q2,2024-08-08
1347 HK Equity,2024:Q1,2024-05-09
1347 HK Equity,2023:A,2024-02-06
1347 HK Equity,2023:S2,2024-02-06
1347 HK Equity,2023:Q4,2024-02-06
1347 HK Equity,2023:C3,2023-11-09
1347 HK Equity,2023:Q3,2023-11-09
1347 HK Equity,2023:S1,2023-08-10
1347 HK Equity,2023:C2,2023-08-10
1347 HK Equity,2023:Q2,2023-08-10
1347 HK Equity,2023:Q1,2023-05-11
1347 HK Equity,2022:A,2023-02-14
1347 HK Equity,2022:S2,2023-02-14
1347 HK Equity,2022:Q4,2023-02-14
1347 HK Equity,2022:C3,2023-11-09
1347 HK Equity,2022:Q3,2022-11-09
1347 HK Equity,2022:S1,2022-08-11
1347 HK Equity,2022:C2,2022-08-11
1347 HK Equity,2022:Q2,2022-08-11
1347 HK Equity,2022:Q1,2022-05-12
1347 HK Equity,2021:A,2022-01-28
1347 HK Equity,2021:S2,2022-01-28
1347 HK Equity,2021:Q4,2022-01-28
1347 HK Equity,2021:Q3,2021-11-10
1347 HK Equity,2021:S1,2021-08-12
1347 HK Equity,2021:Q2,2021-08-12
1347 HK Equity,2021:Q1,2021-05-13
1347 HK Equity,2020:A,2021-02-09
1347 HK Equity,2020:S2,2021-02-09
1347 HK Equity,2020:Q4,2021-02-09
1347 HK Equity,2020:Q3,2020-11-10
1347 HK Equity,2020:S1,2020-08-11
1347 HK Equity,2020:Q2,2020-08-11
1347 HK Equity,2020:Q1,2020-05-14
1347 HK Equity,2019:A,2020-02-13
1347 HK Equity,2019:S2,2020-02-13
1347 HK Equity,2019:Q4,2020-02-13
1347 HK Equity,2019:Q3,2019-11-12
1347 HK Equity,2019:S1,2019-08-06
1347 HK Equity,2019:Q2,2019-08-06
1347 HK Equity,2019:Q1,2019-05-09
1347 HK Equity,2018:A,2019-03-28
1347 HK Equity,2018:S2,2019-03-28
1347 HK Equity,2018:Q4,2019-03-28
1347 HK Equity,2018:Q3,2018-11-08
1347 HK Equity,2018:S1,2018-08-07
1347 HK Equity,2018:Q2,2018-08-07
1347 HK Equity,2018:Q1,2018-05-10
1347 HK Equity,2017:A,2018-02-08
1347 HK Equity,2017:S2,2018-02-08
1347 HK Equity,2017:Q4,2018-02-08
1347 HK Equity,2017:Q3,2017-11-07
1347 HK Equity,2017:S1,2017-08-08
1347 HK Equity,2017:Q2,2017-08-08
1347 HK Equity,2017:Q1,2017-05-11
1347 HK Equity,2016:A,2017-02-14
1347 HK Equity,2016:S2,2017-02-14
1347 HK Equity,2016:Q4,2017-02-14
1347 HK Equity,2016:Q3,2017-02-14
1347 HK Equity,2016:S1,2016-08-02
1347 HK Equity,2016:Q2,2016-08-02
1347 HK Equity,2016:Q1,2016-05-11
1347 HK Equity,2015:A,2016-03-22
1347 HK Equity,2015:S2,2016-03-22
1347 HK Equity,2015:Q4,2016-03-22
1347 HK Equity,2015:Q3,2015-11-10
1347 HK Equity,2015:S1,2015-08-04
1347 HK Equity,2015:Q2,2015-08-04
1347 HK Equity,2015:Q1,2015-05-15
1347 HK Equity,2014:A,2015-02-03
1347 HK Equity,2014:S2,2015-02-03
1347 HK Equity,2014:Q4,2015-02-03
1347 HK Equity,2014:Q3,2014-11-05
1347 HK Equity,2014:S1,2014-10-03
1347 HK Equity,2013:A,2014-10-03
1347 HK Equity,2013:S2,2014-10-03
1347 HK Equity,2013:S1,2014-10-03
1347 HK Equity,2012:A,2014-10-03
1347 HK Equity,2011:A,2014-10-03
1378 HK Equity,2026:S1,2026-08-21
1378 HK Equity,2025:A,2026-03-20
1378 HK Equity,2025:S2,2026-03-20
1378 HK Equity,2025:S1,2025-08-15
1378 HK Equity,2024:A,2025-03-14
1378 HK Equity,2024:S2,2025-03-14
1378 HK Equity,2024:S1,2024-08-16
1378 HK Equity,2023:A,2024-03-22
1378 HK Equity,2023:S2,2024-03-22
1378 HK Equity,2023:S1,2023-08-18
1378 HK Equity,2022:A,2023-03-24
1378 HK Equity,2022:S2,2023-03-24
1378 HK Equity,2022:S1,2022-08-26
1378 HK Equity,2021:A,2022-03-18
1378 HK Equity,2021:S2,2022-03-18
1378 HK Equity,2021:S1,2021-08-20
1378 HK Equity,2020:A,2021-03-05
1378 HK Equity,2020:S2,2021-03-05
1378 HK Equity,2020:S1,2020-08-21
1378 HK Equity,2019:A,2020-03-20
1378 HK Equity,2019:S2,2020-03-20
1378 HK Equity,2019:S1,2019-08-23
1378 HK Equity,2018:A,2019-03-22
1378 HK Equity,2018:S2,2019-03-22
1378 HK Equity,2018:S1,2018-08-24
1378 HK Equity,2017:A,2018-03-23
1378 HK Equity,2017:S2,2018-03-23
1378 HK Equity,2017:S1,2017-10-27
1378 HK Equity,2016:A,2017-10-27
1378 HK Equity,2016:S2,2017-10-27
1378 HK Equity,2016:S1,2016-08-12
1378 HK Equity,2015:A,2016-03-11
1378 HK Equity,2015:S2,2016-03-11
1378 HK Equity,2015:S1,2015-08-28
1378 HK Equity,2014:A,2015-03-29
1378 HK Equity,2014:S2,2015-03-29
1378 HK Equity,2014:S1,2014-08-15
1378 HK Equity,2013:A,2014-03-14
1378 HK Equity,2013:S2,2014-03-14
1378 HK Equity,2013:S1,2013-08-09
1378 HK Equity,2012:A,2013-03-08
1378 HK Equity,2012:S2,2013-03-08
1378 HK Equity,2012:S1,2012-08-10
1378 HK Equity,2011:A,2012-03-28
1378 HK Equity,2011:S2,2012-03-28
1378 HK Equity,2011:S1,2011-08-12
1378 HK Equity,2010:A,2011-03-30
1378 HK Equity,2010:Q4,2011-03-30
1378 HK Equity,2010:C3,2011-01-26
1378 HK Equity,2009:A,2011-01-26
1378 HK Equity,2009:C3,2011-01-26
1378 HK Equity,2008:A,2011-01-26
1378 HK Equity,2007:A,2011-01-26
1398 HK Equity,2026:S1,2026-08-28
1398 HK Equity,2026:C2,2026-08-28
1398 HK Equity,2026:Q2,2026-08-28
1398 HK Equity,2026:Q1,2026-04-29
1398 HK Equity,2025:A,2026-03-27
1398 HK Equity,2025:S2,2026-03-27
1398 HK Equity,2025:Q4,2026-03-27
1398 HK Equity,2025:C3,2025-10-30
1398 HK Equity,2025:Q3,2025-10-30
1398 HK Equity,2025:S1,2025-08-29
1398 HK Equity,2025:C2,2025-08-29
1398 HK Equity,2025:Q2,2025-08-29
1398 HK Equity,2025:Q1,2025-04-29
1398 HK Equity,2024:A,2025-03-28
1398 HK Equity,2024:S2,2025-03-28
1398 HK Equity,2024:Q4,2025-03-28
1398 HK Equity,2024:C3,2024-10-30
1398 HK Equity,2024:Q3,2024-10-30
1398 HK Equity,2024:S1,2024-08-30
1398 HK Equity,2024:C2,2024-08-30
1398 HK Equity,2024:Q2,2024-08-30
1398 HK Equity,2024:Q1,2024-04-29
1398 HK Equity,2023:A,2024-03-27
1398 HK Equity,2023:S2,2024-03-27
1398 HK Equity,2023:Q4,2024-03-27
1398 HK Equity,2023:C3,2023-10-27
1398 HK Equity,2023:Q3,2023-10-27
1398 HK Equity,2023:S1,2023-08-30
1398 HK Equity,2023:C2,2023-08-30
1398 HK Equity,2023:Q2,2023-08-30
1398 HK Equity,2023:Q1,2023-04-28
1398 HK Equity,2022:A,2023-03-30
1398 HK Equity,2022:S2,2023-03-30
1398 HK Equity,2022:Q4,2023-03-30
1398 HK Equity,2022:C3,2022-10-28
1398 HK Equity,2022:Q3,2022-10-28
1398 HK Equity,2022:S1,2022-08-30
1398 HK Equity,2022:C2,2022-08-30
1398 HK Equity,2022:Q2,2022-08-30
1398 HK Equity,2022:Q1,2022-04-29
1398 HK Equity,2021:A,2022-03-30
1398 HK Equity,2021:S2,2022-03-30
1398 HK Equity,2021:Q4,2022-03-30
1398 HK Equity,2021:C3,2021-10-29
1398 HK Equity,2021:Q3,2021-10-29
1398 HK Equity,2021:S1,2021-08-27
1398 HK Equity,2021:Q2,2021-08-27
1398 HK Equity,2021:Q1,2021-04-29
1398 HK Equity,2020:A,2021-03-26
1398 HK Equity,2020:S2,2021-03-26
1398 HK Equity,2020:Q4,2021-03-26
1398 HK Equity,2020:C3,2020-10-30
1398 HK Equity,2020:Q3,2020-10-30
1398 HK Equity,2020:S1,2020-08-30
1398 HK Equity,2020:Q2,2020-08-30
1398 HK Equity,2020:Q1,2020-04-28
1398 HK Equity,2019:A,2020-03-27
1398 HK Equity,2019:S2,2020-03-27
1398 HK Equity,2019:Q4,2020-03-27
1398 HK Equity,2019:C3,2019-10-25
1398 HK Equity,2019:Q3,2019-10-25
1398 HK Equity,2019:S1,2019-08-29
1398 HK Equity,2019:Q2,2019-08-29
1398 HK Equity,2019:Q1,2019-04-29
1398 HK Equity,2018:A,2019-03-28
1398 HK Equity,2018:S2,2019-03-28
1398 HK Equity,2018:Q4,2019-03-28
1398 HK Equity,2018:C3,2018-10-30
1398 HK Equity,2018:Q3,2018-10-30
1398 HK Equity,2018:S1,2018-08-30
1398 HK Equity,2018:Q2,2018-08-30
1398 HK Equity,2018:Q1,2018-04-27
1398 HK Equity,2017:A,2018-03-27
1398 HK Equity,2017:S2,2018-03-27
1398 HK Equity,2017:Q4,2018-03-27
1398 HK Equity,2017:C3,2017-10-30
1398 HK Equity,2017:Q3,2017-10-30
1398 HK Equity,2017:S1,2017-08-30
1398 HK Equity,2017:C2,2017-08-30
1398 HK Equity,2017:Q2,2017-08-30
1398 HK Equity,2017:Q1,2017-04-28
1398 HK Equity,2016:A,2017-03-30
1398 HK Equity,2016:S2,2017-03-30
1398 HK Equity,2016:Q4,2017-03-30
1398 HK Equity,2016:C3,2016-10-28
1398 HK Equity,2016:Q3,2016-10-28
1398 HK Equity,2016:S1,2016-08-30
1398 HK Equity,2016:Q2,2016-08-30
1398 HK Equity,2016:Q1,2016-04-28
1398 HK Equity,2015:A,2016-03-30
1398 HK Equity,2015:S2,2016-03-30
1398 HK Equity,2015:Q4,2016-03-30
1398 HK Equity,2015:C3,2015-10-30
1398 HK Equity,2015:Q3,2015-10-30
1398 HK Equity,2015:S1,2015-08-27
1398 HK Equity,2015:Q2,2015-08-27
1398 HK Equity,2015:Q1,2015-04-29
1398 HK Equity,2014:A,2015-03-26
1398 HK Equity,2014:S2,2015-03-26
1398 HK Equity,2014:Q4,2015-03-26
1398 HK Equity,2014:C3,2014-10-29
1398 HK Equity,2014:Q3,2014-10-29
1398 HK Equity,2014:S1,2014-08-28
1398 HK Equity,2014:Q2,2014-08-28
1398 HK Equity,2014:Q1,2014-04-29
1398 HK Equity,2013:A,2014-03-27
1398 HK Equity,2013:S2,2014-03-27
1398 HK Equity,2013:Q4,2014-03-27
1398 HK Equity,2013:Q3,2013-10-30
1398 HK Equity,2013:S1,2013-08-29
1398 HK Equity,2013:Q2,2013-08-29
1398 HK Equity,2013:Q1,2013-04-26
1398 HK Equity,2012:A,2013-03-27
1398 HK Equity,2012:S2,2013-03-27
1398 HK Equity,2012:Q4,2013-03-27
1398 HK Equity,2012:Q3,2012-10-30
1398 HK Equity,2012:S1,2012-08-30
1398 HK Equity,2012:Q2,2012-08-30
1398 HK Equity,2012:Q1,2012-04-27
1398 HK Equity,2011:A,2012-03-29
1398 HK Equity,2011:S2,2012-03-29
1398 HK Equity,2011:Q4,2012-03-29
1398 HK Equity,2011:Q3,2011-10-27
1398 HK Equity,2011:S1,2011-08-25
1398 HK Equity,2011:Q2,2011-08-25
1398 HK Equity,2011:Q1,2011-04-28
1398 HK Equity,2010:A,2011-03-30
1398 HK Equity,2010:S2,2011-03-30
1398 HK Equity,2010:Q4,2011-03-30
1398 HK Equity,2010:Q3,2010-10-28
1398 HK Equity,2010:S1,2010-08-26
1398 HK Equity,2010:Q2,2010-08-26
1398 HK Equity,2010:Q1,2010-04-29
1398 HK Equity,2009:A,2010-03-25
1398 HK Equity,2009:S2,2010-03-25
1398 HK Equity,2009:Q4,2010-03-25
1398 HK Equity,2009:Q3,2009-10-29
1398 HK Equity,2009:S1,2009-08-20
1398 HK Equity,2009:Q2,2009-08-20
1398 HK Equity,2009:Q1,2009-04-27
1398 HK Equity,2008:A,2009-03-25
1398 HK Equity,2008:S2,2009-03-25
1398 HK Equity,2008:Q4,2009-03-25
1398 HK Equity,2008:Q3,2008-10-24
1398 HK Equity,2008:S1,2008-08-21
1398 HK Equity,2008:Q2,2008-08-21
1398 HK Equity,2008:Q1,2008-04-29
1398 HK Equity,2007:A,2008-04-17
1398 HK Equity,2007:S2,2008-03-25
1398 HK Equity,2007:Q4,2008-03-25
1398 HK Equity,2007:C3,2007-10-25
1398 HK Equity,2007:Q3,2007-10-25
1398 HK Equity,2007:S1,2007-08-23
1398 HK Equity,2007:Q2,2007-08-23
1398 HK Equity,2007:Q1,2007-04-26
1398 HK Equity,2006:A,2007-04-27
1398 HK Equity,2006:S2,2007-04-03
1398 HK Equity,2006:Q4,2007-04-03
1398 HK Equity,2006:C3,2007-10-25
1398 HK Equity,2006:Q3,2007-10-25
1398 HK Equity,2006:S1,2006-10-16
1398 HK Equity,2005:A,2006-10-16
1398 HK Equity,2005:S2,2006-10-16
1398 HK Equity,2005:S1,2006-10-16
1398 HK Equity,2004:A,2006-10-16
1398 HK Equity,2003:A,2006-10-16
1519 HK Equity,2026:S1,2026-08-20
1519 HK Equity,2025:A,2026-03-30
1519 HK Equity,2025:S2,2026-03-30
1519 HK Equity,2025:S1,2025-08-29
1519 HK Equity,2024:A,2025-03-05
1519 HK Equity,2024:S2,2025-03-05
1519 HK Equity,2024:S1,2024-08-19
1519 HK Equity,2023:A,2024-03-22
1519 HK Equity,2023:S2,2024-03-22
1519 HK Equity,2023:S1,2023-10-16
1519 HK Equity,2022:A,2023-10-16
1519 HK Equity,2022:S2,2023-10-16
1519 HK Equity,2022:S1,2023-10-16
1519 HK Equity,2021:A,2023-10-16
1519 HK Equity,2020:A,2023-10-16
16 HK Equity,2026:A,2026-09-10
16 HK Equity,2026:S2,2026-09-10
16 HK Equity,2026:S1,2026-02-26
16 HK Equity,2025:A,2025-09-04
16 HK Equity,2025:S2,2025-09-04
16 HK Equity,2025:S1,2025-02-27
16 HK Equity,2024:A,2024-09-05
16 HK Equity,2024:S2,2024-09-05
16 HK Equity,2024:S1,2024-02-28
16 HK Equity,2023:A,2023-09-07
16 HK Equity,2023:S2,2023-09-07
16 HK Equity,2023:S1,2023-02-23
16 HK Equity,2022:A,2022-09-08
16 HK Equity,2022:S2,2022-09-08
16 HK Equity,2022:S1,2022-02-24
16 HK Equity,2021:A,2021-09-09
16 HK Equity,2021:S2,2021-09-09
16 HK Equity,2021:S1,2021-02-25
16 HK Equity,2020:A,2020-09-10
16 HK Equity,2020:S2,2020-09-10
16 HK Equity,2020:S1,2020-02-27
16 HK Equity,2019:A,2019-09-12
16 HK Equity,2019:S2,2019-09-12
16 HK Equity,2019:S1,2019-02-27
16 HK Equity,2018:A,2018-09-13
16 HK Equity,2018:S2,2018-09-13
16 HK Equity,2018:S1,2018-02-27
16 HK Equity,2017:A,2017-09-14
16 HK Equity,2017:S2,2017-09-14
16 HK Equity,2017:S1,2017-02-28
16 HK Equity,2016:A,2016-09-08
16 HK Equity,2016:S2,2016-09-10
16 HK Equity,2016:S1,2016-02-26
16 HK Equity,2015:A,2015-09-10
16 HK Equity,2015:S2,2015-09-10
16 HK Equity,2015:S1,2015-02-27
16 HK Equity,2014:A,2014-09-12
16 HK Equity,2014:S2,2014-09-12
16 HK Equity,2014:S1,2014-02-28
16 HK Equity,2013:A,2013-09-12
16 HK Equity,2013:S2,2013-09-12
16 HK Equity,2013:S1,2013-02-28
16 HK Equity,2012:A,2012-09-13
16 HK Equity,2012:S2,2012-09-13
16 HK Equity,2012:S1,2012-02-28
16 HK Equity,2011:A,2011-09-15
16 HK Equity,2011:S2,2011-09-15
16 HK Equity,2011:S1,2011-02-28
16 HK Equity,2010:A,2010-09-20
16 HK Equity,2010:S2,2010-09-20
16 HK Equity,2010:S1,2010-03-11
16 HK Equity,2009:A,2009-09-15
16 HK Equity,2009:S2,2009-09-15
16 HK Equity,2009:S1,2009-03-11
16 HK Equity,2008:A,2008-09-11
16 HK Equity,2008:S2,2008-09-11
16 HK Equity,2008:S1,2008-03-06
16 HK Equity,2007:A,2007-09-13
16 HK Equity,2007:S2,2007-09-13
16 HK Equity,2007:S1,2007-03-07
16 HK Equity,2006:A,2006-09-14
16 HK Equity,2006:S2,2006-09-14
16 HK Equity,2006:S1,2006-03-03
16 HK Equity,2005:A,2005-09-15
16 HK Equity,2005:S2,2005-09-15
16 HK Equity,2005:S1,2005-03-03
16 HK Equity,2004:A,2004-09-23
16 HK Equity,2004:S2,2004-09-23
16 HK Equity,2004:S1,2004-03-11
16 HK Equity,2003:A,2003-09-25
16 HK Equity,2003:S2,2003-09-25
16 HK Equity,2003:S1,2003-03-12
16 HK Equity,2002:A,2002-09-26
16 HK Equity,2002:S2,2002-09-26
16 HK Equity,2002:S1,2002-03-12
16 HK Equity,2001:A,2001-09-27
16 HK Equity,2001:S2,2001-09-27
16 HK Equity,2001:S1,2001-03-16
16 HK Equity,2000:A,2000-09-28
16 HK Equity,2000:S2,2000-09-28
16 HK Equity,2000:S1,2000-03-16
16 HK Equity,1999:A,1999-10-07
16 HK Equity,1999:S2,1999-10-07
16 HK Equity,1999:S1,1999-03-18
16 HK Equity,1998:A,1998-10-15
16 HK Equity,1998:S2,1998-10-15
16 HK Equity,1998:S1,1998-03-19
16 HK Equity,1997:A,1997-10-08
175 HK Equity,2026:S1,2026-08-17
175 HK Equity,2026:C2,2026-08-17
175 HK Equity,2026:Q2,2026-08-17
175 HK Equity,2026:Q1,2026-04-29
175 HK Equity,2025:A,2026-03-18
175 HK Equity,2025:S2,2026-03-18
175 HK Equity,2025:Q4,2026-03-18
175 HK Equity,2025:C3,2025-11-17
175 HK Equity,2025:Q3,2025-11-17
175 HK Equity,2025:S1,2025-08-14
175 HK Equity,2025:C2,2025-08-14
175 HK Equity,2025:Q2,2025-08-14
175 HK Equity,2025:Q1,2025-05-15
175 HK Equity,2024:A,2025-03-20
175 HK Equity,2024:S2,2025-03-20
175 HK Equity,2024:Q4,2025-03-20
175 HK Equity,2024:C3,2024-11-14
175 HK Equity,2024:Q3,2024-11-14
175 HK Equity,2024:S1,2024-08-21
175 HK Equity,2024:C2,2024-08-21
175 HK Equity,2024:Q2,2024-08-21
175 HK Equity,2024:Q1,2024-06-28
175 HK Equity,2023:A,2024-03-20
175 HK Equity,2023:S2,2024-03-20
175 HK Equity,2023:Q4,2024-03-20
175 HK Equity,2023:C3,2023-11-14
175 HK Equity,2023:Q3,2023-11-14
175 HK Equity,2023:S1,2023-08-22
175 HK Equity,2023:C2,2023-08-22
175 HK Equity,2023:Q2,2023-08-22
175 HK Equity,2023:Q1,2024-06-28
175 HK Equity,2022:A,2023-03-21
175 HK Equity,2022:S2,2023-03-21
175 HK Equity,2022:S1,2022-08-18
175 HK Equity,2022:C2,2022-08-18
175 HK Equity,2021:A,2022-03-23
175 HK Equity,2021:S2,2022-03-23
175 HK Equity,2021:S1,2021-08-18
175 HK Equity,2021:C2,2021-08-18
175 HK Equity,2020:A,2021-03-23
175 HK Equity,2020:S2,2021-03-23
175 HK Equity,2020:S1,2020-08-17
175 HK Equity,2020:C2,2020-08-17
175 HK Equity,2019:A,2020-03-30
175 HK Equity,2019:S2,2020-03-30
175 HK Equity,2019:S1,2019-08-21
175 HK Equity,2018:A,2019-03-21
175 HK Equity,2018:S2,2019-03-21
175 HK Equity,2018:S1,2018-08-22
175 HK Equity,2017:A,2018-03-21
175 HK Equity,2017:S2,2018-03-21
175 HK Equity,2017:S1,2017-08-16
175 HK Equity,2016:A,2017-03-22
175 HK Equity,2016:S2,2017-03-22
175 HK Equity,2016:S1,2016-08-18
175 HK Equity,2015:A,2016-03-22
175 HK Equity,2015:S2,2016-03-22
175 HK Equity,2015:S1,2015-08-19
175 HK Equity,2014:A,2015-03-18
175 HK Equity,2014:S2,2015-03-18
175 HK Equity,2014:S1,2014-08-20
175 HK Equity,2013:A,2014-03-19
175 HK Equity,2013:S2,2014-03-19
175 HK Equity,2013:S1,2013-08-22
175 HK Equity,2012:A,2013-03-20
175 HK Equity,2012:S2,2013-03-20
175 HK Equity,2012:S1,2012-08-22
175 HK Equity,2011:A,2012-03-22
175 HK Equity,2011:S2,2012-03-22
175 HK Equity,2011:S1,2011-08-22
175 HK Equity,2010:A,2011-03-23
175 HK Equity,2010:S2,2011-03-23
175 HK Equity,2010:S1,2010-08-25
175 HK Equity,2009:A,2010-04-12
175 HK Equity,2009:S2,2010-04-12
175 HK Equity,2009:S1,2009-09-08
175 HK Equity,2008:A,2009-04-16
175 HK Equity,2008:S2,2009-04-16
175 HK Equity,2008:S1,2008-09-10
175 HK Equity,2007:A,2008-04-22
175 HK Equity,2007:S2,2008-04-16
175 HK Equity,2007:S1,2007-09-07
175 HK Equity,2006:A,2007-04-20
175 HK Equity,2006:S2,2008-04-22
175 HK Equity,2006:S1,2006-09-15
175 HK Equity,2005:A,2006-04-21
175 HK Equity,2005:S2,2006-04-21
175 HK Equity,2005:S1,2005-09-13
175 HK Equity,2004:A,2005-04-28
175 HK Equity,2004:S2,2005-04-28
175 HK Equity,2004:S1,2004-08-30
175 HK Equity,2003:A,2004-04-15
175 HK Equity,2003:S2,2004-04-15
175 HK Equity,2003:S1,2003-08-15
175 HK Equity,2002:A,2003-04-25
175 HK Equity,2002:S2,2003-04-25
175 HK Equity,2002:S1,2002-09-25
175 HK Equity,2001:A,2002-04-25
175 HK Equity,2001:S2,2002-04-25
175 HK Equity,2001:S1,2001-09-24
175 HK Equity,2000:A,2001-04-24
175 HK Equity,2000:S2,2001-04-24
175 HK Equity,2000:S1,2000-09-26
175 HK Equity,1999:A,2000-05-30
175 HK Equity,1999:S2,2000-05-30
175 HK Equity,1999:S1,1999-09-29
175 HK Equity,1998:A,1999-05-25
175 HK Equity,1998:S2,1999-05-25
175 HK Equity,1998:S1,1998-09-28
175 HK Equity,1997:A,1998-05-08
175 HK Equity,1997:S2,1998-05-08
175 HK Equity,1997:S1,1997-09-29
175 HK Equity,1996:A,1997-04-24
1801 HK Equity,2026:S1,2026-08-25
1801 HK Equity,2025:A,2026-03-26
1801 HK Equity,2025:S2,2026-03-26
1801 HK Equity,2025:S1,2025-08-27
1801 HK Equity,2024:A,2025-03-26
1801 HK Equity,2024:S2,2025-03-26
1801 HK Equity,2024:S1,2024-08-28
1801 HK Equity,2023:A,2024-03-20
1801 HK Equity,2023:S2,2024-03-20
1801 HK Equity,2023:S1,2023-08-23
1801 HK Equity,2022:A,2023-03-28
1801 HK Equity,2022:S2,2023-03-28
1801 HK Equity,2022:S1,2022-08-25
1801 HK Equity,2021:A,2022-03-29
1801 HK Equity,2021:S2,2022-03-29
1801 HK Equity,2021:S1,2021-08-25
1801 HK Equity,2020:A,2021-03-29
1801 HK Equity,2020:S2,2021-03-29
1801 HK Equity,2020:S1,2020-08-27
1801 HK Equity,2019:A,2020-03-30
1801 HK Equity,2019:S2,2020-03-30
1801 HK Equity,2019:S1,2019-08-28
1801 HK Equity,2018:A,2019-03-14
1801 HK Equity,2018:S2,2019-03-14
1801 HK Equity,2018:S1,2018-10-18
1801 HK Equity,2017:A,2018-10-18
1801 HK Equity,2017:S2,2018-10-18
1801 HK Equity,2017:S1,2018-10-18
1801 HK Equity,2016:A,2018-10-18
1810 HK Equity,2026:S1,2026-08-18
1810 HK Equity,2026:C2,2026-08-18
1810 HK Equity,2026:Q2,2026-08-18
1810 HK Equity,2026:Q1,2026-05-26
1810 HK Equity,2025:A,2026-03-24
1810 HK Equity,2025:S2,2026-03-24
1810 HK Equity,2025:Q4,2026-03-24
1810 HK Equity,2025:C3,2025-11-18
1810 HK Equity,2025:Q3,2025-11-18
1810 HK Equity,2025:S1,2025-08-19
1810 HK Equity,2025:C2,2025-08-19
1810 HK Equity,2025:Q2,2025-08-19
1810 HK Equity,2025:Q1,2025-05-27
1810 HK Equity,2024:A,2025-03-18
1810 HK Equity,2024:S2,2025-03-18
1810 HK Equity,2024:Q4,2025-03-18
1810 HK Equity,2024:C3,2024-11-18
1810 HK Equity,2024:Q3,2024-11-18
1810 HK Equity,2024:S1,2024-08-21
1810 HK Equity,2024:Q2,2024-08-21
1810 HK Equity,2024:Q1,2024-05-23
1810 HK Equity,2023:A,2024-03-19
1810 HK Equity,2023:S2,2024-03-19
1810 HK Equity,2023:Q4,2024-03-19
1810 HK Equity,2023:C3,2023-11-20
1810 HK Equity,2023:Q3,2023-11-20
1810 HK Equity,2023:S1,2023-08-29
1810 HK Equity,2023:C2,2023-08-29
1810 HK Equity,2023:Q2,2023-08-29
1810 HK Equity,2023:Q1,2023-05-24
1810 HK Equity,2022:A,2023-03-24
1810 HK Equity,2022:S2,2023-03-24
1810 HK Equity,2022:Q4,2023-03-24
1810 HK Equity,2022:C3,2022-11-23
1810 HK Equity,2022:Q3,2022-11-23
1810 HK Equity,2022:S1,2022-08-19
1810 HK Equity,2022:C2,2022-08-19
1810 HK Equity,2022:Q2,2022-08-19
1810 HK Equity,2022:Q1,2022-05-19
1810 HK Equity,2021:A,2022-03-22
1810 HK Equity,2021:S2,2022-03-22
1810 HK Equity,2021:C4,2022-03-22
1810 HK Equity,2021:Q4,2022-03-22
1810 HK Equity,2021:C3,2021-11-23
1810 HK Equity,2021:Q3,2021-11-23
1810 HK Equity,2021:S1,2021-08-25
1810 HK Equity,2021:Q2,2021-08-25
1810 HK Equity,2021:Q1,2021-05-26
1810 HK Equity,2020:A,2021-03-24
1810 HK Equity,2020:S2,2021-03-24
1810 HK Equity,2020:Q4,2021-03-24
1810 HK Equity,2020:C3,2020-11-24
1810 HK Equity,2020:Q3,2020-11-24
1810 HK Equity,2020:S1,2020-08-26
1810 HK Equity,2020:Q2,2020-08-26
1810 HK Equity,2020:Q1,2020-05-20
1810 HK Equity,2019:A,2020-03-31
1810 HK Equity,2019:S2,2020-03-31
1810 HK Equity,2019:Q4,2020-03-31
1810 HK Equity,2019:C3,2019-11-27
1810 HK Equity,2019:Q3,2019-11-27
1810 HK Equity,2019:S1,2019-08-20
1810 HK Equity,2019:Q2,2019-08-20
1810 HK Equity,2019:Q1,2019-05-20
1810 HK Equity,2018:A,2019-03-19
1810 HK Equity,2018:S2,2019-03-19
1810 HK Equity,2018:Q4,2019-03-19
1810 HK Equity,2018:C3,2018-11-19
1810 HK Equity,2018:Q3,2018-11-19
1810 HK Equity,2018:S1,2018-08-22
1810 HK Equity,2018:Q2,2018-08-22
1810 HK Equity,2018:Q1,2018-08-23
1810 HK Equity,2017:A,2018-05-03
1810 HK Equity,2017:S2,2018-05-03
1810 HK Equity,2017:Q4,2018-05-03
1810 HK Equity,2017:C3,2018-11-19
1810 HK Equity,2017:Q3,2018-11-19
1810 HK Equity,2017:S1,2018-08-22
1810 HK Equity,2017:Q2,2018-08-22
1810 HK Equity,2017:Q1,2018-06-11
1810 HK Equity,2016:A,2018-05-03
1810 HK Equity,2015:A,2018-05-03
1876 HK Equity,2026:S1,2026-07-30
1876 HK Equity,2026:Q2,2026-07-30
1876 HK Equity,2026:Q1,2026-05-05
1876 HK Equity,2025:A,2026-02-12
1876 HK Equity,2025:S2,2026-02-12
1876 HK Equity,2025:Q4,2026-02-12
1876 HK Equity,2025:Q3,2025-10-30
1876 HK Equity,2025:S1,2025-07-31
1876 HK Equity,2025:Q2,2025-07-31
1876 HK Equity,2025:Q1,2025-05-08
1876 HK Equity,2024:A,2025-02-26
1876 HK Equity,2024:S2,2025-02-26
1876 HK Equity,2024:Q4,2025-02-26
1876 HK Equity,2024:C3,2024-10-31
1876 HK Equity,2024:Q3,2024-10-31
1876 HK Equity,2024:S1,2024-08-01
1876 HK Equity,2024:Q2,2024-08-01
1876 HK Equity,2024:Q1,2024-05-08
1876 HK Equity,2023:A,2024-02-29
1876 HK Equity,2023:S2,2024-02-29
1876 HK Equity,2023:Q4,2024-02-29
1876 HK Equity,2023:C3,2023-10-31
1876 HK Equity,2023:Q3,2023-10-31
1876 HK Equity,2023:S1,2023-08-02
1876 HK Equity,2023:Q2,2023-08-02
1876 HK Equity,2023:Q1,2023-05-04
1876 HK Equity,2022:A,2023-03-02
1876 HK Equity,2022:S2,2023-03-02
1876 HK Equity,2022:Q4,2023-03-02
1876 HK Equity,2022:C3,2022-10-26
1876 HK Equity,2022:Q3,2022-10-26
1876 HK Equity,2022:S1,2022-07-27
1876 HK Equity,2022:Q2,2022-07-27
1876 HK Equity,2022:Q1,2022-05-04
1876 HK Equity,2021:A,2022-02-23
1876 HK Equity,2021:S2,2022-02-23
1876 HK Equity,2021:Q4,2022-02-23
1876 HK Equity,2021:C3,2021-10-28
1876 HK Equity,2021:Q3,2021-10-28
1876 HK Equity,2021:S1,2021-07-28
1876 HK Equity,2021:Q2,2021-07-28
1876 HK Equity,2021:Q1,2021-05-06
1876 HK Equity,2020:A,2021-02-25
1876 HK Equity,2020:S2,2021-02-25
1876 HK Equity,2020:Q4,2021-02-25
1876 HK Equity,2020:C3,2020-10-29
1876 HK Equity,2020:Q3,2020-10-29
1876 HK Equity,2020:S1,2020-07-30
1876 HK Equity,2020:Q2,2020-07-30
1876 HK Equity,2020:Q1,2020-05-07
1876 HK Equity,2019:A,2020-02-27
1876 HK Equity,2019:S2,2020-02-27
1876 HK Equity,2019:Q4,2020-02-27
1876 HK Equity,2019:C3,2019-10-25
1876 HK Equity,2019:Q3,2019-10-25
1876 HK Equity,2019:S1,2019-09-18
1876 HK Equity,2019:Q2,2019-09-18
1876 HK Equity,2019:Q1,2019-09-18
1876 HK Equity,2018:A,2019-09-18
1876 HK Equity,2018:S2,2019-09-18
1876 HK Equity,2018:Q4,2019-09-18
1876 HK Equity,2018:Q3,2019-10-25
1876 HK Equity,2018:S1,2018-09-18
1876 HK Equity,2018:Q2,2018-09-18
1876 HK Equity,2018:Q1,2019-06-15
1876 HK Equity,2017:A,2019-09-18
1876 HK Equity,2017:Q4,2019-09-18
1928 HK Equity,2026:S1,2026-08-14
1928 HK Equity,2026:Q2,2026-08-14
1928 HK Equity,2026:Q1,2026-06-10
1928 HK Equity,2025:A,2026-01-29
1928 HK Equity,2025:S2,2026-01-29
1928 HK Equity,2025:Q4,2026-01-29
1928 HK Equity,2025:Q3,2025-10-23
1928 HK Equity,2025:S1,2025-08-15
1928 HK Equity,2025:Q2,2025-08-15
1928 HK Equity,2025:Q1,2025-04-24
1928 HK Equity,2024:A,2025-02-21
1928 HK Equity,2024:S2,2025-02-21
1928 HK Equity,2024:Q4,2025-02-21
1928 HK Equity,2024:Q3,2024-10-24
1928 HK Equity,2024:S1,2024-07-25
1928 HK Equity,2024:Q2,2024-07-25
1928 HK Equity,2024:Q1,2024-04-18
1928 HK Equity,2023:A,2024-02-16
1928 HK Equity,2023:S2,2024-02-16
1928 HK Equity,2023:Q4,2024-02-16
1928 HK Equity,2023:Q3,2023-10-19
1928 HK Equity,2023:S1,2023-08-11
1928 HK Equity,2023:Q2,2023-07-20
1928 HK Equity,2023:Q1,2023-04-20
1928 HK Equity,2022:A,2023-02-17
1928 HK Equity,2022:S2,2023-02-17
1928 HK Equity,2022:Q4,2023-02-17
1928 HK Equity,2022:Q3,2022-10-20
1928 HK Equity,2022:S1,2022-07-21
1928 HK Equity,2022:Q2,2022-07-21
1928 HK Equity,2022:Q1,2022-04-28
1928 HK Equity,2021:A,2022-02-18
1928 HK Equity,2021:S2,2022-02-18
1928 HK Equity,2021:Q4,2022-02-18
1928 HK Equity,2021:Q3,2021-10-21
1928 HK Equity,2021:S1,2021-08-13
1928 HK Equity,2021:Q2,2021-08-13
1928 HK Equity,2021:Q1,2021-04-22
1928 HK Equity,2020:A,2021-02-19
1928 HK Equity,2020:S2,2021-02-19
1928 HK Equity,2020:Q4,2021-02-19
1928 HK Equity,2020:Q3,2020-10-22
1928 HK Equity,2020:S1,2020-08-14
1928 HK Equity,2020:Q2,2020-08-14
1928 HK Equity,2020:Q1,2020-04-23
1928 HK Equity,2019:A,2020-02-21
1928 HK Equity,2019:S2,2020-02-21
1928 HK Equity,2019:Q4,2020-02-21
1928 HK Equity,2019:Q3,2019-10-23
1928 HK Equity,2019:S1,2019-07-25
1928 HK Equity,2019:Q2,2019-07-25
1928 HK Equity,2019:Q1,2019-04-18
1928 HK Equity,2018:A,2019-02-22
1928 HK Equity,2018:S2,2019-02-22
1928 HK Equity,2018:Q4,2019-02-22
1928 HK Equity,2018:Q3,2018-10-25
1928 HK Equity,2018:S1,2018-07-26
1928 HK Equity,2018:Q2,2018-07-26
1928 HK Equity,2018:Q1,2018-04-25
1928 HK Equity,2017:A,2018-02-14
1928 HK Equity,2017:S2,2018-02-14
1928 HK Equity,2017:Q4,2018-02-14
1928 HK Equity,2017:Q3,2017-10-26
1928 HK Equity,2017:S1,2017-07-27
1928 HK Equity,2017:Q2,2017-07-27
1928 HK Equity,2017:Q1,2017-05-05
1928 HK Equity,2016:A,2017-02-17
1928 HK Equity,2016:S2,2017-02-17
1928 HK Equity,2016:Q4,2017-02-17
1928 HK Equity,2016:Q3,2016-11-08
1928 HK Equity,2016:S1,2016-08-12
1928 HK Equity,2016:Q2,2016-08-12
1928 HK Equity,2016:Q1,2016-04-29
1928 HK Equity,2015:A,2016-02-19
1928 HK Equity,2015:S2,2016-02-19
1928 HK Equity,2015:Q4,2016-02-19
1928 HK Equity,2015:Q3,2015-10-30
1928 HK Equity,2015:S1,2015-08-14
1928 HK Equity,2015:Q2,2015-08-14
1928 HK Equity,2015:Q1,2015-04-24
1928 HK Equity,2014:A,2015-02-13
1928 HK Equity,2014:S2,2015-02-13
1928 HK Equity,2014:Q4,2015-02-13
1928 HK Equity,2014:Q3,2014-10-21
1928 HK Equity,2014:S1,2014-08-15
1928 HK Equity,2014:Q2,2014-08-15
1928 HK Equity,2014:Q1,2014-05-05
1928 HK Equity,2013:A,2014-02-14
1928 HK Equity,2013:S2,2014-02-14
1928 HK Equity,2013:Q4,2014-02-14
1928 HK Equity,2013:Q3,2013-10-25
1928 HK Equity,2013:S1,2013-08-16
1928 HK Equity,2013:Q2,2013-08-16
1928 HK Equity,2013:Q1,2013-05-10
1928 HK Equity,2012:A,2013-02-07
1928 HK Equity,2012:S2,2013-02-07
1928 HK Equity,2012:Q4,2013-02-07
1928 HK Equity,2012:Q3,2012-11-02
1928 HK Equity,2012:S1,2012-08-27
1928 HK Equity,2012:Q2,2012-08-27
1928 HK Equity,2012:Q1,2012-05-10
1928 HK Equity,2011:A,2012-03-01
1928 HK Equity,2011:S2,2012-03-01
1928 HK Equity,2011:Q4,2012-03-01
1928 HK Equity,2011:Q3,2011-11-09
1928 HK Equity,2011:S1,2011-08-29
1928 HK Equity,2011:Q2,2011-08-29
1928 HK Equity,2011:Q1,2011-05-09
1928 HK Equity,2010:A,2011-03-01
1928 HK Equity,2010:S2,2011-03-01
1928 HK Equity,2010:Q4,2011-03-01
1928 HK Equity,2010:Q3,2010-11-09
1928 HK Equity,2010:S1,2010-08-26
1928 HK Equity,2010:Q2,2010-08-26
1928 HK Equity,2010:Q1,2010-05-11
1928 HK Equity,2009:A,2010-03-02
1928 HK Equity,2009:S2,2010-03-02
1928 HK Equity,2009:S1,2009-11-18
1928 HK Equity,2008:A,2009-11-18
1928 HK Equity,2008:S2,2009-11-18
1928 HK Equity,2008:S1,2009-11-18
1928 HK Equity,2007:A,2009-11-18
1928 HK Equity,2006:A,2009-11-18
1929 HK Equity,2026:A,2026-06-11
1929 HK Equity,2026:S2,2026-06-11
1929 HK Equity,2026:Q4,2026-04-22
1929 HK Equity,2026:S1,2025-11-25
1929 HK Equity,2025:A,2025-06-12
1929 HK Equity,2025:S2,2025-06-12
1929 HK Equity,2025:S1,2024-11-26
1929 HK Equity,2025:Q1,2024-07-23
1929 HK Equity,2024:A,2024-06-13
1929 HK Equity,2024:S2,2024-06-13
1929 HK Equity,2024:S1,2023-11-23
1929 HK Equity,2024:Q1,2023-07-10
1929 HK Equity,2023:A,2023-06-08
1929 HK Equity,2023:S2,2023-06-08
1929 HK Equity,2023:Q4,2023-06-08
1929 HK Equity,2023:S1,2022-11-24
1929 HK Equity,2023:Q2,2022-10-14
1929 HK Equity,2022:A,2022-06-09
1929 HK Equity,2022:S2,2022-06-09
1929 HK Equity,2022:Q4,2022-06-09
1929 HK Equity,2022:S1,2021-11-23
1929 HK Equity,2022:Q2,2021-11-23
1929 HK Equity,2021:A,2021-06-08
1929 HK Equity,2021:S2,2021-06-08
1929 HK Equity,2021:Q4,2021-06-08
1929 HK Equity,2021:Q3,2021-01-11
1929 HK Equity,2021:S1,2020-11-24
1929 HK Equity,2021:Q2,2020-11-24
1929 HK Equity,2020:A,2020-06-11
1929 HK Equity,2020:S2,2020-06-11
1929 HK Equity,2020:Q3,2020-01-10
1929 HK Equity,2020:S1,2019-11-28
1929 HK Equity,2020:Q2,2019-11-28
1929 HK Equity,2020:Q1,2019-07-16
1929 HK Equity,2019:A,2019-06-06
1929 HK Equity,2019:S2,2019-06-06
1929 HK Equity,2019:Q4,2019-06-06
1929 HK Equity,2019:S1,2018-11-29
1929 HK Equity,2019:Q2,2018-10-18
1929 HK Equity,2018:A,2018-06-07
1929 HK Equity,2018:S2,2018-06-07
1929 HK Equity,2018:Q4,2018-05-29
1929 HK Equity,2018:Q3,2018-01-09
1929 HK Equity,2018:S1,2017-11-21
1929 HK Equity,2017:A,2017-06-08
1929 HK Equity,2017:S2,2017-06-08
1929 HK Equity,2017:S1,2016-11-22
1929 HK Equity,2017:Q2,2016-10-22
1929 HK Equity,2016:A,2016-06-07
1929 HK Equity,2016:S2,2016-06-07
1929 HK Equity,2016:Q3,2016-01-08
1929 HK Equity,2016:S1,2015-11-24
1929 HK Equity,2016:Q2,2015-11-24
1929 HK Equity,2016:Q1,2015-07-09
1929 HK Equity,2015:A,2015-06-05
1929 HK Equity,2015:S2,2015-06-05
1929 HK Equity,2015:Q3,2015-01-08
1929 HK Equity,2015:S1,2014-11-25
1929 HK Equity,2015:Q2,2014-11-25
1929 HK Equity,2015:Q1,2014-11-25
1929 HK Equity,2014:A,2014-06-17
1929 HK Equity,2014:S2,2014-06-17
1929 HK Equity,2014:S1,2013-11-26
1929 HK Equity,2013:A,2013-06-18
1929 HK Equity,2013:S2,2013-06-18
1929 HK Equity,2013:S1,2012-11-29
1929 HK Equity,2012:A,2012-06-26
1929 HK Equity,2012:S2,2012-06-26
1929 HK Equity,2012:S1,2011-11-25
1929 HK Equity,2011:A,2011-11-25
1929 HK Equity,2011:S2,2011-11-25
1929 HK Equity,2011:S1,2011-11-25
1929 HK Equity,2010:A,2011-11-25
1929 HK Equity,2009:A,2011-11-25
1997 HK Equity,2026:S1,2026-08-06
1997 HK Equity,2025:A,2026-03-10
1997 HK Equity,2025:S2,2026-03-10
1997 HK Equity,2025:S1,2025-08-07
1997 HK Equity,2024:A,2025-03-10
1997 HK Equity,2024:S2,2025-03-10
1997 HK Equity,2024:S1,2024-08-06
1997 HK Equity,2023:A,2024-03-07
1997 HK Equity,2023:S2,2024-03-07
1997 HK Equity,2023:S1,2023-08-07
1997 HK Equity,2022:A,2023-03-07
1997 HK Equity,2022:S2,2023-03-07
1997 HK Equity,2022:S1,2022-08-04
1997 HK Equity,2021:A,2022-03-02
1997 HK Equity,2021:S2,2022-03-02
1997 HK Equity,2021:S1,2021-08-05
1997 HK Equity,2020:A,2021-03-04
1997 HK Equity,2020:S2,2021-03-04
1997 HK Equity,2020:S1,2020-07-30
1997 HK Equity,2019:A,2020-03-05
1997 HK Equity,2019:S2,2020-03-05
1997 HK Equity,2019:S1,2019-08-06
1997 HK Equity,2018:A,2019-03-05
1997 HK Equity,2018:S2,2019-03-05
1997 HK Equity,2018:S1,2018-08-07
1997 HK Equity,2017:A,2018-03-05
1997 HK Equity,2017:S2,2018-03-05
1997 HK Equity,2017:S1,2017-11-09
1997 HK Equity,2016:A,2017-01-01
1997 HK Equity,2016:S2,2017-01-01
1997 HK Equity,2016:S1,2016-09-30
1997 HK Equity,2015:A,2017-11-09
1997 HK Equity,2014:A,2017-11-09
2 HK Equity,2026:S1,2026-08-06
2 HK Equity,2025:A,2026-02-26
2 HK Equity,2025:S2,2026-02-26
2 HK Equity,2025:S1,2025-08-04
2 HK Equity,2024:A,2025-02-24
2 HK Equity,2024:S2,2025-02-24
2 HK Equity,2024:S1,2024-08-05
2 HK Equity,2023:A,2024-02-26
2 HK Equity,2023:S2,2024-02-26
2 HK Equity,2023:S1,2023-08-07
2 HK Equity,2022:A,2023-02-27
2 HK Equity,2022:S2,2023-02-27
2 HK Equity,2022:S1,2022-08-08
2 HK Equity,2021:A,2022-02-27
2 HK Equity,2021:S2,2022-02-27
2 HK Equity,2021:S1,2021-08-02
2 HK Equity,2020:A,2021-02-22
2 HK Equity,2020:S2,2021-02-22
2 HK Equity,2020:S1,2020-08-03
2 HK Equity,2019:A,2020-02-24
2 HK Equity,2019:S2,2020-02-24
2 HK Equity,2019:S1,2019-08-06
2 HK Equity,2018:A,2019-02-25
2 HK Equity,2018:S2,2019-02-25
2 HK Equity,2018:S1,2018-08-06
2 HK Equity,2017:A,2018-02-26
2 HK Equity,2017:S2,2018-02-26
2 HK Equity,2017:S1,2017-08-07
2 HK Equity,2016:A,2017-02-27
2 HK Equity,2016:S2,2017-02-27
2 HK Equity,2016:S1,2016-08-01
2 HK Equity,2015:A,2016-02-29
2 HK Equity,2015:S2,2016-02-29
2 HK Equity,2015:S1,2015-08-13
2 HK Equity,2014:A,2015-02-26
2 HK Equity,2014:S2,2015-02-26
2 HK Equity,2014:S1,2014-08-14
2 HK Equity,2013:A,2014-02-27
2 HK Equity,2013:S2,2014-02-27
2 HK Equity,2013:S1,2013-08-12
2 HK Equity,2012:A,2013-02-25
2 HK Equity,2012:S2,2013-02-25
2 HK Equity,2012:S1,2012-08-14
2 HK Equity,2011:A,2012-02-27
2 HK Equity,2011:S2,2012-02-27
2 HK Equity,2011:S1,2011-08-16
2 HK Equity,2010:A,2011-02-24
2 HK Equity,2010:S2,2011-02-24
2 HK Equity,2010:S1,2010-08-16
2 HK Equity,2009:A,2010-02-25
2 HK Equity,2009:S2,2010-02-25
2 HK Equity,2009:S1,2009-08-18
2 HK Equity,2008:A,2009-02-26
2 HK Equity,2008:S2,2009-02-26
2 HK Equity,2008:S1,2008-08-12
2 HK Equity,2007:A,2008-02-28
2 HK Equity,2007:S2,2008-02-28
2 HK Equity,2007:S1,2007-08-16
2 HK Equity,2006:A,2007-02-28
2 HK Equity,2006:S2,2007-02-28
2 HK Equity,2006:S1,2006-08-15
2 HK Equity,2005:A,2006-02-27
2 HK Equity,2005:S2,2006-02-27
2 HK Equity,2005:S1,2005-09-30
2 HK Equity,2004:A,2005-02-28
2 HK Equity,2004:S2,2005-02-28
2 HK Equity,2004:S1,2004-08-04
2 HK Equity,2003:A,2004-02-25
2 HK Equity,2003:S2,2004-02-25
2 HK Equity,2003:S1,2003-08-04
2 HK Equity,2002:A,2003-02-24
2 HK Equity,2002:S2,2003-02-24
2 HK Equity,2002:S1,2002-08-09
2 HK Equity,2001:A,2002-02-25
2 HK Equity,2001:S2,2002-02-25
2 HK Equity,2001:S1,2001-08-30
2 HK Equity,2000:A,2001-02-26
2 HK Equity,2000:S2,2001-02-26
2 HK Equity,2000:S1,2000-08-30
2 HK Equity,1999:A,2000-02-17
2 HK Equity,1999:S2,2000-02-17
2 HK Equity,1998:A,1998-11-23
2 HK Equity,1998:S2,1998-11-23
2 HK Equity,1998:S1,1998-04-24
2 HK Equity,1997:A,1997-11-03
2015 HK Equity,2026:S1,2026-08-26
2015 HK Equity,2026:Q2,2026-08-26
2015 HK Equity,2026:Q1,2026-05-28
2015 HK Equity,2025:A,2026-03-12
2015 HK Equity,2025:S2,2026-03-12
2015 HK Equity,2025:Q4,2026-03-12
2015 HK Equity,2025:Q3,2025-11-26
2015 HK Equity,2025:S1,2025-08-28
2015 HK Equity,2025:Q2,2025-08-28
2015 HK Equity,2025:Q1,2025-05-29
2015 HK Equity,2024:A,2025-03-14
2015 HK Equity,2024:S2,2025-03-14
2015 HK Equity,2024:Q4,2025-03-14
2015 HK Equity,2024:Q3,2024-10-31
2015 HK Equity,2024:S1,2024-08-28
2015 HK Equity,2024:Q2,2024-08-28
2015 HK Equity,2024:Q1,2024-05-20
2015 HK Equity,2023:A,2024-02-26
2015 HK Equity,2023:S2,2024-02-26
2015 HK Equity,2023:Q4,2024-02-26
2015 HK Equity,2023:Q3,2023-11-09
2015 HK Equity,2023:S1,2023-08-08
2015 HK Equity,2023:Q2,2023-08-08
2015 HK Equity,2023:Q1,2023-05-10
2015 HK Equity,2022:A,2023-02-27
2015 HK Equity,2022:S2,2023-02-27
2015 HK Equity,2022:Q4,2023-02-27
2015 HK Equity,2022:Q3,2022-12-09
2015 HK Equity,2022:S1,2022-08-15
2015 HK Equity,2022:Q2,2022-08-15
2015 HK Equity,2022:Q1,2022-05-10
2015 HK Equity,2021:A,2022-02-25
2015 HK Equity,2021:S2,2022-02-25
2015 HK Equity,2021:Q4,2022-02-25
2015 HK Equity,2021:Q3,2021-11-29
2015 HK Equity,2021:S1,2021-08-30
2015 HK Equity,2021:Q2,2021-08-30
2015 HK Equity,2021:Q1,2021-05-26
2015 HK Equity,2020:A,2021-02-25
2015 HK Equity,2020:S2,2021-02-25
2015 HK Equity,2020:Q4,2021-02-25
2015 HK Equity,2020:Q3,2020-11-13
2015 HK Equity,2020:S1,2020-11-13
2015 HK Equity,2020:Q2,2020-11-13
2015 HK Equity,2020:Q1,2020-07-30
2015 HK Equity,2019:A,2020-07-30
2015 HK Equity,2019:Q4,2020-07-30
2015 HK Equity,2019:Q1,2020-07-30
2015 HK Equity,2018:A,2020-07-30
2020 HK Equity,2026:S1,2026-08-26
2020 HK Equity,2025:A,2026-03-25
2020 HK Equity,2025:S2,2026-03-25
2020 HK Equity,2025:S1,2025-08-27
2020 HK Equity,2024:A,2025-03-19
2020 HK Equity,2024:S2,2025-03-19
2020 HK Equity,2024:S1,2024-08-27
2020 HK Equity,2023:A,2024-03-26
2020 HK Equity,2023:S2,2024-03-26
2020 HK Equity,2023:S1,2023-08-22
2020 HK Equity,2022:A,2023-03-21
2020 HK Equity,2022:S2,2023-03-21
2020 HK Equity,2022:S1,2022-08-23
2020 HK Equity,2021:A,2022-03-22
2020 HK Equity,2021:S2,2022-03-22
2020 HK Equity,2021:S1,2021-08-24
2020 HK Equity,2020:A,2021-03-24
2020 HK Equity,2020:S2,2021-03-24
2020 HK Equity,2020:S1,2020-08-25
2020 HK Equity,2019:A,2020-03-24
2020 HK Equity,2019:S2,2020-03-24
2020 HK Equity,2019:S1,2019-08-26
2020 HK Equity,2018:A,2019-02-26
2020 HK Equity,2018:S2,2019-02-26
2020 HK Equity,2018:S1,2018-08-14
2020 HK Equity,2017:A,2018-02-27
2020 HK Equity,2017:S2,2018-02-27
2020 HK Equity,2017:S1,2017-08-15
2020 HK Equity,2016:A,2017-02-22
2020 HK Equity,2016:S2,2017-02-22
2020 HK Equity,2016:S1,2016-08-29
2020 HK Equity,2015:A,2016-02-23
2020 HK Equity,2015:S2,2016-02-23
2020 HK Equity,2015:S1,2015-08-05
2020 HK Equity,2014:A,2015-02-11
2020 HK Equity,2014:S2,2015-02-11
2020 HK Equity,2014:S1,2014-08-06
2020 HK Equity,2013:A,2014-02-26
2020 HK Equity,2013:S2,2014-02-26
2020 HK Equity,2013:S1,2013-08-06
2020 HK Equity,2012:A,2013-02-25
2020 HK Equity,2012:S2,2013-02-25
2020 HK Equity,2012:S1,2012-08-06
2020 HK Equity,2011:A,2012-02-20
2020 HK Equity,2011:S2,2012-02-20
2020 HK Equity,2011:S1,2011-08-08
2020 HK Equity,2010:A,2011-02-21
2020 HK Equity,2010:S2,2011-02-21
2020 HK Equity,2010:S1,2010-08-16
2020 HK Equity,2009:A,2010-02-24
2020 HK Equity,2009:S2,2010-02-24
2020 HK Equity,2009:S1,2009-08-17
2020 HK Equity,2008:A,2009-03-02
2020 HK Equity,2008:S2,2009-03-02
2020 HK Equity,2008:S1,2008-08-25
2020 HK Equity,2007:A,2008-03-12
2020 HK Equity,2007:S2,2008-03-12
2020 HK Equity,2007:S1,2007-09-12
2020 HK Equity,2006:A,2007-06-26
2020 HK Equity,2005:A,2007-06-26
2020 HK Equity,2004:A,2007-06-26
2057 HK Equity,2026:S1,2026-08-18
2057 HK Equity,2026:Q2,2026-08-18
2057 HK Equity,2026:Q1,2026-05-19
2057 HK Equity,2025:A,2026-03-17
2057 HK Equity,2025:S2,2026-03-17
2057 HK Equity,2025:Q4,2026-03-17
2057 HK Equity,2025:Q3,2025-11-19
2057 HK Equity,2025:S1,2025-08-19
2057 HK Equity,2025:Q2,2025-08-19
2057 HK Equity,2025:Q1,2025-05-20
2057 HK Equity,2024:A,2025-03-18
2057 HK Equity,2024:S2,2025-03-18
2057 HK Equity,2024:Q4,2025-03-18
2057 HK Equity,2024:Q3,2024-11-19
2057 HK Equity,2024:S1,2024-08-20
2057 HK Equity,2024:Q2,2024-08-20
2057 HK Equity,2024:Q1,2024-05-15
2057 HK Equity,2023:A,2024-03-19
2057 HK Equity,2023:S2,2024-03-19
2057 HK Equity,2023:Q4,2024-03-19
2057 HK Equity,2023:Q3,2023-11-16
2057 HK Equity,2023:S1,2023-08-29
2057 HK Equity,2023:Q2,2023-08-29
2057 HK Equity,2023:Q1,2023-05-17
2057 HK Equity,2022:A,2023-03-15
2057 HK Equity,2022:S2,2023-03-15
2057 HK Equity,2022:Q4,2023-03-15
2057 HK Equity,2022:Q3,2022-11-21
2057 HK Equity,2022:S1,2022-08-17
2057 HK Equity,2022:Q2,2022-08-17
2057 HK Equity,2022:Q1,2022-05-25
2057 HK Equity,2021:A,2022-03-16
2057 HK Equity,2021:S2,2022-03-16
2057 HK Equity,2021:Q4,2022-03-16
2057 HK Equity,2021:Q3,2021-11-17
2057 HK Equity,2021:S1,2021-08-18
2057 HK Equity,2021:Q2,2021-08-18
2057 HK Equity,2021:Q1,2021-05-19
2057 HK Equity,2020:A,2021-03-17
2057 HK Equity,2020:S2,2021-04-21
2057 HK Equity,2020:Q4,2021-03-17
2057 HK Equity,2020:Q3,2020-11-18
2057 HK Equity,2020:S1,2020-08-12
2057 HK Equity,2020:Q2,2020-08-12
2057 HK Equity,2020:Q1,2020-05-20
2057 HK Equity,2019:A,2020-03-16
2057 HK Equity,2019:Q4,2020-03-16
2057 HK Equity,2019:Q3,2019-11-18
2057 HK Equity,2019:Q2,2019-08-15
2057 HK Equity,2019:Q1,2019-05-15
2057 HK Equity,2018:A,2019-03-12
2057 HK Equity,2018:Q4,2019-03-12
2057 HK Equity,2018:Q3,2018-11-14
2057 HK Equity,2018:Q2,2018-08-08
2057 HK Equity,2018:Q1,2018-05-09
2057 HK Equity,2017:A,2018-03-08
2057 HK Equity,2017:Q4,2018-03-08
2057 HK Equity,2017:Q3,2017-11-20
2057 HK Equity,2017:Q2,2017-08-22
2057 HK Equity,2017:Q1,2017-05-17
2057 HK Equity,2016:A,2017-02-27
2057 HK Equity,2016:Q4,2017-02-27
2057 HK Equity,2016:Q3,2016-11-28
2057 HK Equity,2016:Q2,2017-08-22
2057 HK Equity,2016:Q1,2017-05-17
2057 HK Equity,2015:A,2016-10-14
2057 HK Equity,2015:Q4,2016-10-14
2057 HK Equity,2015:Q3,2016-10-27
2057 HK Equity,2015:Q2,2016-09-30
2057 HK Equity,2015:Q1,2016-09-30
2057 HK Equity,2014:A,2016-10-14
2269 HK Equity,2026:S1,2026-08-25
2269 HK Equity,2025:A,2026-03-24
2269 HK Equity,2025:S2,2026-03-24
2269 HK Equity,2025:S1,2025-08-19
2269 HK Equity,2024:A,2025-03-25
2269 HK Equity,2024:S2,2025-03-25
2269 HK Equity,2024:S1,2024-08-21
2269 HK Equity,2023:A,2024-03-26
2269 HK Equity,2023:S2,2024-03-26
2269 HK Equity,2023:S1,2023-08-23
2269 HK Equity,2022:A,2023-03-22
2269 HK Equity,2022:S2,2023-03-22
2269 HK Equity,2022:S1,2022-08-17
2269 HK Equity,2021:A,2022-03-22
2269 HK Equity,2021:S2,2022-03-22
2269 HK Equity,2021:S1,2021-08-23
2269 HK Equity,2020:A,2021-01-13
2269 HK Equity,2020:S2,2021-01-13
2269 HK Equity,2020:S1,2020-08-17
2269 HK Equity,2019:A,2020-03-26
2269 HK Equity,2019:S2,2020-03-26
2269 HK Equity,2019:S1,2019-08-19
2269 HK Equity,2018:A,2019-03-18
2269 HK Equity,2018:S2,2019-03-18
2269 HK Equity,2018:S1,2018-08-20
2269 HK Equity,2017:A,2018-03-19
2269 HK Equity,2017:S2,2018-03-19
2269 HK Equity,2017:S1,2017-08-22
2269 HK Equity,2016:A,2017-05-31
2269 HK Equity,2016:S2,2017-05-31
2269 HK Equity,2016:S1,2017-05-31
2269 HK Equity,2015:A,2017-05-31
2269 HK Equity,2014:A,2017-05-31
2313 HK Equity,2026:S1,2026-08-25
2313 HK Equity,2025:A,2026-03-30
2313 HK Equity,2025:S2,2026-03-30
2313 HK Equity,2025:S1,2025-08-27
2313 HK Equity,2024:A,2025-03-25
2313 HK Equity,2024:S2,2025-03-25
2313 HK Equity,2024:S1,2024-08-28
2313 HK Equity,2023:A,2024-03-26
2313 HK Equity,2023:S2,2024-03-26
2313 HK Equity,2023:S1,2023-08-30
2313 HK Equity,2022:A,2023-03-28
2313 HK Equity,2022:S2,2023-03-28
2313 HK Equity,2022:S1,2022-08-25
2313 HK Equity,2021:A,2022-03-30
2313 HK Equity,2021:S2,2022-03-30
2313 HK Equity,2021:S1,2021-08-26
2313 HK Equity,2020:A,2021-03-29
2313 HK Equity,2020:S2,2021-03-29
2313 HK Equity,2020:S1,2020-08-25
2313 HK Equity,2019:A,2020-03-23
2313 HK Equity,2019:S2,2020-03-23
2313 HK Equity,2019:S1,2019-08-26
2313 HK Equity,2018:A,2019-03-25
2313 HK Equity,2018:S2,2019-03-25
2313 HK Equity,2018:S1,2018-08-27
2313 HK Equity,2017:A,2018-03-26
2313 HK Equity,2017:S2,2018-03-26
2313 HK Equity,2017:S1,2017-08-20
2313 HK Equity,2016:A,2017-03-27
2313 HK Equity,2016:S2,2017-03-27
2313 HK Equity,2016:S1,2016-08-22
2313 HK Equity,2015:A,2016-03-21
2313 HK Equity,2015:S2,2016-03-21
2313 HK Equity,2015:S1,2015-08-24
2313 HK Equity,2014:A,2015-03-25
2313 HK Equity,2014:S2,2015-03-25
2313 HK Equity,2014:S1,2014-08-27
2313 HK Equity,2013:A,2014-03-25
2313 HK Equity,2013:S2,2014-03-25
2313 HK Equity,2013:S1,2013-08-26
2313 HK Equity,2012:A,2013-03-25
2313 HK Equity,2012:S2,2013-03-25
2313 HK Equity,2012:S1,2012-08-20
2313 HK Equity,2011:A,2012-03-26
2313 HK Equity,2011:S2,2012-03-26
2313 HK Equity,2011:S1,2011-08-15
2313 HK Equity,2010:A,2011-03-28
2313 HK Equity,2010:S2,2011-03-28
2313 HK Equity,2010:S1,2010-08-20
2313 HK Equity,2009:A,2010-03-28
2313 HK Equity,2009:S2,2010-03-28
2313 HK Equity,2009:S1,2009-08-18
2313 HK Equity,2008:A,2009-03-26
2313 HK Equity,2008:S2,2009-03-26
2313 HK Equity,2008:S1,2008-08-12
2313 HK Equity,2007:A,2008-03-24
2313 HK Equity,2007:S2,2008-03-24
2313 HK Equity,2007:S1,2007-08-12
2313 HK Equity,2007:Q2,2007-08-12
2313 HK Equity,2006:A,2007-03-16
2313 HK Equity,2006:S2,2007-03-16
2313 HK Equity,2006:S1,2006-08-04
2313 HK Equity,2005:A,2006-04-10
2318 HK Equity,2026:S1,2026-08-20
2318 HK Equity,2026:C2,2026-08-20
2318 HK Equity,2026:Q2,2026-08-20
2318 HK Equity,2026:Q1,2026-04-28
2318 HK Equity,2025:A,2026-03-26
2318 HK Equity,2025:S2,2026-03-26
2318 HK Equity,2025:C4,2026-03-26
2318 HK Equity,2025:Q4,2026-03-26
2318 HK Equity,2025:C3,2025-10-28
2318 HK Equity,2025:Q3,2025-10-28
2318 HK Equity,2025:S1,2025-08-26
2318 HK Equity,2025:C2,2025-08-26
2318 HK Equity,2025:Q2,2025-08-26
2318 HK Equity,2025:Q1,2025-04-25
2318 HK Equity,2024:A,2025-03-19
2318 HK Equity,2024:S2,2025-03-19
2318 HK Equity,2024:C4,2025-03-19
2318 HK Equity,2024:Q4,2025-03-19
2318 HK Equity,2024:C3,2024-10-21
2318 HK Equity,2024:Q3,2024-10-21
2318 HK Equity,2024:S1,2024-08-22
2318 HK Equity,2024:Q2,2024-08-22
2318 HK Equity,2024:Q1,2024-04-23
2318 HK Equity,2023:A,2024-03-21
2318 HK Equity,2023:S2,2024-03-21
2318 HK Equity,2023:C4,2024-03-21
2318 HK Equity,2023:Q4,2024-03-21
2318 HK Equity,2023:C3,2023-10-27
2318 HK Equity,2023:Q3,2023-10-27
2318 HK Equity,2023:S1,2023-08-29
2318 HK Equity,2023:C2,2023-08-29
2318 HK Equity,2023:Q2,2023-08-29
2318 HK Equity,2023:Q1,2023-04-26
2318 HK Equity,2022:A,2023-03-15
2318 HK Equity,2022:S2,2023-03-15
2318 HK Equity,2022:C4,2023-03-15
2318 HK Equity,2022:Q4,2023-03-15
2318 HK Equity,2022:C3,2022-10-26
2318 HK Equity,2022:Q3,2022-10-26
2318 HK Equity,2022:S1,2022-08-23
2318 HK Equity,2022:C2,2022-08-23
2318 HK Equity,2022:Q2,2022-08-23
2318 HK Equity,2022:Q1,2022-04-29
2318 HK Equity,2021:A,2022-03-17
2318 HK Equity,2021:S2,2022-03-17
2318 HK Equity,2021:C4,2022-03-17
2318 HK Equity,2021:Q4,2022-03-17
2318 HK Equity,2021:C3,2021-10-27
2318 HK Equity,2021:Q3,2021-10-27
2318 HK Equity,2021:S1,2021-08-26
2318 HK Equity,2021:C2,2021-08-26
2318 HK Equity,2021:Q2,2021-08-26
2318 HK Equity,2021:Q1,2021-04-22
2318 HK Equity,2020:A,2021-02-03
2318 HK Equity,2020:S2,2021-02-03
2318 HK Equity,2020:C4,2021-02-03
2318 HK Equity,2020:Q4,2021-02-03
2318 HK Equity,2020:C3,2020-10-27
2318 HK Equity,2020:Q3,2020-10-27
2318 HK Equity,2020:S1,2020-08-27
2318 HK Equity,2020:Q2,2020-08-27
2318 HK Equity,2020:Q1,2020-04-23
2318 HK Equity,2019:A,2020-02-20
2318 HK Equity,2019:S2,2020-02-20
2318 HK Equity,2019:Q4,2020-02-20
2318 HK Equity,2019:C3,2019-10-21
2318 HK Equity,2019:Q3,2019-10-21
2318 HK Equity,2019:S1,2019-08-15
2318 HK Equity,2019:Q2,2019-08-15
2318 HK Equity,2019:Q1,2019-04-29
2318 HK Equity,2018:A,2019-03-12
2318 HK Equity,2018:S2,2019-03-12
2318 HK Equity,2018:Q4,2019-03-12
2318 HK Equity,2018:C3,2018-10-29
2318 HK Equity,2018:Q3,2018-10-29
2318 HK Equity,2018:S1,2018-08-21
2318 HK Equity,2018:Q2,2018-08-21
2318 HK Equity,2018:Q1,2018-04-26
2318 HK Equity,2017:A,2018-03-20
2318 HK Equity,2017:S2,2018-03-20
2318 HK Equity,2017:Q4,2018-03-20
2318 HK Equity,2017:C3,2017-10-27
2318 HK Equity,2017:Q3,2017-10-27
2318 HK Equity,2017:S1,2017-08-17
2318 HK Equity,2017:Q2,2017-08-17
2318 HK Equity,2017:Q1,2017-04-27
2318 HK Equity,2016:A,2017-03-22
2318 HK Equity,2016:S2,2017-03-22
2318 HK Equity,2016:Q4,2017-03-22
2318 HK Equity,2016:C3,2016-10-27
2318 HK Equity,2016:Q3,2016-10-27
2318 HK Equity,2016:S1,2016-08-17
2318 HK Equity,2016:Q2,2016-08-17
2318 HK Equity,2016:Q1,2016-04-26
2318 HK Equity,2015:A,2016-03-15
2318 HK Equity,2015:S2,2016-03-15
2318 HK Equity,2015:Q4,2016-03-15
2318 HK Equity,2015:C3,2015-10-27
2318 HK Equity,2015:Q3,2015-10-27
2318 HK Equity,2015:S1,2015-08-20
2318 HK Equity,2015:Q2,2015-08-20
2318 HK Equity,2015:Q1,2015-04-29
2318 HK Equity,2014:A,2015-03-19
2318 HK Equity,2014:S2,2015-03-19
2318 HK Equity,2014:Q4,2015-03-19
2318 HK Equity,2014:C3,2014-10-28
2318 HK Equity,2014:Q3,2014-10-28
2318 HK Equity,2014:S1,2014-08-19
2318 HK Equity,2014:Q2,2014-08-19
2318 HK Equity,2014:Q1,2014-04-28
2318 HK Equity,2013:A,2014-03-13
2318 HK Equity,2013:S2,2014-03-13
2318 HK Equity,2013:Q4,2014-03-13
2318 HK Equity,2013:C3,2013-10-25
2318 HK Equity,2013:Q3,2013-10-25
2318 HK Equity,2013:S1,2013-08-29
2318 HK Equity,2013:Q2,2013-08-29
2318 HK Equity,2013:Q1,2013-04-26
2318 HK Equity,2012:A,2013-03-14
2318 HK Equity,2012:S2,2013-03-14
2318 HK Equity,2012:Q4,2013-03-14
2318 HK Equity,2012:C3,2012-10-30
2318 HK Equity,2012:Q3,2012-10-30
2318 HK Equity,2012:S1,2012-08-23
2318 HK Equity,2012:Q2,2012-08-23
2318 HK Equity,2012:Q1,2012-04-27
2318 HK Equity,2011:A,2012-03-15
2318 HK Equity,2011:S2,2012-03-15
2318 HK Equity,2011:Q4,2012-03-15
2318 HK Equity,2011:C3,2011-10-26
2318 HK Equity,2011:Q3,2011-10-26
2318 HK Equity,2011:S1,2011-08-17
2318 HK Equity,2011:Q2,2011-08-17
2318 HK Equity,2011:Q1,2011-04-28
2318 HK Equity,2010:A,2011-03-29
2318 HK Equity,2010:S2,2011-03-29
2318 HK Equity,2010:Q4,2011-03-29
2318 HK Equity,2010:C3,2010-10-27
2318 HK Equity,2010:Q3,2010-10-27
2318 HK Equity,2010:S1,2010-08-24
2318 HK Equity,2010:Q2,2010-08-24
2318 HK Equity,2010:Q1,2010-04-30
2318 HK Equity,2009:A,2010-04-16
2318 HK Equity,2009:S2,2010-04-16
2318 HK Equity,2009:Q4,2010-04-16
2318 HK Equity,2009:Q3,2009-10-27
2318 HK Equity,2009:S1,2009-08-14
2318 HK Equity,2009:Q2,2009-08-14
2318 HK Equity,2009:Q1,2009-04-27
2318 HK Equity,2008:A,2009-04-08
2318 HK Equity,2008:S2,2009-04-08
2318 HK Equity,2008:Q4,2009-04-08
2318 HK Equity,2008:C3,2008-10-27
2318 HK Equity,2008:Q3,2008-10-27
2318 HK Equity,2008:S1,2008-08-18
2318 HK Equity,2008:Q2,2008-08-18
2318 HK Equity,2008:Q1,2008-04-29
2318 HK Equity,2007:A,2008-03-20
2318 HK Equity,2007:S2,2008-03-20
2318 HK Equity,2007:Q4,2008-03-20
2318 HK Equity,2007:Q3,2007-10-25
2318 HK Equity,2007:S1,2007-08-16
2318 HK Equity,2007:Q2,2007-08-16
2318 HK Equity,2007:Q1,2007-04-27
2318 HK Equity,2006:A,2007-04-12
2318 HK Equity,2006:S2,2007-04-12
2318 HK Equity,2006:S1,2006-08-16
2318 HK Equity,2005:A,2006-03-31
2318 HK Equity,2005:S2,2006-03-31
2318 HK Equity,2005:S1,2005-08-22
2318 HK Equity,2004:A,2005-04-18
2318 HK Equity,2004:S2,2005-04-18
2318 HK Equity,2004:S1,2004-08-25
2319 HK Equity,2026:S1,2026-08-26
2319 HK Equity,2025:A,2026-03-25
2319 HK Equity,2025:S2,2026-03-25
2319 HK Equity,2025:S1,2025-08-27
2319 HK Equity,2024:A,2025-03-26
2319 HK Equity,2024:S2,2025-03-26
2319 HK Equity,2024:S1,2024-08-28
2319 HK Equity,2023:A,2024-03-26
2319 HK Equity,2023:S2,2024-03-26
2319 HK Equity,2023:S1,2023-08-30
2319 HK Equity,2022:A,2023-03-29
2319 HK Equity,2022:S2,2023-03-29
2319 HK Equity,2022:S1,2022-08-24
2319 HK Equity,2021:A,2022-03-30
2319 HK Equity,2021:S2,2022-03-30
2319 HK Equity,2021:S1,2021-08-25
2319 HK Equity,2020:A,2021-03-25
2319 HK Equity,2020:S2,2021-03-25
2319 HK Equity,2020:S1,2020-08-26
2319 HK Equity,2019:A,2020-03-26
2319 HK Equity,2019:S2,2020-03-26
2319 HK Equity,2019:S1,2019-08-28
2319 HK Equity,2018:A,2019-03-27
2319 HK Equity,2018:S2,2019-03-27
2319 HK Equity,2018:S1,2018-08-29
2319 HK Equity,2017:A,2018-03-27
2319 HK Equity,2017:S2,2018-03-27
2319 HK Equity,2017:S1,2017-08-30
2319 HK Equity,2016:A,2017-03-29
2319 HK Equity,2016:S2,2017-03-29
2319 HK Equity,2016:S1,2016-08-24
2319 HK Equity,2015:A,2016-03-22
2319 HK Equity,2015:S2,2016-03-22
2319 HK Equity,2015:S1,2015-08-26
2319 HK Equity,2014:A,2015-03-25
2319 HK Equity,2014:S2,2015-03-25
2319 HK Equity,2014:S1,2014-08-27
2319 HK Equity,2013:A,2014-03-26
2319 HK Equity,2013:S2,2014-03-26
2319 HK Equity,2013:S1,2013-08-28
2319 HK Equity,2012:A,2013-03-27
2319 HK Equity,2012:S2,2013-03-27
2319 HK Equity,2012:S1,2012-08-28
2319 HK Equity,2011:A,2012-03-27
2319 HK Equity,2011:S2,2012-03-27
2319 HK Equity,2011:S1,2011-08-30
2319 HK Equity,2010:A,2011-03-31
2319 HK Equity,2010:S2,2011-03-31
2319 HK Equity,2010:S1,2010-08-31
2319 HK Equity,2009:A,2010-04-27
2319 HK Equity,2009:S2,2010-04-27
2319 HK Equity,2009:S1,2009-09-08
2319 HK Equity,2008:A,2009-04-16
2319 HK Equity,2008:S2,2009-04-16
2319 HK Equity,2008:S1,2008-09-19
2319 HK Equity,2007:A,2008-04-08
2319 HK Equity,2007:S2,2008-04-08
2319 HK Equity,2007:S1,2007-09-12
2319 HK Equity,2006:A,2007-04-12
2319 HK Equity,2006:S2,2007-04-12
2319 HK Equity,2006:S1,2006-09-05
2319 HK Equity,2005:A,2006-04-10
2319 HK Equity,2005:S2,2006-04-10
2319 HK Equity,2005:S1,2005-08-23
2319 HK Equity,2004:A,2005-04-06
2319 HK Equity,2004:S2,2005-04-06
2319 HK Equity,2004:S1,2004-09-16
2319 HK Equity,2003:A,2004-04-10
2331 HK Equity,2026:S1,2026-08-20
2331 HK Equity,2025:A,2026-03-19
2331 HK Equity,2025:S2,2026-03-19
2331 HK Equity,2025:S1,2025-08-21
2331 HK Equity,2024:A,2025-03-28
2331 HK Equity,2024:S2,2025-03-28
2331 HK Equity,2024:S1,2024-08-16
2331 HK Equity,2023:A,2024-03-20
2331 HK Equity,2023:S2,2024-03-20
2331 HK Equity,2023:S1,2023-08-11
2331 HK Equity,2022:A,2023-03-17
2331 HK Equity,2022:S2,2023-03-17
2331 HK Equity,2022:S1,2022-08-12
2331 HK Equity,2021:A,2022-03-18
2331 HK Equity,2021:S2,2022-03-17
2331 HK Equity,2021:S1,2021-08-12
2331 HK Equity,2020:A,2021-03-19
2331 HK Equity,2020:S2,2021-03-19
2331 HK Equity,2020:S1,2020-08-14
2331 HK Equity,2019:A,2020-03-27
2331 HK Equity,2019:S2,2020-03-27
2331 HK Equity,2019:S1,2019-08-14
2331 HK Equity,2018:A,2019-03-22
2331 HK Equity,2018:S2,2019-03-22
2331 HK Equity,2018:S1,2018-08-13
2331 HK Equity,2017:A,2018-03-22
2331 HK Equity,2017:S2,2018-03-22
2331 HK Equity,2017:S1,2017-08-11
2331 HK Equity,2016:A,2017-03-23
2331 HK Equity,2016:S2,2017-03-23
2331 HK Equity,2016:S1,2016-08-11
2331 HK Equity,2015:A,2016-03-17
2331 HK Equity,2015:S2,2016-03-17
2331 HK Equity,2015:S1,2015-08-13
2331 HK Equity,2014:A,2015-03-19
2331 HK Equity,2014:S2,2015-03-19
2331 HK Equity,2014:S1,2014-08-14
2331 HK Equity,2013:A,2014-03-24
2331 HK Equity,2013:S2,2014-03-24
2331 HK Equity,2013:S1,2013-08-12
2331 HK Equity,2012:A,2013-03-26
2331 HK Equity,2012:S2,2013-03-26
2331 HK Equity,2012:S1,2012-08-22
2331 HK Equity,2011:A,2012-03-29
2331 HK Equity,2011:S2,2012-03-29
2331 HK Equity,2011:S1,2011-08-24
2331 HK Equity,2010:A,2011-03-16
2331 HK Equity,2010:S2,2011-03-16
2331 HK Equity,2010:S1,2010-08-25
2331 HK Equity,2009:A,2010-03-17
2331 HK Equity,2009:S2,2010-03-17
2331 HK Equity,2009:S1,2009-08-26
2331 HK Equity,2008:A,2009-03-18
2331 HK Equity,2008:S2,2009-03-18
2331 HK Equity,2008:S1,2008-08-27
2331 HK Equity,2007:A,2008-03-18
2331 HK Equity,2007:S2,2008-03-18
2331 HK Equity,2007:S1,2007-08-28
2331 HK Equity,2006:A,2007-03-20
2331 HK Equity,2006:S2,2007-03-20
2331 HK Equity,2006:S1,2006-08-28
2331 HK Equity,2005:A,2006-03-22
2331 HK Equity,2005:S2,2006-03-22
2331 HK Equity,2005:S1,2005-08-25
2331 HK Equity,2004:A,2005-03-29
2331 HK Equity,2004:S2,2005-03-29
2331 HK Equity,2004:S1,2004-09-10
2331 HK Equity,2003:S1,2003-09-29
2338 HK Equity,2026:S1,2026-08-27
2338 HK Equity,2026:C2,2026-08-27
2338 HK Equity,2026:Q2,2026-08-27
2338 HK Equity,2026:Q1,2026-04-29
2338 HK Equity,2025:A,2026-03-26
2338 HK Equity,2025:S2,2026-03-26
2338 HK Equity,2025:Q4,2026-03-26
2338 HK Equity,2025:C3,2025-10-30
2338 HK Equity,2025:Q3,2025-10-30
2338 HK Equity,2025:S1,2025-08-29
2338 HK Equity,2025:C2,2025-08-29
2338 HK Equity,2025:Q2,2025-08-29
2338 HK Equity,2025:Q1,2025-04-29
2338 HK Equity,2024:A,2025-03-27
2338 HK Equity,2024:S2,2025-03-27
2338 HK Equity,2024:Q4,2025-03-27
2338 HK Equity,2024:C3,2024-10-30
2338 HK Equity,2024:Q3,2024-10-30
2338 HK Equity,2024:S1,2024-08-22
2338 HK Equity,2024:Q2,2024-08-22
2338 HK Equity,2024:Q1,2024-04-29
2338 HK Equity,2023:A,2024-03-25
2338 HK Equity,2023:S2,2024-03-25
2338 HK Equity,2023:Q4,2024-03-25
2338 HK Equity,2023:C3,2023-10-30
2338 HK Equity,2023:Q3,2023-10-30
2338 HK Equity,2023:S1,2023-08-30
2338 HK Equity,2023:Q2,2023-08-30
2338 HK Equity,2023:Q1,2023-04-28
2338 HK Equity,2022:A,2023-03-30
2338 HK Equity,2022:S2,2023-03-30
2338 HK Equity,2022:Q4,2023-03-30
2338 HK Equity,2022:C3,2022-10-30
2338 HK Equity,2022:Q3,2022-10-30
2338 HK Equity,2022:S1,2022-08-30
2338 HK Equity,2022:C2,2022-08-30
2338 HK Equity,2022:Q2,2022-08-30
2338 HK Equity,2022:Q1,2022-04-29
2338 HK Equity,2021:A,2022-03-30
2338 HK Equity,2021:S2,2022-03-30
2338 HK Equity,2021:Q4,2022-03-30
2338 HK Equity,2021:C3,2021-10-29
2338 HK Equity,2021:Q3,2021-10-29
2338 HK Equity,2021:S1,2021-08-30
2338 HK Equity,2021:Q2,2021-08-30
2338 HK Equity,2021:Q1,2021-04-29
2338 HK Equity,2020:A,2021-03-30
2338 HK Equity,2020:S2,2021-03-30
2338 HK Equity,2020:Q4,2021-03-30
2338 HK Equity,2020:C3,2020-10-30
2338 HK Equity,2020:Q3,2020-10-30
2338 HK Equity,2020:S1,2020-08-27
2338 HK Equity,2020:Q2,2020-08-27
2338 HK Equity,2020:Q1,2020-04-29
2338 HK Equity,2019:A,2020-03-26
2338 HK Equity,2019:S2,2020-03-26
2338 HK Equity,2019:Q4,2020-03-26
2338 HK Equity,2019:C3,2019-10-30
2338 HK Equity,2019:Q3,2019-10-30
2338 HK Equity,2019:S1,2019-08-29
2338 HK Equity,2019:Q2,2019-08-29
2338 HK Equity,2019:Q1,2019-04-28
2338 HK Equity,2018:A,2019-03-25
2338 HK Equity,2018:S2,2019-03-25
2338 HK Equity,2018:Q4,2019-03-25
2338 HK Equity,2018:C3,2018-10-30
2338 HK Equity,2018:Q3,2018-10-30
2338 HK Equity,2018:S1,2018-08-28
2338 HK Equity,2018:Q2,2018-08-28
2338 HK Equity,2018:Q1,2018-04-27
2338 HK Equity,2017:A,2018-03-28
2338 HK Equity,2017:S2,2018-03-28
2338 HK Equity,2017:Q4,2018-03-28
2338 HK Equity,2017:C3,2017-10-30
2338 HK Equity,2017:Q3,2017-10-30
2338 HK Equity,2017:S1,2017-08-30
2338 HK Equity,2017:Q2,2017-08-30
2338 HK Equity,2017:Q1,2017-04-27
2338 HK Equity,2016:A,2017-03-29
2338 HK Equity,2016:S2,2017-03-29
2338 HK Equity,2016:Q4,2017-03-29
2338 HK Equity,2016:C3,2016-10-27
2338 HK Equity,2016:Q3,2016-10-27
2338 HK Equity,2016:S1,2016-08-30
2338 HK Equity,2016:Q2,2016-08-30
2338 HK Equity,2016:Q1,2016-04-29
2338 HK Equity,2015:A,2016-03-30
2338 HK Equity,2015:S2,2016-03-30
2338 HK Equity,2015:Q4,2016-03-30
2338 HK Equity,2015:Q3,2015-10-29
2338 HK Equity,2015:S1,2015-08-27
2338 HK Equity,2015:Q2,2015-08-27
2338 HK Equity,2015:Q1,2015-04-28
2338 HK Equity,2014:A,2015-03-30
2338 HK Equity,2014:S2,2015-03-30
2338 HK Equity,2014:Q4,2015-03-30
2338 HK Equity,2014:Q3,2014-10-30
2338 HK Equity,2014:S1,2014-08-29
2338 HK Equity,2014:Q2,2014-08-29
2338 HK Equity,2014:Q1,2014-04-29
2338 HK Equity,2013:A,2014-03-30
2338 HK Equity,2013:S2,2014-03-30
2338 HK Equity,2013:Q4,2014-03-30
2338 HK Equity,2013:Q3,2013-10-27
2338 HK Equity,2013:S1,2013-08-29
2338 HK Equity,2013:Q2,2013-08-29
2338 HK Equity,2013:Q1,2013-04-26
2338 HK Equity,2012:A,2013-03-21
2338 HK Equity,2012:S2,2013-03-21
2338 HK Equity,2012:Q4,2013-03-21
2338 HK Equity,2012:Q3,2012-10-28
2338 HK Equity,2012:S1,2012-08-30
2338 HK Equity,2012:Q2,2012-08-30
2338 HK Equity,2012:Q1,2012-04-23
2338 HK Equity,2011:A,2012-03-29
2338 HK Equity,2011:S2,2012-03-29
2338 HK Equity,2011:Q4,2012-03-29
2338 HK Equity,2011:Q3,2011-10-28
2338 HK Equity,2011:S1,2011-08-30
2338 HK Equity,2011:C2,2011-08-29
2338 HK Equity,2011:Q2,2011-08-30
2338 HK Equity,2011:Q1,2011-04-21
2338 HK Equity,2010:A,2011-03-30
2338 HK Equity,2010:S2,2011-03-30
2338 HK Equity,2010:Q4,2011-03-30
2338 HK Equity,2010:C3,2010-10-26
2338 HK Equity,2010:Q3,2010-10-26
2338 HK Equity,2010:S1,2010-08-23
2338 HK Equity,2010:Q2,2010-08-23
2338 HK Equity,2010:Q1,2010-04-26
2338 HK Equity,2009:A,2010-04-27
2338 HK Equity,2009:S2,2010-04-27
2338 HK Equity,2009:Q4,2010-04-27
2338 HK Equity,2009:C3,2009-10-23
2338 HK Equity,2009:Q3,2009-10-23
2338 HK Equity,2009:S1,2009-08-28
2338 HK Equity,2009:Q2,2009-08-28
2338 HK Equity,2009:Q1,2009-04-27
2338 HK Equity,2008:A,2009-04-28
2338 HK Equity,2008:S2,2009-04-28
2338 HK Equity,2008:Q4,2009-04-28
2338 HK Equity,2008:Q3,2008-10-27
2338 HK Equity,2008:S1,2008-08-20
2338 HK Equity,2008:Q2,2008-08-20
2338 HK Equity,2008:Q1,2008-04-30
2338 HK Equity,2007:A,2008-04-30
2338 HK Equity,2007:S2,2008-04-30
2338 HK Equity,2007:Q4,2008-04-30
2338 HK Equity,2007:Q3,2007-10-28
2338 HK Equity,2007:S1,2007-08-28
2338 HK Equity,2006:A,2007-04-17
2338 HK Equity,2006:S2,2007-04-17
2338 HK Equity,2006:S1,2006-08-31
2338 HK Equity,2005:A,2006-05-02
2338 HK Equity,2005:S2,2006-05-02
2338 HK Equity,2005:S1,2005-07-04
2338 HK Equity,2004:A,2005-04-06
2338 HK Equity,2004:S2,2005-04-06
2338 HK Equity,2004:S1,2004-08-24
2338 HK Equity,2003:A,2004-02-26
2359 HK Equity,2026:S1,2026-08-03
2359 HK Equity,2026:C2,2026-08-03
2359 HK Equity,2026:Q2,2026-08-03
2359 HK Equity,2026:Q1,2026-04-27
2359 HK Equity,2025:A,2026-03-23
2359 HK Equity,2025:S2,2026-03-23
2359 HK Equity,2025:Q4,2026-03-23
2359 HK Equity,2025:C3,2025-10-26
2359 HK Equity,2025:Q3,2025-10-26
2359 HK Equity,2025:S1,2025-07-28
2359 HK Equity,2025:C2,2025-07-28
2359 HK Equity,2025:Q2,2025-07-28
2359 HK Equity,2025:Q1,2025-04-28
2359 HK Equity,2024:A,2025-03-17
2359 HK Equity,2024:S2,2025-03-17
2359 HK Equity,2024:Q4,2025-03-17
2359 HK Equity,2024:C3,2024-10-28
2359 HK Equity,2024:Q3,2024-10-28
2359 HK Equity,2024:S1,2024-07-29
2359 HK Equity,2024:Q2,2024-07-29
2359 HK Equity,2024:Q1,2024-04-29
2359 HK Equity,2023:A,2024-03-18
2359 HK Equity,2023:S2,2024-03-18
2359 HK Equity,2023:Q4,2024-03-18
2359 HK Equity,2023:C3,2023-10-30
2359 HK Equity,2023:Q3,2023-10-30
2359 HK Equity,2023:S1,2023-07-31
2359 HK Equity,2023:C2,2023-07-31
2359 HK Equity,2023:Q2,2023-07-31
2359 HK Equity,2023:Q1,2023-04-24
2359 HK Equity,2022:A,2023-03-20
2359 HK Equity,2022:S2,2023-03-20
2359 HK Equity,2022:Q4,2023-03-20
2359 HK Equity,2022:C3,2022-10-26
2359 HK Equity,2022:Q3,2022-10-26
2359 HK Equity,2022:S1,2022-07-26
2359 HK Equity,2022:Q2,2022-07-26
2359 HK Equity,2022:Q1,2022-04-25
2359 HK Equity,2021:A,2022-03-23
2359 HK Equity,2021:S2,2022-03-23
2359 HK Equity,2021:Q4,2022-03-23
2359 HK Equity,2021:C3,2021-10-29
2359 HK Equity,2021:Q3,2021-10-29
2359 HK Equity,2021:S1,2021-08-12
2359 HK Equity,2021:Q2,2021-08-12
2359 HK Equity,2021:Q1,2021-04-29
2359 HK Equity,2020:A,2021-03-30
2359 HK Equity,2020:S2,2021-03-30
2359 HK Equity,2020:Q4,2021-03-30
2359 HK Equity,2020:C3,2020-10-29
2359 HK Equity,2020:Q3,2020-10-29
2359 HK Equity,2020:S1,2020-08-13
2359 HK Equity,2020:Q2,2020-08-13
2359 HK Equity,2020:Q1,2020-04-29
2359 HK Equity,2019:A,2020-03-24
2359 HK Equity,2019:S2,2020-03-24
2359 HK Equity,2019:Q4,2020-03-24
2359 HK Equity,2019:C3,2019-10-30
2359 HK Equity,2019:Q3,2019-10-30
2359 HK Equity,2019:S1,2019-08-19
2359 HK Equity,2019:Q2,2019-08-19
2359 HK Equity,2019:Q1,2019-04-29
2359 HK Equity,2018:A,2019-03-22
2359 HK Equity,2018:S2,2019-03-22
2359 HK Equity,2018:Q4,2019-03-22
2359 HK Equity,2018:C3,2018-10-30
2359 HK Equity,2018:Q3,2018-10-30
2359 HK Equity,2018:S1,2018-08-21
2359 HK Equity,2018:Q2,2018-08-21
2359 HK Equity,2018:Q1,2018-05-07
2359 HK Equity,2017:A,2019-03-22
2359 HK Equity,2017:S2,2019-03-22
2359 HK Equity,2017:Q4,2019-03-22
2359 HK Equity,2017:C3,2018-02-06
2359 HK Equity,2017:Q3,2018-02-06
2359 HK Equity,2017:S1,2018-08-21
2359 HK Equity,2017:Q2,2018-08-21
2359 HK Equity,2017:Q1,2018-05-07
2359 HK Equity,2016:A,2018-02-06
2359 HK Equity,2015:A,2018-02-06
2359 HK Equity,2014:A,2018-02-06
2382 HK Equity,2026:S1,2026-08-26
2382 HK Equity,2025:A,2026-03-30
2382 HK Equity,2025:S2,2026-03-30
2382 HK Equity,2025:S1,2025-08-19
2382 HK Equity,2024:A,2025-03-24
2382 HK Equity,2024:S2,2025-03-24
2382 HK Equity,2024:S1,2024-08-20
2382 HK Equity,2023:A,2024-03-20
2382 HK Equity,2023:S2,2024-03-20
2382 HK Equity,2023:S1,2023-08-22
2382 HK Equity,2022:A,2023-03-20
2382 HK Equity,2022:S2,2023-03-20
2382 HK Equity,2022:S1,2022-08-15
2382 HK Equity,2021:A,2022-03-22
2382 HK Equity,2021:S2,2022-03-22
2382 HK Equity,2021:S1,2021-08-16
2382 HK Equity,2020:A,2021-03-17
2382 HK Equity,2020:S2,2021-03-17
2382 HK Equity,2020:S1,2020-08-17
2382 HK Equity,2019:A,2020-03-16
2382 HK Equity,2019:S2,2020-03-16
2382 HK Equity,2019:S1,2019-08-13
2382 HK Equity,2018:A,2019-03-19
2382 HK Equity,2018:S2,2019-03-19
2382 HK Equity,2018:S1,2018-08-13
2382 HK Equity,2017:A,2018-03-19
2382 HK Equity,2017:S2,2018-03-19
2382 HK Equity,2017:S1,2017-08-14
2382 HK Equity,2016:A,2017-03-13
2382 HK Equity,2016:S2,2017-03-13
2382 HK Equity,2016:S1,2016-08-15
2382 HK Equity,2015:A,2016-03-14
2382 HK Equity,2015:S2,2016-03-14
2382 HK Equity,2015:S1,2015-08-24
2382 HK Equity,2014:A,2015-03-09
2382 HK Equity,2014:S2,2015-03-09
2382 HK Equity,2014:S1,2014-08-15
2382 HK Equity,2013:A,2014-03-11
2382 HK Equity,2013:S2,2014-03-11
2382 HK Equity,2013:S1,2013-08-13
2382 HK Equity,2012:A,2013-03-10
2382 HK Equity,2012:S2,2013-03-10
2382 HK Equity,2012:S1,2012-08-17
2382 HK Equity,2011:A,2012-03-14
2382 HK Equity,2011:S2,2012-03-14
2382 HK Equity,2011:S1,2011-08-18
2382 HK Equity,2010:A,2011-03-14
2382 HK Equity,2010:S2,2011-03-14
2382 HK Equity,2010:S1,2010-08-18
2382 HK Equity,2009:A,2010-03-22
2382 HK Equity,2009:S2,2010-03-22
2382 HK Equity,2009:S1,2009-08-20
2382 HK Equity,2008:A,2009-03-30
2382 HK Equity,2008:S2,2009-03-30
2382 HK Equity,2008:S1,2008-08-27
2382 HK Equity,2007:A,2008-04-06
2382 HK Equity,2007:S2,2008-04-06
2382 HK Equity,2007:S1,2007-08-28
2382 HK Equity,2006:A,2007-06-04
2382 HK Equity,2006:S2,2007-06-04
2382 HK Equity,2005:A,2007-06-04
2382 HK Equity,2004:A,2007-06-04
2388 HK Equity,2026:S1,2026-08-28
2388 HK Equity,2025:A,2026-03-30
2388 HK Equity,2025:S2,2026-03-30
2388 HK Equity,2025:S1,2025-08-29
2388 HK Equity,2024:A,2025-03-26
2388 HK Equity,2024:S2,2025-03-26
2388 HK Equity,2024:S1,2024-08-29
2388 HK Equity,2023:A,2024-03-28
2388 HK Equity,2023:S2,2024-03-28
2388 HK Equity,2023:S1,2023-08-30
2388 HK Equity,2022:A,2023-03-30
2388 HK Equity,2022:S2,2023-03-30
2388 HK Equity,2022:S1,2022-08-30
2388 HK Equity,2021:A,2022-03-29
2388 HK Equity,2021:S2,2022-03-29
2388 HK Equity,2021:S1,2021-08-30
2388 HK Equity,2020:A,2021-03-30
2388 HK Equity,2020:S2,2021-03-30
2388 HK Equity,2020:S1,2020-08-30
2388 HK Equity,2019:A,2020-03-27
2388 HK Equity,2019:S2,2020-03-27
2388 HK Equity,2019:S1,2019-08-30
2388 HK Equity,2018:A,2019-03-29
2388 HK Equity,2018:S2,2019-03-29
2388 HK Equity,2018:S1,2018-08-28
2388 HK Equity,2017:A,2018-03-29
2388 HK Equity,2017:S2,2018-03-29
2388 HK Equity,2017:S1,2017-08-30
2388 HK Equity,2016:A,2017-03-31
2388 HK Equity,2016:S2,2017-03-31
2388 HK Equity,2016:S1,2016-08-30
2388 HK Equity,2015:A,2016-03-30
2388 HK Equity,2015:S2,2016-03-30
2388 HK Equity,2015:S1,2015-08-28
2388 HK Equity,2014:A,2015-03-25
2388 HK Equity,2014:S2,2015-03-25
2388 HK Equity,2014:S1,2014-08-19
2388 HK Equity,2013:A,2014-03-26
2388 HK Equity,2013:S2,2014-03-26
2388 HK Equity,2013:S1,2013-08-29
2388 HK Equity,2012:A,2013-03-26
2388 HK Equity,2012:S2,2013-03-26
2388 HK Equity,2012:S1,2012-08-23
2388 HK Equity,2011:A,2012-03-29
2388 HK Equity,2011:S2,2012-03-29
2388 HK Equity,2011:S1,2011-08-24
2388 HK Equity,2010:A,2011-03-24
2388 HK Equity,2010:S2,2011-03-24
2388 HK Equity,2010:S1,2010-08-26
2388 HK Equity,2009:A,2010-03-23
2388 HK Equity,2009:S2,2010-03-23
2388 HK Equity,2009:S1,2009-08-27
2388 HK Equity,2008:A,2009-03-24
2388 HK Equity,2008:S2,2009-03-24
2388 HK Equity,2008:S1,2008-08-28
2388 HK Equity,2007:A,2008-03-25
2388 HK Equity,2007:S2,2008-03-25
2388 HK Equity,2007:S1,2007-08-23
2388 HK Equity,2006:A,2007-03-22
2388 HK Equity,2006:S2,2007-03-22
2388 HK Equity,2006:S1,2006-08-29
2388 HK Equity,2005:A,2006-03-23
2388 HK Equity,2005:S2,2006-03-23
2388 HK Equity,2005:S1,2005-08-18
2388 HK Equity,2004:A,2005-03-23
2388 HK Equity,2004:S2,2005-03-23
2388 HK Equity,2004:S1,2004-08-19
2388 HK Equity,2003:A,2004-03-22
2388 HK Equity,2003:S1,2003-09-05
2388 HK Equity,2002:A,2003-04-04
2388 HK Equity,2002:S1,2002-08-27
2388 HK Equity,2001:A,2002-07-06
2388 HK Equity,2001:S2,2002-07-06
2388 HK Equity,2001:S1,2002-09-30
2388 HK Equity,2000:A,2001-04-30
2388 HK Equity,1999:A,2000-03-31
241 HK Equity,2026:A,2026-05-14
241 HK Equity,2026:S2,2026-05-14
241 HK Equity,2026:S1,2025-11-26
241 HK Equity,2025:A,2025-05-19
241 HK Equity,2025:S2,2025-05-19
241 HK Equity,2025:S1,2024-11-13
241 HK Equity,2024:A,2024-05-27
241 HK Equity,2024:S2,2024-05-27
241 HK Equity,2024:S1,2023-11-28
241 HK Equity,2023:A,2023-05-23
241 HK Equity,2023:S2,2023-05-23
241 HK Equity,2023:S1,2022-11-28
241 HK Equity,2022:A,2022-05-25
241 HK Equity,2022:S2,2022-05-25
241 HK Equity,2022:S1,2022-11-24
241 HK Equity,2021:A,2021-05-25
241 HK Equity,2021:S2,2021-05-25
241 HK Equity,2021:S1,2020-11-25
241 HK Equity,2020:A,2020-05-27
241 HK Equity,2020:S2,2020-05-27
241 HK Equity,2020:S1,2019-11-26
241 HK Equity,2019:A,2019-05-16
241 HK Equity,2019:S2,2019-05-16
241 HK Equity,2019:S1,2018-11-19
241 HK Equity,2018:A,2018-05-16
241 HK Equity,2018:S2,2018-05-16
241 HK Equity,2018:S1,2017-11-15
241 HK Equity,2017:A,2017-05-17
241 HK Equity,2017:S2,2017-05-17
241 HK Equity,2017:S1,2016-11-24
241 HK Equity,2016:A,2016-06-22
241 HK Equity,2016:S2,2016-06-22
241 HK Equity,2016:S1,2015-11-23
241 HK Equity,2015:A,2015-07-01
241 HK Equity,2015:S2,2015-07-01
241 HK Equity,2015:S1,2014-11-24
241 HK Equity,2014:A,2014-06-19
241 HK Equity,2014:S2,2014-06-19
241 HK Equity,2014:S1,2013-11-28
241 HK Equity,2013:A,2013-06-27
241 HK Equity,2013:S2,2013-06-27
241 HK Equity,2013:S1,2012-11-22
241 HK Equity,2012:A,2012-06-22
241 HK Equity,2012:S2,2012-06-22
241 HK Equity,2012:S1,2011-11-29
241 HK Equity,2011:A,2011-06-23
241 HK Equity,2011:S2,2011-06-23
241 HK Equity,2011:S1,2010-11-23
241 HK Equity,2010:A,2010-07-15
241 HK Equity,2010:S2,2010-07-15
241 HK Equity,2010:S1,2009-12-18
241 HK Equity,2009:A,2009-07-21
241 HK Equity,2009:S2,2009-07-21
241 HK Equity,2009:S1,2008-12-19
241 HK Equity,2008:A,2008-07-23
241 HK Equity,2008:S2,2008-07-23
241 HK Equity,2008:S1,2007-12-18
241 HK Equity,2007:A,2007-07-20
241 HK Equity,2007:S2,2007-07-20
241 HK Equity,2007:S1,2006-12-14
241 HK Equity,2006:A,2006-07-31
241 HK Equity,2006:S2,2006-07-31
241 HK Equity,2006:S1,2005-12-08
241 HK Equity,2005:A,2005-07-04
241 HK Equity,2005:S2,2005-07-04
241 HK Equity,2005:S1,2004-12-13
241 HK Equity,2004:A,2004-07-20
241 HK Equity,2004:S2,2004-07-20
241 HK Equity,2004:S1,2003-12-22
241 HK Equity,2003:A,2003-07-11
241 HK Equity,2003:S2,2003-07-11
241 HK Equity,2003:S1,2003-12-27
241 HK Equity,2002:A,2002-07-17
241 HK Equity,2002:S2,2002-07-17
241 HK Equity,2002:S1,2001-12-21
241 HK Equity,2001:A,2001-07-19
241 HK Equity,2001:S2,2001-07-19
241 HK Equity,2001:S1,2000-12-06
241 HK Equity,2000:A,2000-08-23
241 HK Equity,2000:S2,2000-08-23
241 HK Equity,2000:S1,1999-12-20
241 HK Equity,1999:A,1999-08-25
241 HK Equity,1999:S2,1999-08-25
241 HK Equity,1999:S1,1998-12-28
241 HK Equity,1998:A,1998-10-09
241 HK Equity,1998:S2,1998-10-09
241 HK Equity,1998:S1,1997-11-26
241 HK Equity,1997:A,1997-07-03
241 HK Equity,1997:S2,1997-07-03
241 HK Equity,1996:A,1996-05-28
241 HK Equity,1996:S2,1996-05-28
241 HK Equity,1995:A,1995-04-18
2600 HK Equity,2026:S1,2026-08-27
2600 HK Equity,2026:C2,2026-08-27
2600 HK Equity,2026:Q2,2026-08-27
2600 HK Equity,2026:Q1,2026-04-23
2600 HK Equity,2025:A,2026-03-27
2600 HK Equity,2025:S2,2026-03-27
2600 HK Equity,2025:Q4,2026-03-27
2600 HK Equity,2025:C3,2025-10-27
2600 HK Equity,2025:Q3,2025-10-27
2600 HK Equity,2025:S1,2025-08-27
2600 HK Equity,2025:C2,2025-08-27
2600 HK Equity,2025:Q2,2025-08-27
2600 HK Equity,2025:Q1,2025-04-24
2600 HK Equity,2024:A,2025-03-26
2600 HK Equity,2024:S2,2025-03-26
2600 HK Equity,2024:Q4,2025-03-26
2600 HK Equity,2024:C3,2024-10-29
2600 HK Equity,2024:Q3,2024-10-29
2600 HK Equity,2024:S1,2024-08-28
2600 HK Equity,2024:C2,2024-08-28
2600 HK Equity,2024:Q2,2024-08-28
2600 HK Equity,2024:Q1,2024-04-25
2600 HK Equity,2023:A,2024-03-27
2600 HK Equity,2023:S2,2024-03-27
2600 HK Equity,2023:Q4,2024-03-27
2600 HK Equity,2023:C3,2023-10-25
2600 HK Equity,2023:Q3,2023-10-25
2600 HK Equity,2023:S1,2023-08-22
2600 HK Equity,2023:Q2,2023-08-22
2600 HK Equity,2023:Q1,2023-04-25
2600 HK Equity,2022:A,2023-03-21
2600 HK Equity,2022:S2,2023-03-21
2600 HK Equity,2022:Q4,2023-03-21
2600 HK Equity,2022:C3,2022-10-25
2600 HK Equity,2022:Q3,2022-10-25
2600 HK Equity,2022:S1,2022-08-23
2600 HK Equity,2022:Q2,2022-08-23
2600 HK Equity,2022:Q1,2022-04-26
2600 HK Equity,2021:A,2022-03-22
2600 HK Equity,2021:S2,2022-03-22
2600 HK Equity,2021:Q4,2022-03-22
2600 HK Equity,2021:C3,2021-10-26
2600 HK Equity,2021:Q3,2021-10-26
2600 HK Equity,2021:S1,2021-08-24
2600 HK Equity,2021:Q2,2021-08-24
2600 HK Equity,2021:Q1,2021-04-27
2600 HK Equity,2020:A,2021-03-23
2600 HK Equity,2020:S2,2021-03-23
2600 HK Equity,2020:Q4,2021-03-23
2600 HK Equity,2020:C3,2020-10-27
2600 HK Equity,2020:Q3,2020-10-27
2600 HK Equity,2020:S1,2020-08-27
2600 HK Equity,2020:Q2,2020-08-27
2600 HK Equity,2020:Q1,2020-04-28
2600 HK Equity,2019:A,2020-03-26
2600 HK Equity,2019:S2,2020-03-26
2600 HK Equity,2019:Q4,2020-03-26
2600 HK Equity,2019:C3,2019-10-29
2600 HK Equity,2019:Q3,2019-10-29
2600 HK Equity,2019:S1,2019-08-27
2600 HK Equity,2019:Q2,2019-08-27
2600 HK Equity,2019:Q1,2019-04-29
2600 HK Equity,2018:A,2019-03-28
2600 HK Equity,2018:S2,2019-03-28
2600 HK Equity,2018:Q4,2019-03-28
2600 HK Equity,2018:C3,2018-10-25
2600 HK Equity,2018:Q3,2018-10-25
2600 HK Equity,2018:S1,2018-08-15
2600 HK Equity,2018:Q2,2018-08-15
2600 HK Equity,2018:Q1,2018-04-23
2600 HK Equity,2017:A,2018-03-22
2600 HK Equity,2017:S2,2018-03-22
2600 HK Equity,2017:Q4,2018-03-22
2600 HK Equity,2017:C3,2017-10-26
2600 HK Equity,2017:Q3,2017-10-26
2600 HK Equity,2017:S1,2017-08-17
2600 HK Equity,2017:Q2,2017-08-17
2600 HK Equity,2017:Q1,2017-04-25
2600 HK Equity,2016:A,2017-03-23
2600 HK Equity,2016:S2,2017-03-23
2600 HK Equity,2016:Q4,2017-03-23
2600 HK Equity,2016:C3,2016-10-20
2600 HK Equity,2016:Q3,2016-10-20
2600 HK Equity,2016:S1,2016-08-25
2600 HK Equity,2016:Q2,2016-08-25
2600 HK Equity,2016:Q1,2016-04-28
2600 HK Equity,2015:A,2016-03-17
2600 HK Equity,2015:S2,2016-03-17
2600 HK Equity,2015:Q4,2016-03-17
2600 HK Equity,2015:C3,2015-10-29
2600 HK Equity,2015:Q3,2015-10-29
2600 HK Equity,2015:S1,2015-08-27
2600 HK Equity,2015:Q2,2015-08-27
2600 HK Equity,2015:Q1,2015-04-28
2600 HK Equity,2014:A,2015-03-25
2600 HK Equity,2014:S2,2015-03-25
2600 HK Equity,2014:Q4,2015-03-25
2600 HK Equity,2014:Q3,2014-10-30
2600 HK Equity,2014:S1,2014-08-28
2600 HK Equity,2014:Q2,2014-08-28
2600 HK Equity,2014:Q1,2014-04-29
2600 HK Equity,2013:A,2014-03-18
2600 HK Equity,2013:S2,2014-03-18
2600 HK Equity,2013:Q4,2014-03-18
2600 HK Equity,2013:C3,2013-10-30
2600 HK Equity,2013:Q3,2013-10-30
2600 HK Equity,2013:S1,2013-08-30
2600 HK Equity,2013:Q2,2013-08-30
2600 HK Equity,2013:Q1,2013-04-26
2600 HK Equity,2012:A,2013-03-27
2600 HK Equity,2012:S2,2013-03-27
2600 HK Equity,2012:Q4,2013-03-27
2600 HK Equity,2012:Q3,2012-10-30
2600 HK Equity,2012:S1,2012-08-24
2600 HK Equity,2012:Q2,2012-08-24
2600 HK Equity,2012:Q1,2012-04-27
2600 HK Equity,2011:A,2012-03-16
2600 HK Equity,2011:S2,2012-03-16
2600 HK Equity,2011:Q4,2012-03-16
2600 HK Equity,2011:C3,2011-10-25
2600 HK Equity,2011:Q3,2011-10-25
2600 HK Equity,2011:S1,2011-08-26
2600 HK Equity,2011:Q2,2011-08-26
2600 HK Equity,2011:Q1,2011-04-21
2600 HK Equity,2010:A,2011-03-01
2600 HK Equity,2010:S2,2011-03-01
2600 HK Equity,2010:Q4,2011-03-01
2600 HK Equity,2010:C3,2010-10-25
2600 HK Equity,2010:Q3,2010-10-25
2600 HK Equity,2010:S1,2010-08-23
2600 HK Equity,2010:Q2,2010-08-23
2600 HK Equity,2010:Q1,2010-04-20
2600 HK Equity,2009:A,2010-03-26
2600 HK Equity,2009:S2,2010-03-26
2600 HK Equity,2009:Q4,2010-03-26
2600 HK Equity,2009:C3,2009-10-27
2600 HK Equity,2009:Q3,2009-10-27
2600 HK Equity,2009:S1,2009-08-24
2600 HK Equity,2009:Q2,2009-08-24
2600 HK Equity,2009:Q1,2009-04-29
2600 HK Equity,2008:A,2009-03-29
2600 HK Equity,2008:S2,2009-03-29
2600 HK Equity,2008:Q4,2009-03-29
2600 HK Equity,2008:Q3,2008-11-04
2600 HK Equity,2008:S1,2008-08-30
2600 HK Equity,2008:Q2,2008-08-30
2600 HK Equity,2008:Q1,2008-04-22
2600 HK Equity,2007:A,2008-03-17
2600 HK Equity,2007:S2,2008-03-17
2600 HK Equity,2007:Q4,2008-03-17
2600 HK Equity,2007:Q3,2007-10-30
2600 HK Equity,2007:S1,2007-08-20
2600 HK Equity,2006:A,2007-03-10
2600 HK Equity,2006:S2,2007-03-10
2600 HK Equity,2006:S1,2006-08-23
2600 HK Equity,2005:A,2006-03-13
2600 HK Equity,2005:S2,2006-03-13
2600 HK Equity,2005:S1,2005-08-22
2600 HK Equity,2004:A,2005-03-28
2600 HK Equity,2004:S2,2005-03-28
2600 HK Equity,2004:S1,2004-08-23
2600 HK Equity,2003:A,2004-04-14
2600 HK Equity,2003:S1,2003-09-01
2600 HK Equity,2002:A,2003-04-29
2600 HK Equity,2002:S1,2002-09-13
2600 HK Equity,2001:A,2002-04-15
2600 HK Equity,2001:S2,2002-04-15
2600 HK Equity,2000:A,2001-02-28
2600 HK Equity,2000:S2,2001-02-28
2618 HK Equity,2026:S1,2026-08-13
2618 HK Equity,2026:C2,2026-08-13
2618 HK Equity,2026:Q2,2026-08-13
2618 HK Equity,2026:Q1,2026-05-12
2618 HK Equity,2025:A,2026-03-05
2618 HK Equity,2025:S2,2026-03-05
2618 HK Equity,2025:Q4,2026-03-05
2618 HK Equity,2025:C3,2025-11-13
2618 HK Equity,2025:Q3,2025-11-13
2618 HK Equity,2025:S1,2025-08-14
2618 HK Equity,2025:C2,2025-08-14
2618 HK Equity,2025:Q2,2025-08-14
2618 HK Equity,2025:Q1,2025-05-13
2618 HK Equity,2024:A,2025-03-06
2618 HK Equity,2024:S2,2025-03-06
2618 HK Equity,2024:Q4,2025-03-06
2618 HK Equity,2024:C3,2024-11-14
2618 HK Equity,2024:Q3,2024-11-14
2618 HK Equity,2024:S1,2024-08-15
2618 HK Equity,2024:C2,2024-08-15
2618 HK Equity,2024:Q2,2024-08-15
2618 HK Equity,2024:Q1,2024-05-16
2618 HK Equity,2023:A,2024-03-06
2618 HK Equity,2023:S2,2024-03-06
2618 HK Equity,2023:Q4,2024-03-06
2618 HK Equity,2023:C3,2023-11-15
2618 HK Equity,2023:Q3,2023-11-15
2618 HK Equity,2023:S1,2023-08-16
2618 HK Equity,2023:C2,2023-08-16
2618 HK Equity,2023:Q2,2023-08-16
2618 HK Equity,2023:Q1,2023-05-11
2618 HK Equity,2022:A,2023-03-09
2618 HK Equity,2022:S2,2023-03-09
2618 HK Equity,2022:Q4,2023-03-09
2618 HK Equity,2022:C3,2022-11-18
2618 HK Equity,2022:Q3,2022-11-18
2618 HK Equity,2022:S1,2022-08-23
2618 HK Equity,2022:C2,2022-08-23
2618 HK Equity,2022:Q2,2022-08-23
2618 HK Equity,2022:Q1,2022-05-17
2618 HK Equity,2021:A,2022-03-10
2618 HK Equity,2021:S2,2022-03-10
2618 HK Equity,2021:Q4,2022-03-10
2618 HK Equity,2021:Q3,2022-05-17
2618 HK Equity,2021:S1,2021-08-23
2618 HK Equity,2021:Q2,2022-05-17
2618 HK Equity,2021:Q1,2022-05-17
2618 HK Equity,2020:A,2021-05-20
2618 HK Equity,2020:S2,2021-05-20
2618 HK Equity,2020:Q4,2021-05-20
2618 HK Equity,2020:C3,2021-05-05
2618 HK Equity,2020:Q3,2021-05-05
2618 HK Equity,2020:S1,2021-08-23
2618 HK Equity,2019:A,2021-05-05
2618 HK Equity,2019:Q4,2021-05-05
2618 HK Equity,2019:C3,2021-05-05
2618 HK Equity,2018:A,2021-05-05
2628 HK Equity,2026:S1,2026-08-27
2628 HK Equity,2026:C2,2026-08-27
2628 HK Equity,2026:Q2,2026-08-27
2628 HK Equity,2026:Q1,2026-04-29
2628 HK Equity,2025:A,2026-03-25
2628 HK Equity,2025:S2,2026-03-25
2628 HK Equity,2025:Q4,2026-03-25
2628 HK Equity,2025:C3,2025-10-30
2628 HK Equity,2025:Q3,2025-10-30
2628 HK Equity,2025:S1,2025-08-27
2628 HK Equity,2025:C2,2025-08-27
2628 HK Equity,2025:Q2,2025-08-27
2628 HK Equity,2025:Q1,2025-04-29
2628 HK Equity,2024:A,2025-03-26
2628 HK Equity,2024:S2,2025-03-26
2628 HK Equity,2024:Q4,2025-03-26
2628 HK Equity,2024:C3,2024-10-30
2628 HK Equity,2024:Q3,2024-10-30
2628 HK Equity,2024:S1,2024-08-29
2628 HK Equity,2024:Q2,2024-08-29
2628 HK Equity,2024:Q1,2024-04-26
2628 HK Equity,2023:A,2024-03-27
2628 HK Equity,2023:S2,2024-03-27
2628 HK Equity,2023:Q4,2024-03-27
2628 HK Equity,2023:C3,2023-10-26
2628 HK Equity,2023:Q3,2023-10-26
2628 HK Equity,2023:S1,2023-08-23
2628 HK Equity,2023:C2,2023-08-23
2628 HK Equity,2023:Q2,2023-08-23
2628 HK Equity,2023:Q1,2023-04-27
2628 HK Equity,2022:A,2023-03-29
2628 HK Equity,2022:S2,2023-03-29
2628 HK Equity,2022:Q4,2023-03-29
2628 HK Equity,2022:C3,2022-10-27
2628 HK Equity,2022:Q3,2022-10-27
2628 HK Equity,2022:S1,2022-08-25
2628 HK Equity,2022:C2,2022-08-25
2628 HK Equity,2022:Q2,2022-08-25
2628 HK Equity,2022:Q1,2022-04-27
2628 HK Equity,2021:A,2022-03-24
2628 HK Equity,2021:S2,2022-03-24
2628 HK Equity,2021:Q4,2022-03-24
2628 HK Equity,2021:C3,2021-10-28
2628 HK Equity,2021:Q3,2021-10-28
2628 HK Equity,2021:S1,2021-08-25
2628 HK Equity,2021:C2,2021-08-25
2628 HK Equity,2021:Q2,2021-08-25
2628 HK Equity,2021:Q1,2021-04-28
2628 HK Equity,2020:A,2021-03-25
2628 HK Equity,2020:S2,2021-03-25
2628 HK Equity,2020:Q4,2021-03-25
2628 HK Equity,2020:C3,2020-10-28
2628 HK Equity,2020:Q3,2020-10-28
2628 HK Equity,2020:S1,2020-08-26
2628 HK Equity,2020:C2,2020-08-26
2628 HK Equity,2020:Q2,2020-08-26
2628 HK Equity,2020:C1,2020-04-23
2628 HK Equity,2020:Q1,2020-04-23
2628 HK Equity,2019:A,2020-03-25
2628 HK Equity,2019:S2,2020-03-25
2628 HK Equity,2019:Q4,2020-03-25
2628 HK Equity,2019:C3,2019-10-29
2628 HK Equity,2019:Q3,2019-10-29
2628 HK Equity,2019:S1,2019-08-22
2628 HK Equity,2019:C2,2019-08-22
2628 HK Equity,2019:Q2,2019-08-22
2628 HK Equity,2019:C1,2019-04-25
2628 HK Equity,2019:Q1,2019-04-25
2628 HK Equity,2018:A,2019-03-27
2628 HK Equity,2018:S2,2019-03-27
2628 HK Equity,2018:Q4,2019-03-27
2628 HK Equity,2018:C3,2018-10-25
2628 HK Equity,2018:Q3,2018-10-25
2628 HK Equity,2018:S1,2018-08-23
2628 HK Equity,2018:C2,2018-08-23
2628 HK Equity,2018:Q2,2018-08-23
2628 HK Equity,2018:C1,2018-04-26
2628 HK Equity,2018:Q1,2018-04-26
2628 HK Equity,2017:A,2018-03-22
2628 HK Equity,2017:S2,2018-03-22
2628 HK Equity,2017:C4,2018-03-22
2628 HK Equity,2017:Q4,2018-03-22
2628 HK Equity,2017:C3,2017-10-26
2628 HK Equity,2017:Q3,2017-10-26
2628 HK Equity,2017:S1,2017-08-24
2628 HK Equity,2017:C2,2017-08-24
2628 HK Equity,2017:Q2,2017-08-24
2628 HK Equity,2017:C1,2017-04-27
2628 HK Equity,2017:Q1,2017-04-27
2628 HK Equity,2016:A,2017-03-23
2628 HK Equity,2016:S2,2017-03-23
2628 HK Equity,2016:Q4,2017-03-23
2628 HK Equity,2016:C3,2016-10-27
2628 HK Equity,2016:Q3,2016-10-27
2628 HK Equity,2016:S1,2016-08-25
2628 HK Equity,2016:Q2,2016-08-25
2628 HK Equity,2016:Q1,2016-04-28
2628 HK Equity,2015:A,2016-03-23
2628 HK Equity,2015:S2,2016-03-23
2628 HK Equity,2015:Q4,2016-03-23
2628 HK Equity,2015:Q3,2015-10-28
2628 HK Equity,2015:S1,2015-08-26
2628 HK Equity,2015:Q2,2015-08-26
2628 HK Equity,2015:Q1,2015-04-28
2628 HK Equity,2014:A,2015-03-24
2628 HK Equity,2014:S2,2015-03-24
2628 HK Equity,2014:Q4,2015-03-24
2628 HK Equity,2014:Q3,2014-10-28
2628 HK Equity,2014:S1,2014-08-27
2628 HK Equity,2014:Q2,2014-08-27
2628 HK Equity,2014:Q1,2014-04-25
2628 HK Equity,2013:A,2014-03-25
2628 HK Equity,2013:S2,2014-03-25
2628 HK Equity,2013:Q4,2014-03-25
2628 HK Equity,2013:Q3,2013-10-25
2628 HK Equity,2013:S1,2013-08-28
2628 HK Equity,2013:Q2,2013-08-28
2628 HK Equity,2013:Q1,2013-04-25
2628 HK Equity,2012:A,2013-03-27
2628 HK Equity,2012:S2,2013-03-27
2628 HK Equity,2012:Q4,2013-03-27
2628 HK Equity,2012:Q3,2012-10-26
2628 HK Equity,2012:S1,2012-08-28
2628 HK Equity,2012:Q2,2012-08-28
2628 HK Equity,2012:Q1,2012-04-25
2628 HK Equity,2011:A,2012-03-26
2628 HK Equity,2011:S2,2012-03-26
2628 HK Equity,2011:Q4,2012-03-26
2628 HK Equity,2011:Q3,2011-10-27
2628 HK Equity,2011:S1,2011-08-23
2628 HK Equity,2011:Q2,2011-08-23
2628 HK Equity,2011:Q1,2011-04-25
2628 HK Equity,2010:A,2011-03-22
2628 HK Equity,2010:S2,2011-03-22
2628 HK Equity,2010:Q4,2011-03-22
2628 HK Equity,2010:Q3,2010-10-28
2628 HK Equity,2010:S1,2010-08-25
2628 HK Equity,2010:Q2,2010-08-25
2628 HK Equity,2010:Q1,2010-04-28
2628 HK Equity,2009:A,2010-04-07
2628 HK Equity,2009:S2,2010-04-07
2628 HK Equity,2009:Q4,2010-04-07
2628 HK Equity,2009:Q3,2009-10-26
2628 HK Equity,2009:S1,2009-08-25
2628 HK Equity,2009:Q2,2009-08-25
2628 HK Equity,2009:Q1,2009-04-23
2628 HK Equity,2008:A,2009-03-25
2628 HK Equity,2008:S2,2009-03-25
2628 HK Equity,2008:Q4,2009-03-25
2628 HK Equity,2008:Q3,2008-10-27
2628 HK Equity,2008:S1,2008-08-25
2628 HK Equity,2008:Q2,2008-08-25
2628 HK Equity,2008:Q1,2008-04-28
2628 HK Equity,2007:A,2008-03-25
2628 HK Equity,2007:S2,2008-03-25
2628 HK Equity,2007:Q4,2008-03-25
2628 HK Equity,2007:Q3,2007-10-30
2628 HK Equity,2007:S1,2007-08-27
2628 HK Equity,2007:Q2,2007-08-27
2628 HK Equity,2007:Q1,2007-04-23
2628 HK Equity,2006:A,2007-04-17
2628 HK Equity,2006:S2,2007-04-17
2628 HK Equity,2006:S1,2006-08-28
2628 HK Equity,2005:A,2006-04-18
2628 HK Equity,2005:S2,2006-04-18
2628 HK Equity,2005:S1,2005-08-29
2628 HK Equity,2004:A,2005-04-18
2628 HK Equity,2004:S2,2005-04-18
2628 HK Equity,2004:S1,2004-08-27
2628 HK Equity,2003:A,2004-04-23
2628 HK Equity,2003:S2,2004-04-23
2628 HK Equity,2002:A,2004-04-23
267 HK Equity,2026:S1,2026-08-28
267 HK Equity,2025:A,2026-03-27
267 HK Equity,2025:S2,2026-03-27
267 HK Equity,2025:S1,2025-08-29
267 HK Equity,2024:A,2025-03-28
267 HK Equity,2024:S2,2025-03-28
267 HK Equity,2024:S1,2024-08-30
267 HK Equity,2023:A,2024-03-28
267 HK Equity,2023:S2,2024-03-28
267 HK Equity,2023:S1,2023-08-31
267 HK Equity,2022:A,2023-03-31
267 HK Equity,2022:S2,2023-03-31
267 HK Equity,2022:S1,2022-08-30
267 HK Equity,2021:A,2022-03-31
267 HK Equity,2021:S2,2022-03-31
267 HK Equity,2021:S1,2021-08-27
267 HK Equity,2020:A,2021-03-30
267 HK Equity,2020:S2,2021-03-30
267 HK Equity,2020:S1,2020-08-28
267 HK Equity,2019:A,2020-03-31
267 HK Equity,2019:S2,2020-03-31
267 HK Equity,2019:S1,2019-08-29
267 HK Equity,2018:A,2019-03-29
267 HK Equity,2018:S2,2019-03-29
267 HK Equity,2018:S1,2018-08-29
267 HK Equity,2017:A,2018-03-28
267 HK Equity,2017:S2,2018-03-28
267 HK Equity,2017:S1,2017-08-29
267 HK Equity,2016:A,2017-03-23
267 HK Equity,2016:S2,2017-03-23
267 HK Equity,2016:S1,2016-08-26
267 HK Equity,2015:A,2016-03-24
267 HK Equity,2015:S2,2016-03-24
267 HK Equity,2015:S1,2015-08-24
267 HK Equity,2014:A,2015-03-24
267 HK Equity,2014:S2,2015-03-24
267 HK Equity,2014:S1,2014-08-29
267 HK Equity,2013:A,2014-02-20
267 HK Equity,2013:S2,2014-02-20
267 HK Equity,2013:S1,2013-08-14
267 HK Equity,2012:A,2013-02-28
267 HK Equity,2012:S2,2013-02-28
267 HK Equity,2012:S1,2012-08-16
267 HK Equity,2011:A,2012-03-01
267 HK Equity,2011:S2,2012-03-01
267 HK Equity,2011:S1,2011-08-19
267 HK Equity,2010:A,2011-03-03
267 HK Equity,2010:S2,2011-03-03
267 HK Equity,2010:S1,2010-08-18
267 HK Equity,2009:A,2010-03-10
267 HK Equity,2009:S2,2010-03-10
267 HK Equity,2009:S1,2009-08-26
267 HK Equity,2008:A,2009-03-25
267 HK Equity,2008:S2,2009-03-25
267 HK Equity,2008:S1,2008-08-28
267 HK Equity,2007:A,2008-03-17
267 HK Equity,2007:S2,2008-03-17
267 HK Equity,2007:S1,2007-08-31
267 HK Equity,2006:A,2007-03-15
267 HK Equity,2006:S2,2007-03-15
267 HK Equity,2006:S1,2006-08-30
267 HK Equity,2005:A,2006-03-22
267 HK Equity,2005:S2,2006-03-22
267 HK Equity,2005:S1,2005-08-25
267 HK Equity,2004:A,2005-03-15
267 HK Equity,2004:S2,2005-03-15
267 HK Equity,2004:S1,2004-08-25
267 HK Equity,2003:A,2004-03-18
267 HK Equity,2003:S2,2004-03-18
267 HK Equity,2003:S1,2003-08-27
267 HK Equity,2002:A,2003-03-12
267 HK Equity,2002:S2,2003-03-12
267 HK Equity,2002:S1,2002-08-26
267 HK Equity,2001:A,2002-04-09
267 HK Equity,2001:S2,2002-04-09
267 HK Equity,2001:S1,2001-08-28
267 HK Equity,2000:A,2001-05-07
267 HK Equity,2000:S2,2001-05-07
267 HK Equity,2000:S1,2000-12-20
267 HK Equity,1999:A,2000-05-05
267 HK Equity,1999:S2,2000-05-05
267 HK Equity,1999:S1,1999-09-22
267 HK Equity,1998:A,1999-05-08
2688 HK Equity,2026:S1,2026-08-28
2688 HK Equity,2025:A,2026-03-27
2688 HK Equity,2025:S2,2026-03-27
2688 HK Equity,2025:S1,2025-08-27
2688 HK Equity,2024:A,2025-03-26
2688 HK Equity,2024:S2,2025-03-26
2688 HK Equity,2024:S1,2024-08-23
2688 HK Equity,2023:A,2024-03-22
2688 HK Equity,2023:S2,2024-03-22
2688 HK Equity,2023:S1,2023-08-24
2688 HK Equity,2022:A,2023-03-24
2688 HK Equity,2022:S2,2023-03-24
2688 HK Equity,2022:S1,2022-08-19
2688 HK Equity,2021:A,2022-03-18
2688 HK Equity,2021:S2,2022-03-18
2688 HK Equity,2021:S1,2021-08-23
2688 HK Equity,2020:A,2021-03-22
2688 HK Equity,2020:S2,2021-03-22
2688 HK Equity,2020:S1,2020-08-20
2688 HK Equity,2019:A,2020-03-16
2688 HK Equity,2019:S2,2020-03-16
2688 HK Equity,2019:S1,2019-08-22
2688 HK Equity,2018:A,2019-03-21
2688 HK Equity,2018:S2,2019-03-21
2688 HK Equity,2018:S1,2018-08-23
2688 HK Equity,2017:A,2018-03-22
2688 HK Equity,2017:S2,2018-03-22
2688 HK Equity,2017:S1,2017-08-24
2688 HK Equity,2016:A,2017-03-21
2688 HK Equity,2016:S2,2017-03-21
2688 HK Equity,2016:S1,2016-08-23
2688 HK Equity,2015:A,2016-03-22
2688 HK Equity,2015:S2,2016-03-22
2688 HK Equity,2015:S1,2015-08-19
2688 HK Equity,2014:A,2015-03-27
2688 HK Equity,2014:S2,2015-03-27
2688 HK Equity,2014:S1,2014-08-22
2688 HK Equity,2013:A,2014-03-24
2688 HK Equity,2013:S2,2014-03-24
2688 HK Equity,2013:S1,2013-08-26
2688 HK Equity,2012:A,2013-03-26
2688 HK Equity,2012:S2,2013-03-26
2688 HK Equity,2012:S1,2012-08-27
2688 HK Equity,2011:A,2012-03-27
2688 HK Equity,2011:S2,2012-03-27
2688 HK Equity,2011:S1,2011-08-26
2688 HK Equity,2010:A,2011-03-25
2688 HK Equity,2010:S2,2011-03-25
2688 HK Equity,2010:S1,2010-08-26
2688 HK Equity,2009:A,2010-03-31
2688 HK Equity,2009:S2,2010-03-31
2688 HK Equity,2009:S1,2009-09-15
2688 HK Equity,2008:A,2009-04-08
2688 HK Equity,2008:S2,2009-04-08
2688 HK Equity,2008:S1,2008-09-18
2688 HK Equity,2007:A,2008-04-22
2688 HK Equity,2007:S2,2008-04-22
2688 HK Equity,2007:S1,2007-09-18
2688 HK Equity,2006:A,2007-04-19
2688 HK Equity,2006:S2,2007-04-19
2688 HK Equity,2006:S1,2006-09-20
2688 HK Equity,2005:A,2006-04-20
2688 HK Equity,2005:S2,2006-04-20
2688 HK Equity,2005:S1,2005-09-21
2688 HK Equity,2004:A,2005-04-20
2688 HK Equity,2004:S2,2005-04-20
2688 HK Equity,2004:S1,2004-09-14
2688 HK Equity,2003:A,2004-04-20
2688 HK Equity,2003:S2,2004-04-20
2688 HK Equity,2003:S1,2003-09-22
2688 HK Equity,2002:A,2003-04-08
2688 HK Equity,2002:S2,2003-04-08
2688 HK Equity,2002:S1,2002-08-29
2688 HK Equity,2001:A,2002-03-04
27 HK Equity,2026:S1,2026-08-12
27 HK Equity,2026:Q2,2026-08-12
27 HK Equity,2025:A,2026-02-26
27 HK Equity,2025:S2,2026-02-26
27 HK Equity,2025:Q4,2026-02-26
27 HK Equity,2025:Q3,2025-11-06
27 HK Equity,2025:S1,2025-08-12
27 HK Equity,2025:Q2,2025-08-12
27 HK Equity,2025:Q1,2025-05-08
27 HK Equity,2024:A,2025-02-27
27 HK Equity,2024:S2,2025-02-27
27 HK Equity,2024:Q4,2025-02-27
27 HK Equity,2024:Q3,2024-11-07
27 HK Equity,2024:S1,2024-08-15
27 HK Equity,2024:Q2,2024-08-15
27 HK Equity,2024:Q1,2024-05-14
27 HK Equity,2023:A,2024-02-28
27 HK Equity,2023:S2,2024-02-28
27 HK Equity,2023:Q4,2024-02-28
27 HK Equity,2023:Q3,2023-11-09
27 HK Equity,2023:S1,2023-08-17
27 HK Equity,2023:Q2,2023-09-13
27 HK Equity,2023:Q1,2023-05-22
27 HK Equity,2022:A,2023-02-23
27 HK Equity,2022:S2,2023-02-23
27 HK Equity,2022:Q4,2023-02-23
27 HK Equity,2022:Q3,2022-11-10
27 HK Equity,2022:S1,2022-08-18
27 HK Equity,2022:Q2,2022-08-18
27 HK Equity,2022:Q1,2022-05-12
27 HK Equity,2021:A,2022-02-22
27 HK Equity,2021:S2,2022-02-22
27 HK Equity,2021:Q4,2022-02-23
27 HK Equity,2021:Q3,2021-11-10
27 HK Equity,2021:S1,2021-08-12
27 HK Equity,2021:Q2,2021-08-12
27 HK Equity,2021:Q1,2021-05-13
27 HK Equity,2020:A,2021-02-25
27 HK Equity,2020:S2,2021-02-25
27 HK Equity,2020:Q4,2021-02-25
27 HK Equity,2020:Q3,2020-11-10
27 HK Equity,2020:S1,2020-08-13
27 HK Equity,2020:Q2,2020-08-13
27 HK Equity,2020:Q1,2020-05-13
27 HK Equity,2019:A,2020-02-27
27 HK Equity,2019:S2,2020-02-27
27 HK Equity,2019:Q4,2020-02-27
27 HK Equity,2019:Q3,2019-11-07
27 HK Equity,2019:S1,2019-08-13
27 HK Equity,2019:Q2,2019-08-13
27 HK Equity,2019:Q1,2019-05-16
27 HK Equity,2018:A,2019-02-27
27 HK Equity,2018:S2,2019-02-28
27 HK Equity,2018:Q4,2019-02-28
27 HK Equity,2018:Q3,2018-10-25
27 HK Equity,2018:S1,2018-08-08
27 HK Equity,2018:Q2,2018-08-08
27 HK Equity,2018:Q1,2018-05-03
27 HK Equity,2017:A,2018-02-28
27 HK Equity,2017:S2,2018-02-28
27 HK Equity,2017:Q4,2018-02-28
27 HK Equity,2017:Q3,2017-11-09
27 HK Equity,2017:S1,2017-08-30
27 HK Equity,2017:Q2,2017-08-31
27 HK Equity,2017:Q1,2017-05-04
27 HK Equity,2016:A,2017-02-28
27 HK Equity,2016:S2,2017-02-28
27 HK Equity,2016:Q4,2017-02-28
27 HK Equity,2016:Q3,2016-10-26
27 HK Equity,2016:S1,2016-08-25
27 HK Equity,2016:Q2,2016-08-25
27 HK Equity,2016:Q1,2016-04-27
27 HK Equity,2015:A,2016-02-25
27 HK Equity,2015:S2,2016-02-25
27 HK Equity,2015:Q4,2016-02-25
27 HK Equity,2015:Q3,2015-10-15
27 HK Equity,2015:S1,2015-08-19
27 HK Equity,2015:Q2,2015-08-19
27 HK Equity,2015:Q1,2015-04-16
27 HK Equity,2014:A,2015-03-19
27 HK Equity,2014:S2,2015-03-19
27 HK Equity,2014:Q4,2015-03-19
27 HK Equity,2014:Q3,2014-11-11
27 HK Equity,2014:S1,2014-08-19
27 HK Equity,2014:Q2,2014-08-19
27 HK Equity,2014:Q1,2014-05-20
27 HK Equity,2013:A,2014-03-19
27 HK Equity,2013:S2,2014-03-19
27 HK Equity,2013:Q4,2014-03-19
27 HK Equity,2013:Q3,2013-11-07
27 HK Equity,2013:S1,2013-08-20
27 HK Equity,2013:Q2,2013-08-20
27 HK Equity,2013:Q1,2013-05-15
27 HK Equity,2012:A,2013-03-26
27 HK Equity,2012:S2,2013-03-26
27 HK Equity,2012:S1,2012-08-27
27 HK Equity,2011:A,2012-03-15
27 HK Equity,2011:S2,2012-03-15
27 HK Equity,2011:S1,2011-08-31
27 HK Equity,2010:A,2011-03-30
27 HK Equity,2010:S2,2011-03-30
27 HK Equity,2010:S1,2010-08-31
27 HK Equity,2009:A,2010-04-20
27 HK Equity,2009:S2,2010-04-20
27 HK Equity,2009:S1,2009-09-18
27 HK Equity,2008:A,2009-04-24
27 HK Equity,2008:S2,2009-04-24
27 HK Equity,2008:S1,2008-09-19
27 HK Equity,2007:A,2008-04-18
27 HK Equity,2007:S2,2008-04-18
27 HK Equity,2007:S1,2007-09-17
27 HK Equity,2006:A,2007-04-18
27 HK Equity,2006:S2,2007-04-18
27 HK Equity,2006:S1,2006-09-13
27 HK Equity,2005:A,2006-04-11
27 HK Equity,2005:S2,2006-04-11
27 HK Equity,2005:S1,2005-09-14
27 HK Equity,2004:A,2005-03-03
27 HK Equity,2004:S2,2005-03-03
27 HK Equity,2004:S1,2004-09-08
27 HK Equity,2003:A,2004-04-15
27 HK Equity,2003:S2,2004-04-15
27 HK Equity,2003:S1,2003-09-17
27 HK Equity,2002:A,2003-04-10
27 HK Equity,2002:S2,2003-04-09
27 HK Equity,2002:S1,2002-09-19
27 HK Equity,2001:A,2002-04-11
27 HK Equity,2001:S2,2002-04-11
27 HK Equity,2001:S1,2001-09-18
27 HK Equity,2000:A,2001-04-17
27 HK Equity,2000:S2,2001-04-17
27 HK Equity,2000:S1,2000-09-19
27 HK Equity,1999:A,2000-05-10
27 HK Equity,1999:S2,2000-05-10
27 HK Equity,1999:S1,1998-12-21
27 HK Equity,1998:A,1998-08-07
27 HK Equity,1998:S2,1998-08-07
27 HK Equity,1998:S1,1997-12-23
27 HK Equity,1997:A,1997-07-31
27 HK Equity,1996:A,1996-07-11
285 HK Equity,2026:S1,2026-08-28
285 HK Equity,2026:C2,2026-08-28
285 HK Equity,2026:Q1,2026-04-28
285 HK Equity,2025:A,2026-03-27
285 HK Equity,2025:S2,2026-03-27
285 HK Equity,2025:Q4,2026-03-27
285 HK Equity,2025:Q3,2025-10-30
285 HK Equity,2025:S1,2025-08-29
285 HK Equity,2025:Q2,2025-08-29
285 HK Equity,2025:Q1,2025-04-25
285 HK Equity,2024:A,2025-03-24
285 HK Equity,2024:S2,2025-03-24
285 HK Equity,2024:Q4,2025-03-24
285 HK Equity,2024:C3,2024-10-30
285 HK Equity,2024:Q3,2024-10-30
285 HK Equity,2024:S1,2024-08-28
285 HK Equity,2024:Q2,2024-08-28
285 HK Equity,2024:Q1,2024-04-29
285 HK Equity,2023:A,2024-03-26
285 HK Equity,2023:S2,2024-03-26
285 HK Equity,2023:Q4,2024-03-26
285 HK Equity,2023:C3,2023-10-30
285 HK Equity,2023:Q3,2023-10-30
285 HK Equity,2023:S1,2023-08-28
285 HK Equity,2023:Q2,2023-08-28
285 HK Equity,2023:Q1,2023-04-27
285 HK Equity,2022:A,2023-03-28
285 HK Equity,2022:S2,2023-03-28
285 HK Equity,2022:Q4,2023-03-28
285 HK Equity,2022:C3,2022-10-28
285 HK Equity,2022:Q3,2022-10-28
285 HK Equity,2022:S1,2022-08-03
285 HK Equity,2022:Q2,2022-08-03
285 HK Equity,2022:Q1,2022-04-27
285 HK Equity,2021:A,2022-03-29
285 HK Equity,2021:S2,2022-03-29
285 HK Equity,2021:Q4,2022-03-29
285 HK Equity,2021:C3,2021-10-28
285 HK Equity,2021:Q3,2021-10-28
285 HK Equity,2021:S1,2021-08-27
285 HK Equity,2021:Q2,2021-08-27
285 HK Equity,2021:Q1,2021-04-28
285 HK Equity,2020:A,2021-03-29
285 HK Equity,2020:S2,2021-03-29
285 HK Equity,2020:Q4,2021-04-14
285 HK Equity,2020:C3,2020-10-29
285 HK Equity,2020:Q3,2020-10-29
285 HK Equity,2020:S1,2020-08-28
285 HK Equity,2020:Q2,2020-08-28
285 HK Equity,2020:Q1,2020-04-28
285 HK Equity,2019:A,2020-03-31
285 HK Equity,2019:S2,2020-03-31
285 HK Equity,2019:Q4,2020-03-31
285 HK Equity,2019:C3,2019-10-29
285 HK Equity,2019:Q3,2019-10-29
285 HK Equity,2019:S1,2019-08-21
285 HK Equity,2019:Q2,2019-08-21
285 HK Equity,2019:Q1,2019-04-28
285 HK Equity,2018:A,2019-03-27
285 HK Equity,2018:S2,2019-03-27
285 HK Equity,2018:Q4,2019-03-27
285 HK Equity,2018:C3,2018-10-29
285 HK Equity,2018:Q3,2018-10-29
285 HK Equity,2018:S1,2018-08-29
285 HK Equity,2018:Q2,2018-08-29
285 HK Equity,2018:Q1,2018-04-27
285 HK Equity,2017:A,2018-03-27
285 HK Equity,2017:S2,2018-03-27
285 HK Equity,2017:Q4,2018-03-27
285 HK Equity,2017:C3,2017-10-29
285 HK Equity,2017:Q3,2017-10-29
285 HK Equity,2017:S1,2017-08-28
285 HK Equity,2017:Q2,2017-08-28
285 HK Equity,2017:Q1,2017-04-28
285 HK Equity,2016:A,2017-03-28
285 HK Equity,2016:S2,2017-03-28
285 HK Equity,2016:Q4,2017-03-28
285 HK Equity,2016:C3,2016-10-30
285 HK Equity,2016:Q3,2016-10-30
285 HK Equity,2016:S1,2016-08-28
285 HK Equity,2016:Q2,2016-08-28
285 HK Equity,2016:Q1,2016-04-28
285 HK Equity,2015:A,2016-03-28
285 HK Equity,2015:S2,2016-03-28
285 HK Equity,2015:Q4,2016-03-28
285 HK Equity,2015:C3,2016-10-30
285 HK Equity,2015:Q3,2016-10-30
285 HK Equity,2015:S1,2015-08-26
285 HK Equity,2015:Q2,2015-08-26
285 HK Equity,2015:Q1,2016-04-28
285 HK Equity,2014:A,2015-03-29
285 HK Equity,2014:S2,2015-03-29
285 HK Equity,2014:S1,2014-08-24
285 HK Equity,2013:A,2014-03-19
285 HK Equity,2013:S2,2014-03-19
285 HK Equity,2013:S1,2013-08-25
285 HK Equity,2012:A,2013-03-25
285 HK Equity,2012:S2,2013-03-25
285 HK Equity,2012:S1,2012-08-27
285 HK Equity,2011:A,2012-03-25
285 HK Equity,2011:S2,2012-03-25
285 HK Equity,2011:S1,2011-08-22
285 HK Equity,2010:A,2011-03-13
285 HK Equity,2010:S2,2011-03-13
285 HK Equity,2010:S1,2010-08-22
285 HK Equity,2009:A,2010-03-14
285 HK Equity,2009:S2,2010-03-14
285 HK Equity,2009:S1,2009-08-30
285 HK Equity,2008:A,2009-03-29
285 HK Equity,2008:S2,2009-03-29
285 HK Equity,2008:S1,2008-08-31
285 HK Equity,2007:A,2008-03-24
285 HK Equity,2007:S2,2008-03-24
285 HK Equity,2007:S1,2007-12-10
285 HK Equity,2006:A,2007-12-10
285 HK Equity,2006:S2,2007-12-10
285 HK Equity,2006:S1,2007-12-10
285 HK Equity,2005:A,2007-12-10
285 HK Equity,2004:A,2007-12-10
288 HK Equity,2026:S1,2026-08-28
288 HK Equity,2026:C2,2026-08-28
288 HK Equity,2026:Q2,2026-08-28
288 HK Equity,2026:Q1,2026-04-28
288 HK Equity,2025:A,2026-03-24
288 HK Equity,2025:S2,2026-03-24
288 HK Equity,2025:Q4,2026-03-24
288 HK Equity,2025:C3,2025-10-28
288 HK Equity,2025:Q3,2025-10-28
288 HK Equity,2025:S1,2025-08-12
288 HK Equity,2025:C2,2025-08-12
288 HK Equity,2025:Q2,2025-08-12
288 HK Equity,2025:Q1,2025-04-29
288 HK Equity,2024:A,2025-03-25
288 HK Equity,2024:S2,2025-03-25
288 HK Equity,2024:Q4,2025-03-25
288 HK Equity,2024:C3,2024-10-29
288 HK Equity,2024:Q3,2024-10-29
288 HK Equity,2024:S1,2024-08-13
288 HK Equity,2024:Q2,2024-08-13
288 HK Equity,2024:Q1,2024-04-22
288 HK Equity,2023:A,2024-03-26
288 HK Equity,2023:S2,2024-03-26
288 HK Equity,2023:Q4,2024-03-26
288 HK Equity,2023:C3,2023-10-24
288 HK Equity,2023:Q3,2023-10-24
288 HK Equity,2023:S1,2023-08-15
288 HK Equity,2023:Q2,2023-08-15
288 HK Equity,2023:Q1,2023-04-25
288 HK Equity,2022:A,2023-03-28
288 HK Equity,2022:S2,2023-03-28
288 HK Equity,2022:Q4,2023-04-25
288 HK Equity,2022:C3,2022-10-25
288 HK Equity,2022:Q3,2022-10-25
288 HK Equity,2022:S1,2022-08-16
288 HK Equity,2022:C2,2022-08-16
288 HK Equity,2022:Q2,2022-08-16
288 HK Equity,2022:Q1,2022-04-26
288 HK Equity,2021:A,2022-03-28
288 HK Equity,2021:S2,2022-03-28
288 HK Equity,2021:Q4,2022-03-28
288 HK Equity,2021:C3,2021-10-26
288 HK Equity,2021:Q3,2021-10-26
288 HK Equity,2021:S1,2021-08-12
288 HK Equity,2021:Q2,2021-08-12
288 HK Equity,2021:Q1,2021-04-27
288 HK Equity,2020:A,2021-03-30
288 HK Equity,2020:S2,2021-03-30
288 HK Equity,2020:Q4,2021-03-30
288 HK Equity,2020:C3,2020-10-27
288 HK Equity,2020:Q3,2020-10-27
288 HK Equity,2020:S1,2020-08-11
288 HK Equity,2020:C2,2020-08-11
288 HK Equity,2020:Q2,2020-08-11
288 HK Equity,2020:Q1,2020-04-28
288 HK Equity,2019:A,2020-03-24
288 HK Equity,2019:S2,2020-03-24
288 HK Equity,2019:Q4,2020-03-24
288 HK Equity,2019:C3,2019-10-28
288 HK Equity,2019:Q3,2019-10-28
288 HK Equity,2019:S1,2019-08-13
288 HK Equity,2019:Q2,2019-08-13
288 HK Equity,2019:Q1,2019-04-29
288 HK Equity,2018:A,2019-03-15
288 HK Equity,2018:S2,2019-03-15
288 HK Equity,2018:Q4,2019-03-15
288 HK Equity,2018:C3,2018-10-30
288 HK Equity,2018:Q3,2018-10-30
288 HK Equity,2018:S1,2018-08-14
288 HK Equity,2018:Q2,2018-08-14
288 HK Equity,2018:Q1,2018-04-24
288 HK Equity,2017:A,2019-07-04
288 HK Equity,2017:S2,2019-07-04
288 HK Equity,2017:Q4,2019-07-04
288 HK Equity,2017:C3,2017-10-30
288 HK Equity,2017:Q3,2017-10-30
288 HK Equity,2017:S1,2017-08-14
288 HK Equity,2017:Q2,2017-08-14
288 HK Equity,2017:Q1,2017-04-27
288 HK Equity,2016:A,2017-03-22
288 HK Equity,2016:S2,2017-03-22
288 HK Equity,2016:Q4,2017-03-22
288 HK Equity,2016:C3,2017-09-30
288 HK Equity,2016:Q3,2017-09-30
288 HK Equity,2016:S1,2016-08-21
288 HK Equity,2016:Q2,2016-08-21
288 HK Equity,2016:Q1,2017-04-27
288 HK Equity,2015:A,2016-03-29
288 HK Equity,2015:S2,2016-03-29
288 HK Equity,2015:S1,2015-08-12
288 HK Equity,2014:A,2015-03-25
288 HK Equity,2014:S2,2015-03-25
288 HK Equity,2014:S1,2014-08-29
288 HK Equity,2013:A,2014-04-14
288 HK Equity,2013:S2,2014-04-14
288 HK Equity,2013:S1,2014-08-29
288 HK Equity,2012:A,2014-04-14
288 HK Equity,2011:A,2014-04-14
2899 HK Equity,2026:S1,2026-08-21
2899 HK Equity,2026:C2,2026-08-21
2899 HK Equity,2026:Q2,2026-08-21
2899 HK Equity,2026:Q1,2026-04-21
2899 HK Equity,2025:A,2026-03-20
2899 HK Equity,2025:S2,2026-03-20
2899 HK Equity,2025:Q4,2026-03-20
2899 HK Equity,2025:C3,2025-10-17
2899 HK Equity,2025:Q3,2025-10-17
2899 HK Equity,2025:S1,2025-08-26
2899 HK Equity,2025:C2,2025-08-26
2899 HK Equity,2025:Q2,2025-08-26
2899 HK Equity,2025:Q1,2025-04-11
2899 HK Equity,2024:A,2025-03-21
2899 HK Equity,2024:S2,2025-03-21
2899 HK Equity,2024:Q4,2025-03-21
2899 HK Equity,2024:C3,2024-10-18
2899 HK Equity,2024:Q3,2024-10-18
2899 HK Equity,2024:S1,2024-08-23
2899 HK Equity,2024:Q2,2024-08-23
2899 HK Equity,2024:Q1,2024-04-22
2899 HK Equity,2023:A,2024-03-22
2899 HK Equity,2023:S2,2024-03-22
2899 HK Equity,2023:Q4,2024-03-22
2899 HK Equity,2023:C3,2023-10-27
2899 HK Equity,2023:Q3,2023-10-27
2899 HK Equity,2023:S1,2023-08-25
2899 HK Equity,2023:Q2,2023-08-25
2899 HK Equity,2023:Q1,2023-04-27
2899 HK Equity,2022:A,2023-03-24
2899 HK Equity,2022:S2,2023-03-24
2899 HK Equity,2022:Q4,2023-03-24
2899 HK Equity,2022:C3,2022-10-21
2899 HK Equity,2022:Q3,2022-10-21
2899 HK Equity,2022:S1,2022-08-12
2899 HK Equity,2022:Q2,2022-08-12
2899 HK Equity,2022:Q1,2022-04-11
2899 HK Equity,2021:A,2022-03-18
2899 HK Equity,2021:S2,2022-03-18
2899 HK Equity,2021:Q4,2022-03-18
2899 HK Equity,2021:C3,2021-10-15
2899 HK Equity,2021:Q3,2021-10-15
2899 HK Equity,2021:S1,2021-07-30
2899 HK Equity,2021:Q2,2021-07-30
2899 HK Equity,2021:Q1,2021-04-16
2899 HK Equity,2020:A,2021-03-19
2899 HK Equity,2020:S2,2021-03-19
2899 HK Equity,2020:Q4,2021-03-19
2899 HK Equity,2020:C3,2020-10-19
2899 HK Equity,2020:Q3,2020-10-19
2899 HK Equity,2020:S1,2020-08-21
2899 HK Equity,2020:Q2,2020-08-21
2899 HK Equity,2020:Q1,2020-04-29
2899 HK Equity,2019:A,2020-03-20
2899 HK Equity,2019:S2,2020-03-20
2899 HK Equity,2019:Q4,2020-03-20
2899 HK Equity,2019:C3,2019-10-29
2899 HK Equity,2019:Q3,2019-10-29
2899 HK Equity,2019:S1,2019-08-30
2899 HK Equity,2019:Q2,2019-08-30
2899 HK Equity,2019:Q1,2019-04-29
2899 HK Equity,2018:A,2019-03-22
2899 HK Equity,2018:S2,2019-03-22
2899 HK Equity,2018:Q4,2019-03-22
2899 HK Equity,2018:C3,2018-10-26
2899 HK Equity,2018:Q3,2018-10-26
2899 HK Equity,2018:S1,2018-08-24
2899 HK Equity,2018:Q2,2018-08-24
2899 HK Equity,2018:Q1,2018-04-24
2899 HK Equity,2017:A,2018-03-23
2899 HK Equity,2017:S2,2018-03-23
2899 HK Equity,2017:Q4,2018-03-23
2899 HK Equity,2017:C3,2017-10-25
2899 HK Equity,2017:Q3,2017-10-25
2899 HK Equity,2017:S1,2017-08-18
2899 HK Equity,2017:Q2,2017-08-18
2899 HK Equity,2017:Q1,2017-04-28
2899 HK Equity,2016:A,2017-03-25
2899 HK Equity,2016:S2,2017-03-25
2899 HK Equity,2016:Q4,2017-03-25
2899 HK Equity,2016:C3,2016-10-25
2899 HK Equity,2016:Q3,2016-10-25
2899 HK Equity,2016:S1,2016-08-26
2899 HK Equity,2016:Q2,2016-08-26
2899 HK Equity,2016:Q1,2016-04-29
2899 HK Equity,2015:A,2016-03-25
2899 HK Equity,2015:S2,2016-03-25
2899 HK Equity,2015:Q4,2016-03-25
2899 HK Equity,2015:Q3,2015-10-20
2899 HK Equity,2015:S1,2015-08-31
2899 HK Equity,2015:Q2,2015-08-29
2899 HK Equity,2015:Q1,2015-04-20
2899 HK Equity,2014:A,2015-03-20
2899 HK Equity,2014:S2,2015-03-20
2899 HK Equity,2014:Q4,2015-03-20
2899 HK Equity,2014:Q3,2014-10-24
2899 HK Equity,2014:S1,2014-08-15
2899 HK Equity,2014:Q2,2014-08-15
2899 HK Equity,2014:Q1,2014-04-29
2899 HK Equity,2013:A,2014-03-28
2899 HK Equity,2013:S2,2014-03-28
2899 HK Equity,2013:Q4,2014-03-28
2899 HK Equity,2013:Q3,2013-10-24
2899 HK Equity,2013:S1,2013-08-13
2899 HK Equity,2013:Q2,2013-08-13
2899 HK Equity,2013:Q1,2013-04-28
2899 HK Equity,2012:A,2013-03-27
2899 HK Equity,2012:S2,2013-03-27
2899 HK Equity,2012:Q4,2013-03-27
2899 HK Equity,2012:Q3,2012-10-26
2899 HK Equity,2012:S1,2012-08-10
2899 HK Equity,2012:Q2,2012-08-10
2899 HK Equity,2012:Q1,2012-04-26
2899 HK Equity,2011:A,2012-03-29
2899 HK Equity,2011:S2,2012-03-29
2899 HK Equity,2011:Q4,2012-03-29
2899 HK Equity,2011:C3,2011-10-27
2899 HK Equity,2011:Q3,2011-10-27
2899 HK Equity,2011:S1,2011-08-09
2899 HK Equity,2011:Q2,2011-08-09
2899 HK Equity,2011:Q1,2011-04-27
2899 HK Equity,2010:A,2011-03-31
2899 HK Equity,2010:S2,2011-03-31
2899 HK Equity,2010:Q4,2011-03-31
2899 HK Equity,2010:C3,2010-10-27
2899 HK Equity,2010:Q3,2010-10-27
2899 HK Equity,2010:S1,2010-08-09
2899 HK Equity,2010:Q2,2010-08-09
2899 HK Equity,2010:Q1,2010-04-20
2899 HK Equity,2009:A,2010-03-31
2899 HK Equity,2009:S2,2010-03-31
2899 HK Equity,2009:Q4,2010-03-31
2899 HK Equity,2009:C3,2009-10-28
2899 HK Equity,2009:Q3,2009-10-28
2899 HK Equity,2009:S1,2009-08-10
2899 HK Equity,2009:Q2,2009-08-10
2899 HK Equity,2009:Q1,2009-04-20
2899 HK Equity,2008:A,2009-03-22
2899 HK Equity,2008:S2,2009-03-20
2899 HK Equity,2008:Q3,2008-10-24
2899 HK Equity,2008:S1,2008-07-29
2899 HK Equity,2007:A,2008-03-07
2899 HK Equity,2007:S2,2008-03-07
2899 HK Equity,2007:S1,2007-08-15
2899 HK Equity,2006:A,2007-03-08
2899 HK Equity,2006:S2,2007-03-08
2899 HK Equity,2006:S1,2006-08-07
2899 HK Equity,2005:A,2006-03-30
2899 HK Equity,2005:S2,2006-03-30
2899 HK Equity,2005:S1,2005-08-10
2899 HK Equity,2004:A,2005-04-08
2899 HK Equity,2004:S2,2005-04-08
2899 HK Equity,2004:S1,2004-08-23
2899 HK Equity,2003:A,2004-04-03
2899 HK Equity,2003:S2,2004-04-06
291 HK Equity,2026:S1,2026-08-19
291 HK Equity,2025:A,2026-03-23
291 HK Equity,2025:S2,2026-03-23
291 HK Equity,2025:S1,2025-08-19
291 HK Equity,2024:A,2025-03-18
291 HK Equity,2024:S2,2025-03-18
291 HK Equity,2024:S1,2024-08-19
291 HK Equity,2023:A,2024-03-18
291 HK Equity,2023:S2,2024-03-18
291 HK Equity,2023:S1,2023-08-18
291 HK Equity,2022:A,2023-03-24
291 HK Equity,2022:S2,2023-03-24
291 HK Equity,2022:S1,2022-08-17
291 HK Equity,2021:A,2022-03-24
291 HK Equity,2021:S2,2022-03-24
291 HK Equity,2021:S1,2021-08-18
291 HK Equity,2020:A,2021-03-22
291 HK Equity,2020:S2,2021-03-22
291 HK Equity,2020:S1,2020-08-19
291 HK Equity,2019:A,2020-03-20
291 HK Equity,2019:S2,2020-03-20
291 HK Equity,2019:S1,2019-08-16
291 HK Equity,2018:A,2019-03-20
291 HK Equity,2018:S2,2019-03-20
291 HK Equity,2018:S1,2018-08-17
291 HK Equity,2017:A,2018-03-21
291 HK Equity,2017:S2,2018-03-21
291 HK Equity,2017:S1,2017-08-21
291 HK Equity,2016:A,2017-03-21
291 HK Equity,2016:S2,2017-03-21
291 HK Equity,2016:S1,2016-08-19
291 HK Equity,2016:Q1,2016-04-21
291 HK Equity,2015:A,2016-03-18
291 HK Equity,2015:S2,2016-03-18
291 HK Equity,2015:S1,2015-08-21
291 HK Equity,2015:Q2,2015-08-21
291 HK Equity,2015:Q1,2015-06-17
291 HK Equity,2014:A,2015-03-20
291 HK Equity,2014:S2,2015-03-20
291 HK Equity,2014:Q4,2015-03-20
291 HK Equity,2014:C3,2014-11-14
291 HK Equity,2014:Q3,2014-11-14
291 HK Equity,2014:S1,2014-08-21
291 HK Equity,2014:Q2,2014-08-21
291 HK Equity,2014:Q1,2014-05-26
291 HK Equity,2013:A,2014-03-20
291 HK Equity,2013:S2,2014-03-20
291 HK Equity,2013:Q4,2014-03-20
291 HK Equity,2013:Q3,2013-11-14
291 HK Equity,2013:S1,2013-08-21
291 HK Equity,2013:Q2,2013-08-21
291 HK Equity,2013:Q1,2013-05-16
291 HK Equity,2012:A,2013-03-21
291 HK Equity,2012:S2,2013-03-21
291 HK Equity,2012:Q4,2013-03-21
291 HK Equity,2012:C3,2012-11-21
291 HK Equity,2012:Q3,2012-11-21
291 HK Equity,2012:S1,2012-08-17
291 HK Equity,2012:Q2,2012-08-17
291 HK Equity,2012:Q1,2012-05-16
291 HK Equity,2011:A,2012-03-21
291 HK Equity,2011:S2,2012-03-21
291 HK Equity,2011:Q4,2012-03-21
291 HK Equity,2011:Q3,2011-11-17
291 HK Equity,2011:S1,2011-08-25
291 HK Equity,2011:Q1,2011-05-19
291 HK Equity,2010:A,2011-03-24
291 HK Equity,2010:S2,2011-03-24
291 HK Equity,2010:Q3,2010-11-18
291 HK Equity,2010:S1,2010-08-26
291 HK Equity,2010:Q1,2010-05-24
291 HK Equity,2009:A,2010-03-25
291 HK Equity,2009:S2,2010-03-25
291 HK Equity,2009:Q4,2010-03-25
291 HK Equity,2009:Q3,2009-11-20
291 HK Equity,2009:S1,2009-09-03
291 HK Equity,2009:Q2,2009-09-03
291 HK Equity,2009:Q1,2009-05-22
291 HK Equity,2008:A,2009-03-31
291 HK Equity,2008:S2,2009-03-31
291 HK Equity,2008:Q4,2009-03-31
291 HK Equity,2008:Q3,2008-11-19
291 HK Equity,2008:S1,2008-09-03
291 HK Equity,2008:Q2,2008-09-03
291 HK Equity,2008:Q1,2008-05-22
291 HK Equity,2007:A,2008-03-31
291 HK Equity,2007:S2,2008-03-31
291 HK Equity,2007:Q4,2008-03-31
291 HK Equity,2007:Q3,2007-11-19
291 HK Equity,2007:S1,2007-09-05
291 HK Equity,2006:A,2007-04-04
291 HK Equity,2006:S2,2007-04-04
291 HK Equity,2006:S1,2006-09-06
291 HK Equity,2005:A,2006-04-06
291 HK Equity,2005:S2,2006-04-06
291 HK Equity,2005:S1,2005-09-08
291 HK Equity,2004:A,2005-04-08
291 HK Equity,2004:S2,2005-04-08
291 HK Equity,2004:S1,2004-09-20
291 HK Equity,2004:Q2,2004-09-20
291 HK Equity,2004:Q1,2004-05-24
291 HK Equity,2003:A,2004-04-07
291 HK Equity,2003:S2,2004-04-07
291 HK Equity,2003:S1,2003-09-10
291 HK Equity,2002:A,2003-04-03
291 HK Equity,2002:S2,2003-04-04
291 HK Equity,2002:S1,2002-09-04
291 HK Equity,2001:A,2002-04-15
291 HK Equity,2001:S2,2002-04-15
291 HK Equity,2001:S1,2001-09-18
291 HK Equity,2000:A,2001-04-12
291 HK Equity,2000:S2,2001-04-12
291 HK Equity,2000:S1,2000-09-20
291 HK Equity,1999:A,2000-04-27
291 HK Equity,1999:S2,2000-04-27
291 HK Equity,1999:S1,1999-09-17
291 HK Equity,1998:A,1999-04-23
291 HK Equity,1998:S2,1999-04-23
291 HK Equity,1998:S1,1998-09-24
291 HK Equity,1997:A,1998-04-22
291 HK Equity,1996:A,1997-04-21
3 HK Equity,2026:S1,2026-08-18
3 HK Equity,2025:A,2026-03-20
3 HK Equity,2025:S2,2026-03-20
3 HK Equity,2025:S1,2025-08-20
3 HK Equity,2024:A,2025-03-19
3 HK Equity,2024:S2,2025-03-19
3 HK Equity,2024:S1,2024-08-16
3 HK Equity,2023:A,2024-03-20
3 HK Equity,2023:S2,2024-03-20
3 HK Equity,2023:S1,2023-08-15
3 HK Equity,2022:A,2023-03-17
3 HK Equity,2022:S2,2023-03-17
3 HK Equity,2022:S1,2022-08-19
3 HK Equity,2021:A,2022-03-21
3 HK Equity,2021:S2,2022-03-21
3 HK Equity,2021:S1,2021-08-20
3 HK Equity,2020:A,2021-03-19
3 HK Equity,2020:S2,2021-03-19
3 HK Equity,2020:S1,2020-08-17
3 HK Equity,2019:A,2020-03-19
3 HK Equity,2019:S2,2020-03-19
3 HK Equity,2019:S1,2019-08-20
3 HK Equity,2018:A,2019-03-20
3 HK Equity,2018:S2,2019-03-20
3 HK Equity,2018:S1,2018-08-21
3 HK Equity,2017:A,2018-03-20
3 HK Equity,2017:S2,2018-03-20
3 HK Equity,2017:S1,2017-08-21
3 HK Equity,2016:A,2017-03-16
3 HK Equity,2016:S2,2017-03-16
3 HK Equity,2016:S1,2016-08-22
3 HK Equity,2015:A,2016-03-18
3 HK Equity,2015:S2,2016-03-18
3 HK Equity,2015:S1,2015-08-13
3 HK Equity,2014:A,2015-03-18
3 HK Equity,2014:S2,2015-03-18
3 HK Equity,2014:S1,2014-08-25
3 HK Equity,2013:A,2014-03-19
3 HK Equity,2013:S2,2014-03-19
3 HK Equity,2013:S1,2013-08-21
3 HK Equity,2012:A,2013-03-18
3 HK Equity,2012:S2,2013-03-18
3 HK Equity,2012:S1,2012-08-21
3 HK Equity,2011:A,2012-03-19
3 HK Equity,2011:S2,2012-03-19
3 HK Equity,2011:S1,2011-08-23
3 HK Equity,2010:A,2011-03-15
3 HK Equity,2010:S2,2011-03-15
3 HK Equity,2010:S1,2010-08-24
3 HK Equity,2009:A,2010-03-16
3 HK Equity,2009:S2,2010-03-16
3 HK Equity,2009:S1,2009-08-27
3 HK Equity,2008:A,2009-03-17
3 HK Equity,2008:S2,2009-03-17
3 HK Equity,2008:S1,2008-09-12
3 HK Equity,2007:A,2008-03-26
3 HK Equity,2007:S2,2008-03-26
3 HK Equity,2007:S1,2007-09-13
3 HK Equity,2006:A,2007-03-19
3 HK Equity,2006:S2,2007-03-19
3 HK Equity,2006:S1,2006-09-13
3 HK Equity,2005:A,2006-03-20
3 HK Equity,2005:S2,2006-03-20
3 HK Equity,2005:S1,2005-09-23
3 HK Equity,2004:A,2005-03-11
3 HK Equity,2004:S2,2005-03-11
3 HK Equity,2004:S1,2004-09-07
3 HK Equity,2003:A,2004-03-11
3 HK Equity,2003:S2,2004-03-11
3 HK Equity,2003:S1,2003-09-01
3 HK Equity,2002:A,2003-03-05
3 HK Equity,2002:S2,2003-03-05
3 HK Equity,2002:S1,2002-09-05
3 HK Equity,2001:A,2002-03-14
3 HK Equity,2001:S2,2002-03-14
3 HK Equity,2001:S1,2001-09-18
3 HK Equity,2000:A,2001-03-16
3 HK Equity,2000:S2,2001-03-16
3 HK Equity,2000:S1,2000-09-08
3 HK Equity,1999:A,2000-04-11
3 HK Equity,1999:S2,2000-04-11
3 HK Equity,1999:S1,1999-09-03
3 HK Equity,1998:A,1999-03-03
3 HK Equity,1998:S2,1999-03-03
3 HK Equity,1998:S1,1998-09-11
3 HK Equity,1997:A,1998-02-26
3 HK Equity,1996:A,1997-02-27
3 HK Equity,1995:A,1996-03-03
300 HK Equity,2026:S1,2026-08-28
300 HK Equity,2026:C2,2026-08-28
300 HK Equity,2026:Q2,2026-08-28
300 HK Equity,2026:Q1,2026-04-29
300 HK Equity,2025:A,2026-03-30
300 HK Equity,2025:S2,2026-03-30
300 HK Equity,2025:Q4,2026-03-30
300 HK Equity,2025:C3,2025-10-29
300 HK Equity,2025:Q3,2025-10-29
300 HK Equity,2025:S1,2025-08-29
300 HK Equity,2025:C2,2025-08-29
300 HK Equity,2025:Q2,2025-08-29
300 HK Equity,2025:Q1,2025-04-29
300 HK Equity,2024:A,2025-03-28
300 HK Equity,2024:S2,2025-03-28
300 HK Equity,2024:Q4,2025-03-28
300 HK Equity,2024:C3,2024-10-30
300 HK Equity,2024:Q3,2024-10-30
300 HK Equity,2024:S1,2024-08-19
300 HK Equity,2024:C2,2024-08-19
300 HK Equity,2024:Q2,2024-08-19
300 HK Equity,2024:Q1,2024-04-29
300 HK Equity,2023:A,2024-03-27
300 HK Equity,2023:S2,2024-03-27
300 HK Equity,2023:Q4,2024-03-27
300 HK Equity,2023:C3,2023-10-30
300 HK Equity,2023:Q3,2023-10-30
300 HK Equity,2023:S1,2023-08-30
300 HK Equity,2023:Q2,2023-08-30
300 HK Equity,2023:Q1,2023-04-28
300 HK Equity,2022:A,2023-04-28
300 HK Equity,2022:S2,2023-04-28
300 HK Equity,2022:Q4,2023-04-28
300 HK Equity,2022:C3,2022-10-28
300 HK Equity,2022:Q3,2022-10-28
300 HK Equity,2022:S1,2022-08-30
300 HK Equity,2022:Q2,2022-08-30
300 HK Equity,2022:Q1,2022-04-29
300 HK Equity,2021:A,2022-04-29
300 HK Equity,2021:S2,2022-04-29
300 HK Equity,2021:Q4,2022-04-29
300 HK Equity,2021:C3,2021-10-29
300 HK Equity,2021:Q3,2021-10-29
300 HK Equity,2021:S1,2021-08-30
300 HK Equity,2021:Q2,2021-08-30
300 HK Equity,2021:Q1,2021-04-29
300 HK Equity,2020:A,2021-04-29
300 HK Equity,2020:S2,2021-04-29
300 HK Equity,2020:Q4,2021-04-29
300 HK Equity,2020:C3,2020-10-30
300 HK Equity,2020:Q3,2020-10-30
300 HK Equity,2020:S1,2020-08-30
300 HK Equity,2020:Q2,2020-08-30
300 HK Equity,2020:Q1,2020-04-30
300 HK Equity,2019:A,2020-04-30
300 HK Equity,2019:S2,2020-04-30
300 HK Equity,2019:Q4,2020-04-30
300 HK Equity,2019:C3,2019-10-30
300 HK Equity,2019:Q3,2019-10-30
300 HK Equity,2019:S1,2019-08-30
300 HK Equity,2019:Q2,2019-08-30
300 HK Equity,2019:Q1,2019-04-30
300 HK Equity,2018:A,2019-04-20
300 HK Equity,2018:S2,2019-04-20
300 HK Equity,2018:Q4,2019-04-20
300 HK Equity,2018:C3,2018-10-30
300 HK Equity,2018:Q3,2018-10-30
300 HK Equity,2018:S1,2018-08-30
300 HK Equity,2018:Q2,2018-08-30
300 HK Equity,2018:Q1,2018-04-28
300 HK Equity,2017:A,2018-03-30
300 HK Equity,2017:S2,2018-03-30
300 HK Equity,2017:Q4,2018-03-30
300 HK Equity,2017:C3,2017-10-30
300 HK Equity,2017:Q3,2017-10-30
300 HK Equity,2017:S1,2017-08-30
300 HK Equity,2017:Q2,2017-08-30
300 HK Equity,2017:Q1,2017-04-29
300 HK Equity,2016:A,2017-03-30
300 HK Equity,2016:S2,2017-03-30
300 HK Equity,2016:Q4,2017-03-30
300 HK Equity,2016:C3,2016-10-30
300 HK Equity,2016:Q3,2016-10-30
300 HK Equity,2016:S1,2016-08-30
300 HK Equity,2016:C2,2016-08-30
300 HK Equity,2016:Q2,2016-08-30
300 HK Equity,2016:Q1,2016-04-29
300 HK Equity,2015:A,2016-03-25
300 HK Equity,2015:S2,2016-03-25
300 HK Equity,2015:Q4,2016-03-25
300 HK Equity,2015:C3,2015-10-28
300 HK Equity,2015:Q3,2015-10-28
300 HK Equity,2015:S1,2015-08-30
300 HK Equity,2015:Q2,2015-08-30
300 HK Equity,2015:Q1,2015-04-28
300 HK Equity,2014:A,2015-03-30
300 HK Equity,2014:S2,2015-03-30
300 HK Equity,2014:Q4,2015-03-30
300 HK Equity,2014:C3,2014-10-23
300 HK Equity,2014:Q3,2014-10-23
300 HK Equity,2014:S1,2014-08-18
300 HK Equity,2014:Q2,2014-08-18
300 HK Equity,2014:Q1,2014-04-29
300 HK Equity,2013:A,2014-03-28
300 HK Equity,2013:S2,2014-03-28
300 HK Equity,2013:Q4,2014-03-28
300 HK Equity,2013:C3,2013-10-30
300 HK Equity,2013:Q3,2013-10-30
300 HK Equity,2013:S1,2013-09-12
300 HK Equity,2012:A,2013-07-30
300 HK Equity,2012:S2,2013-07-30
300 HK Equity,2012:S1,2012-08-31
300 HK Equity,2011:A,2013-07-30
300 HK Equity,2011:S2,2013-07-30
300 HK Equity,2011:S1,2011-08-31
300 HK Equity,2010:A,2013-07-30
300 HK Equity,2010:S2,2013-07-30
300 HK Equity,2010:S1,2010-11-17
300 HK Equity,2009:A,2011-03-28
300 HK Equity,2009:S2,2011-03-28
300 HK Equity,2009:S1,2010-05-09
300 HK Equity,2008:A,2010-05-09
300 HK Equity,2008:Q1,2010-05-09
300 HK Equity,2007:A,2008-03-18
300 HK Equity,2006:A,2007-05-16
300 HK Equity,2005:A,2006-04-04
316 HK Equity,2026:S1,2026-08-27
316 HK Equity,2025:A,2026-03-12
316 HK Equity,2025:S2,2026-03-12
316 HK Equity,2025:S1,2025-08-21
316 HK Equity,2025:Q2,2025-07-11
316 HK Equity,2024:A,2025-03-13
316 HK Equity,2024:S2,2025-03-13
316 HK Equity,2024:S1,2024-08-22
316 HK Equity,2024:Q2,2024-08-22
316 HK Equity,2023:A,2024-03-21
316 HK Equity,2023:S2,2024-03-21
316 HK Equity,2023:S1,2023-08-18
316 HK Equity,2023:Q2,2023-08-18
316 HK Equity,2022:A,2023-03-22
316 HK Equity,2022:S2,2023-03-22
316 HK Equity,2022:S1,2022-08-19
316 HK Equity,2022:Q2,2022-08-19
316 HK Equity,2021:A,2022-03-25
316 HK Equity,2021:S2,2022-03-25
316 HK Equity,2021:S1,2021-08-20
316 HK Equity,2020:A,2021-03-26
316 HK Equity,2020:S2,2021-03-26
316 HK Equity,2020:S1,2020-08-21
316 HK Equity,2020:Q2,2020-08-21
316 HK Equity,2019:A,2020-03-20
316 HK Equity,2019:S2,2020-03-20
316 HK Equity,2019:Q4,2020-03-20
316 HK Equity,2019:Q3,2019-10-25
316 HK Equity,2019:S1,2019-08-26
316 HK Equity,2019:Q2,2019-08-26
316 HK Equity,2019:Q1,2019-04-26
316 HK Equity,2018:A,2019-03-25
316 HK Equity,2018:S2,2019-03-25
316 HK Equity,2018:S1,2018-08-03
316 HK Equity,2018:Q2,2018-08-03
316 HK Equity,2017:A,2018-03-12
316 HK Equity,2017:S2,2018-03-12
316 HK Equity,2017:S1,2017-08-07
316 HK Equity,2017:Q1,2017-07-28
316 HK Equity,2016:A,2017-03-13
316 HK Equity,2016:S2,2017-03-13
316 HK Equity,2016:S1,2016-08-08
316 HK Equity,2016:Q2,2016-08-08
316 HK Equity,2016:Q1,2016-08-08
316 HK Equity,2015:A,2016-03-07
316 HK Equity,2015:S2,2016-03-07
316 HK Equity,2015:Q4,2016-03-07
316 HK Equity,2015:Q3,2015-10-24
316 HK Equity,2015:S1,2015-08-10
316 HK Equity,2015:Q2,2015-08-10
316 HK Equity,2015:Q1,2015-08-10
316 HK Equity,2014:A,2015-03-09
316 HK Equity,2014:S2,2015-03-09
316 HK Equity,2014:S1,2014-08-11
316 HK Equity,2013:A,2014-03-10
316 HK Equity,2013:S2,2014-03-10
316 HK Equity,2013:S1,2013-08-08
316 HK Equity,2012:A,2013-03-06
316 HK Equity,2012:S2,2013-03-06
316 HK Equity,2012:S1,2012-08-02
316 HK Equity,2011:A,2012-03-12
316 HK Equity,2011:S2,2012-03-12
316 HK Equity,2011:S1,2011-08-08
316 HK Equity,2010:A,2011-03-13
316 HK Equity,2010:S2,2011-03-13
316 HK Equity,2010:Q4,2011-03-13
316 HK Equity,2010:S1,2010-08-05
316 HK Equity,2009:A,2010-03-19
316 HK Equity,2009:S2,2010-03-19
316 HK Equity,2009:Q4,2010-03-19
316 HK Equity,2009:S1,2009-08-07
316 HK Equity,2008:A,2009-03-20
316 HK Equity,2008:S2,2009-03-20
316 HK Equity,2008:S1,2008-07-31
316 HK Equity,2007:A,2008-03-20
316 HK Equity,2007:S2,2008-03-20
316 HK Equity,2007:S1,2007-08-03
316 HK Equity,2006:A,2007-03-09
316 HK Equity,2006:S2,2007-03-09
316 HK Equity,2006:S1,2006-08-04
316 HK Equity,2005:A,2006-03-10
316 HK Equity,2005:S2,2006-04-30
316 HK Equity,2005:S1,2005-08-05
316 HK Equity,2004:A,2005-04-30
316 HK Equity,2004:S2,2005-04-30
316 HK Equity,2004:S1,2004-08-06
316 HK Equity,2003:A,2004-04-30
316 HK Equity,2003:S2,2004-04-30
316 HK Equity,2003:S1,2003-08-20
316 HK Equity,2002:A,2003-04-30
316 HK Equity,2002:S2,2003-04-30
316 HK Equity,2002:S1,2002-08-16
316 HK Equity,2001:A,2002-04-30
316 HK Equity,2001:S2,2002-03-15
316 HK Equity,2001:S1,2001-08-17
316 HK Equity,2000:A,2001-03-16
316 HK Equity,2000:S2,2001-03-16
316 HK Equity,2000:S1,2000-08-18
316 HK Equity,1999:A,2000-04-30
316 HK Equity,1999:S2,2000-04-30
316 HK Equity,1999:S1,1999-08-20
316 HK Equity,1998:A,1999-04-07
316 HK Equity,1998:S2,1999-04-07
316 HK Equity,1998:S1,1998-08-14
316 HK Equity,1997:A,1998-03-20
316 HK Equity,1996:S2,1997-05-02
316 HK Equity,1995:A,1996-02-25
322 HK Equity,2026:S1,2026-08-11
322 HK Equity,2026:Q2,2026-08-11
322 HK Equity,2025:A,2026-03-23
322 HK Equity,2025:S2,2026-03-23
322 HK Equity,2025:S1,2025-08-11
322 HK Equity,2024:A,2025-03-24
322 HK Equity,2024:S2,2025-03-24
322 HK Equity,2024:S1,2024-08-26
322 HK Equity,2024:Q2,2024-08-26
322 HK Equity,2023:A,2024-03-26
322 HK Equity,2023:S2,2024-03-26
322 HK Equity,2023:S1,2023-08-22
322 HK Equity,2023:Q2,2023-08-22
322 HK Equity,2022:A,2023-03-27
322 HK Equity,2022:S2,2023-03-27
322 HK Equity,2022:Q4,2023-03-27
322 HK Equity,2022:S1,2022-08-22
322 HK Equity,2022:Q2,2022-08-22
322 HK Equity,2021:A,2022-03-28
322 HK Equity,2021:S2,2022-03-28
322 HK Equity,2021:Q4,2022-03-28
322 HK Equity,2021:S1,2021-08-23
322 HK Equity,2021:Q2,2021-08-23
322 HK Equity,2020:A,2021-03-22
322 HK Equity,2020:S2,2021-03-22
322 HK Equity,2020:Q4,2021-03-22
322 HK Equity,2020:S1,2020-08-24
322 HK Equity,2020:Q2,2020-08-24
322 HK Equity,2019:A,2020-03-23
322 HK Equity,2019:S2,2020-03-23
322 HK Equity,2019:S1,2019-08-26
322 HK Equity,2019:Q2,2019-08-26
322 HK Equity,2018:A,2019-03-25
322 HK Equity,2018:S2,2019-03-25
322 HK Equity,2018:Q4,2019-03-25
322 HK Equity,2018:C3,2018-11-26
322 HK Equity,2018:Q3,2018-11-26
322 HK Equity,2018:S1,2018-08-27
322 HK Equity,2018:Q2,2018-08-27
322 HK Equity,2018:Q1,2018-05-28
322 HK Equity,2017:A,2018-03-20
322 HK Equity,2017:S2,2018-03-20
322 HK Equity,2017:Q4,2018-03-20
322 HK Equity,2017:C3,2017-11-13
322 HK Equity,2017:Q3,2017-11-13
322 HK Equity,2017:S1,2017-08-21
322 HK Equity,2017:Q2,2017-08-21
322 HK Equity,2017:Q1,2017-05-22
322 HK Equity,2016:A,2017-03-27
322 HK Equity,2016:S2,2017-03-27
322 HK Equity,2016:Q4,2017-03-27
322 HK Equity,2016:C3,2016-11-28
322 HK Equity,2016:Q3,2016-11-28
322 HK Equity,2016:S1,2016-08-29
322 HK Equity,2016:Q2,2016-08-29
322 HK Equity,2016:Q1,2016-05-26
322 HK Equity,2015:A,2016-03-22
322 HK Equity,2015:S2,2016-03-22
322 HK Equity,2015:Q4,2016-03-22
322 HK Equity,2015:C3,2015-11-16
322 HK Equity,2015:Q3,2015-11-16
322 HK Equity,2015:S1,2015-08-24
322 HK Equity,2015:Q2,2015-08-24
322 HK Equity,2015:Q1,2015-05-26
322 HK Equity,2014:A,2015-03-23
322 HK Equity,2014:S2,2015-03-23
322 HK Equity,2014:Q4,2015-03-23
322 HK Equity,2014:Q3,2014-11-17
322 HK Equity,2014:S1,2014-08-18
322 HK Equity,2014:Q2,2014-08-18
322 HK Equity,2014:Q1,2014-05-19
322 HK Equity,2013:A,2014-03-24
322 HK Equity,2013:S2,2014-03-24
322 HK Equity,2013:Q4,2014-03-24
322 HK Equity,2013:C3,2013-11-18
322 HK Equity,2013:Q3,2013-11-18
322 HK Equity,2013:S1,2013-08-26
322 HK Equity,2013:Q2,2013-08-26
322 HK Equity,2013:Q1,2013-05-20
322 HK Equity,2012:A,2013-03-18
322 HK Equity,2012:S2,2013-03-18
322 HK Equity,2012:Q4,2013-03-18
322 HK Equity,2012:Q3,2012-11-19
322 HK Equity,2012:S1,2012-08-20
322 HK Equity,2012:Q2,2012-08-20
322 HK Equity,2012:Q1,2012-05-28
322 HK Equity,2011:A,2012-03-21
322 HK Equity,2011:S2,2012-03-21
322 HK Equity,2011:Q4,2012-03-21
322 HK Equity,2011:C3,2011-11-14
322 HK Equity,2011:Q3,2011-11-14
322 HK Equity,2011:S1,2011-08-23
322 HK Equity,2011:Q2,2011-08-23
322 HK Equity,2011:Q1,2011-05-13
322 HK Equity,2010:A,2011-03-21
322 HK Equity,2010:S2,2011-03-21
322 HK Equity,2010:Q4,2011-03-21
322 HK Equity,2010:Q3,2010-11-15
322 HK Equity,2010:S1,2010-08-16
322 HK Equity,2010:Q2,2010-08-16
322 HK Equity,2010:Q1,2010-05-17
322 HK Equity,2009:A,2010-03-22
322 HK Equity,2009:S2,2010-03-22
322 HK Equity,2009:Q4,2010-03-22
322 HK Equity,2009:Q3,2009-11-16
322 HK Equity,2009:S1,2009-08-17
322 HK Equity,2009:Q2,2009-08-17
322 HK Equity,2009:Q1,2009-05-25
322 HK Equity,2008:A,2009-04-21
322 HK Equity,2008:S2,2009-04-21
322 HK Equity,2008:Q4,2009-04-21
322 HK Equity,2008:Q3,2008-11-24
322 HK Equity,2008:S1,2008-08-25
322 HK Equity,2008:Q2,2008-08-25
322 HK Equity,2008:Q1,2008-05-26
322 HK Equity,2007:A,2008-04-21
322 HK Equity,2007:S2,2008-04-21
322 HK Equity,2007:Q4,2008-04-21
322 HK Equity,2007:Q3,2007-11-12
322 HK Equity,2007:S1,2007-08-20
322 HK Equity,2007:Q2,2007-08-20
322 HK Equity,2007:Q1,2007-05-28
322 HK Equity,2006:A,2007-04-23
322 HK Equity,2006:S2,2007-04-23
322 HK Equity,2006:Q4,2007-04-23
322 HK Equity,2006:Q3,2006-11-13
322 HK Equity,2006:S1,2006-08-16
322 HK Equity,2006:Q2,2006-08-16
322 HK Equity,2006:Q1,2006-05-22
322 HK Equity,2005:A,2006-04-24
322 HK Equity,2005:S2,2006-04-24
322 HK Equity,2005:Q4,2006-04-24
322 HK Equity,2005:Q3,2005-11-14
322 HK Equity,2005:S1,2005-08-24
322 HK Equity,2005:Q2,2005-08-24
322 HK Equity,2005:Q1,2005-04-26
322 HK Equity,2004:A,2005-04-26
322 HK Equity,2004:S2,2005-04-26
322 HK Equity,2004:Q4,2005-04-26
322 HK Equity,2004:Q3,2004-11-24
322 HK Equity,2004:S1,2004-08-24
322 HK Equity,2004:Q2,2004-08-25
322 HK Equity,2004:Q1,2004-05-25
322 HK Equity,2003:A,2004-04-20
322 HK Equity,2003:S2,2004-04-20
322 HK Equity,2003:Q4,2004-04-20
322 HK Equity,2003:Q3,2003-11-04
322 HK Equity,2003:S1,2003-08-22
322 HK Equity,2003:Q2,2003-08-22
322 HK Equity,2003:Q1,2003-04-28
322 HK Equity,2002:A,2003-04-28
322 HK Equity,2002:S2,2003-04-29
322 HK Equity,2002:Q4,2003-04-28
322 HK Equity,2002:Q3,2002-11-04
322 HK Equity,2002:S1,2002-08-02
322 HK Equity,2002:Q2,2002-08-02
322 HK Equity,2002:Q1,2002-04-29
322 HK Equity,2001:A,2002-04-29
322 HK Equity,2001:S2,2002-04-29
322 HK Equity,2001:S1,2001-08-06
322 HK Equity,2000:A,2001-04-26
322 HK Equity,2000:S2,2001-04-26
322 HK Equity,2000:S1,2000-08-02
322 HK Equity,1999:A,2000-05-22
322 HK Equity,1999:S2,2000-05-22
322 HK Equity,1999:S1,1999-09-30
322 HK Equity,1998:A,1999-05-31
322 HK Equity,1998:S2,1999-05-31
322 HK Equity,1998:S1,1998-08-31
322 HK Equity,1997:A,1998-05-11
3690 HK Equity,2026:S1,2026-08-28
3690 HK Equity,2026:Q2,2026-08-28
3690 HK Equity,2026:Q1,2026-06-01
3690 HK Equity,2025:A,2026-03-26
3690 HK Equity,2025:S2,2026-03-26
3690 HK Equity,2025:Q4,2026-03-26
3690 HK Equity,2025:Q3,2025-11-28
3690 HK Equity,2025:S1,2025-08-27
3690 HK Equity,2025:Q2,2025-08-27
3690 HK Equity,2025:Q1,2025-05-26
3690 HK Equity,2024:A,2025-03-21
3690 HK Equity,2024:S2,2025-03-21
3690 HK Equity,2024:Q4,2025-03-21
3690 HK Equity,2024:Q3,2024-11-29
3690 HK Equity,2024:S1,2024-08-28
3690 HK Equity,2024:Q2,2024-08-28
3690 HK Equity,2024:Q1,2024-06-06
3690 HK Equity,2023:A,2024-03-22
3690 HK Equity,2023:S2,2024-03-22
3690 HK Equity,2023:Q4,2024-03-22
3690 HK Equity,2023:Q3,2023-11-28
3690 HK Equity,2023:S1,2023-08-24
3690 HK Equity,2023:Q2,2023-08-24
3690 HK Equity,2023:Q1,2023-05-25
3690 HK Equity,2022:A,2023-03-24
3690 HK Equity,2022:S2,2023-03-24
3690 HK Equity,2022:Q4,2023-03-24
3690 HK Equity,2022:Q3,2022-11-25
3690 HK Equity,2022:S1,2022-08-26
3690 HK Equity,2022:Q2,2022-08-26
3690 HK Equity,2022:Q1,2022-06-02
3690 HK Equity,2021:A,2022-03-25
3690 HK Equity,2021:S2,2022-03-25
3690 HK Equity,2021:Q4,2022-03-25
3690 HK Equity,2021:Q3,2021-11-26
3690 HK Equity,2021:S1,2021-08-30
3690 HK Equity,2021:Q2,2021-08-30
3690 HK Equity,2021:Q1,2021-05-28
3690 HK Equity,2020:A,2021-03-26
3690 HK Equity,2020:S2,2021-03-26
3690 HK Equity,2020:Q4,2021-03-26
3690 HK Equity,2020:Q3,2020-11-30
3690 HK Equity,2020:S1,2020-08-21
3690 HK Equity,2020:Q2,2020-08-21
3690 HK Equity,2020:Q1,2020-05-25
3690 HK Equity,2019:A,2020-03-30
3690 HK Equity,2019:S2,2020-03-30
3690 HK Equity,2019:Q4,2020-03-30
3690 HK Equity,2019:Q3,2019-11-21
3690 HK Equity,2019:S1,2019-08-23
3690 HK Equity,2019:Q2,2019-08-23
3690 HK Equity,2019:Q1,2019-05-23
3690 HK Equity,2018:A,2019-03-11
3690 HK Equity,2018:S2,2019-03-11
3690 HK Equity,2018:Q4,2019-03-11
3690 HK Equity,2018:Q3,2018-11-22
3690 HK Equity,2018:S1,2018-09-27
3690 HK Equity,2018:Q2,2018-09-27
3690 HK Equity,2018:Q1,2018-04-01
3690 HK Equity,2017:A,2018-06-22
3690 HK Equity,2017:S2,2018-06-22
3690 HK Equity,2017:Q4,2018-06-22
3690 HK Equity,2017:Q3,2018-11-22
3690 HK Equity,2017:S1,2018-09-27
3690 HK Equity,2016:A,2018-06-22
3690 HK Equity,2015:A,2018-06-22
3692 HK Equity,2026:S1,2026-08-26
3692 HK Equity,2025:A,2026-03-29
3692 HK Equity,2025:S2,2026-03-29
3692 HK Equity,2025:S1,2025-08-18
3692 HK Equity,2024:A,2025-03-21
3692 HK Equity,2024:S2,2025-03-21
3692 HK Equity,2024:S1,2024-08-27
3692 HK Equity,2023:A,2024-03-26
3692 HK Equity,2023:S2,2024-03-26
3692 HK Equity,2023:S1,2023-08-31
3692 HK Equity,2022:A,2023-03-27
3692 HK Equity,2022:S2,2023-03-27
3692 HK Equity,2022:S1,2022-08-26
3692 HK Equity,2021:A,2022-03-29
3692 HK Equity,2021:S2,2022-03-29
3692 HK Equity,2021:S1,2021-08-26
3692 HK Equity,2020:A,2021-03-30
3692 HK Equity,2020:S2,2021-03-30
3692 HK Equity,2020:S1,2020-08-26
3692 HK Equity,2019:A,2020-03-30
3692 HK Equity,2019:S2,2020-03-30
3692 HK Equity,2019:S1,2019-08-30
3692 HK Equity,2018:A,2019-05-31
3692 HK Equity,2018:S2,2019-05-31
3692 HK Equity,2018:S1,2019-08-30
3692 HK Equity,2017:A,2019-05-31
3692 HK Equity,2016:A,2019-05-31
3750 HK Equity,2026:S1,2026-07-24
3750 HK Equity,2026:C2,2026-07-24
3750 HK Equity,2026:Q2,2026-07-24
3750 HK Equity,2026:Q1,2026-04-15
3750 HK Equity,2025:A,2026-03-09
3750 HK Equity,2025:S2,2026-03-09
3750 HK Equity,2025:Q4,2026-03-09
3750 HK Equity,2025:C3,2025-10-20
3750 HK Equity,2025:Q3,2025-10-20
3750 HK Equity,2025:S1,2025-07-30
3750 HK Equity,2025:C2,2025-07-30
3750 HK Equity,2025:Q2,2025-07-30
3750 HK Equity,2025:Q1,2025-04-14
3750 HK Equity,2024:A,2025-03-14
3750 HK Equity,2024:S2,2025-03-14
3750 HK Equity,2024:Q4,2025-03-14
3750 HK Equity,2024:C3,2024-10-18
3750 HK Equity,2024:Q3,2024-10-18
3750 HK Equity,2024:S1,2024-07-26
3750 HK Equity,2024:Q2,2024-07-26
3750 HK Equity,2024:Q1,2024-04-15
3750 HK Equity,2023:A,2024-03-15
3750 HK Equity,2023:S2,2024-03-15
3750 HK Equity,2023:Q4,2024-03-15
3750 HK Equity,2023:C3,2023-10-19
3750 HK Equity,2023:Q3,2023-10-19
3750 HK Equity,2023:S1,2023-07-25
3750 HK Equity,2023:C2,2023-07-25
3750 HK Equity,2023:Q2,2023-07-25
3750 HK Equity,2023:Q1,2023-04-20
3750 HK Equity,2022:A,2023-03-09
3750 HK Equity,2022:S2,2023-03-09
3750 HK Equity,2022:Q4,2023-03-09
3750 HK Equity,2022:C3,2022-10-21
3750 HK Equity,2022:Q3,2022-10-21
3750 HK Equity,2022:S1,2022-08-23
3750 HK Equity,2022:C2,2022-08-23
3750 HK Equity,2022:Q2,2022-08-23
3750 HK Equity,2022:Q1,2022-04-29
3750 HK Equity,2021:A,2022-04-21
3750 HK Equity,2021:S2,2022-04-21
3750 HK Equity,2021:Q4,2022-04-21
3750 HK Equity,2021:C3,2021-10-27
3750 HK Equity,2021:Q3,2021-10-27
3750 HK Equity,2021:S1,2021-08-25
3750 HK Equity,2021:Q2,2021-08-25
3750 HK Equity,2021:Q1,2021-04-29
3750 HK Equity,2020:A,2021-04-27
3750 HK Equity,2020:S2,2021-04-27
3750 HK Equity,2020:Q4,2021-04-27
3750 HK Equity,2020:C3,2020-10-27
3750 HK Equity,2020:Q3,2020-10-27
3750 HK Equity,2020:S1,2020-08-26
3750 HK Equity,2020:Q2,2020-08-26
3750 HK Equity,2020:Q1,2020-04-28
3750 HK Equity,2019:A,2020-04-24
3750 HK Equity,2019:S2,2020-04-24
3750 HK Equity,2019:Q4,2020-04-24
3750 HK Equity,2019:C3,2019-10-25
3750 HK Equity,2019:Q3,2019-10-25
3750 HK Equity,2019:S1,2019-08-23
3750 HK Equity,2019:Q2,2019-08-23
3750 HK Equity,2019:Q1,2019-04-26
3750 HK Equity,2018:A,2019-04-25
3750 HK Equity,2018:S2,2019-04-25
3750 HK Equity,2018:Q4,2019-04-25
3750 HK Equity,2018:C3,2018-10-25
3750 HK Equity,2018:Q3,2018-10-25
3750 HK Equity,2018:S1,2018-08-23
3750 HK Equity,2018:Q2,2018-08-23
3750 HK Equity,2018:Q1,2019-04-26
3750 HK Equity,2017:A,2018-05-29
3750 HK Equity,2017:S2,2018-05-29
3750 HK Equity,2017:Q4,2018-05-29
3750 HK Equity,2017:C3,2017-10-01
3750 HK Equity,2017:Q3,2017-10-01
3750 HK Equity,2017:S1,2018-08-23
3750 HK Equity,2016:A,2018-03-14
3750 HK Equity,2015:A,2018-03-14
386 HK Equity,2026:S1,2026-08-23
386 HK Equity,2026:C2,2026-08-23
386 HK Equity,2026:Q2,2026-08-23
386 HK Equity,2026:Q1,2026-04-28
386 HK Equity,2025:A,2026-03-22
386 HK Equity,2025:S2,2026-03-22
386 HK Equity,2025:Q4,2026-03-22
386 HK Equity,2025:C3,2025-10-29
386 HK Equity,2025:Q3,2025-10-29
386 HK Equity,2025:S1,2025-08-21
386 HK Equity,2025:C2,2025-08-21
386 HK Equity,2025:Q2,2025-08-21
386 HK Equity,2025:Q1,2025-04-28
386 HK Equity,2024:A,2025-03-23
386 HK Equity,2024:S2,2025-03-23
386 HK Equity,2024:Q4,2025-03-23
386 HK Equity,2024:C3,2024-10-28
386 HK Equity,2024:Q3,2024-10-28
386 HK Equity,2024:S1,2024-08-25
386 HK Equity,2024:Q2,2024-08-25
386 HK Equity,2024:Q1,2024-04-28
386 HK Equity,2023:A,2024-03-24
386 HK Equity,2023:S2,2024-03-24
386 HK Equity,2023:Q4,2024-03-24
386 HK Equity,2023:C3,2023-10-26
386 HK Equity,2023:Q3,2023-10-26
386 HK Equity,2023:S1,2023-08-27
386 HK Equity,2023:C2,2023-08-27
386 HK Equity,2023:Q2,2023-08-27
386 HK Equity,2023:Q1,2023-04-27
386 HK Equity,2022:A,2023-03-26
386 HK Equity,2022:S2,2023-03-26
386 HK Equity,2022:Q4,2023-03-26
386 HK Equity,2022:C3,2022-10-28
386 HK Equity,2022:Q3,2022-10-28
386 HK Equity,2022:S1,2022-08-28
386 HK Equity,2022:C2,2022-08-28
386 HK Equity,2022:Q2,2022-08-28
386 HK Equity,2022:Q1,2022-04-27
386 HK Equity,2021:A,2022-03-27
386 HK Equity,2021:S2,2022-03-27
386 HK Equity,2021:Q4,2022-03-27
386 HK Equity,2021:C3,2021-10-28
386 HK Equity,2021:Q3,2021-10-28
386 HK Equity,2021:S1,2021-08-29
386 HK Equity,2021:Q2,2021-08-29
386 HK Equity,2021:Q1,2021-04-28
386 HK Equity,2020:A,2021-03-28
386 HK Equity,2020:S2,2021-04-15
386 HK Equity,2020:Q4,2021-04-15
386 HK Equity,2020:C3,2020-10-28
386 HK Equity,2020:Q3,2020-10-28
386 HK Equity,2020:S1,2020-08-30
386 HK Equity,2020:Q2,2020-08-30
386 HK Equity,2020:Q1,2020-04-29
386 HK Equity,2019:A,2020-03-29
386 HK Equity,2019:S2,2020-03-29
386 HK Equity,2019:Q4,2020-03-29
386 HK Equity,2019:C3,2019-10-30
386 HK Equity,2019:Q3,2019-10-30
386 HK Equity,2019:S1,2019-08-25
386 HK Equity,2019:Q2,2019-08-25
386 HK Equity,2019:Q1,2019-04-29
386 HK Equity,2018:A,2019-03-24
386 HK Equity,2018:S2,2019-03-24
386 HK Equity,2018:Q4,2019-03-24
386 HK Equity,2018:C3,2018-10-30
386 HK Equity,2018:Q3,2018-10-30
386 HK Equity,2018:S1,2018-08-26
386 HK Equity,2018:Q2,2018-08-26
386 HK Equity,2018:Q1,2018-04-26
386 HK Equity,2017:A,2018-03-25
386 HK Equity,2017:S2,2018-03-25
386 HK Equity,2017:Q4,2018-03-25
386 HK Equity,2017:C3,2017-10-30
386 HK Equity,2017:Q3,2017-10-30
386 HK Equity,2017:S1,2017-08-27
386 HK Equity,2017:Q2,2017-08-27
386 HK Equity,2017:Q1,2017-04-27
386 HK Equity,2016:A,2017-03-24
386 HK Equity,2016:S2,2017-03-24
386 HK Equity,2016:Q4,2017-03-24
386 HK Equity,2016:C3,2016-10-27
386 HK Equity,2016:Q3,2016-10-27
386 HK Equity,2016:S1,2016-08-28
386 HK Equity,2016:Q2,2016-08-28
386 HK Equity,2016:Q1,2016-04-28
386 HK Equity,2015:A,2016-03-29
386 HK Equity,2015:S2,2016-03-29
386 HK Equity,2015:Q4,2016-03-29
386 HK Equity,2015:C3,2015-10-29
386 HK Equity,2015:Q3,2015-10-29
386 HK Equity,2015:S1,2015-08-26
386 HK Equity,2015:Q2,2015-08-26
386 HK Equity,2015:Q1,2015-04-29
386 HK Equity,2014:A,2015-03-20
386 HK Equity,2014:S2,2015-03-20
386 HK Equity,2014:Q4,2015-03-20
386 HK Equity,2014:C3,2014-10-30
386 HK Equity,2014:Q3,2014-10-30
386 HK Equity,2014:S1,2014-08-22
386 HK Equity,2014:Q2,2014-08-22
386 HK Equity,2014:Q1,2014-04-28
386 HK Equity,2013:A,2014-03-23
386 HK Equity,2013:S2,2014-03-23
386 HK Equity,2013:Q4,2014-03-23
386 HK Equity,2013:C3,2013-10-29
386 HK Equity,2013:Q3,2013-10-29
386 HK Equity,2013:S1,2013-08-23
386 HK Equity,2013:Q2,2013-08-23
386 HK Equity,2013:Q1,2013-04-25
386 HK Equity,2012:A,2013-03-24
386 HK Equity,2012:S2,2013-03-24
386 HK Equity,2012:Q4,2013-03-24
386 HK Equity,2012:C3,2012-10-28
386 HK Equity,2012:Q3,2012-10-28
386 HK Equity,2012:S1,2012-08-26
386 HK Equity,2012:Q2,2012-08-26
386 HK Equity,2012:Q1,2012-04-26
386 HK Equity,2011:A,2012-03-25
386 HK Equity,2011:S2,2012-03-25
386 HK Equity,2011:Q4,2012-03-25
386 HK Equity,2011:C3,2011-10-27
386 HK Equity,2011:Q3,2011-10-27
386 HK Equity,2011:S1,2011-08-28
386 HK Equity,2011:Q2,2011-08-28
386 HK Equity,2011:Q1,2011-04-28
386 HK Equity,2010:A,2011-03-27
386 HK Equity,2010:S2,2011-03-27
386 HK Equity,2010:Q4,2011-03-27
386 HK Equity,2010:C3,2010-10-28
386 HK Equity,2010:Q3,2010-10-28
386 HK Equity,2010:S1,2010-08-22
386 HK Equity,2010:Q2,2010-08-22
386 HK Equity,2010:Q1,2010-04-28
386 HK Equity,2009:A,2010-03-29
386 HK Equity,2009:S2,2010-03-29
386 HK Equity,2009:Q4,2010-03-29
386 HK Equity,2009:C3,2009-10-29
386 HK Equity,2009:Q3,2009-10-29
386 HK Equity,2009:S1,2009-08-23
386 HK Equity,2009:Q2,2009-08-23
386 HK Equity,2009:Q1,2009-04-29
386 HK Equity,2008:A,2009-03-30
386 HK Equity,2008:S2,2009-03-30
386 HK Equity,2008:Q4,2009-03-30
386 HK Equity,2008:Q3,2008-10-30
386 HK Equity,2008:S1,2008-08-25
386 HK Equity,2008:Q2,2008-08-25
386 HK Equity,2008:Q1,2008-04-28
386 HK Equity,2007:A,2008-04-03
386 HK Equity,2007:S2,2008-04-03
386 HK Equity,2007:Q4,2008-04-07
386 HK Equity,2007:Q3,2007-10-30
386 HK Equity,2007:S1,2007-08-24
386 HK Equity,2007:Q2,2007-08-24
386 HK Equity,2007:Q1,2007-04-16
386 HK Equity,2006:A,2007-04-10
386 HK Equity,2006:S2,2007-04-10
386 HK Equity,2006:Q4,2007-04-10
386 HK Equity,2006:Q3,2006-10-31
386 HK Equity,2006:S1,2006-08-28
386 HK Equity,2006:Q2,2006-08-28
386 HK Equity,2006:Q1,2006-04-28
386 HK Equity,2005:A,2006-04-04
386 HK Equity,2005:S2,2006-04-04
386 HK Equity,2005:Q4,2006-04-03
386 HK Equity,2005:Q3,2005-10-28
386 HK Equity,2005:S1,2005-08-29
386 HK Equity,2005:Q2,2005-08-29
386 HK Equity,2005:Q1,2005-04-29
386 HK Equity,2004:A,2005-03-28
386 HK Equity,2004:S2,2005-03-28
386 HK Equity,2004:Q4,2005-03-28
386 HK Equity,2004:Q3,2004-10-31
386 HK Equity,2004:S1,2004-08-30
386 HK Equity,2004:Q2,2004-08-30
386 HK Equity,2004:Q1,2004-04-17
386 HK Equity,2003:A,2004-03-29
386 HK Equity,2003:S2,2004-03-29
386 HK Equity,2003:Q4,2004-03-29
386 HK Equity,2003:Q3,2003-10-29
386 HK Equity,2003:S1,2003-08-25
386 HK Equity,2003:Q2,2004-08-25
386 HK Equity,2003:Q1,2003-04-29
386 HK Equity,2002:A,2003-03-31
386 HK Equity,2002:S2,2003-03-31
386 HK Equity,2002:Q4,2003-03-31
386 HK Equity,2002:Q3,2002-10-31
386 HK Equity,2002:S1,2002-08-20
386 HK Equity,2002:Q2,2002-08-20
386 HK Equity,2002:Q1,2002-04-26
386 HK Equity,2001:A,2002-04-02
386 HK Equity,2001:S2,2002-04-02
386 HK Equity,2001:S1,2001-08-24
386 HK Equity,2000:A,2001-04-17
386 HK Equity,2000:S2,2001-04-17
386 HK Equity,2000:S1,2000-08-20
386 HK Equity,1999:A,2000-08-03
386 HK Equity,1998:A,1999-08-03
388 HK Equity,2026:S1,2026-08-19
388 HK Equity,2026:C2,2026-08-19
388 HK Equity,2026:Q2,2026-08-19
388 HK Equity,2026:C1,2026-04-29
388 HK Equity,2026:Q1,2026-04-29
388 HK Equity,2025:A,2026-02-26
388 HK Equity,2025:S2,2026-02-26
388 HK Equity,2025:Q4,2026-02-26
388 HK Equity,2025:C3,2025-11-05
388 HK Equity,2025:Q3,2025-11-05
388 HK Equity,2025:S1,2025-08-20
388 HK Equity,2025:C2,2025-08-20
388 HK Equity,2025:Q2,2025-08-20
388 HK Equity,2025:C1,2025-04-30
388 HK Equity,2025:Q1,2025-04-30
388 HK Equity,2024:A,2025-02-27
388 HK Equity,2024:S2,2025-02-27
388 HK Equity,2024:Q4,2025-02-27
388 HK Equity,2024:C3,2024-10-23
388 HK Equity,2024:Q3,2024-10-23
388 HK Equity,2024:S1,2024-08-21
388 HK Equity,2024:C2,2024-08-21
388 HK Equity,2024:Q2,2024-08-21
388 HK Equity,2024:C1,2024-04-24
388 HK Equity,2024:Q1,2024-04-24
388 HK Equity,2023:A,2024-02-29
388 HK Equity,2023:S2,2024-02-29
388 HK Equity,2023:Q4,2024-02-29
388 HK Equity,2023:C3,2023-10-20
388 HK Equity,2023:Q3,2023-10-20
388 HK Equity,2023:S1,2023-08-16
388 HK Equity,2023:C2,2023-08-16
388 HK Equity,2023:Q2,2023-08-16
388 HK Equity,2023:C1,2023-04-26
388 HK Equity,2023:Q1,2023-04-26
388 HK Equity,2022:A,2023-02-23
388 HK Equity,2022:S2,2023-02-23
388 HK Equity,2022:Q4,2023-02-23
388 HK Equity,2022:C3,2022-10-19
388 HK Equity,2022:Q3,2022-10-19
388 HK Equity,2022:S1,2022-08-17
388 HK Equity,2022:C2,2022-08-17
388 HK Equity,2022:Q2,2022-08-17
388 HK Equity,2022:C1,2022-04-27
388 HK Equity,2022:Q1,2022-04-27
388 HK Equity,2021:A,2022-02-10
388 HK Equity,2021:S2,2022-02-10
388 HK Equity,2021:Q4,2022-02-10
388 HK Equity,2021:C3,2021-10-27
388 HK Equity,2021:Q3,2021-10-27
388 HK Equity,2021:S1,2021-08-11
388 HK Equity,2021:Q2,2021-08-11
388 HK Equity,2021:C1,2021-04-28
388 HK Equity,2021:Q1,2021-04-28
388 HK Equity,2020:A,2021-02-24
388 HK Equity,2020:S2,2021-02-24
388 HK Equity,2020:Q4,2021-02-24
388 HK Equity,2020:C3,2020-11-11
388 HK Equity,2020:Q3,2020-11-11
388 HK Equity,2020:S1,2020-08-19
388 HK Equity,2020:Q2,2020-08-19
388 HK Equity,2020:C1,2020-05-07
388 HK Equity,2020:Q1,2020-05-07
388 HK Equity,2019:A,2020-02-26
388 HK Equity,2019:S2,2020-02-26
388 HK Equity,2019:Q4,2020-02-26
388 HK Equity,2019:C3,2019-11-06
388 HK Equity,2019:Q3,2019-11-06
388 HK Equity,2019:S1,2019-08-14
388 HK Equity,2019:Q2,2019-08-14
388 HK Equity,2019:Q1,2019-05-08
388 HK Equity,2018:A,2019-02-27
388 HK Equity,2018:S2,2019-02-27
388 HK Equity,2018:Q4,2019-02-27
388 HK Equity,2018:C3,2018-11-07
388 HK Equity,2018:Q3,2018-11-07
388 HK Equity,2018:S1,2018-08-08
388 HK Equity,2018:Q2,2018-08-08
388 HK Equity,2018:Q1,2018-05-09
388 HK Equity,2017:A,2018-02-28
388 HK Equity,2017:S2,2018-02-28
388 HK Equity,2017:Q4,2018-02-28
388 HK Equity,2017:C3,2017-11-08
388 HK Equity,2017:Q3,2017-11-08
388 HK Equity,2017:S1,2017-08-09
388 HK Equity,2017:Q2,2017-08-09
388 HK Equity,2017:Q1,2017-05-10
388 HK Equity,2016:A,2017-02-27
388 HK Equity,2016:S2,2017-02-27
388 HK Equity,2016:Q4,2017-02-27
388 HK Equity,2016:Q3,2016-11-02
388 HK Equity,2016:S1,2016-08-10
388 HK Equity,2016:Q2,2016-08-10
388 HK Equity,2016:Q1,2016-05-11
388 HK Equity,2015:A,2016-03-02
388 HK Equity,2015:S2,2016-03-02
388 HK Equity,2015:Q4,2016-03-02
388 HK Equity,2015:Q3,2015-11-11
388 HK Equity,2015:S1,2015-08-12
388 HK Equity,2015:Q2,2015-08-12
388 HK Equity,2015:Q1,2015-05-13
388 HK Equity,2014:A,2015-03-05
388 HK Equity,2014:S2,2015-03-05
388 HK Equity,2014:Q4,2015-03-05
388 HK Equity,2014:Q3,2014-11-05
388 HK Equity,2014:S1,2014-08-06
388 HK Equity,2014:Q2,2014-08-06
388 HK Equity,2014:Q1,2014-05-08
388 HK Equity,2013:A,2014-02-26
388 HK Equity,2013:S2,2014-02-26
388 HK Equity,2013:Q4,2014-02-26
388 HK Equity,2013:Q3,2013-11-06
388 HK Equity,2013:S1,2013-08-15
388 HK Equity,2013:Q2,2013-08-15
388 HK Equity,2013:Q1,2013-05-08
388 HK Equity,2012:A,2013-02-27
388 HK Equity,2012:S2,2013-02-27
388 HK Equity,2012:Q4,2013-02-27
388 HK Equity,2012:Q3,2012-11-07
388 HK Equity,2012:S1,2012-08-08
388 HK Equity,2012:Q2,2012-08-08
388 HK Equity,2012:Q1,2012-05-07
388 HK Equity,2011:A,2012-02-29
388 HK Equity,2011:S2,2012-02-29
388 HK Equity,2011:Q4,2012-02-29
388 HK Equity,2011:Q3,2011-11-11
388 HK Equity,2011:S1,2011-08-10
388 HK Equity,2011:Q2,2011-08-10
388 HK Equity,2011:Q1,2011-05-11
388 HK Equity,2010:A,2011-03-02
388 HK Equity,2010:S2,2011-03-02
388 HK Equity,2010:Q4,2011-03-02
388 HK Equity,2010:Q3,2010-11-10
388 HK Equity,2010:S1,2010-08-11
388 HK Equity,2010:Q2,2010-08-11
388 HK Equity,2010:Q1,2010-05-12
388 HK Equity,2009:A,2010-03-04
388 HK Equity,2009:S2,2010-03-04
388 HK Equity,2009:Q4,2010-03-04
388 HK Equity,2009:Q3,2009-11-11
388 HK Equity,2009:S1,2009-08-12
388 HK Equity,2009:Q2,2009-08-12
388 HK Equity,2009:Q1,2009-05-25
388 HK Equity,2008:A,2009-03-04
388 HK Equity,2008:S2,2009-03-04
388 HK Equity,2008:Q4,2009-03-04
388 HK Equity,2008:Q3,2008-11-24
388 HK Equity,2008:S1,2008-08-13
388 HK Equity,2008:Q2,2008-08-13
388 HK Equity,2008:Q1,2008-05-26
388 HK Equity,2007:A,2008-03-05
388 HK Equity,2007:S2,2008-03-05
388 HK Equity,2007:Q4,2008-03-05
388 HK Equity,2007:Q3,2007-11-26
388 HK Equity,2007:S1,2007-08-15
388 HK Equity,2007:Q2,2007-08-15
388 HK Equity,2007:Q1,2007-05-21
388 HK Equity,2006:A,2007-03-08
388 HK Equity,2006:S2,2007-03-08
388 HK Equity,2006:Q4,2007-03-08
388 HK Equity,2006:Q3,2006-11-24
388 HK Equity,2006:S1,2006-08-16
388 HK Equity,2006:Q2,2006-08-16
388 HK Equity,2006:Q1,2006-05-22
388 HK Equity,2005:A,2006-03-08
388 HK Equity,2005:S2,2006-03-08
388 HK Equity,2005:Q4,2006-03-08
388 HK Equity,2005:Q3,2005-11-29
388 HK Equity,2005:S1,2005-08-17
388 HK Equity,2005:Q2,2005-08-17
388 HK Equity,2005:Q1,2005-06-17
388 HK Equity,2004:A,2005-02-28
388 HK Equity,2004:S2,2005-02-28
388 HK Equity,2004:Q4,2005-02-28
388 HK Equity,2004:Q3,2004-11-19
388 HK Equity,2004:S1,2004-08-11
388 HK Equity,2004:Q2,2004-08-11
388 HK Equity,2004:Q1,2006-10-06
388 HK Equity,2003:A,2004-02-26
388 HK Equity,2003:S2,2004-02-26
388 HK Equity,2003:Q4,2004-02-26
388 HK Equity,2003:Q3,2003-11-20
388 HK Equity,2003:S1,2003-08-13
388 HK Equity,2003:Q2,2003-08-13
388 HK Equity,2003:Q1,2003-10-16
388 HK Equity,2002:A,2003-03-12
388 HK Equity,2002:S2,2003-03-12
388 HK Equity,2002:S1,2002-08-29
388 HK Equity,2001:A,2002-03-26
388 HK Equity,2001:S2,2002-03-26
388 HK Equity,2001:S1,2001-09-25
388 HK Equity,2000:A,2001-05-09
388 HK Equity,2000:S2,2001-05-09
388 HK Equity,2000:S1,2001-03-12
388 HK Equity,1999:A,2000-06-22
388 HK Equity,1998:A,2000-06-22
388 HK Equity,1997:A,2000-06-22
3968 HK Equity,2026:S1,2026-08-28
3968 HK Equity,2026:C2,2026-08-28
3968 HK Equity,2026:Q2,2026-08-28
3968 HK Equity,2026:Q1,2026-04-28
3968 HK Equity,2025:A,2026-03-27
3968 HK Equity,2025:S2,2026-03-27
3968 HK Equity,2025:Q4,2026-03-27
3968 HK Equity,2025:C3,2025-10-29
3968 HK Equity,2025:Q3,2025-10-29
3968 HK Equity,2025:S1,2025-08-29
3968 HK Equity,2025:C2,2025-08-29
3968 HK Equity,2025:Q2,2025-08-29
3968 HK Equity,2025:Q1,2025-04-29
3968 HK Equity,2024:A,2025-03-25
3968 HK Equity,2024:S2,2025-03-25
3968 HK Equity,2024:Q4,2025-03-25
3968 HK Equity,2024:C3,2024-10-29
3968 HK Equity,2024:Q3,2024-10-29
3968 HK Equity,2024:S1,2024-08-29
3968 HK Equity,2024:C2,2024-08-29
3968 HK Equity,2024:Q2,2024-08-29
3968 HK Equity,2024:Q1,2024-04-29
3968 HK Equity,2023:A,2024-03-25
3968 HK Equity,2023:S2,2024-03-25
3968 HK Equity,2023:Q4,2024-03-25
3968 HK Equity,2023:C3,2023-10-27
3968 HK Equity,2023:Q3,2023-10-27
3968 HK Equity,2023:S1,2023-08-25
3968 HK Equity,2023:C2,2023-08-25
3968 HK Equity,2023:Q2,2023-08-25
3968 HK Equity,2023:Q1,2023-04-26
3968 HK Equity,2022:A,2023-03-24
3968 HK Equity,2022:S2,2023-03-24
3968 HK Equity,2022:Q4,2023-03-24
3968 HK Equity,2022:C3,2022-10-28
3968 HK Equity,2022:Q3,2022-10-28
3968 HK Equity,2022:S1,2022-08-19
3968 HK Equity,2022:Q2,2022-08-19
3968 HK Equity,2022:Q1,2022-04-22
3968 HK Equity,2021:A,2022-03-18
3968 HK Equity,2021:S2,2022-03-18
3968 HK Equity,2021:Q4,2022-03-18
3968 HK Equity,2021:C3,2021-10-22
3968 HK Equity,2021:Q3,2021-10-22
3968 HK Equity,2021:S1,2021-08-13
3968 HK Equity,2021:Q2,2021-08-13
3968 HK Equity,2021:Q1,2021-04-23
3968 HK Equity,2020:A,2021-03-19
3968 HK Equity,2020:S2,2021-03-19
3968 HK Equity,2020:Q4,2021-03-19
3968 HK Equity,2020:C3,2020-10-30
3968 HK Equity,2020:Q3,2020-10-30
3968 HK Equity,2020:S1,2020-08-28
3968 HK Equity,2020:C2,2020-08-28
3968 HK Equity,2020:Q2,2020-08-28
3968 HK Equity,2020:Q1,2020-04-29
3968 HK Equity,2019:A,2020-03-20
3968 HK Equity,2019:S2,2020-03-20
3968 HK Equity,2019:Q4,2020-03-20
3968 HK Equity,2019:C3,2019-10-30
3968 HK Equity,2019:Q3,2019-10-30
3968 HK Equity,2019:S1,2019-08-23
3968 HK Equity,2019:Q2,2019-08-23
3968 HK Equity,2019:Q1,2019-04-29
3968 HK Equity,2018:A,2019-03-22
3968 HK Equity,2018:S2,2019-03-22
3968 HK Equity,2018:Q4,2019-03-22
3968 HK Equity,2018:C3,2018-10-30
3968 HK Equity,2018:Q3,2018-10-30
3968 HK Equity,2018:S1,2018-08-24
3968 HK Equity,2018:C2,2018-08-24
3968 HK Equity,2018:Q2,2018-08-24
3968 HK Equity,2018:Q1,2018-04-27
3968 HK Equity,2017:A,2018-03-23
3968 HK Equity,2017:S2,2018-03-23
3968 HK Equity,2017:Q4,2018-03-23
3968 HK Equity,2017:C3,2017-10-27
3968 HK Equity,2017:Q3,2017-10-27
3968 HK Equity,2017:S1,2017-08-18
3968 HK Equity,2017:C2,2017-08-18
3968 HK Equity,2017:Q2,2017-08-18
3968 HK Equity,2017:Q1,2017-04-27
3968 HK Equity,2016:A,2017-03-24
3968 HK Equity,2016:S2,2017-03-24
3968 HK Equity,2016:Q4,2017-03-24
3968 HK Equity,2016:C3,2016-10-28
3968 HK Equity,2016:Q3,2016-10-28
3968 HK Equity,2016:S1,2016-08-18
3968 HK Equity,2016:Q2,2016-08-18
3968 HK Equity,2016:Q1,2016-04-28
3968 HK Equity,2015:A,2016-03-30
3968 HK Equity,2015:S2,2016-03-30
3968 HK Equity,2015:Q4,2016-03-30
3968 HK Equity,2015:Q3,2015-10-29
3968 HK Equity,2015:S1,2015-08-25
3968 HK Equity,2015:Q2,2015-08-25
3968 HK Equity,2015:Q1,2015-04-28
3968 HK Equity,2014:A,2015-03-18
3968 HK Equity,2014:S2,2015-03-18
3968 HK Equity,2014:Q4,2015-03-18
3968 HK Equity,2014:Q3,2014-10-29
3968 HK Equity,2014:S1,2014-08-29
3968 HK Equity,2014:Q2,2014-08-29
3968 HK Equity,2014:Q1,2014-04-28
3968 HK Equity,2013:A,2014-03-28
3968 HK Equity,2013:S2,2014-03-28
3968 HK Equity,2013:Q4,2014-03-28
3968 HK Equity,2013:Q3,2013-10-29
3968 HK Equity,2013:S1,2013-08-16
3968 HK Equity,2013:Q2,2013-08-16
3968 HK Equity,2013:Q1,2013-04-26
3968 HK Equity,2012:A,2013-03-28
3968 HK Equity,2012:S2,2013-03-28
3968 HK Equity,2012:Q4,2013-03-28
3968 HK Equity,2012:Q3,2012-10-29
3968 HK Equity,2012:S1,2012-08-17
3968 HK Equity,2012:Q2,2012-08-17
3968 HK Equity,2012:Q1,2012-04-27
3968 HK Equity,2011:A,2012-03-28
3968 HK Equity,2011:S2,2012-03-28
3968 HK Equity,2011:Q4,2012-03-28
3968 HK Equity,2011:Q3,2011-10-28
3968 HK Equity,2011:S1,2011-08-30
3968 HK Equity,2011:Q2,2011-08-30
3968 HK Equity,2011:Q1,2011-04-28
3968 HK Equity,2010:A,2011-03-31
3968 HK Equity,2010:S2,2011-03-31
3968 HK Equity,2010:Q4,2011-03-31
3968 HK Equity,2010:Q3,2010-10-29
3968 HK Equity,2010:S1,2010-08-18
3968 HK Equity,2010:Q2,2010-08-18
3968 HK Equity,2010:Q1,2010-04-28
3968 HK Equity,2009:A,2010-04-13
3968 HK Equity,2009:S2,2010-04-13
3968 HK Equity,2009:Q4,2010-04-13
3968 HK Equity,2009:Q3,2009-10-30
3968 HK Equity,2009:S1,2009-08-28
3968 HK Equity,2009:Q2,2009-08-28
3968 HK Equity,2009:Q1,2009-04-29
3968 HK Equity,2008:A,2009-04-24
3968 HK Equity,2008:S2,2009-04-24
3968 HK Equity,2008:Q4,2009-04-24
3968 HK Equity,2008:Q3,2008-10-29
3968 HK Equity,2008:S1,2008-08-18
3968 HK Equity,2008:Q2,2008-08-19
3968 HK Equity,2008:Q1,2008-04-22
3968 HK Equity,2007:A,2008-03-18
3968 HK Equity,2007:S2,2008-03-18
3968 HK Equity,2007:Q4,2008-03-18
3968 HK Equity,2007:Q3,2007-10-22
3968 HK Equity,2007:S1,2007-08-29
3968 HK Equity,2007:Q2,2007-08-29
3968 HK Equity,2007:Q1,2007-04-26
3968 HK Equity,2006:A,2007-04-17
3968 HK Equity,2006:S2,2007-04-17
3968 HK Equity,2006:Q4,2007-04-17
3968 HK Equity,2006:Q3,2006-10-26
3968 HK Equity,2006:S1,2006-09-08
3968 HK Equity,2006:Q2,2006-08-08
3968 HK Equity,2006:Q1,2006-04-27
3968 HK Equity,2005:A,2006-09-08
3968 HK Equity,2005:S2,2006-09-08
3968 HK Equity,2005:Q4,2006-09-08
3968 HK Equity,2005:C3,2005-11-08
3968 HK Equity,2005:Q3,2005-10-28
3968 HK Equity,2005:S1,2006-09-08
3968 HK Equity,2005:Q2,2006-09-08
3968 HK Equity,2005:Q1,2005-04-27
3968 HK Equity,2004:A,2006-09-08
3968 HK Equity,2004:S2,2006-09-08
3968 HK Equity,2004:Q4,2006-09-08
3968 HK Equity,2004:C3,2004-10-29
3968 HK Equity,2004:Q3,2004-10-28
3968 HK Equity,2004:S1,2004-10-06
3968 HK Equity,2004:Q2,2004-10-06
3968 HK Equity,2004:Q1,2004-06-04
3968 HK Equity,2003:A,2006-09-08
3968 HK Equity,2003:S2,2006-09-08
3968 HK Equity,2003:Q4,2006-09-08
3968 HK Equity,2003:Q3,2003-10-27
3968 HK Equity,2003:S1,2003-10-28
3968 HK Equity,2003:Q2,2003-10-28
3968 HK Equity,2003:Q1,2003-10-16
3968 HK Equity,2002:A,2006-09-08
3968 HK Equity,2002:S2,2006-09-08
3968 HK Equity,2002:Q4,2006-09-08
3968 HK Equity,2002:Q3,2002-11-05
3968 HK Equity,2002:S1,2002-08-17
3968 HK Equity,2002:Q2,2002-08-17
3968 HK Equity,2002:Q1,2002-04-26
3968 HK Equity,2001:S1,2002-08-19
3988 HK Equity,2026:S1,2026-08-28
3988 HK Equity,2026:C2,2026-08-28
3988 HK Equity,2026:Q2,2026-08-28
3988 HK Equity,2026:Q1,2026-04-29
3988 HK Equity,2025:A,2026-03-30
3988 HK Equity,2025:S2,2026-03-30
3988 HK Equity,2025:Q4,2026-03-30
3988 HK Equity,2025:C3,2025-10-28
3988 HK Equity,2025:Q3,2025-10-28
3988 HK Equity,2025:S1,2025-08-29
3988 HK Equity,2025:C2,2025-08-29
3988 HK Equity,2025:Q2,2025-08-29
3988 HK Equity,2025:Q1,2025-04-29
3988 HK Equity,2024:A,2025-03-26
3988 HK Equity,2024:S2,2025-03-26
3988 HK Equity,2024:Q4,2025-03-26
3988 HK Equity,2024:C3,2024-10-30
3988 HK Equity,2024:Q3,2024-10-30
3988 HK Equity,2024:S1,2024-08-29
3988 HK Equity,2024:C2,2024-08-29
3988 HK Equity,2024:Q2,2024-08-29
3988 HK Equity,2024:Q1,2024-04-29
3988 HK Equity,2023:A,2024-03-28
3988 HK Equity,2023:S2,2024-03-28
3988 HK Equity,2023:Q4,2024-03-28
3988 HK Equity,2023:C3,2023-10-30
3988 HK Equity,2023:Q3,2023-10-30
3988 HK Equity,2023:S1,2023-08-30
3988 HK Equity,2023:C2,2023-08-30
3988 HK Equity,2023:Q2,2023-08-30
3988 HK Equity,2023:Q1,2023-04-28
3988 HK Equity,2022:A,2023-03-30
3988 HK Equity,2022:S2,2023-03-30
3988 HK Equity,2022:Q4,2023-03-30
3988 HK Equity,2022:C3,2022-10-28
3988 HK Equity,2022:Q3,2022-10-28
3988 HK Equity,2022:S1,2022-08-30
3988 HK Equity,2022:C2,2022-08-30
3988 HK Equity,2022:Q2,2022-08-30
3988 HK Equity,2022:Q1,2022-04-29
3988 HK Equity,2021:A,2022-03-29
3988 HK Equity,2021:S2,2022-03-29
3988 HK Equity,2021:Q4,2022-03-29
3988 HK Equity,2021:C3,2021-10-29
3988 HK Equity,2021:Q3,2021-10-29
3988 HK Equity,2021:S1,2021-08-30
3988 HK Equity,2021:Q2,2021-08-30
3988 HK Equity,2021:Q1,2021-04-29
3988 HK Equity,2020:A,2021-03-30
3988 HK Equity,2020:S2,2021-03-30
3988 HK Equity,2020:Q4,2021-03-30
3988 HK Equity,2020:C3,2020-10-30
3988 HK Equity,2020:Q3,2020-10-30
3988 HK Equity,2020:S1,2020-08-30
3988 HK Equity,2020:Q2,2020-08-30
3988 HK Equity,2020:Q1,2020-04-29
3988 HK Equity,2019:A,2020-03-27
3988 HK Equity,2019:S2,2020-03-27
3988 HK Equity,2019:Q4,2020-03-27
3988 HK Equity,2019:C3,2019-10-30
3988 HK Equity,2019:Q3,2019-10-30
3988 HK Equity,2019:S1,2019-08-30
3988 HK Equity,2019:Q2,2019-08-30
3988 HK Equity,2019:Q1,2019-04-29
3988 HK Equity,2018:A,2019-03-29
3988 HK Equity,2018:S2,2019-03-29
3988 HK Equity,2018:Q4,2019-03-29
3988 HK Equity,2018:C3,2018-10-29
3988 HK Equity,2018:Q3,2018-10-29
3988 HK Equity,2018:S1,2018-08-28
3988 HK Equity,2018:Q2,2018-08-28
3988 HK Equity,2018:Q1,2018-04-27
3988 HK Equity,2017:A,2018-03-29
3988 HK Equity,2017:S2,2018-03-29
3988 HK Equity,2017:Q4,2018-03-29
3988 HK Equity,2017:C3,2017-10-30
3988 HK Equity,2017:Q3,2017-10-30
3988 HK Equity,2017:S1,2017-08-30
3988 HK Equity,2017:Q2,2017-08-30
3988 HK Equity,2017:Q1,2017-04-28
3988 HK Equity,2016:A,2017-03-31
3988 HK Equity,2016:S2,2017-03-31
3988 HK Equity,2016:Q4,2017-03-31
3988 HK Equity,2016:C3,2016-10-26
3988 HK Equity,2016:Q3,2016-10-26
3988 HK Equity,2016:S1,2016-08-30
3988 HK Equity,2016:Q2,2016-08-30
3988 HK Equity,2016:Q1,2016-04-26
3988 HK Equity,2015:A,2016-03-30
3988 HK Equity,2015:S2,2016-03-30
3988 HK Equity,2015:Q4,2016-03-30
3988 HK Equity,2015:Q3,2015-10-29
3988 HK Equity,2015:S1,2015-08-28
3988 HK Equity,2015:Q2,2015-08-28
3988 HK Equity,2015:Q1,2015-04-29
3988 HK Equity,2014:A,2015-03-25
3988 HK Equity,2014:S2,2015-03-25
3988 HK Equity,2014:Q4,2015-03-25
3988 HK Equity,2014:Q3,2014-10-30
3988 HK Equity,2014:S1,2014-08-19
3988 HK Equity,2014:Q2,2014-08-19
3988 HK Equity,2014:Q1,2014-04-24
3988 HK Equity,2013:A,2014-03-26
3988 HK Equity,2013:S2,2014-03-26
3988 HK Equity,2013:Q4,2014-03-26
3988 HK Equity,2013:Q3,2013-10-30
3988 HK Equity,2013:S1,2013-08-29
3988 HK Equity,2013:Q2,2013-08-29
3988 HK Equity,2013:Q1,2013-04-25
3988 HK Equity,2012:A,2013-03-26
3988 HK Equity,2012:S2,2013-03-26
3988 HK Equity,2012:Q4,2013-03-26
3988 HK Equity,2012:C3,2012-10-25
3988 HK Equity,2012:Q3,2012-10-25
3988 HK Equity,2012:S1,2012-08-23
3988 HK Equity,2012:Q2,2012-08-23
3988 HK Equity,2012:Q1,2012-04-26
3988 HK Equity,2011:A,2012-03-29
3988 HK Equity,2011:S2,2012-03-29
3988 HK Equity,2011:Q4,2012-03-29
3988 HK Equity,2011:C3,2011-10-26
3988 HK Equity,2011:Q3,2011-10-26
3988 HK Equity,2011:S1,2011-08-24
3988 HK Equity,2011:Q2,2011-08-24
3988 HK Equity,2011:Q1,2011-04-28
3988 HK Equity,2010:A,2011-03-24
3988 HK Equity,2010:S2,2011-03-24
3988 HK Equity,2010:Q4,2011-03-24
3988 HK Equity,2010:Q3,2010-10-27
3988 HK Equity,2010:S1,2010-08-26
3988 HK Equity,2010:Q2,2010-08-26
3988 HK Equity,2010:Q1,2010-04-27
3988 HK Equity,2009:A,2010-03-23
3988 HK Equity,2009:S2,2010-03-23
3988 HK Equity,2009:Q4,2010-03-23
3988 HK Equity,2009:Q3,2009-10-29
3988 HK Equity,2009:S1,2009-08-27
3988 HK Equity,2009:Q2,2009-08-27
3988 HK Equity,2009:Q1,2009-04-28
3988 HK Equity,2008:A,2009-03-24
3988 HK Equity,2008:S2,2009-03-24
3988 HK Equity,2008:Q4,2009-03-24
3988 HK Equity,2008:Q3,2008-10-29
3988 HK Equity,2008:S1,2008-08-28
3988 HK Equity,2008:Q2,2008-08-28
3988 HK Equity,2008:Q1,2008-04-29
3988 HK Equity,2007:A,2008-03-25
3988 HK Equity,2007:S2,2008-03-25
3988 HK Equity,2007:Q4,2008-03-25
3988 HK Equity,2007:Q3,2007-10-30
3988 HK Equity,2007:S1,2007-08-23
3988 HK Equity,2007:Q2,2007-08-23
3988 HK Equity,2007:Q1,2007-04-29
3988 HK Equity,2006:A,2007-03-22
3988 HK Equity,2006:S2,2007-03-22
3988 HK Equity,2006:Q4,2007-03-22
3988 HK Equity,2006:Q3,2006-10-30
3988 HK Equity,2006:S1,2006-08-29
3988 HK Equity,2005:A,2006-06-01
3993 HK Equity,2026:S1,2026-08-19
3993 HK Equity,2026:C2,2026-08-19
3993 HK Equity,2026:Q2,2026-08-19
3993 HK Equity,2026:Q1,2026-04-24
3993 HK Equity,2025:A,2026-03-27
3993 HK Equity,2025:S2,2026-03-27
3993 HK Equity,2025:Q4,2026-03-27
3993 HK Equity,2025:C3,2025-10-24
3993 HK Equity,2025:Q3,2025-10-24
3993 HK Equity,2025:S1,2025-08-22
3993 HK Equity,2025:C2,2025-08-22
3993 HK Equity,2025:Q2,2025-08-22
3993 HK Equity,2025:Q1,2025-04-25
3993 HK Equity,2024:A,2025-03-21
3993 HK Equity,2024:S2,2025-03-21
3993 HK Equity,2024:Q4,2025-03-21
3993 HK Equity,2024:C3,2024-10-28
3993 HK Equity,2024:Q3,2024-10-28
3993 HK Equity,2024:S1,2024-08-23
3993 HK Equity,2024:Q2,2024-08-23
3993 HK Equity,2024:Q1,2024-04-29
3993 HK Equity,2023:A,2024-03-22
3993 HK Equity,2023:S2,2024-03-22
3993 HK Equity,2023:Q4,2024-03-22
3993 HK Equity,2023:C3,2023-10-27
3993 HK Equity,2023:Q3,2023-10-27
3993 HK Equity,2023:S1,2023-08-25
3993 HK Equity,2023:C2,2023-08-25
3993 HK Equity,2023:Q2,2023-08-25
3993 HK Equity,2023:Q1,2023-04-28
3993 HK Equity,2022:A,2023-03-17
3993 HK Equity,2022:S2,2023-03-17
3993 HK Equity,2022:Q4,2023-03-17
3993 HK Equity,2022:C3,2022-10-23
3993 HK Equity,2022:Q3,2022-10-23
3993 HK Equity,2022:S1,2022-08-21
3993 HK Equity,2022:C2,2022-08-21
3993 HK Equity,2022:Q2,2022-08-21
3993 HK Equity,2022:Q1,2022-04-28
3993 HK Equity,2021:A,2022-03-18
3993 HK Equity,2021:S2,2022-03-18
3993 HK Equity,2021:Q4,2022-03-18
3993 HK Equity,2021:C3,2021-10-27
3993 HK Equity,2021:Q3,2021-10-27
3993 HK Equity,2021:S1,2021-08-20
3993 HK Equity,2021:C2,2021-08-20
3993 HK Equity,2021:Q2,2021-08-20
3993 HK Equity,2021:Q1,2021-04-27
3993 HK Equity,2020:A,2021-03-22
3993 HK Equity,2020:S2,2021-03-22
3993 HK Equity,2020:Q4,2021-03-22
3993 HK Equity,2020:C3,2020-10-28
3993 HK Equity,2020:Q3,2020-10-28
3993 HK Equity,2020:S1,2020-08-28
3993 HK Equity,2020:Q2,2020-08-28
3993 HK Equity,2020:Q1,2020-04-29
3993 HK Equity,2019:A,2020-03-29
3993 HK Equity,2019:S2,2020-03-29
3993 HK Equity,2019:Q4,2020-03-29
3993 HK Equity,2019:C3,2019-10-29
3993 HK Equity,2019:Q3,2019-10-29
3993 HK Equity,2019:S1,2019-08-27
3993 HK Equity,2019:C2,2019-08-27
3993 HK Equity,2019:Q2,2019-08-27
3993 HK Equity,2019:Q1,2019-04-30
3993 HK Equity,2018:A,2019-03-29
3993 HK Equity,2018:S2,2019-03-29
3993 HK Equity,2018:Q4,2019-03-29
3993 HK Equity,2018:C3,2018-10-29
3993 HK Equity,2018:Q3,2018-10-29
3993 HK Equity,2018:S1,2018-08-27
3993 HK Equity,2018:C2,2018-08-27
3993 HK Equity,2018:Q2,2018-08-27
3993 HK Equity,2018:Q1,2018-04-27
3993 HK Equity,2017:A,2018-03-29
3993 HK Equity,2017:S2,2018-03-29
3993 HK Equity,2017:Q4,2018-03-29
3993 HK Equity,2017:C3,2017-10-29
3993 HK Equity,2017:Q3,2017-10-29
3993 HK Equity,2017:S1,2017-08-27
3993 HK Equity,2017:Q2,2017-08-27
3993 HK Equity,2017:Q1,2017-04-27
3993 HK Equity,2016:A,2017-03-30
3993 HK Equity,2016:S2,2017-03-30
3993 HK Equity,2016:Q4,2017-03-30
3993 HK Equity,2016:C3,2016-10-28
3993 HK Equity,2016:Q3,2016-10-28
3993 HK Equity,2016:S1,2016-08-26
3993 HK Equity,2016:Q2,2016-08-26
3993 HK Equity,2016:Q1,2016-04-28
3993 HK Equity,2015:A,2016-03-24
3993 HK Equity,2015:S2,2016-03-24
3993 HK Equity,2015:Q4,2016-03-24
3993 HK Equity,2015:Q3,2015-10-29
3993 HK Equity,2015:S1,2015-08-30
3993 HK Equity,2015:C2,2015-08-28
3993 HK Equity,2015:Q2,2015-08-30
3993 HK Equity,2015:Q1,2015-04-27
3993 HK Equity,2014:A,2015-03-23
3993 HK Equity,2014:S2,2015-03-23
3993 HK Equity,2014:Q4,2015-03-23
3993 HK Equity,2014:C3,2014-10-27
3993 HK Equity,2014:Q3,2014-10-27
3993 HK Equity,2014:S1,2014-08-11
3993 HK Equity,2014:Q2,2014-08-11
3993 HK Equity,2014:Q1,2014-04-25
3993 HK Equity,2013:A,2014-02-26
3993 HK Equity,2013:S2,2014-02-26
3993 HK Equity,2013:Q4,2014-02-26
3993 HK Equity,2013:Q3,2013-10-14
3993 HK Equity,2013:S1,2013-08-22
3993 HK Equity,2013:Q2,2013-08-22
3993 HK Equity,2013:Q1,2013-04-26
3993 HK Equity,2012:A,2013-03-14
3993 HK Equity,2012:S2,2013-03-14
3993 HK Equity,2012:Q4,2013-03-14
3993 HK Equity,2012:Q3,2012-10-24
3993 HK Equity,2012:S1,2012-07-30
3993 HK Equity,2012:Q2,2012-07-30
3993 HK Equity,2012:Q1,2012-04-29
3993 HK Equity,2011:A,2012-02-14
3993 HK Equity,2011:S2,2012-02-14
3993 HK Equity,2011:S1,2011-08-21
3993 HK Equity,2010:A,2011-01-27
3993 HK Equity,2010:S2,2011-01-27
3993 HK Equity,2010:S1,2010-08-17
3993 HK Equity,2009:A,2010-03-21
3993 HK Equity,2009:S2,2010-03-21
3993 HK Equity,2009:S1,2009-08-17
3993 HK Equity,2008:A,2009-03-23
3993 HK Equity,2008:S2,2009-03-23
3993 HK Equity,2008:S1,2008-08-24
3993 HK Equity,2007:A,2008-03-31
3993 HK Equity,2007:S2,2008-03-31
3993 HK Equity,2007:S1,2007-08-22
3993 HK Equity,2006:A,2007-04-23
3993 HK Equity,2005:A,2007-04-23
3993 HK Equity,2004:A,2007-04-23
5 HK Equity,2026:S1,2026-08-04
5 HK Equity,2026:Q2,2026-08-04
5 HK Equity,2026:Q1,2026-05-05
5 HK Equity,2025:A,2026-02-25
5 HK Equity,2025:S2,2026-02-25
5 HK Equity,2025:Q4,2026-02-25
5 HK Equity,2025:Q3,2025-10-28
5 HK Equity,2025:S1,2025-07-30
5 HK Equity,2025:Q2,2025-07-30
5 HK Equity,2025:Q1,2025-04-29
5 HK Equity,2024:A,2025-02-19
5 HK Equity,2024:S2,2025-02-19
5 HK Equity,2024:Q4,2025-02-19
5 HK Equity,2024:Q3,2024-10-29
5 HK Equity,2024:S1,2024-07-31
5 HK Equity,2024:Q2,2024-07-31
5 HK Equity,2024:Q1,2024-04-30
5 HK Equity,2023:A,2024-02-21
5 HK Equity,2023:S2,2024-02-21
5 HK Equity,2023:Q4,2024-02-21
5 HK Equity,2023:Q3,2023-10-30
5 HK Equity,2023:S1,2023-08-01
5 HK Equity,2023:Q2,2023-08-01
5 HK Equity,2023:Q1,2023-05-02
5 HK Equity,2022:A,2023-02-21
5 HK Equity,2022:S2,2023-02-21
5 HK Equity,2022:Q4,2023-02-21
5 HK Equity,2022:Q3,2022-10-25
5 HK Equity,2022:S1,2022-08-01
5 HK Equity,2022:Q2,2022-08-01
5 HK Equity,2022:Q1,2022-04-26
5 HK Equity,2021:A,2022-02-21
5 HK Equity,2021:S2,2022-02-21
5 HK Equity,2021:Q4,2022-02-21
5 HK Equity,2021:Q3,2021-10-25
5 HK Equity,2021:S1,2021-08-02
5 HK Equity,2021:Q2,2021-08-02
5 HK Equity,2021:Q1,2021-04-27
5 HK Equity,2020:A,2021-02-22
5 HK Equity,2020:S2,2021-02-22
5 HK Equity,2020:Q4,2021-02-22
5 HK Equity,2020:Q3,2020-10-27
5 HK Equity,2020:S1,2020-08-03
5 HK Equity,2020:Q2,2020-08-03
5 HK Equity,2020:Q1,2020-04-28
5 HK Equity,2019:A,2020-02-18
5 HK Equity,2019:S2,2020-02-18
5 HK Equity,2019:Q4,2020-02-18
5 HK Equity,2019:Q3,2019-10-28
5 HK Equity,2019:S1,2019-08-04
5 HK Equity,2019:Q2,2019-08-04
5 HK Equity,2019:Q1,2019-05-03
5 HK Equity,2018:A,2019-02-18
5 HK Equity,2018:S2,2019-02-18
5 HK Equity,2018:Q4,2019-02-18
5 HK Equity,2018:Q3,2018-10-29
5 HK Equity,2018:S1,2018-08-06
5 HK Equity,2018:Q2,2018-08-06
5 HK Equity,2018:Q1,2018-05-04
5 HK Equity,2017:A,2018-02-20
5 HK Equity,2017:S2,2018-02-20
5 HK Equity,2017:Q4,2018-02-20
5 HK Equity,2017:Q3,2017-10-30
5 HK Equity,2017:S1,2017-07-31
5 HK Equity,2017:Q2,2017-07-31
5 HK Equity,2017:Q1,2017-05-04
5 HK Equity,2016:A,2017-02-21
5 HK Equity,2016:S2,2017-02-21
5 HK Equity,2016:Q4,2017-02-21
5 HK Equity,2016:Q3,2016-11-07
5 HK Equity,2016:S1,2016-08-03
5 HK Equity,2016:Q2,2016-08-03
5 HK Equity,2016:Q1,2016-05-03
5 HK Equity,2015:A,2016-02-22
5 HK Equity,2015:S2,2016-02-22
5 HK Equity,2015:Q4,2016-02-22
5 HK Equity,2015:Q3,2015-11-02
5 HK Equity,2015:S1,2015-08-03
5 HK Equity,2015:Q2,2015-08-03
5 HK Equity,2015:Q1,2015-05-05
5 HK Equity,2014:A,2015-02-23
5 HK Equity,2014:S2,2015-02-23
5 HK Equity,2014:Q4,2015-02-23
5 HK Equity,2014:Q3,2014-11-03
5 HK Equity,2014:S1,2014-08-04
5 HK Equity,2014:Q2,2014-08-04
5 HK Equity,2014:Q1,2014-05-07
5 HK Equity,2013:A,2014-02-24
5 HK Equity,2013:S2,2014-02-24
5 HK Equity,2013:Q4,2014-02-24
5 HK Equity,2013:Q3,2013-11-04
5 HK Equity,2013:S1,2013-08-05
5 HK Equity,2013:Q2,2013-08-05
5 HK Equity,2013:Q1,2013-05-07
5 HK Equity,2012:A,2013-03-04
5 HK Equity,2012:S2,2013-03-04
5 HK Equity,2012:Q4,2013-03-04
5 HK Equity,2012:Q3,2012-11-05
5 HK Equity,2012:S1,2012-07-30
5 HK Equity,2012:Q2,2012-07-30
5 HK Equity,2012:Q1,2012-05-08
5 HK Equity,2011:A,2012-02-27
5 HK Equity,2011:S2,2012-02-27
5 HK Equity,2011:Q4,2012-02-27
5 HK Equity,2011:Q3,2011-11-09
5 HK Equity,2011:S1,2011-08-01
5 HK Equity,2011:Q2,2011-08-01
5 HK Equity,2011:Q1,2011-05-09
5 HK Equity,2010:A,2011-02-28
5 HK Equity,2010:S2,2011-02-28
5 HK Equity,2010:Q4,2011-02-28
5 HK Equity,2010:Q3,2011-05-04
5 HK Equity,2010:S1,2010-08-02
5 HK Equity,2010:Q2,2010-08-02
5 HK Equity,2010:Q1,2010-05-09
5 HK Equity,2009:A,2010-03-01
5 HK Equity,2009:S2,2010-03-01
5 HK Equity,2009:Q4,2010-03-01
5 HK Equity,2009:Q3,2009-09-30
5 HK Equity,2009:S1,2009-08-03
5 HK Equity,2009:Q2,2009-08-03
5 HK Equity,2008:A,2009-03-02
5 HK Equity,2008:S2,2009-03-02
5 HK Equity,2008:Q4,2009-03-02
5 HK Equity,2008:S1,2008-08-04
5 HK Equity,2008:Q2,2008-08-04
5 HK Equity,2007:A,2008-03-03
5 HK Equity,2007:S2,2008-03-03
5 HK Equity,2007:Q4,2008-03-03
5 HK Equity,2007:S1,2007-07-30
5 HK Equity,2007:Q2,2007-07-30
5 HK Equity,2007:Q1,2007-03-31
5 HK Equity,2006:A,2007-03-05
5 HK Equity,2006:S2,2007-03-05
5 HK Equity,2006:Q4,2006-12-31
5 HK Equity,2006:S1,2006-07-31
5 HK Equity,2006:Q1,2006-03-31
5 HK Equity,2005:A,2006-03-06
5 HK Equity,2005:S2,2006-03-06
5 HK Equity,2005:Q4,2005-12-31
5 HK Equity,2005:Q3,2005-09-30
5 HK Equity,2005:S1,2005-08-01
5 HK Equity,2005:Q2,2005-06-30
5 HK Equity,2005:Q1,2005-03-31
5 HK Equity,2004:A,2005-02-28
5 HK Equity,2004:S2,2005-02-28
5 HK Equity,2004:Q4,2004-12-31
5 HK Equity,2004:Q3,2004-09-30
5 HK Equity,2004:S1,2004-08-02
5 HK Equity,2004:Q2,2004-06-30
5 HK Equity,2004:Q1,2004-03-31
5 HK Equity,2003:A,2004-03-01
5 HK Equity,2003:S2,2004-03-01
5 HK Equity,2003:Q4,2003-12-31
5 HK Equity,2003:Q3,2003-09-30
5 HK Equity,2003:S1,2003-08-05
5 HK Equity,2003:Q2,2003-06-30
5 HK Equity,2003:Q1,2003-03-31
5 HK Equity,2002:A,2003-03-03
5 HK Equity,2002:S2,2003-03-03
5 HK Equity,2002:Q4,2002-12-31
5 HK Equity,2002:Q3,2002-09-30
5 HK Equity,2002:S1,2002-08-05
5 HK Equity,2002:Q2,2002-06-30
5 HK Equity,2002:Q1,2002-03-31
5 HK Equity,2001:A,2002-03-04
5 HK Equity,2001:S2,2002-03-04
5 HK Equity,2001:Q4,2001-12-31
5 HK Equity,2001:Q3,2001-09-30
5 HK Equity,2001:S1,2001-08-06
5 HK Equity,2001:Q2,2001-06-30
5 HK Equity,2001:Q1,2001-03-31
5 HK Equity,2000:A,2001-02-26
5 HK Equity,2000:S2,2001-02-26
5 HK Equity,2000:Q4,2000-12-31
5 HK Equity,2000:S1,2000-07-31
5 HK Equity,1999:A,2000-02-28
5 HK Equity,1999:S2,2000-02-28
5 HK Equity,1999:Q4,1999-12-31
5 HK Equity,1999:S1,1999-08-02
5 HK Equity,1998:A,1999-02-22
5 HK Equity,1998:S2,1999-02-22
5 HK Equity,1998:Q4,1998-12-31
5 HK Equity,1998:S1,1998-08-03
5 HK Equity,1997:A,1998-02-23
5 HK Equity,1997:S2,1998-02-23
5 HK Equity,1997:Q4,1997-12-31
5 HK Equity,1997:S1,1997-08-04
5 HK Equity,1996:A,1997-03-03
5 HK Equity,1996:Q4,1996-12-31
5 HK Equity,1995:A,1996-02-26
5 HK Equity,1995:Q4,1995-12-31
5 HK Equity,1994:A,1995-02-27
5 HK Equity,1994:Q4,1994-12-31
6 HK Equity,2026:S1,2026-08-12
6 HK Equity,2025:A,2026-03-18
6 HK Equity,2025:S2,2026-03-18
6 HK Equity,2025:S1,2025-08-13
6 HK Equity,2024:A,2025-03-19
6 HK Equity,2024:S2,2025-03-19
6 HK Equity,2024:S1,2024-08-14
6 HK Equity,2023:A,2024-03-20
6 HK Equity,2023:S2,2024-03-20
6 HK Equity,2023:S1,2023-08-02
6 HK Equity,2022:A,2023-03-15
6 HK Equity,2022:S2,2023-03-15
6 HK Equity,2022:S1,2022-08-03
6 HK Equity,2021:A,2022-03-16
6 HK Equity,2021:S2,2022-03-16
6 HK Equity,2021:S1,2021-08-04
6 HK Equity,2020:A,2021-03-17
6 HK Equity,2020:S2,2021-03-17
6 HK Equity,2020:S1,2020-08-05
6 HK Equity,2019:A,2020-03-18
6 HK Equity,2019:S2,2020-03-18
6 HK Equity,2019:S1,2019-07-31
6 HK Equity,2018:A,2019-03-20
6 HK Equity,2018:S2,2019-03-20
6 HK Equity,2018:S1,2018-07-26
6 HK Equity,2017:A,2018-03-16
6 HK Equity,2017:S2,2018-03-16
6 HK Equity,2017:S1,2017-07-20
6 HK Equity,2016:A,2017-03-21
6 HK Equity,2016:S2,2017-03-21
6 HK Equity,2016:S1,2016-07-28
6 HK Equity,2015:A,2016-03-16
6 HK Equity,2015:S2,2016-03-16
6 HK Equity,2015:S1,2015-07-23
6 HK Equity,2014:A,2015-02-24
6 HK Equity,2014:S2,2015-02-24
6 HK Equity,2014:S1,2014-07-24
6 HK Equity,2013:A,2014-02-25
6 HK Equity,2013:S2,2014-02-25
6 HK Equity,2013:S1,2013-07-24
6 HK Equity,2012:A,2013-03-06
6 HK Equity,2012:S2,2013-03-06
6 HK Equity,2012:S1,2012-07-19
6 HK Equity,2011:A,2012-03-07
6 HK Equity,2011:S2,2012-03-07
6 HK Equity,2011:S1,2011-07-27
6 HK Equity,2010:A,2011-03-02
6 HK Equity,2010:S2,2011-03-02
6 HK Equity,2010:S1,2010-07-28
6 HK Equity,2009:A,2010-03-02
6 HK Equity,2009:S2,2010-03-03
6 HK Equity,2009:S1,2009-08-05
6 HK Equity,2008:A,2009-03-17
6 HK Equity,2008:S2,2009-03-17
6 HK Equity,2008:S1,2008-08-05
6 HK Equity,2007:A,2008-03-06
6 HK Equity,2007:S2,2008-03-06
6 HK Equity,2007:S1,2007-08-09
6 HK Equity,2006:A,2007-03-08
6 HK Equity,2006:S2,2007-03-08
6 HK Equity,2006:S1,2006-08-10
6 HK Equity,2005:A,2006-03-29
6 HK Equity,2005:S2,2006-03-29
6 HK Equity,2005:S1,2005-08-11
6 HK Equity,2004:A,2005-03-10
6 HK Equity,2004:S2,2005-03-10
6 HK Equity,2004:S1,2004-08-05
6 HK Equity,2003:A,2004-03-04
6 HK Equity,2003:S2,2004-03-04
6 HK Equity,2003:S1,2003-08-07
6 HK Equity,2002:A,2003-03-06
6 HK Equity,2002:S2,2003-03-06
6 HK Equity,2002:S1,2002-08-08
6 HK Equity,2001:A,2002-03-07
6 HK Equity,2001:S2,2002-03-07
6 HK Equity,2001:S1,2001-08-10
6 HK Equity,2000:A,2001-03-08
6 HK Equity,2000:S2,2001-03-08
6 HK Equity,2000:S1,2000-08-10
6 HK Equity,1999:A,2000-03-09
6 HK Equity,1999:S2,2000-03-09
6 HK Equity,1999:S1,1999-08-12
6 HK Equity,1998:A,1999-03-11
6 HK Equity,1998:S2,1999-03-11
6 HK Equity,1998:S1,1998-08-13
6 HK Equity,1997:A,1998-03-12
6 HK Equity,1996:A,1997-03-13
6 HK Equity,1995:A,1996-03-07
6160 HK Equity,2026:S1,2026-08-05
6160 HK Equity,2026:C2,2026-08-05
6160 HK Equity,2026:Q2,2026-08-05
6160 HK Equity,2026:Q1,2026-05-06
6160 HK Equity,2025:A,2026-02-26
6160 HK Equity,2025:S2,2026-02-26
6160 HK Equity,2025:Q4,2026-02-26
6160 HK Equity,2025:C3,2025-11-06
6160 HK Equity,2025:Q3,2025-11-06
6160 HK Equity,2025:S1,2025-08-06
6160 HK Equity,2025:C2,2025-08-06
6160 HK Equity,2025:Q2,2025-08-06
6160 HK Equity,2025:Q1,2025-05-07
6160 HK Equity,2024:A,2025-02-27
6160 HK Equity,2024:S2,2025-02-27
6160 HK Equity,2024:Q4,2025-02-27
6160 HK Equity,2024:C3,2024-11-12
6160 HK Equity,2024:Q3,2024-11-12
6160 HK Equity,2024:S1,2024-08-07
6160 HK Equity,2024:C2,2024-08-07
6160 HK Equity,2024:Q2,2024-08-07
6160 HK Equity,2024:Q1,2024-05-08
6160 HK Equity,2023:A,2024-02-26
6160 HK Equity,2023:S2,2024-02-26
6160 HK Equity,2023:Q4,2024-02-26
6160 HK Equity,2023:C3,2023-11-09
6160 HK Equity,2023:Q3,2023-11-09
6160 HK Equity,2023:S1,2023-08-02
6160 HK Equity,2023:C2,2023-08-02
6160 HK Equity,2023:Q2,2023-08-02
6160 HK Equity,2023:Q1,2023-05-04
6160 HK Equity,2022:A,2023-02-27
6160 HK Equity,2022:S2,2023-02-27
6160 HK Equity,2022:Q4,2023-02-27
6160 HK Equity,2022:C3,2022-11-09
6160 HK Equity,2022:Q3,2022-11-09
6160 HK Equity,2022:S1,2022-08-04
6160 HK Equity,2022:C2,2022-08-04
6160 HK Equity,2022:Q2,2022-08-04
6160 HK Equity,2022:Q1,2022-05-05
6160 HK Equity,2021:A,2022-02-25
6160 HK Equity,2021:S2,2022-02-25
6160 HK Equity,2021:Q4,2022-02-25
6160 HK Equity,2021:C3,2021-11-04
6160 HK Equity,2021:Q3,2021-11-04
6160 HK Equity,2021:S1,2021-08-05
6160 HK Equity,2021:C2,2021-08-05
6160 HK Equity,2021:Q2,2021-08-05
6160 HK Equity,2021:Q1,2021-05-07
6160 HK Equity,2020:A,2021-02-26
6160 HK Equity,2020:S2,2021-02-26
6160 HK Equity,2020:Q4,2021-02-26
6160 HK Equity,2020:Q3,2020-11-05
6160 HK Equity,2020:S1,2020-08-07
6160 HK Equity,2020:Q2,2020-08-07
6160 HK Equity,2020:Q1,2020-05-11
6160 HK Equity,2019:A,2020-03-02
6160 HK Equity,2019:S2,2020-03-02
6160 HK Equity,2019:Q4,2020-03-02
6160 HK Equity,2019:Q3,2019-11-13
6160 HK Equity,2019:S1,2019-08-08
6160 HK Equity,2019:Q2,2019-08-08
6160 HK Equity,2019:Q1,2019-05-10
6160 HK Equity,2018:A,2019-02-27
6160 HK Equity,2018:S2,2019-02-27
6160 HK Equity,2018:Q4,2019-02-27
6160 HK Equity,2018:Q3,2018-11-09
6160 HK Equity,2018:S1,2018-08-09
6160 HK Equity,2018:Q2,2018-08-09
6160 HK Equity,2018:Q1,2018-05-09
6160 HK Equity,2017:A,2018-02-28
6160 HK Equity,2017:S2,2018-02-28
6160 HK Equity,2017:Q4,2018-02-28
6160 HK Equity,2017:Q3,2017-11-13
6160 HK Equity,2017:S1,2017-08-09
6160 HK Equity,2017:Q2,2017-08-09
6160 HK Equity,2017:Q1,2017-05-10
6160 HK Equity,2016:A,2017-03-22
6160 HK Equity,2016:Q4,2017-03-22
6160 HK Equity,2016:Q3,2016-11-10
6160 HK Equity,2016:Q2,2016-08-10
6160 HK Equity,2016:Q1,2016-05-12
6160 HK Equity,2015:A,2016-03-30
6160 HK Equity,2015:Q4,2016-03-30
6160 HK Equity,2015:Q3,2015-12-09
6160 HK Equity,2015:Q2,2015-10-16
6160 HK Equity,2014:A,2015-12-09
6160 HK Equity,2013:A,2015-12-09
6181 HK Equity,2026:S1,2026-08-25
6181 HK Equity,2026:C2,2026-08-25
6181 HK Equity,2025:A,2026-03-23
6181 HK Equity,2025:S2,2026-03-23
6181 HK Equity,2025:S1,2025-08-20
6181 HK Equity,2025:C2,2025-08-20
6181 HK Equity,2024:A,2025-03-24
6181 HK Equity,2024:S2,2025-03-24
6181 HK Equity,2024:S1,2024-08-30
6181 HK Equity,2024:C2,2024-08-30
6181 HK Equity,2023:A,2024-06-20
6181 HK Equity,2022:A,2024-06-20
6181 HK Equity,2021:A,2024-06-20
6181 HK Equity,2019:A,2020-06-24
6181 HK Equity,2018:A,2020-06-24
6181 HK Equity,2017:A,2020-06-24
66 HK Equity,2026:S1,2026-08-13
66 HK Equity,2025:A,2026-03-12
66 HK Equity,2025:S2,2026-03-12
66 HK Equity,2025:S1,2025-08-14
66 HK Equity,2024:A,2025-03-06
66 HK Equity,2024:S2,2025-03-06
66 HK Equity,2024:S1,2024-08-15
66 HK Equity,2023:A,2024-03-07
66 HK Equity,2023:S2,2024-03-07
66 HK Equity,2023:S1,2023-08-10
66 HK Equity,2022:A,2023-03-09
66 HK Equity,2022:S2,2023-03-09
66 HK Equity,2022:S1,2022-08-11
66 HK Equity,2021:A,2022-03-10
66 HK Equity,2021:S2,2022-03-10
66 HK Equity,2021:S1,2021-08-12
66 HK Equity,2020:A,2021-03-11
66 HK Equity,2020:S2,2021-03-11
66 HK Equity,2020:S1,2020-08-06
66 HK Equity,2019:A,2020-03-05
66 HK Equity,2019:S2,2020-03-05
66 HK Equity,2019:S1,2019-08-08
66 HK Equity,2018:A,2019-03-07
66 HK Equity,2018:S2,2019-03-07
66 HK Equity,2018:S1,2018-08-09
66 HK Equity,2017:A,2018-03-08
66 HK Equity,2017:S2,2018-03-08
66 HK Equity,2017:S1,2017-08-10
66 HK Equity,2016:A,2017-03-07
66 HK Equity,2016:S2,2017-03-07
66 HK Equity,2016:S1,2016-08-09
66 HK Equity,2015:A,2016-03-11
66 HK Equity,2015:S2,2016-03-11
66 HK Equity,2015:S1,2015-08-13
66 HK Equity,2014:A,2015-03-16
66 HK Equity,2014:S2,2015-03-16
66 HK Equity,2014:S1,2014-08-25
66 HK Equity,2013:A,2014-03-11
66 HK Equity,2013:S2,2014-03-11
66 HK Equity,2013:S1,2013-08-26
66 HK Equity,2012:A,2013-03-11
66 HK Equity,2012:S2,2013-03-11
66 HK Equity,2012:S1,2012-08-13
66 HK Equity,2011:A,2012-03-28
66 HK Equity,2011:S2,2012-03-28
66 HK Equity,2011:S1,2011-08-11
66 HK Equity,2010:A,2011-03-03
66 HK Equity,2010:S2,2011-03-03
66 HK Equity,2010:S1,2010-08-12
66 HK Equity,2009:A,2010-03-09
66 HK Equity,2009:S2,2010-03-09
66 HK Equity,2009:S1,2009-08-11
66 HK Equity,2008:A,2009-03-10
66 HK Equity,2008:S2,2009-03-10
66 HK Equity,2008:S1,2008-08-05
66 HK Equity,2007:A,2008-03-11
66 HK Equity,2007:S2,2008-03-11
66 HK Equity,2007:S1,2007-08-07
66 HK Equity,2006:A,2007-03-13
66 HK Equity,2006:S2,2007-03-13
66 HK Equity,2006:S1,2006-08-10
66 HK Equity,2005:A,2006-04-30
66 HK Equity,2005:S2,2006-04-30
66 HK Equity,2005:S1,2005-08-02
66 HK Equity,2004:A,2005-03-01
66 HK Equity,2004:S2,2005-04-30
66 HK Equity,2004:S1,2004-08-03
66 HK Equity,2003:A,2004-03-02
66 HK Equity,2003:S2,2004-03-02
66 HK Equity,2003:S1,2003-07-31
66 HK Equity,2002:A,2003-03-06
66 HK Equity,2002:S2,2003-03-20
66 HK Equity,2002:S1,2002-08-01
66 HK Equity,2001:A,2002-02-28
66 HK Equity,2001:S2,2002-02-28
66 HK Equity,2001:S1,2006-04-25
66 HK Equity,2000:A,2001-03-01
66 HK Equity,2000:S2,2001-03-01
66 HK Equity,2000:S1,2010-09-30
66 HK Equity,1999:A,2000-09-25
66 HK Equity,1998:A,2000-09-25
66 HK Equity,1997:A,2000-09-25
6618 HK Equity,2026:S1,2026-08-13
6618 HK Equity,2025:A,2026-03-05
6618 HK Equity,2025:S2,2026-03-05
6618 HK Equity,2025:S1,2025-08-14
6618 HK Equity,2024:A,2025-03-06
6618 HK Equity,2024:S2,2025-03-06
6618 HK Equity,2024:S1,2024-08-15
6618 HK Equity,2023:A,2024-03-20
6618 HK Equity,2023:S2,2024-03-20
6618 HK Equity,2023:S1,2023-08-16
6618 HK Equity,2022:A,2023-03-22
6618 HK Equity,2022:S2,2023-03-22
6618 HK Equity,2022:S1,2022-08-23
6618 HK Equity,2021:A,2022-03-28
6618 HK Equity,2021:S2,2022-03-28
6618 HK Equity,2021:S1,2021-08-24
6618 HK Equity,2020:A,2021-03-29
6618 HK Equity,2020:S2,2021-03-29
6618 HK Equity,2020:S1,2020-07-01
6618 HK Equity,2019:A,2020-11-26
6618 HK Equity,2019:S2,2020-11-26
6618 HK Equity,2019:S1,2020-11-26
6618 HK Equity,2018:A,2020-11-26
6618 HK Equity,2017:A,2017-12-31
669 HK Equity,2026:S1,2026-08-04
669 HK Equity,2025:A,2026-03-03
669 HK Equity,2025:S2,2026-03-03
669 HK Equity,2025:S1,2025-08-05
669 HK Equity,2024:A,2025-03-04
669 HK Equity,2024:S2,2025-03-04
669 HK Equity,2024:S1,2024-08-06
669 HK Equity,2023:A,2024-03-06
669 HK Equity,2023:S2,2024-03-06
669 HK Equity,2023:S1,2023-08-09
669 HK Equity,2022:A,2023-03-01
669 HK Equity,2022:S2,2023-03-01
669 HK Equity,2022:S1,2022-08-10
669 HK Equity,2021:A,2022-03-02
669 HK Equity,2021:S2,2022-03-02
669 HK Equity,2021:S1,2021-08-11
669 HK Equity,2020:A,2021-03-03
669 HK Equity,2020:S2,2021-03-03
669 HK Equity,2020:S1,2020-08-12
669 HK Equity,2019:A,2020-03-04
669 HK Equity,2019:S2,2020-03-04
669 HK Equity,2019:S1,2019-08-14
669 HK Equity,2018:A,2019-03-06
669 HK Equity,2018:S2,2019-03-06
669 HK Equity,2018:S1,2018-08-15
669 HK Equity,2017:A,2018-03-13
669 HK Equity,2017:S2,2018-03-13
669 HK Equity,2017:S1,2017-08-16
669 HK Equity,2016:A,2017-03-14
669 HK Equity,2016:S2,2017-03-14
669 HK Equity,2016:S1,2016-08-17
669 HK Equity,2015:A,2016-03-15
669 HK Equity,2015:S2,2016-03-15
669 HK Equity,2015:S1,2015-08-19
669 HK Equity,2014:A,2015-03-18
669 HK Equity,2014:S2,2015-03-18
669 HK Equity,2014:S1,2014-08-20
669 HK Equity,2013:A,2014-03-19
669 HK Equity,2013:S2,2014-03-19
669 HK Equity,2013:S1,2013-08-21
669 HK Equity,2012:A,2013-03-21
669 HK Equity,2012:S2,2013-03-21
669 HK Equity,2012:S1,2012-08-16
669 HK Equity,2011:A,2012-03-22
669 HK Equity,2011:S2,2012-03-22
669 HK Equity,2011:S1,2011-08-18
669 HK Equity,2010:A,2011-03-24
669 HK Equity,2010:S2,2011-03-24
669 HK Equity,2010:S1,2010-08-19
669 HK Equity,2009:A,2010-04-16
669 HK Equity,2009:S2,2010-04-16
669 HK Equity,2009:S1,2009-08-27
669 HK Equity,2008:A,2009-04-22
669 HK Equity,2008:S2,2009-04-22
669 HK Equity,2008:S1,2008-08-21
669 HK Equity,2007:A,2008-04-16
669 HK Equity,2007:S2,2008-04-16
669 HK Equity,2007:S1,2007-08-21
669 HK Equity,2006:A,2007-04-18
669 HK Equity,2006:S2,2007-04-18
669 HK Equity,2006:S1,2006-08-22
669 HK Equity,2005:A,2006-04-12
669 HK Equity,2005:S2,2006-04-12
669 HK Equity,2005:S1,2005-08-18
669 HK Equity,2004:A,2005-04-07
669 HK Equity,2004:S2,2005-04-07
669 HK Equity,2004:S1,2004-08-12
669 HK Equity,2003:A,2004-04-07
669 HK Equity,2003:S2,2004-04-07
669 HK Equity,2003:S1,2003-08-18
669 HK Equity,2002:A,2003-04-15
669 HK Equity,2002:S2,2003-04-16
669 HK Equity,2002:S1,2002-08-08
669 HK Equity,2001:A,2002-04-23
669 HK Equity,2001:S2,2002-04-23
669 HK Equity,2001:S1,2001-09-03
669 HK Equity,2000:A,2001-04-02
669 HK Equity,2000:S2,2001-04-02
669 HK Equity,2000:S1,2001-09-03
669 HK Equity,1999:A,2000-05-08
669 HK Equity,1999:S2,2000-05-08
669 HK Equity,1999:S1,1999-09-20
669 HK Equity,1998:A,1999-05-07
669 HK Equity,1998:S2,1999-05-07
669 HK Equity,1998:S1,1998-09-10
669 HK Equity,1997:A,1998-05-01
669 HK Equity,1996:A,1997-05-08
669 HK Equity,1996:S2,1997-05-08
669 HK Equity,1995:A,1996-05-16
669 HK Equity,1995:S2,1996-05-16
669 HK Equity,1992:A,1993-03-31
669 HK Equity,1991:A,1992-03-31
6690 HK Equity,2026:S1,2026-08-27
6690 HK Equity,2026:C2,2026-08-27
6690 HK Equity,2026:Q2,2026-08-27
6690 HK Equity,2026:Q1,2026-04-27
6690 HK Equity,2025:A,2026-03-26
6690 HK Equity,2025:S2,2026-03-26
6690 HK Equity,2025:Q4,2026-03-26
6690 HK Equity,2025:C3,2025-10-30
6690 HK Equity,2025:Q3,2025-10-30
6690 HK Equity,2025:S1,2025-08-28
6690 HK Equity,2025:Q2,2025-08-28
6690 HK Equity,2025:Q1,2025-04-29
6690 HK Equity,2024:A,2025-03-27
6690 HK Equity,2024:S2,2025-03-27
6690 HK Equity,2024:Q4,2025-03-27
6690 HK Equity,2024:C3,2024-10-29
6690 HK Equity,2024:Q3,2024-10-29
6690 HK Equity,2024:S1,2024-08-27
6690 HK Equity,2024:C2,2024-08-27
6690 HK Equity,2024:Q2,2024-08-27
6690 HK Equity,2024:Q1,2024-04-29
6690 HK Equity,2023:A,2024-03-27
6690 HK Equity,2023:S2,2024-03-27
6690 HK Equity,2023:Q4,2024-03-27
6690 HK Equity,2023:C3,2023-10-30
6690 HK Equity,2023:Q3,2023-10-30
6690 HK Equity,2023:S1,2023-08-30
6690 HK Equity,2023:Q2,2023-08-30
6690 HK Equity,2023:Q1,2023-04-27
6690 HK Equity,2022:A,2023-03-30
6690 HK Equity,2022:S2,2023-03-30
6690 HK Equity,2022:Q4,2023-03-30
6690 HK Equity,2022:C3,2022-10-30
6690 HK Equity,2022:Q3,2022-10-30
6690 HK Equity,2022:S1,2022-08-29
6690 HK Equity,2022:Q2,2022-08-29
6690 HK Equity,2022:Q1,2022-04-28
6690 HK Equity,2021:A,2022-03-30
6690 HK Equity,2021:S2,2022-03-30
6690 HK Equity,2021:Q4,2022-03-30
6690 HK Equity,2021:C3,2021-10-29
6690 HK Equity,2021:Q3,2021-10-29
6690 HK Equity,2021:S1,2021-08-30
6690 HK Equity,2021:Q2,2021-08-30
6690 HK Equity,2021:Q1,2021-04-29
6690 HK Equity,2020:A,2021-03-30
6690 HK Equity,2020:S2,2021-03-30
6690 HK Equity,2020:Q4,2021-03-30
6690 HK Equity,2020:C3,2020-10-29
6690 HK Equity,2020:Q3,2020-10-29
6690 HK Equity,2020:S1,2020-08-28
6690 HK Equity,2020:Q2,2020-08-28
6690 HK Equity,2020:Q1,2020-04-29
6690 HK Equity,2019:A,2020-04-29
6690 HK Equity,2019:S2,2020-04-29
6690 HK Equity,2019:Q4,2020-04-29
6690 HK Equity,2019:C3,2019-10-30
6690 HK Equity,2019:Q3,2019-10-30
6690 HK Equity,2019:S1,2019-08-29
6690 HK Equity,2019:Q2,2019-08-29
6690 HK Equity,2019:Q1,2019-04-29
6690 HK Equity,2018:A,2019-04-30
6690 HK Equity,2018:S2,2019-04-30
6690 HK Equity,2018:Q4,2019-04-30
6690 HK Equity,2018:C3,2018-10-30
6690 HK Equity,2018:Q3,2018-10-30
6690 HK Equity,2018:S1,2018-08-30
6690 HK Equity,2018:Q2,2018-08-30
6690 HK Equity,2018:Q1,2018-04-25
6690 HK Equity,2017:A,2018-04-25
6690 HK Equity,2017:S2,2018-04-25
6690 HK Equity,2017:Q4,2018-04-25
6690 HK Equity,2017:C3,2017-10-30
6690 HK Equity,2017:Q3,2017-10-30
6690 HK Equity,2017:S1,2017-08-25
6690 HK Equity,2017:Q2,2017-08-25
6690 HK Equity,2017:Q1,2017-04-28
6690 HK Equity,2016:A,2017-04-30
6690 HK Equity,2016:S2,2017-04-30
6690 HK Equity,2016:Q4,2017-04-30
6690 HK Equity,2016:C3,2016-10-28
6690 HK Equity,2016:Q3,2016-10-28
6690 HK Equity,2016:S1,2016-08-30
6690 HK Equity,2016:Q2,2016-08-30
6690 HK Equity,2016:Q1,2016-04-28
6690 HK Equity,2015:A,2016-04-28
6690 HK Equity,2015:S2,2016-04-28
6690 HK Equity,2015:Q4,2016-04-28
6690 HK Equity,2015:C3,2015-10-30
6690 HK Equity,2015:Q3,2015-10-30
6690 HK Equity,2015:S1,2015-08-29
6690 HK Equity,2015:C2,2015-08-29
6690 HK Equity,2015:Q2,2015-08-29
6690 HK Equity,2015:Q1,2015-04-29
6690 HK Equity,2014:A,2015-03-30
6690 HK Equity,2014:S2,2015-03-30
6690 HK Equity,2014:Q4,2015-03-30
6690 HK Equity,2014:C3,2014-10-30
6690 HK Equity,2014:Q3,2014-10-30
6690 HK Equity,2014:S1,2014-08-28
6690 HK Equity,2014:Q2,2014-08-28
6690 HK Equity,2014:Q1,2014-04-28
6690 HK Equity,2013:A,2014-04-28
6690 HK Equity,2013:S2,2014-04-28
6690 HK Equity,2013:Q4,2014-04-28
6690 HK Equity,2013:C3,2013-10-30
6690 HK Equity,2013:Q3,2013-10-30
6690 HK Equity,2013:S1,2013-08-27
6690 HK Equity,2013:Q2,2013-08-27
6690 HK Equity,2013:Q1,2013-04-18
6690 HK Equity,2012:A,2013-03-20
6690 HK Equity,2012:S2,2013-03-20
6690 HK Equity,2012:Q4,2013-03-20
6690 HK Equity,2012:C3,2012-10-30
6690 HK Equity,2012:Q3,2012-10-30
6690 HK Equity,2012:S1,2012-08-30
6690 HK Equity,2012:Q2,2012-08-30
6690 HK Equity,2012:Q1,2012-04-26
6690 HK Equity,2011:A,2012-03-30
6690 HK Equity,2011:S2,2012-03-30
6690 HK Equity,2011:Q4,2012-03-30
6690 HK Equity,2011:C3,2011-10-27
6690 HK Equity,2011:Q3,2011-10-27
6690 HK Equity,2011:S1,2011-08-30
6690 HK Equity,2011:Q2,2011-08-30
6690 HK Equity,2011:Q1,2011-04-27
6690 HK Equity,2010:A,2011-03-30
6690 HK Equity,2010:S2,2011-03-30
6690 HK Equity,2010:Q4,2011-03-30
6690 HK Equity,2010:C3,2010-10-28
6690 HK Equity,2010:Q3,2010-10-28
6690 HK Equity,2010:S1,2010-08-26
6690 HK Equity,2010:Q2,2010-08-26
6690 HK Equity,2010:Q1,2010-04-28
6690 HK Equity,2009:A,2010-04-17
6690 HK Equity,2009:S2,2010-04-17
6690 HK Equity,2009:Q4,2010-04-17
6690 HK Equity,2009:C3,2009-10-22
6690 HK Equity,2009:Q3,2009-10-22
6690 HK Equity,2009:S1,2009-08-10
6690 HK Equity,2009:Q2,2009-08-10
6690 HK Equity,2009:Q1,2009-04-29
6690 HK Equity,2008:A,2009-04-28
6690 HK Equity,2008:S2,2009-04-28
6690 HK Equity,2008:Q4,2009-04-28
6690 HK Equity,2008:Q3,2008-10-29
6690 HK Equity,2008:S1,2008-08-22
6690 HK Equity,2008:Q2,2008-08-22
6690 HK Equity,2008:Q1,2008-04-24
6690 HK Equity,2007:A,2008-04-24
6690 HK Equity,2007:S2,2008-04-24
6690 HK Equity,2007:Q4,2008-04-24
6690 HK Equity,2007:Q3,2007-10-26
6690 HK Equity,2007:S1,2007-08-22
6690 HK Equity,2007:Q2,2007-08-22
6690 HK Equity,2007:Q1,2007-04-26
6690 HK Equity,2006:A,2007-04-27
6690 HK Equity,2006:S2,2007-04-27
6690 HK Equity,2006:Q4,2007-04-27
6690 HK Equity,2006:Q3,2006-10-26
6690 HK Equity,2006:S1,2006-08-10
6690 HK Equity,2006:Q2,2006-08-10
6690 HK Equity,2006:Q1,2006-04-26
6690 HK Equity,2005:A,2006-04-26
6690 HK Equity,2005:S2,2006-04-26
6690 HK Equity,2005:Q4,2006-04-26
6690 HK Equity,2005:Q3,2005-10-29
6690 HK Equity,2005:S1,2005-08-19
6690 HK Equity,2005:Q2,2005-08-19
6690 HK Equity,2005:Q1,2005-04-28
6690 HK Equity,2004:A,2005-04-08
6690 HK Equity,2004:S2,2005-04-08
6690 HK Equity,2004:Q4,2005-04-08
6690 HK Equity,2004:Q3,2004-10-29
6690 HK Equity,2004:S1,2004-08-20
6690 HK Equity,2004:Q2,2004-08-20
6690 HK Equity,2004:Q1,2004-04-29
6690 HK Equity,2003:A,2004-03-26
6690 HK Equity,2003:S2,2004-03-26
6690 HK Equity,2003:Q4,2004-03-26
6690 HK Equity,2003:Q3,2003-10-29
6690 HK Equity,2003:S1,2003-08-25
6690 HK Equity,2003:Q1,2003-04-25
6690 HK Equity,2002:A,2003-03-28
6690 HK Equity,2002:S2,2003-03-28
6690 HK Equity,2002:Q4,2003-03-28
6690 HK Equity,2002:Q3,2002-10-25
6690 HK Equity,2002:S1,2002-07-29
6690 HK Equity,2002:Q2,2002-07-29
6690 HK Equity,2002:Q1,2002-04-19
6690 HK Equity,2001:A,2002-03-29
6690 HK Equity,2001:S2,2002-03-29
6690 HK Equity,2001:S1,2002-07-29
6690 HK Equity,2000:A,2001-03-16
6690 HK Equity,2000:S2,2001-03-16
6690 HK Equity,2000:S1,2000-08-19
6690 HK Equity,1999:A,2000-03-30
6690 HK Equity,1998:A,1999-03-05
6862 HK Equity,2026:S1,2026-08-25
6862 HK Equity,2025:A,2026-03-24
6862 HK Equity,2025:S2,2026-03-24
6862 HK Equity,2025:S1,2025-08-25
6862 HK Equity,2024:A,2025-03-25
6862 HK Equity,2024:S2,2025-03-25
6862 HK Equity,2024:S1,2024-08-27
6862 HK Equity,2023:A,2024-03-26
6862 HK Equity,2023:S2,2024-03-26
6862 HK Equity,2023:S1,2023-08-29
6862 HK Equity,2022:A,2023-03-30
6862 HK Equity,2022:S2,2023-03-30
6862 HK Equity,2022:S1,2022-08-30
6862 HK Equity,2021:A,2022-03-23
6862 HK Equity,2021:S2,2022-03-23
6862 HK Equity,2021:S1,2021-08-24
6862 HK Equity,2020:A,2021-03-23
6862 HK Equity,2020:S2,2021-03-23
6862 HK Equity,2020:S1,2020-08-25
6862 HK Equity,2019:A,2020-04-24
6862 HK Equity,2019:S2,2020-04-24
6862 HK Equity,2019:S1,2019-08-20
6862 HK Equity,2018:A,2019-03-26
6862 HK Equity,2018:S2,2019-03-26
6862 HK Equity,2018:S1,2018-09-12
6862 HK Equity,2017:A,2018-09-12
6862 HK Equity,2017:S2,2018-09-12
6862 HK Equity,2017:S1,2018-09-12
6862 HK Equity,2016:A,2018-09-12
6862 HK Equity,2015:A,2018-09-12
688 HK Equity,2026:S1,2026-08-26
688 HK Equity,2025:A,2026-03-31
688 HK Equity,2025:S2,2026-03-31
688 HK Equity,2025:S1,2025-08-27
688 HK Equity,2024:A,2025-03-31
688 HK Equity,2024:S2,2025-03-31
688 HK Equity,2024:S1,2024-08-28
688 HK Equity,2023:A,2024-03-28
688 HK Equity,2023:S2,2024-03-28
688 HK Equity,2023:S1,2023-08-28
688 HK Equity,2022:A,2023-03-31
688 HK Equity,2022:S2,2023-03-31
688 HK Equity,2022:S1,2022-08-24
688 HK Equity,2021:A,2022-03-31
688 HK Equity,2021:S2,2022-03-31
688 HK Equity,2021:S1,2021-08-23
688 HK Equity,2020:A,2021-03-29
688 HK Equity,2020:S2,2021-03-29
688 HK Equity,2020:S1,2020-08-24
688 HK Equity,2019:A,2020-03-26
688 HK Equity,2019:S2,2020-03-26
688 HK Equity,2019:S1,2019-08-22
688 HK Equity,2018:A,2019-03-20
688 HK Equity,2018:S2,2019-03-20
688 HK Equity,2018:S1,2018-08-23
688 HK Equity,2017:A,2018-03-26
688 HK Equity,2017:S2,2018-03-26
688 HK Equity,2017:Q3,2017-10-20
688 HK Equity,2017:S1,2017-08-21
688 HK Equity,2016:A,2017-03-22
688 HK Equity,2016:S2,2017-03-22
688 HK Equity,2016:S1,2016-08-22
688 HK Equity,2015:A,2016-03-18
688 HK Equity,2015:S2,2016-03-18
688 HK Equity,2015:S1,2015-08-19
688 HK Equity,2014:A,2015-03-24
688 HK Equity,2014:S2,2015-03-24
688 HK Equity,2014:S1,2014-08-01
688 HK Equity,2014:Q1,2014-04-23
688 HK Equity,2013:A,2014-03-13
688 HK Equity,2013:S2,2014-03-13
688 HK Equity,2013:Q4,2014-03-13
688 HK Equity,2013:Q3,2013-10-22
688 HK Equity,2013:S1,2013-08-05
688 HK Equity,2013:Q1,2013-04-18
688 HK Equity,2012:A,2013-03-18
688 HK Equity,2012:S2,2013-03-18
688 HK Equity,2012:Q4,2013-03-18
688 HK Equity,2012:Q3,2012-10-24
688 HK Equity,2012:S1,2012-08-10
688 HK Equity,2011:A,2013-03-18
688 HK Equity,2011:S2,2013-03-18
688 HK Equity,2011:S1,2011-08-09
688 HK Equity,2010:A,2011-03-17
688 HK Equity,2010:S2,2011-03-17
688 HK Equity,2010:S1,2010-08-11
688 HK Equity,2009:A,2011-03-17
688 HK Equity,2009:S2,2011-03-17
688 HK Equity,2009:S1,2009-08-17
688 HK Equity,2008:A,2009-03-23
688 HK Equity,2008:S2,2009-03-23
688 HK Equity,2008:S1,2008-08-19
688 HK Equity,2007:A,2008-03-20
688 HK Equity,2007:S2,2008-03-20
688 HK Equity,2007:S1,2007-08-16
688 HK Equity,2006:A,2007-03-21
688 HK Equity,2006:S2,2007-03-21
688 HK Equity,2006:S1,2006-08-21
688 HK Equity,2005:A,2006-03-30
688 HK Equity,2005:S2,2006-03-30
688 HK Equity,2005:S1,2005-08-26
688 HK Equity,2004:A,2005-03-21
688 HK Equity,2004:S2,2005-03-21
688 HK Equity,2004:S1,2004-09-29
688 HK Equity,2003:A,2004-03-26
688 HK Equity,2003:S2,2004-03-26
688 HK Equity,2003:S1,2003-09-04
688 HK Equity,2002:A,2003-04-04
688 HK Equity,2002:S2,2003-04-04
688 HK Equity,2002:S1,2002-09-03
688 HK Equity,2001:A,2002-04-19
688 HK Equity,2001:S2,2002-04-19
688 HK Equity,2001:S1,2001-09-11
688 HK Equity,2000:A,2001-04-12
688 HK Equity,2000:S2,2001-04-12
688 HK Equity,2000:S1,2000-08-07
688 HK Equity,1999:A,2000-03-30
688 HK Equity,1999:S2,2000-03-30
688 HK Equity,1999:S1,1999-09-07
688 HK Equity,1998:A,1999-04-01
688 HK Equity,1998:S2,1999-04-01
688 HK Equity,1998:S1,1998-09-02
688 HK Equity,1997:A,1998-04-28
688 HK Equity,1996:A,1997-04-28
688 HK Equity,1995:A,1996-04-23
700 HK Equity,2026:S1,2026-08-12
700 HK Equity,2026:C2,2026-08-12
700 HK Equity,2026:Q2,2026-08-12
700 HK Equity,2026:Q1,2026-05-13
700 HK Equity,2025:A,2026-03-18
700 HK Equity,2025:S2,2026-03-18
700 HK Equity,2025:Q4,2026-03-18
700 HK Equity,2025:C3,2025-11-13
700 HK Equity,2025:Q3,2025-11-13
700 HK Equity,2025:S1,2025-08-13
700 HK Equity,2025:C2,2025-08-13
700 HK Equity,2025:Q2,2025-08-13
700 HK Equity,2025:Q1,2025-05-14
700 HK Equity,2024:A,2025-03-19
700 HK Equity,2024:S2,2025-03-19
700 HK Equity,2024:Q4,2025-03-19
700 HK Equity,2024:C3,2024-11-13
700 HK Equity,2024:Q3,2024-11-13
700 HK Equity,2024:S1,2024-08-14
700 HK Equity,2024:Q2,2024-08-14
700 HK Equity,2024:Q1,2024-05-14
700 HK Equity,2023:A,2024-03-20
700 HK Equity,2023:S2,2024-03-20
700 HK Equity,2023:Q4,2024-03-20
700 HK Equity,2023:C3,2023-11-15
700 HK Equity,2023:Q3,2023-11-15
700 HK Equity,2023:S1,2023-08-16
700 HK Equity,2023:C2,2023-08-16
700 HK Equity,2023:Q2,2023-08-16
700 HK Equity,2023:Q1,2023-05-17
700 HK Equity,2022:A,2023-03-22
700 HK Equity,2022:S2,2023-03-22
700 HK Equity,2022:Q4,2023-03-22
700 HK Equity,2022:C3,2022-11-16
700 HK Equity,2022:Q3,2022-11-16
700 HK Equity,2022:S1,2022-08-17
700 HK Equity,2022:C2,2022-08-17
700 HK Equity,2022:Q2,2022-08-17
700 HK Equity,2022:Q1,2022-05-18
700 HK Equity,2021:A,2022-03-23
700 HK Equity,2021:S2,2022-03-23
700 HK Equity,2021:Q4,2022-03-23
700 HK Equity,2021:C3,2021-11-10
700 HK Equity,2021:Q3,2021-11-10
700 HK Equity,2021:S1,2021-08-18
700 HK Equity,2021:Q2,2021-08-18
700 HK Equity,2021:Q1,2021-05-20
700 HK Equity,2020:A,2021-03-24
700 HK Equity,2020:S2,2021-03-24
700 HK Equity,2020:Q4,2021-03-24
700 HK Equity,2020:C3,2020-11-12
700 HK Equity,2020:Q3,2020-11-12
700 HK Equity,2020:S1,2020-08-12
700 HK Equity,2020:Q2,2020-08-12
700 HK Equity,2020:Q1,2020-05-13
700 HK Equity,2019:A,2020-03-18
700 HK Equity,2019:S2,2020-03-18
700 HK Equity,2019:Q4,2020-03-18
700 HK Equity,2019:C3,2019-11-13
700 HK Equity,2019:Q3,2019-11-13
700 HK Equity,2019:S1,2019-08-14
700 HK Equity,2019:Q2,2019-08-14
700 HK Equity,2019:Q1,2019-05-15
700 HK Equity,2018:A,2019-03-21
700 HK Equity,2018:S2,2019-03-21
700 HK Equity,2018:Q4,2019-03-21
700 HK Equity,2018:C3,2018-11-14
700 HK Equity,2018:Q3,2018-11-14
700 HK Equity,2018:S1,2018-08-15
700 HK Equity,2018:Q2,2018-08-15
700 HK Equity,2018:Q1,2018-05-16
700 HK Equity,2017:A,2018-03-21
700 HK Equity,2017:S2,2018-03-21
700 HK Equity,2017:Q4,2018-03-21
700 HK Equity,2017:C3,2017-11-15
700 HK Equity,2017:Q3,2017-11-15
700 HK Equity,2017:S1,2017-08-16
700 HK Equity,2017:Q2,2017-08-16
700 HK Equity,2017:Q1,2017-05-17
700 HK Equity,2016:A,2017-03-22
700 HK Equity,2016:S2,2017-03-22
700 HK Equity,2016:Q4,2017-03-22
700 HK Equity,2016:C3,2016-11-16
700 HK Equity,2016:Q3,2016-11-16
700 HK Equity,2016:S1,2016-08-17
700 HK Equity,2016:Q2,2016-08-17
700 HK Equity,2016:Q1,2016-05-18
700 HK Equity,2015:A,2016-03-17
700 HK Equity,2015:S2,2016-03-17
700 HK Equity,2015:Q4,2016-03-17
700 HK Equity,2015:C3,2015-11-10
700 HK Equity,2015:Q3,2015-11-10
700 HK Equity,2015:S1,2015-08-12
700 HK Equity,2015:Q2,2015-08-12
700 HK Equity,2015:Q1,2015-05-13
700 HK Equity,2014:A,2015-03-18
700 HK Equity,2014:S2,2015-03-18
700 HK Equity,2014:Q4,2015-03-18
700 HK Equity,2014:C3,2014-11-12
700 HK Equity,2014:Q3,2014-11-12
700 HK Equity,2014:S1,2014-08-13
700 HK Equity,2014:Q2,2014-08-13
700 HK Equity,2014:Q1,2014-05-14
700 HK Equity,2013:A,2014-03-19
700 HK Equity,2013:S2,2014-03-19
700 HK Equity,2013:Q4,2014-03-19
700 HK Equity,2013:C3,2013-11-13
700 HK Equity,2013:Q3,2013-11-13
700 HK Equity,2013:S1,2013-08-14
700 HK Equity,2013:Q2,2013-08-14
700 HK Equity,2013:Q1,2013-05-15
700 HK Equity,2012:A,2013-03-20
700 HK Equity,2012:S2,2013-03-20
700 HK Equity,2012:Q4,2013-03-20
700 HK Equity,2012:C3,2012-11-14
700 HK Equity,2012:Q3,2012-11-14
700 HK Equity,2012:S1,2012-08-15
700 HK Equity,2012:Q2,2012-08-15
700 HK Equity,2012:Q1,2012-05-16
700 HK Equity,2011:A,2012-03-14
700 HK Equity,2011:S2,2012-03-14
700 HK Equity,2011:Q4,2012-03-14
700 HK Equity,2011:C3,2011-11-09
700 HK Equity,2011:Q3,2011-11-09
700 HK Equity,2011:S1,2011-08-10
700 HK Equity,2011:Q2,2011-08-10
700 HK Equity,2011:Q1,2011-05-11
700 HK Equity,2010:A,2011-03-16
700 HK Equity,2010:S2,2011-03-16
700 HK Equity,2010:Q4,2011-03-16
700 HK Equity,2010:C3,2010-11-10
700 HK Equity,2010:Q3,2010-11-10
700 HK Equity,2010:S1,2010-08-11
700 HK Equity,2010:Q2,2010-08-11
700 HK Equity,2010:Q1,2010-05-12
700 HK Equity,2009:A,2010-03-17
700 HK Equity,2009:S2,2010-03-17
700 HK Equity,2009:Q4,2010-03-17
700 HK Equity,2009:C3,2009-11-11
700 HK Equity,2009:Q3,2009-11-11
700 HK Equity,2009:S1,2009-08-12
700 HK Equity,2009:Q2,2009-08-12
700 HK Equity,2009:Q1,2009-05-13
700 HK Equity,2008:A,2009-03-18
700 HK Equity,2008:S2,2009-03-18
700 HK Equity,2008:Q4,2009-03-18
700 HK Equity,2008:Q3,2008-11-12
700 HK Equity,2008:S1,2008-08-13
700 HK Equity,2008:Q2,2008-08-13
700 HK Equity,2008:Q1,2008-05-14
700 HK Equity,2007:A,2008-03-19
700 HK Equity,2007:S2,2008-03-19
700 HK Equity,2007:Q4,2008-03-19
700 HK Equity,2007:Q3,2007-11-14
700 HK Equity,2007:S1,2007-08-15
700 HK Equity,2007:Q2,2007-08-15
700 HK Equity,2007:Q1,2007-05-16
700 HK Equity,2006:A,2007-03-21
700 HK Equity,2006:S2,2007-03-21
700 HK Equity,2006:Q4,2007-03-21
700 HK Equity,2006:Q3,2006-11-22
700 HK Equity,2006:S1,2006-08-23
700 HK Equity,2006:Q2,2006-08-23
700 HK Equity,2006:Q1,2006-05-24
700 HK Equity,2005:A,2006-03-22
700 HK Equity,2005:S2,2006-03-22
700 HK Equity,2005:Q4,2006-03-22
700 HK Equity,2005:Q3,2005-11-23
700 HK Equity,2005:S1,2005-08-24
700 HK Equity,2005:Q2,2005-08-24
700 HK Equity,2005:Q1,2005-05-18
700 HK Equity,2004:A,2005-03-17
700 HK Equity,2004:S2,2005-03-17
700 HK Equity,2004:Q4,2005-03-17
700 HK Equity,2004:Q3,2004-11-18
700 HK Equity,2004:S1,2004-08-19
700 HK Equity,2004:Q2,2004-08-19
700 HK Equity,2003:Q3,2004-06-07
700 HK Equity,2003:Q2,2004-06-07
700 HK Equity,2003:Q1,2004-06-07
728 HK Equity,2026:S1,2026-08-20
728 HK Equity,2026:C2,2026-08-20
728 HK Equity,2026:Q2,2026-08-20
728 HK Equity,2026:Q1,2026-04-23
728 HK Equity,2025:A,2026-03-24
728 HK Equity,2025:S2,2026-03-24
728 HK Equity,2025:Q4,2026-03-24
728 HK Equity,2025:C3,2025-10-21
728 HK Equity,2025:Q3,2025-10-21
728 HK Equity,2025:S1,2025-08-14
728 HK Equity,2025:C2,2025-08-14
728 HK Equity,2025:Q2,2025-08-14
728 HK Equity,2025:Q1,2025-04-25
728 HK Equity,2024:A,2025-03-25
728 HK Equity,2024:S2,2025-03-25
728 HK Equity,2024:Q4,2025-03-25
728 HK Equity,2024:C3,2024-10-22
728 HK Equity,2024:Q3,2024-10-22
728 HK Equity,2024:S1,2024-08-20
728 HK Equity,2024:Q2,2024-08-20
728 HK Equity,2024:Q1,2024-04-23
728 HK Equity,2023:A,2024-03-26
728 HK Equity,2023:S2,2024-03-26
728 HK Equity,2023:Q4,2024-03-26
728 HK Equity,2023:C3,2023-10-20
728 HK Equity,2023:Q3,2023-10-20
728 HK Equity,2023:S1,2023-08-08
728 HK Equity,2023:Q2,2023-08-08
728 HK Equity,2023:Q1,2023-04-20
728 HK Equity,2022:A,2023-03-22
728 HK Equity,2022:S2,2023-03-22
728 HK Equity,2022:Q4,2023-03-22
728 HK Equity,2022:C3,2022-10-20
728 HK Equity,2022:Q3,2022-10-20
728 HK Equity,2022:S1,2022-08-16
728 HK Equity,2022:Q2,2022-08-16
728 HK Equity,2022:Q1,2022-04-20
728 HK Equity,2021:A,2022-03-17
728 HK Equity,2021:S2,2022-03-17
728 HK Equity,2021:Q4,2022-03-17
728 HK Equity,2021:C3,2021-10-22
728 HK Equity,2021:Q3,2021-10-22
728 HK Equity,2021:S1,2021-08-10
728 HK Equity,2021:Q2,2021-08-10
728 HK Equity,2021:Q1,2021-04-28
728 HK Equity,2020:A,2021-03-09
728 HK Equity,2020:S2,2021-03-09
728 HK Equity,2020:Q4,2021-03-09
728 HK Equity,2020:C3,2020-10-22
728 HK Equity,2020:Q3,2020-10-22
728 HK Equity,2020:S1,2020-08-18
728 HK Equity,2020:Q2,2020-08-18
728 HK Equity,2020:Q1,2020-04-23
728 HK Equity,2019:A,2020-03-24
728 HK Equity,2019:S2,2020-03-24
728 HK Equity,2019:Q4,2020-03-24
728 HK Equity,2019:C3,2019-10-28
728 HK Equity,2019:Q3,2019-10-28
728 HK Equity,2019:S1,2019-08-22
728 HK Equity,2019:Q2,2019-08-22
728 HK Equity,2019:Q1,2019-04-29
728 HK Equity,2018:A,2019-03-19
728 HK Equity,2018:S2,2019-03-19
728 HK Equity,2018:Q4,2019-03-19
728 HK Equity,2018:C3,2018-10-29
728 HK Equity,2018:Q3,2018-10-29
728 HK Equity,2018:S1,2018-08-20
728 HK Equity,2018:Q2,2018-08-20
728 HK Equity,2018:Q1,2018-04-27
728 HK Equity,2017:A,2018-03-28
728 HK Equity,2017:S2,2018-03-28
728 HK Equity,2017:Q4,2018-03-28
728 HK Equity,2017:C3,2017-10-27
728 HK Equity,2017:Q3,2017-10-27
728 HK Equity,2017:S1,2017-08-23
728 HK Equity,2017:Q2,2017-08-23
728 HK Equity,2017:Q1,2017-04-27
728 HK Equity,2016:A,2017-03-21
728 HK Equity,2016:S2,2017-03-21
728 HK Equity,2016:Q4,2017-03-21
728 HK Equity,2016:C3,2016-10-28
728 HK Equity,2016:Q3,2016-10-28
728 HK Equity,2016:S1,2016-08-23
728 HK Equity,2016:Q2,2016-08-23
728 HK Equity,2016:Q1,2016-04-28
728 HK Equity,2015:A,2016-03-23
728 HK Equity,2015:S2,2016-03-23
728 HK Equity,2015:Q4,2016-03-23
728 HK Equity,2015:C3,2015-10-28
728 HK Equity,2015:Q3,2015-10-28
728 HK Equity,2015:S1,2015-08-19
728 HK Equity,2015:Q2,2015-08-19
728 HK Equity,2015:Q1,2015-04-28
728 HK Equity,2014:A,2015-03-18
728 HK Equity,2014:S2,2015-03-18
728 HK Equity,2014:Q4,2015-03-18
728 HK Equity,2014:C3,2014-10-28
728 HK Equity,2014:Q3,2014-10-28
728 HK Equity,2014:S1,2014-08-27
728 HK Equity,2014:Q2,2014-08-27
728 HK Equity,2014:Q1,2014-04-28
728 HK Equity,2013:A,2014-03-19
728 HK Equity,2013:S2,2014-03-19
728 HK Equity,2013:Q4,2014-03-19
728 HK Equity,2013:C3,2013-10-28
728 HK Equity,2013:Q3,2013-10-28
728 HK Equity,2013:S1,2013-08-21
728 HK Equity,2013:Q2,2013-08-21
728 HK Equity,2013:Q1,2013-04-26
728 HK Equity,2012:A,2013-03-20
728 HK Equity,2012:S2,2013-03-20
728 HK Equity,2012:Q4,2013-03-20
728 HK Equity,2012:C3,2012-10-29
728 HK Equity,2012:Q3,2012-10-29
728 HK Equity,2012:S1,2012-08-22
728 HK Equity,2012:Q2,2012-08-22
728 HK Equity,2012:Q1,2012-04-27
728 HK Equity,2011:A,2012-03-20
728 HK Equity,2011:S2,2012-03-20
728 HK Equity,2011:Q4,2012-03-20
728 HK Equity,2011:C3,2011-10-28
728 HK Equity,2011:Q3,2011-10-28
728 HK Equity,2011:S1,2011-08-23
728 HK Equity,2011:Q2,2011-08-23
728 HK Equity,2011:Q1,2011-04-28
728 HK Equity,2010:A,2011-03-22
728 HK Equity,2010:S2,2011-03-22
728 HK Equity,2010:Q4,2011-03-22
728 HK Equity,2010:C3,2010-10-28
728 HK Equity,2010:Q3,2010-10-28
728 HK Equity,2010:S1,2010-08-25
728 HK Equity,2010:Q2,2010-08-25
728 HK Equity,2010:Q1,2010-04-28
728 HK Equity,2009:A,2010-03-22
728 HK Equity,2009:S2,2010-03-22
728 HK Equity,2009:S1,2009-08-27
728 HK Equity,2008:A,2009-03-24
728 HK Equity,2008:S2,2009-03-24
728 HK Equity,2008:S1,2008-08-28
728 HK Equity,2007:A,2008-03-31
728 HK Equity,2007:S2,2008-03-31
728 HK Equity,2007:S1,2007-08-28
728 HK Equity,2006:A,2007-03-26
728 HK Equity,2006:S2,2007-03-26
728 HK Equity,2006:S1,2006-08-30
728 HK Equity,2005:A,2006-03-22
728 HK Equity,2005:S2,2006-03-22
728 HK Equity,2005:S1,2005-08-31
728 HK Equity,2004:A,2005-03-31
728 HK Equity,2004:S2,2005-03-31
728 HK Equity,2004:S1,2006-09-28
728 HK Equity,2003:A,2004-03-17
728 HK Equity,2003:S2,2004-03-17
728 HK Equity,2003:S1,2003-09-10
728 HK Equity,2002:A,2003-04-24
728 HK Equity,2002:S2,2003-04-24
728 HK Equity,2001:A,2002-06-09
728 HK Equity,2001:S2,2002-06-09
762 HK Equity,2026:S1,2026-08-18
762 HK Equity,2026:C2,2026-08-18
762 HK Equity,2026:Q2,2026-08-18
762 HK Equity,2026:Q1,2026-04-21
762 HK Equity,2025:A,2026-03-19
762 HK Equity,2025:S2,2026-03-19
762 HK Equity,2025:Q4,2026-03-19
762 HK Equity,2025:C3,2025-10-22
762 HK Equity,2025:Q3,2025-10-22
762 HK Equity,2025:S1,2025-08-12
762 HK Equity,2025:C2,2025-08-12
762 HK Equity,2025:Q2,2025-08-12
762 HK Equity,2025:Q1,2025-04-17
762 HK Equity,2024:A,2025-03-18
762 HK Equity,2024:S2,2025-03-18
762 HK Equity,2024:Q4,2025-03-18
762 HK Equity,2024:C3,2024-10-22
762 HK Equity,2024:Q3,2024-10-22
762 HK Equity,2024:S1,2024-08-15
762 HK Equity,2024:Q2,2024-08-15
762 HK Equity,2024:Q1,2024-04-19
762 HK Equity,2023:A,2024-03-19
762 HK Equity,2023:S2,2024-03-19
762 HK Equity,2023:Q4,2024-03-19
762 HK Equity,2023:C3,2023-10-24
762 HK Equity,2023:Q3,2023-10-24
762 HK Equity,2023:S1,2023-08-09
762 HK Equity,2023:Q2,2023-08-09
762 HK Equity,2023:Q1,2023-04-18
762 HK Equity,2022:A,2023-03-08
762 HK Equity,2022:S2,2023-03-08
762 HK Equity,2022:Q4,2023-03-08
762 HK Equity,2022:C3,2022-10-28
762 HK Equity,2022:Q3,2022-10-28
762 HK Equity,2022:S1,2022-08-08
762 HK Equity,2022:Q2,2022-08-08
762 HK Equity,2022:Q1,2022-04-21
762 HK Equity,2021:A,2022-03-11
762 HK Equity,2021:S2,2022-03-11
762 HK Equity,2021:Q4,2022-03-11
762 HK Equity,2021:C3,2021-10-21
762 HK Equity,2021:Q3,2021-10-21
762 HK Equity,2021:S1,2021-08-19
762 HK Equity,2021:Q2,2021-08-19
762 HK Equity,2021:Q1,2021-04-21
762 HK Equity,2020:A,2021-03-11
762 HK Equity,2020:S2,2021-03-11
762 HK Equity,2020:Q4,2021-03-11
762 HK Equity,2020:C3,2020-10-21
762 HK Equity,2020:Q3,2020-10-21
762 HK Equity,2020:S1,2020-08-12
762 HK Equity,2020:Q2,2020-08-12
762 HK Equity,2020:Q1,2020-04-22
762 HK Equity,2019:A,2020-03-23
762 HK Equity,2019:S2,2020-03-23
762 HK Equity,2019:Q4,2020-03-23
762 HK Equity,2019:C3,2019-10-21
762 HK Equity,2019:Q3,2019-10-21
762 HK Equity,2019:S1,2019-08-14
762 HK Equity,2019:Q2,2019-08-14
762 HK Equity,2019:Q1,2019-04-23
762 HK Equity,2018:A,2019-03-13
762 HK Equity,2018:S2,2019-03-13
762 HK Equity,2018:Q4,2019-03-13
762 HK Equity,2018:C3,2018-10-22
762 HK Equity,2018:Q3,2018-10-22
762 HK Equity,2018:S1,2018-08-15
762 HK Equity,2018:Q2,2018-08-15
762 HK Equity,2018:Q1,2018-04-20
762 HK Equity,2017:A,2018-03-15
762 HK Equity,2017:S2,2018-03-15
762 HK Equity,2017:Q4,2018-03-15
762 HK Equity,2017:C3,2017-10-19
762 HK Equity,2017:Q3,2017-10-19
762 HK Equity,2017:S1,2017-08-16
762 HK Equity,2017:Q2,2017-08-16
762 HK Equity,2017:Q1,2017-04-21
762 HK Equity,2016:A,2017-03-15
762 HK Equity,2016:S2,2017-03-15
762 HK Equity,2016:Q4,2017-03-15
762 HK Equity,2016:C3,2016-10-21
762 HK Equity,2016:Q3,2016-10-21
762 HK Equity,2016:S1,2016-08-17
762 HK Equity,2016:Q2,2016-08-17
762 HK Equity,2016:Q1,2016-04-21
762 HK Equity,2015:A,2016-03-16
762 HK Equity,2015:S2,2016-03-16
762 HK Equity,2015:Q4,2016-03-16
762 HK Equity,2015:C3,2015-10-22
762 HK Equity,2015:Q3,2015-10-22
762 HK Equity,2015:S1,2015-08-21
762 HK Equity,2015:Q2,2015-08-21
762 HK Equity,2015:Q1,2015-04-23
762 HK Equity,2014:A,2015-03-03
762 HK Equity,2014:S2,2015-03-03
762 HK Equity,2014:Q4,2015-03-03
762 HK Equity,2014:C3,2014-10-23
762 HK Equity,2014:Q3,2014-10-23
762 HK Equity,2014:S1,2014-08-07
762 HK Equity,2014:Q2,2014-08-07
762 HK Equity,2014:Q1,2014-04-17
762 HK Equity,2013:A,2014-02-27
762 HK Equity,2013:S2,2014-02-27
762 HK Equity,2013:Q4,2014-02-27
762 HK Equity,2013:C3,2013-10-24
762 HK Equity,2013:Q3,2013-10-24
762 HK Equity,2013:S1,2013-08-08
762 HK Equity,2013:Q2,2013-08-08
762 HK Equity,2013:Q1,2013-04-25
762 HK Equity,2012:A,2013-03-21
762 HK Equity,2012:S2,2013-03-21
762 HK Equity,2012:Q4,2013-03-21
762 HK Equity,2012:C3,2012-10-25
762 HK Equity,2012:Q3,2012-10-25
762 HK Equity,2012:S1,2012-08-23
762 HK Equity,2012:Q2,2012-08-23
762 HK Equity,2012:Q1,2012-04-25
762 HK Equity,2011:A,2012-03-22
762 HK Equity,2011:S2,2012-03-22
762 HK Equity,2011:Q4,2012-03-22
762 HK Equity,2011:C3,2011-10-27
762 HK Equity,2011:Q3,2011-10-27
762 HK Equity,2011:S1,2011-08-24
762 HK Equity,2011:Q2,2011-08-24
762 HK Equity,2011:Q1,2011-04-26
762 HK Equity,2010:A,2011-03-29
762 HK Equity,2010:S2,2011-03-29
762 HK Equity,2010:Q4,2011-03-29
762 HK Equity,2010:C3,2010-10-29
762 HK Equity,2010:Q3,2010-10-29
762 HK Equity,2010:S1,2010-08-26
762 HK Equity,2010:Q2,2010-08-26
762 HK Equity,2010:Q1,2010-04-29
762 HK Equity,2009:A,2010-03-24
762 HK Equity,2009:S2,2010-03-24
762 HK Equity,2009:Q4,2010-03-24
762 HK Equity,2009:C3,2009-10-30
762 HK Equity,2009:Q3,2009-10-30
762 HK Equity,2009:S1,2009-08-28
762 HK Equity,2009:Q2,2009-08-28
762 HK Equity,2009:Q1,2009-04-29
762 HK Equity,2008:A,2009-03-31
762 HK Equity,2008:S2,2009-03-31
762 HK Equity,2008:Q4,2009-03-31
762 HK Equity,2008:C3,2008-10-30
762 HK Equity,2008:Q3,2008-10-30
762 HK Equity,2008:S1,2008-08-25
762 HK Equity,2008:Q2,2008-08-25
762 HK Equity,2008:Q1,2008-04-24
762 HK Equity,2007:A,2008-03-27
762 HK Equity,2007:S2,2008-03-27
762 HK Equity,2007:Q4,2008-03-27
762 HK Equity,2007:C3,2007-10-26
762 HK Equity,2007:Q3,2007-10-26
762 HK Equity,2007:S1,2007-08-23
762 HK Equity,2007:Q2,2007-08-23
762 HK Equity,2007:Q1,2007-04-26
762 HK Equity,2006:A,2007-03-29
762 HK Equity,2006:S2,2007-03-29
762 HK Equity,2006:Q4,2007-03-29
762 HK Equity,2006:C3,2006-10-26
762 HK Equity,2006:Q3,2006-10-26
762 HK Equity,2006:S1,2006-08-24
762 HK Equity,2006:Q2,2006-08-24
762 HK Equity,2006:Q1,2006-04-27
762 HK Equity,2005:A,2006-03-24
762 HK Equity,2005:S2,2006-03-24
762 HK Equity,2005:S1,2005-08-25
762 HK Equity,2004:A,2005-03-24
762 HK Equity,2004:S2,2005-03-24
762 HK Equity,2004:S1,2004-08-26
762 HK Equity,2003:A,2004-03-25
762 HK Equity,2003:S1,2003-08-29
762 HK Equity,2002:A,2003-04-01
762 HK Equity,2002:S1,2002-09-05
762 HK Equity,2001:A,2002-03-27
762 HK Equity,2001:S2,2002-03-27
762 HK Equity,2001:S1,2001-09-12
762 HK Equity,2000:A,2001-04-03
762 HK Equity,2000:S2,2014-03-05
762 HK Equity,2000:S1,2000-09-07
762 HK Equity,1999:A,2000-06-13
762 HK Equity,1998:A,2000-06-13
762 HK Equity,1997:A,2000-06-13
823 HK Equity,2026:A,2026-05-28
823 HK Equity,2026:S2,2026-05-28
823 HK Equity,2026:S1,2025-11-20
823 HK Equity,2025:A,2025-05-27
823 HK Equity,2025:S2,2025-05-27
823 HK Equity,2025:S1,2024-11-06
823 HK Equity,2024:A,2024-05-29
823 HK Equity,2024:S2,2024-05-29
823 HK Equity,2024:S1,2023-11-08
823 HK Equity,2023:A,2023-05-31
823 HK Equity,2023:S2,2023-05-31
823 HK Equity,2023:S1,2022-11-08
823 HK Equity,2022:A,2022-06-01
823 HK Equity,2022:S2,2022-06-01
823 HK Equity,2022:S1,2021-11-09
823 HK Equity,2021:A,2021-06-17
823 HK Equity,2021:S2,2021-06-17
823 HK Equity,2021:S1,2020-11-09
823 HK Equity,2020:A,2020-06-01
823 HK Equity,2020:S2,2020-06-01
823 HK Equity,2020:S1,2019-11-13
823 HK Equity,2019:A,2019-06-03
823 HK Equity,2019:S2,2019-06-03
823 HK Equity,2019:S1,2018-11-13
823 HK Equity,2018:A,2018-06-06
823 HK Equity,2018:S2,2018-06-06
823 HK Equity,2018:S1,2017-11-07
823 HK Equity,2017:A,2017-06-07
823 HK Equity,2017:S2,2017-06-07
823 HK Equity,2017:S1,2016-11-09
823 HK Equity,2016:A,2016-06-08
823 HK Equity,2016:S2,2016-06-08
823 HK Equity,2016:S1,2015-11-11
823 HK Equity,2015:A,2015-06-10
823 HK Equity,2015:S2,2015-06-10
823 HK Equity,2015:S1,2014-11-12
823 HK Equity,2014:A,2014-06-04
823 HK Equity,2014:S2,2014-06-04
823 HK Equity,2014:S1,2013-11-13
823 HK Equity,2013:A,2013-06-05
823 HK Equity,2013:S2,2013-06-05
823 HK Equity,2013:S1,2012-11-07
823 HK Equity,2012:A,2012-06-06
823 HK Equity,2012:S2,2012-06-06
823 HK Equity,2012:S1,2011-11-09
823 HK Equity,2011:A,2011-06-01
823 HK Equity,2011:S2,2011-06-01
823 HK Equity,2011:S1,2010-11-10
823 HK Equity,2010:A,2010-06-02
823 HK Equity,2010:S2,2010-06-02
823 HK Equity,2010:S1,2009-11-19
823 HK Equity,2009:A,2009-06-17
823 HK Equity,2009:S2,2009-06-17
823 HK Equity,2009:S1,2008-11-12
823 HK Equity,2008:A,2008-06-06
823 HK Equity,2008:S2,2008-06-06
823 HK Equity,2008:S1,2007-11-15
823 HK Equity,2007:A,2007-06-08
823 HK Equity,2007:S2,2007-06-08
823 HK Equity,2007:S1,2006-11-21
823 HK Equity,2006:A,2006-06-29
823 HK Equity,2005:A,2005-04-19
823 HK Equity,2004:A,2004-06-13
823 HK Equity,2003:A,2003-06-30
836 HK Equity,2026:S1,2026-08-26
836 HK Equity,2026:C2,2026-08-26
836 HK Equity,2025:A,2026-03-18
836 HK Equity,2025:S2,2026-03-18
836 HK Equity,2025:S1,2025-08-21
836 HK Equity,2025:C2,2025-08-21
836 HK Equity,2024:A,2025-03-20
836 HK Equity,2024:S2,2025-03-20
836 HK Equity,2024:S1,2024-08-27
836 HK Equity,2024:C2,2024-08-27
836 HK Equity,2023:A,2024-03-20
836 HK Equity,2023:S2,2024-03-20
836 HK Equity,2023:S1,2023-08-22
836 HK Equity,2023:C2,2023-08-22
836 HK Equity,2022:A,2023-03-22
836 HK Equity,2022:S2,2023-03-22
836 HK Equity,2022:S1,2022-08-17
836 HK Equity,2022:Q2,2022-08-17
836 HK Equity,2021:A,2022-03-16
836 HK Equity,2021:S2,2022-03-16
836 HK Equity,2021:S1,2021-08-20
836 HK Equity,2021:Q2,2021-08-20
836 HK Equity,2020:A,2021-03-18
836 HK Equity,2020:S2,2021-03-18
836 HK Equity,2020:Q4,2021-03-18
836 HK Equity,2020:S1,2020-08-17
836 HK Equity,2020:Q2,2020-08-17
836 HK Equity,2019:A,2020-03-30
836 HK Equity,2019:S2,2020-03-30
836 HK Equity,2019:S1,2019-08-14
836 HK Equity,2019:Q2,2019-08-14
836 HK Equity,2018:A,2019-03-22
836 HK Equity,2018:S2,2019-03-22
836 HK Equity,2018:S1,2018-08-16
836 HK Equity,2018:Q2,2018-08-16
836 HK Equity,2017:A,2018-03-19
836 HK Equity,2017:S2,2018-03-19
836 HK Equity,2017:S1,2017-08-16
836 HK Equity,2016:A,2017-03-23
836 HK Equity,2016:S2,2017-03-23
836 HK Equity,2016:S1,2016-08-18
836 HK Equity,2015:A,2016-03-21
836 HK Equity,2015:S2,2016-03-21
836 HK Equity,2015:S1,2015-08-18
836 HK Equity,2014:A,2015-03-19
836 HK Equity,2014:S2,2015-03-19
836 HK Equity,2014:C3,2015-03-19
836 HK Equity,2014:S1,2014-08-18
836 HK Equity,2014:Q2,2014-08-18
836 HK Equity,2014:Q1,2014-04-10
836 HK Equity,2013:A,2014-03-17
836 HK Equity,2013:S2,2014-03-17
836 HK Equity,2013:S1,2013-08-19
836 HK Equity,2012:A,2013-03-18
836 HK Equity,2012:S2,2013-03-18
836 HK Equity,2012:S1,2012-08-20
836 HK Equity,2011:A,2012-03-19
836 HK Equity,2011:S2,2012-03-19
836 HK Equity,2011:S1,2011-08-22
836 HK Equity,2010:A,2011-03-17
836 HK Equity,2010:S2,2011-03-17
836 HK Equity,2010:S1,2010-08-23
836 HK Equity,2009:A,2010-03-22
836 HK Equity,2009:S2,2010-03-22
836 HK Equity,2009:S1,2009-08-24
836 HK Equity,2008:A,2009-04-01
836 HK Equity,2008:S2,2009-04-01
836 HK Equity,2008:S1,2008-09-01
836 HK Equity,2007:A,2008-03-31
836 HK Equity,2007:S2,2008-03-31
836 HK Equity,2007:S1,2007-08-20
836 HK Equity,2006:A,2007-03-26
836 HK Equity,2006:S2,2007-03-26
836 HK Equity,2006:S1,2006-08-21
836 HK Equity,2005:A,2006-04-26
836 HK Equity,2005:S2,2006-04-26
836 HK Equity,2005:S1,2005-08-31
836 HK Equity,2004:A,2005-04-20
836 HK Equity,2004:S2,2005-04-20
836 HK Equity,2004:S1,2004-09-28
836 HK Equity,2003:A,2004-03-29
836 HK Equity,2003:S2,2004-03-29
836 HK Equity,2003:S1,2003-09-30
836 HK Equity,2002:A,2003-04-30
836 HK Equity,2001:A,2002-04-30
836 HK Equity,2000:A,2001-04-13
857 HK Equity,2026:S1,2026-08-30
857 HK Equity,2026:C2,2026-08-30
857 HK Equity,2026:Q2,2026-08-30
857 HK Equity,2026:Q1,2026-04-29
857 HK Equity,2025:A,2026-03-29
857 HK Equity,2025:S2,2026-03-29
857 HK Equity,2025:Q4,2026-03-29
857 HK Equity,2025:C3,2025-10-30
857 HK Equity,2025:Q3,2025-10-30
857 HK Equity,2025:S1,2025-08-26
857 HK Equity,2025:C2,2025-08-26
857 HK Equity,2025:Q2,2025-08-26
857 HK Equity,2025:Q1,2025-04-29
857 HK Equity,2024:A,2025-03-30
857 HK Equity,2024:S2,2025-03-30
857 HK Equity,2024:Q4,2025-03-30
857 HK Equity,2024:C3,2024-10-29
857 HK Equity,2024:Q3,2024-10-29
857 HK Equity,2024:S1,2024-08-26
857 HK Equity,2024:C2,2024-08-26
857 HK Equity,2024:Q2,2024-08-26
857 HK Equity,2024:Q1,2024-04-29
857 HK Equity,2023:A,2024-03-25
857 HK Equity,2023:S2,2024-03-25
857 HK Equity,2023:Q4,2024-03-25
857 HK Equity,2023:C3,2023-10-30
857 HK Equity,2023:Q3,2023-10-30
857 HK Equity,2023:S1,2023-08-30
857 HK Equity,2023:C2,2023-08-30
857 HK Equity,2023:Q2,2023-08-30
857 HK Equity,2023:Q1,2023-04-28
857 HK Equity,2022:A,2023-03-28
857 HK Equity,2022:S2,2023-03-28
857 HK Equity,2022:Q4,2023-03-28
857 HK Equity,2022:C3,2022-10-27
857 HK Equity,2022:Q3,2022-10-27
857 HK Equity,2022:S1,2022-08-25
857 HK Equity,2022:Q2,2022-08-25
857 HK Equity,2022:Q1,2022-04-29
857 HK Equity,2021:A,2022-03-31
857 HK Equity,2021:S2,2022-03-31
857 HK Equity,2021:Q4,2022-03-31
857 HK Equity,2021:C3,2021-10-28
857 HK Equity,2021:Q3,2021-10-28
857 HK Equity,2021:S1,2021-08-26
857 HK Equity,2021:Q2,2021-08-26
857 HK Equity,2021:Q1,2021-04-29
857 HK Equity,2020:A,2021-03-25
857 HK Equity,2020:S2,2021-03-25
857 HK Equity,2020:Q4,2021-03-25
857 HK Equity,2020:C3,2020-10-29
857 HK Equity,2020:Q3,2020-10-29
857 HK Equity,2020:S1,2020-08-27
857 HK Equity,2020:Q2,2020-08-27
857 HK Equity,2020:Q1,2020-04-29
857 HK Equity,2019:A,2020-03-26
857 HK Equity,2019:S2,2020-03-26
857 HK Equity,2019:Q4,2020-03-26
857 HK Equity,2019:C3,2019-10-30
857 HK Equity,2019:Q3,2019-10-30
857 HK Equity,2019:S1,2019-08-29
857 HK Equity,2019:Q2,2019-08-29
857 HK Equity,2019:Q1,2019-04-29
857 HK Equity,2018:A,2019-03-21
857 HK Equity,2018:S2,2019-03-21
857 HK Equity,2018:Q4,2019-03-21
857 HK Equity,2018:C3,2018-10-30
857 HK Equity,2018:Q3,2018-10-30
857 HK Equity,2018:S1,2018-08-30
857 HK Equity,2018:Q2,2018-08-30
857 HK Equity,2018:Q1,2018-04-28
857 HK Equity,2017:A,2018-03-22
857 HK Equity,2017:S2,2018-03-22
857 HK Equity,2017:Q4,2018-03-22
857 HK Equity,2017:C3,2017-10-30
857 HK Equity,2017:Q3,2017-10-30
857 HK Equity,2017:S1,2017-08-24
857 HK Equity,2017:Q2,2017-08-24
857 HK Equity,2017:Q1,2017-04-27
857 HK Equity,2016:A,2017-03-30
857 HK Equity,2016:S2,2017-03-30
857 HK Equity,2016:Q4,2017-03-30
857 HK Equity,2016:C3,2016-10-28
857 HK Equity,2016:Q3,2016-10-28
857 HK Equity,2016:S1,2016-08-24
857 HK Equity,2016:Q2,2016-08-24
857 HK Equity,2016:Q1,2016-04-28
857 HK Equity,2015:A,2016-03-23
857 HK Equity,2015:S2,2016-03-23
857 HK Equity,2015:Q4,2016-03-23
857 HK Equity,2015:C3,2015-10-29
857 HK Equity,2015:Q3,2015-10-29
857 HK Equity,2015:S1,2015-08-27
857 HK Equity,2015:Q2,2015-08-27
857 HK Equity,2015:Q1,2015-04-27
857 HK Equity,2014:A,2015-03-26
857 HK Equity,2014:S2,2015-03-26
857 HK Equity,2014:Q4,2015-03-26
857 HK Equity,2014:C3,2014-10-29
857 HK Equity,2014:Q3,2014-10-29
857 HK Equity,2014:S1,2014-08-28
857 HK Equity,2014:Q2,2014-08-28
857 HK Equity,2014:Q1,2014-04-24
857 HK Equity,2013:A,2014-03-20
857 HK Equity,2013:S2,2014-03-20
857 HK Equity,2013:Q4,2014-03-20
857 HK Equity,2013:Q3,2013-10-29
857 HK Equity,2013:S1,2013-08-22
857 HK Equity,2013:Q2,2013-08-22
857 HK Equity,2013:Q1,2013-04-25
857 HK Equity,2012:A,2013-03-21
857 HK Equity,2012:S2,2013-03-21
857 HK Equity,2012:Q4,2013-03-21
857 HK Equity,2012:Q3,2012-10-30
857 HK Equity,2012:S1,2012-08-23
857 HK Equity,2012:Q2,2012-08-23
857 HK Equity,2012:Q1,2012-04-26
857 HK Equity,2011:A,2012-03-29
857 HK Equity,2011:S2,2012-03-29
857 HK Equity,2011:Q4,2012-03-29
857 HK Equity,2011:C3,2011-10-27
857 HK Equity,2011:Q3,2011-10-27
857 HK Equity,2011:S1,2011-08-25
857 HK Equity,2011:Q2,2011-08-25
857 HK Equity,2011:Q1,2011-04-27
857 HK Equity,2010:A,2011-03-17
857 HK Equity,2010:S2,2011-03-17
857 HK Equity,2010:Q4,2011-03-17
857 HK Equity,2010:C3,2010-10-27
857 HK Equity,2010:Q3,2010-10-27
857 HK Equity,2010:S1,2010-08-26
857 HK Equity,2010:Q2,2010-08-26
857 HK Equity,2010:Q1,2010-04-27
857 HK Equity,2009:A,2010-03-25
857 HK Equity,2009:S2,2010-03-25
857 HK Equity,2009:Q4,2010-03-25
857 HK Equity,2009:Q3,2009-10-28
857 HK Equity,2009:S1,2009-08-28
857 HK Equity,2009:Q2,2009-08-28
857 HK Equity,2009:Q1,2009-04-28
857 HK Equity,2008:A,2009-03-25
857 HK Equity,2008:S2,2009-03-25
857 HK Equity,2008:Q4,2009-03-25
857 HK Equity,2008:Q3,2008-10-29
857 HK Equity,2008:S1,2008-08-27
857 HK Equity,2008:Q2,2008-08-27
857 HK Equity,2008:Q1,2008-04-28
857 HK Equity,2007:A,2008-03-20
857 HK Equity,2007:S2,2008-03-20
857 HK Equity,2007:Q4,2008-03-20
857 HK Equity,2007:Q3,2008-11-04
857 HK Equity,2007:S1,2007-08-23
857 HK Equity,2006:A,2007-03-19
857 HK Equity,2006:S2,2007-03-19
857 HK Equity,2006:S1,2006-08-23
857 HK Equity,2005:A,2006-03-20
857 HK Equity,2005:S2,2006-03-20
857 HK Equity,2005:S1,2005-08-24
857 HK Equity,2004:A,2005-03-16
857 HK Equity,2004:S2,2005-03-16
857 HK Equity,2004:S1,2004-08-26
857 HK Equity,2003:A,2004-03-24
857 HK Equity,2003:S2,2004-03-24
857 HK Equity,2003:S1,2003-08-27
857 HK Equity,2002:A,2003-03-31
857 HK Equity,2002:S2,2003-03-31
857 HK Equity,2002:S1,2002-08-29
857 HK Equity,2001:A,2002-04-15
857 HK Equity,2001:S2,2002-04-15
857 HK Equity,2001:S1,2001-08-30
857 HK Equity,2000:A,2001-04-23
857 HK Equity,2000:S2,2001-04-23
857 HK Equity,2000:S1,2000-08-30
857 HK Equity,1999:A,2000-04-28
857 HK Equity,1998:A,2000-03-27
857 HK Equity,1997:A,2000-03-27
857 HK Equity,1996:A,2000-03-27
868 HK Equity,2026:S1,2026-07-31
868 HK Equity,2026:C2,2026-07-31
868 HK Equity,2025:A,2026-02-27
868 HK Equity,2025:S2,2026-02-27
868 HK Equity,2025:S1,2025-08-01
868 HK Equity,2025:C2,2025-08-01
868 HK Equity,2024:A,2025-03-02
868 HK Equity,2024:S2,2025-03-02
868 HK Equity,2024:S1,2024-07-31
868 HK Equity,2023:A,2024-02-28
868 HK Equity,2023:S2,2024-02-28
868 HK Equity,2023:S1,2023-07-31
868 HK Equity,2022:A,2023-02-27
868 HK Equity,2022:S2,2023-02-27
868 HK Equity,2022:S1,2022-08-01
868 HK Equity,2021:A,2022-02-28
868 HK Equity,2021:S2,2022-02-28
868 HK Equity,2021:S1,2021-08-02
868 HK Equity,2020:A,2021-03-01
868 HK Equity,2020:S2,2021-03-01
868 HK Equity,2020:S1,2020-08-03
868 HK Equity,2019:A,2020-03-16
868 HK Equity,2019:S2,2020-03-16
868 HK Equity,2019:S1,2019-08-07
868 HK Equity,2018:A,2019-02-25
868 HK Equity,2018:S2,2019-02-25
868 HK Equity,2018:S1,2018-07-31
868 HK Equity,2017:A,2018-02-26
868 HK Equity,2017:S2,2018-02-26
868 HK Equity,2017:S1,2017-07-31
868 HK Equity,2016:A,2017-02-28
868 HK Equity,2016:S2,2017-02-28
868 HK Equity,2016:S1,2016-08-02
868 HK Equity,2015:A,2016-03-15
868 HK Equity,2015:S2,2016-03-15
868 HK Equity,2015:S1,2015-07-28
868 HK Equity,2014:A,2015-03-02
868 HK Equity,2014:S2,2015-03-02
868 HK Equity,2014:S1,2014-07-23
868 HK Equity,2013:A,2014-02-26
868 HK Equity,2013:S2,2014-02-26
868 HK Equity,2013:S1,2013-07-23
868 HK Equity,2012:A,2013-02-28
868 HK Equity,2012:S2,2013-02-28
868 HK Equity,2012:S1,2012-07-30
868 HK Equity,2011:A,2012-02-27
868 HK Equity,2011:S2,2012-02-27
868 HK Equity,2011:S1,2011-08-01
868 HK Equity,2010:A,2011-02-28
868 HK Equity,2010:S2,2011-02-28
868 HK Equity,2010:S1,2010-08-02
868 HK Equity,2009:A,2010-03-30
868 HK Equity,2009:S2,2010-03-30
868 HK Equity,2009:S1,2009-08-31
868 HK Equity,2008:A,2009-03-30
868 HK Equity,2008:S2,2009-03-30
868 HK Equity,2008:S1,2008-09-01
868 HK Equity,2007:A,2008-03-31
868 HK Equity,2007:S2,2008-03-31
868 HK Equity,2007:S1,2007-08-13
868 HK Equity,2006:A,2007-03-30
868 HK Equity,2006:S2,2007-03-30
868 HK Equity,2006:S1,2006-08-31
868 HK Equity,2005:A,2006-04-03
868 HK Equity,2005:S2,2006-04-03
868 HK Equity,2005:S1,2005-09-13
868 HK Equity,2004:A,2005-04-22
868 HK Equity,2004:S2,2005-04-22
868 HK Equity,2004:S1,2005-09-13
868 HK Equity,2003:A,2004-04-30
868 HK Equity,2002:A,2003-04-30
868 HK Equity,2001:A,2002-04-30
883 HK Equity,2026:S1,2026-08-26
883 HK Equity,2026:C2,2026-08-26
883 HK Equity,2026:Q2,2026-08-26
883 HK Equity,2026:Q1,2026-04-28
883 HK Equity,2025:A,2026-03-26
883 HK Equity,2025:S2,2026-03-26
883 HK Equity,2025:Q4,2026-03-26
883 HK Equity,2025:C3,2025-10-30
883 HK Equity,2025:Q3,2025-10-30
883 HK Equity,2025:S1,2025-08-27
883 HK Equity,2025:C2,2025-08-27
883 HK Equity,2025:Q2,2025-08-27
883 HK Equity,2025:Q1,2025-04-29
883 HK Equity,2024:A,2025-03-27
883 HK Equity,2024:S2,2025-03-27
883 HK Equity,2024:Q4,2025-03-27
883 HK Equity,2024:C3,2024-10-28
883 HK Equity,2024:Q3,2024-10-28
883 HK Equity,2024:S1,2024-08-28
883 HK Equity,2024:C2,2024-08-28
883 HK Equity,2024:Q2,2024-08-28
883 HK Equity,2024:Q1,2024-04-25
883 HK Equity,2023:A,2024-03-21
883 HK Equity,2023:S2,2024-03-21
883 HK Equity,2023:Q4,2024-03-21
883 HK Equity,2023:C3,2023-10-24
883 HK Equity,2023:Q3,2023-10-24
883 HK Equity,2023:S1,2023-08-17
883 HK Equity,2023:Q2,2023-08-17
883 HK Equity,2023:Q1,2023-04-27
883 HK Equity,2022:A,2023-03-29
883 HK Equity,2022:S2,2023-03-29
883 HK Equity,2022:Q4,2023-03-29
883 HK Equity,2022:C3,2022-10-27
883 HK Equity,2022:Q3,2022-10-27
883 HK Equity,2022:S1,2022-08-25
883 HK Equity,2022:Q2,2022-08-25
883 HK Equity,2022:Q1,2022-04-29
883 HK Equity,2021:A,2022-03-30
883 HK Equity,2021:S2,2022-03-30
883 HK Equity,2021:Q4,2022-03-30
883 HK Equity,2021:Q3,2021-10-28
883 HK Equity,2021:S1,2021-08-19
883 HK Equity,2021:Q2,2021-08-19
883 HK Equity,2021:Q1,2021-05-06
883 HK Equity,2020:A,2021-03-25
883 HK Equity,2020:S2,2021-03-25
883 HK Equity,2020:Q4,2021-03-25
883 HK Equity,2020:Q3,2020-10-22
883 HK Equity,2020:S1,2020-08-19
883 HK Equity,2020:Q2,2020-08-19
883 HK Equity,2020:Q1,2020-04-29
883 HK Equity,2019:A,2020-03-25
883 HK Equity,2019:S2,2020-03-25
883 HK Equity,2019:Q4,2020-03-25
883 HK Equity,2019:Q3,2019-10-24
883 HK Equity,2019:S1,2019-08-29
883 HK Equity,2019:Q2,2019-08-29
883 HK Equity,2019:Q1,2019-04-25
883 HK Equity,2018:A,2019-03-21
883 HK Equity,2018:S2,2019-03-21
883 HK Equity,2018:Q4,2019-03-21
883 HK Equity,2018:Q3,2018-10-25
883 HK Equity,2018:S1,2018-08-23
883 HK Equity,2018:Q2,2018-08-23
883 HK Equity,2018:Q1,2018-04-20
883 HK Equity,2017:A,2018-03-29
883 HK Equity,2017:S2,2018-03-29
883 HK Equity,2017:Q4,2018-03-29
883 HK Equity,2017:Q3,2017-10-25
883 HK Equity,2017:S1,2017-08-24
883 HK Equity,2017:Q2,2017-08-24
883 HK Equity,2017:Q1,2017-04-27
883 HK Equity,2016:A,2017-03-23
883 HK Equity,2016:S2,2017-03-23
883 HK Equity,2016:Q4,2017-03-23
883 HK Equity,2016:Q3,2016-10-26
883 HK Equity,2016:S1,2016-08-24
883 HK Equity,2016:Q2,2016-08-24
883 HK Equity,2016:Q1,2016-04-28
883 HK Equity,2015:A,2016-03-24
883 HK Equity,2015:S2,2016-03-24
883 HK Equity,2015:Q4,2016-03-24
883 HK Equity,2015:Q3,2015-10-29
883 HK Equity,2015:S1,2015-08-26
883 HK Equity,2015:Q2,2015-08-26
883 HK Equity,2015:Q1,2015-04-24
883 HK Equity,2014:A,2015-03-27
883 HK Equity,2014:S2,2015-03-27
883 HK Equity,2014:Q4,2015-03-27
883 HK Equity,2014:Q3,2014-10-29
883 HK Equity,2014:S1,2014-08-28
883 HK Equity,2014:Q2,2014-08-28
883 HK Equity,2014:Q1,2014-05-28
883 HK Equity,2013:A,2014-03-28
883 HK Equity,2013:S2,2014-03-28
883 HK Equity,2013:Q4,2014-03-28
883 HK Equity,2013:Q3,2013-08-20
883 HK Equity,2013:S1,2013-08-20
883 HK Equity,2013:Q2,2013-08-20
883 HK Equity,2013:Q1,2013-08-20
883 HK Equity,2012:A,2013-03-22
883 HK Equity,2012:S2,2013-03-22
883 HK Equity,2012:C4,2013-03-22
883 HK Equity,2012:Q4,2013-03-22
883 HK Equity,2012:Q3,2012-10-31
883 HK Equity,2012:S1,2012-08-21
883 HK Equity,2012:Q2,2012-08-21
883 HK Equity,2012:Q1,2012-04-30
883 HK Equity,2011:A,2012-03-28
883 HK Equity,2011:S2,2012-03-28
883 HK Equity,2011:Q4,2012-03-28
883 HK Equity,2011:Q3,2011-10-31
883 HK Equity,2011:S1,2011-08-24
883 HK Equity,2011:Q2,2011-08-24
883 HK Equity,2011:Q1,2011-04-27
883 HK Equity,2010:A,2011-03-23
883 HK Equity,2010:S2,2011-03-23
883 HK Equity,2010:Q4,2011-03-23
883 HK Equity,2010:Q3,2010-10-19
883 HK Equity,2010:S1,2010-08-19
883 HK Equity,2010:Q2,2010-08-19
883 HK Equity,2010:Q1,2010-08-19
883 HK Equity,2009:A,2010-03-31
883 HK Equity,2009:S2,2010-03-31
883 HK Equity,2009:Q4,2010-03-31
883 HK Equity,2009:Q3,2010-03-31
883 HK Equity,2009:S1,2009-08-26
883 HK Equity,2009:Q2,2009-08-26
883 HK Equity,2009:Q1,2009-04-26
883 HK Equity,2008:A,2009-03-31
883 HK Equity,2008:S2,2009-03-31
883 HK Equity,2008:Q4,2009-03-31
883 HK Equity,2008:Q3,2008-10-27
883 HK Equity,2008:S1,2008-08-27
883 HK Equity,2008:Q2,2008-08-27
883 HK Equity,2008:Q1,2008-08-27
883 HK Equity,2007:A,2008-03-27
883 HK Equity,2007:S2,2008-03-27
883 HK Equity,2007:S1,2007-08-29
883 HK Equity,2006:A,2007-03-29
883 HK Equity,2006:S2,2007-03-29
883 HK Equity,2006:S1,2006-08-29
883 HK Equity,2005:A,2006-03-24
883 HK Equity,2005:S2,2006-03-24
883 HK Equity,2005:S1,2005-10-05
883 HK Equity,2004:A,2005-03-29
883 HK Equity,2004:S2,2005-03-29
883 HK Equity,2004:S1,2004-09-28
883 HK Equity,2003:A,2004-03-15
883 HK Equity,2003:S2,2004-03-15
883 HK Equity,2003:S1,2003-07-29
883 HK Equity,2002:A,2003-03-28
883 HK Equity,2002:S2,2003-03-28
883 HK Equity,2002:S1,2002-08-26
883 HK Equity,2001:A,2002-03-27
883 HK Equity,2001:S2,2002-03-27
883 HK Equity,2001:S1,2001-08-27
883 HK Equity,2000:A,2001-04-11
883 HK Equity,2000:S2,2001-04-11
883 HK Equity,2000:S1,2000-09-30
883 HK Equity,1999:A,2000-03-31
939 HK Equity,2026:S1,2026-08-28
939 HK Equity,2026:C2,2026-08-28
939 HK Equity,2026:Q2,2026-08-28
939 HK Equity,2026:Q1,2026-04-29
939 HK Equity,2025:A,2026-03-27
939 HK Equity,2025:S2,2026-03-27
939 HK Equity,2025:Q4,2026-03-27
939 HK Equity,2025:C3,2025-10-30
939 HK Equity,2025:Q3,2025-10-30
939 HK Equity,2025:S1,2025-08-29
939 HK Equity,2025:C2,2025-08-29
939 HK Equity,2025:Q2,2025-08-29
939 HK Equity,2025:Q1,2025-04-29
939 HK Equity,2024:A,2025-03-28
939 HK Equity,2024:S2,2025-03-28
939 HK Equity,2024:Q4,2025-03-28
939 HK Equity,2024:C3,2024-10-30
939 HK Equity,2024:Q3,2024-10-30
939 HK Equity,2024:S1,2024-08-30
939 HK Equity,2024:Q2,2024-08-30
939 HK Equity,2024:Q1,2024-04-29
939 HK Equity,2023:A,2024-03-28
939 HK Equity,2023:S2,2024-03-28
939 HK Equity,2023:Q4,2024-03-28
939 HK Equity,2023:C3,2023-10-26
939 HK Equity,2023:Q3,2023-10-26
939 HK Equity,2023:S1,2023-08-23
939 HK Equity,2023:C2,2023-08-23
939 HK Equity,2023:Q2,2023-08-23
939 HK Equity,2023:Q1,2023-04-28
939 HK Equity,2022:A,2023-03-29
939 HK Equity,2022:S2,2023-03-29
939 HK Equity,2022:Q4,2023-03-29
939 HK Equity,2022:C3,2022-10-28
939 HK Equity,2022:Q3,2022-10-28
939 HK Equity,2022:S1,2022-08-30
939 HK Equity,2022:C2,2022-08-30
939 HK Equity,2022:Q2,2022-08-30
939 HK Equity,2022:Q1,2022-04-29
939 HK Equity,2021:A,2022-03-29
939 HK Equity,2021:S2,2022-03-29
939 HK Equity,2021:Q4,2022-03-29
939 HK Equity,2021:C3,2021-10-29
939 HK Equity,2021:Q3,2021-10-29
939 HK Equity,2021:S1,2021-08-27
939 HK Equity,2021:C2,2021-08-27
939 HK Equity,2021:Q2,2021-08-27
939 HK Equity,2021:Q1,2021-04-28
939 HK Equity,2020:A,2021-03-26
939 HK Equity,2020:S2,2021-03-26
939 HK Equity,2020:Q4,2021-03-26
939 HK Equity,2020:C3,2020-10-29
939 HK Equity,2020:Q3,2020-10-29
939 HK Equity,2020:S1,2020-08-30
939 HK Equity,2020:C2,2020-08-30
939 HK Equity,2020:Q2,2020-08-30
939 HK Equity,2020:Q1,2020-04-28
939 HK Equity,2019:A,2020-03-29
939 HK Equity,2019:S2,2020-03-29
939 HK Equity,2019:Q4,2020-03-29
939 HK Equity,2019:C3,2019-10-30
939 HK Equity,2019:Q3,2019-10-30
939 HK Equity,2019:S1,2019-08-28
939 HK Equity,2019:Q2,2019-08-28
939 HK Equity,2019:Q1,2019-04-29
939 HK Equity,2018:A,2019-03-27
939 HK Equity,2018:S2,2019-03-27
939 HK Equity,2018:Q4,2019-03-27
939 HK Equity,2018:C3,2018-10-23
939 HK Equity,2018:Q3,2018-10-23
939 HK Equity,2018:S1,2018-08-28
939 HK Equity,2018:Q2,2018-08-28
939 HK Equity,2018:Q1,2018-04-26
939 HK Equity,2017:A,2018-03-27
939 HK Equity,2017:S2,2018-03-27
939 HK Equity,2017:Q4,2018-03-27
939 HK Equity,2017:C3,2017-10-26
939 HK Equity,2017:Q3,2017-10-26
939 HK Equity,2017:S1,2017-08-30
939 HK Equity,2017:Q2,2017-08-30
939 HK Equity,2017:Q1,2017-04-27
939 HK Equity,2016:A,2017-03-29
939 HK Equity,2016:S2,2017-03-29
939 HK Equity,2016:Q4,2017-03-29
939 HK Equity,2016:C3,2016-10-27
939 HK Equity,2016:Q3,2016-10-27
939 HK Equity,2016:S1,2016-08-25
939 HK Equity,2016:Q2,2016-08-25
939 HK Equity,2016:Q1,2016-04-29
939 HK Equity,2015:A,2016-03-30
939 HK Equity,2015:S2,2016-03-30
939 HK Equity,2015:Q4,2016-03-30
939 HK Equity,2015:Q3,2015-10-29
939 HK Equity,2015:S1,2015-08-28
939 HK Equity,2015:Q2,2015-08-28
939 HK Equity,2015:Q1,2015-04-29
939 HK Equity,2014:A,2015-03-27
939 HK Equity,2014:S2,2015-03-27
939 HK Equity,2014:Q4,2015-03-27
939 HK Equity,2014:C3,2014-10-23
939 HK Equity,2014:Q3,2014-10-23
939 HK Equity,2014:S1,2014-08-29
939 HK Equity,2014:Q2,2014-08-29
939 HK Equity,2014:Q1,2014-04-25
939 HK Equity,2013:A,2014-03-28
939 HK Equity,2013:S2,2014-03-28
939 HK Equity,2013:Q4,2014-03-28
939 HK Equity,2013:C3,2013-10-27
939 HK Equity,2013:Q3,2013-10-25
939 HK Equity,2013:S1,2013-08-23
939 HK Equity,2013:Q2,2013-08-23
939 HK Equity,2013:Q1,2013-04-26
939 HK Equity,2012:A,2013-03-24
939 HK Equity,2012:S2,2013-03-24
939 HK Equity,2012:Q4,2013-03-24
939 HK Equity,2012:Q3,2012-10-27
939 HK Equity,2012:S1,2012-08-26
939 HK Equity,2012:Q2,2012-08-26
939 HK Equity,2012:Q1,2012-04-27
939 HK Equity,2011:A,2012-03-25
939 HK Equity,2011:S2,2012-03-25
939 HK Equity,2011:Q4,2012-03-25
939 HK Equity,2011:Q3,2011-10-28
939 HK Equity,2011:S1,2011-08-21
939 HK Equity,2011:Q2,2011-08-21
939 HK Equity,2011:Q1,2011-04-28
939 HK Equity,2010:A,2011-03-27
939 HK Equity,2010:S2,2011-03-27
939 HK Equity,2010:Q4,2011-03-27
939 HK Equity,2010:Q3,2010-10-29
939 HK Equity,2010:S1,2010-08-22
939 HK Equity,2010:Q2,2010-08-22
939 HK Equity,2010:Q1,2010-04-29
939 HK Equity,2009:A,2010-03-28
939 HK Equity,2009:S2,2010-03-28
939 HK Equity,2009:Q4,2010-03-28
939 HK Equity,2009:Q3,2009-10-23
939 HK Equity,2009:S1,2009-08-21
939 HK Equity,2009:Q2,2009-08-21
939 HK Equity,2009:Q1,2009-04-24
939 HK Equity,2008:A,2009-03-27
939 HK Equity,2008:S2,2009-03-27
939 HK Equity,2008:Q4,2009-03-27
939 HK Equity,2008:Q3,2008-10-24
939 HK Equity,2008:S1,2008-08-22
939 HK Equity,2008:Q2,2008-08-22
939 HK Equity,2008:Q1,2008-04-25
939 HK Equity,2007:A,2008-04-11
939 HK Equity,2007:S2,2008-04-11
939 HK Equity,2007:Q4,2008-04-11
939 HK Equity,2007:Q3,2007-10-26
939 HK Equity,2007:S1,2007-08-24
939 HK Equity,2006:A,2007-09-24
939 HK Equity,2006:S2,2007-04-16
939 HK Equity,2006:S1,2006-08-24
939 HK Equity,2005:A,2006-04-06
939 HK Equity,2005:S2,2006-04-06
939 HK Equity,2005:S1,2005-10-15
939 HK Equity,2004:A,2007-09-24
939 HK Equity,2004:S2,2005-10-15
939 HK Equity,2004:S1,2005-10-15
939 HK Equity,2003:A,2005-10-15
939 HK Equity,2002:A,2005-10-15
941 HK Equity,2026:S1,2026-08-13
941 HK Equity,2026:C2,2026-08-13
941 HK Equity,2026:Q2,2026-08-13
941 HK Equity,2026:Q1,2026-04-20
941 HK Equity,2025:A,2026-03-26
941 HK Equity,2025:S2,2026-03-26
941 HK Equity,2025:Q4,2026-03-26
941 HK Equity,2025:C3,2025-10-20
941 HK Equity,2025:Q3,2025-10-20
941 HK Equity,2025:S1,2025-08-07
941 HK Equity,2025:C2,2025-08-07
941 HK Equity,2025:Q2,2025-08-07
941 HK Equity,2025:Q1,2025-04-22
941 HK Equity,2024:A,2025-03-20
941 HK Equity,2024:S2,2025-03-20
941 HK Equity,2024:Q4,2025-03-20
941 HK Equity,2024:C3,2024-10-21
941 HK Equity,2024:Q3,2024-10-21
941 HK Equity,2024:S1,2024-08-08
941 HK Equity,2024:Q2,2024-08-08
941 HK Equity,2024:Q1,2024-04-22
941 HK Equity,2023:A,2024-03-21
941 HK Equity,2023:S2,2024-03-21
941 HK Equity,2023:Q4,2024-03-21
941 HK Equity,2023:C3,2023-10-20
941 HK Equity,2023:Q3,2023-10-20
941 HK Equity,2023:S1,2023-08-02
941 HK Equity,2023:C2,2023-08-02
941 HK Equity,2023:Q2,2023-08-02
941 HK Equity,2023:Q1,2023-04-20
941 HK Equity,2022:A,2023-03-23
941 HK Equity,2022:S2,2023-03-23
941 HK Equity,2022:C4,2023-03-23
941 HK Equity,2022:Q4,2023-03-23
941 HK Equity,2022:C3,2022-10-20
941 HK Equity,2022:Q3,2022-10-20
941 HK Equity,2022:S1,2022-08-11
941 HK Equity,2022:C2,2022-08-11
941 HK Equity,2022:Q2,2022-08-11
941 HK Equity,2022:Q1,2022-04-21
941 HK Equity,2021:A,2022-03-23
941 HK Equity,2021:S2,2022-03-23
941 HK Equity,2021:C4,2022-03-23
941 HK Equity,2021:Q4,2022-03-23
941 HK Equity,2021:C3,2021-10-20
941 HK Equity,2021:Q3,2021-10-20
941 HK Equity,2021:S1,2021-08-12
941 HK Equity,2021:Q2,2021-08-12
941 HK Equity,2021:Q1,2021-04-20
941 HK Equity,2020:A,2021-03-25
941 HK Equity,2020:S2,2021-03-25
941 HK Equity,2020:C4,2021-03-25
941 HK Equity,2020:Q4,2021-03-25
941 HK Equity,2020:C3,2020-10-20
941 HK Equity,2020:Q3,2020-10-20
941 HK Equity,2020:S1,2020-08-13
941 HK Equity,2020:Q2,2020-08-13
941 HK Equity,2020:Q1,2020-04-20
941 HK Equity,2019:A,2020-03-19
941 HK Equity,2019:S2,2020-03-19
941 HK Equity,2019:C4,2020-03-19
941 HK Equity,2019:Q4,2020-03-19
941 HK Equity,2019:C3,2019-10-21
941 HK Equity,2019:Q3,2019-10-21
941 HK Equity,2019:S1,2019-08-08
941 HK Equity,2019:Q2,2019-08-08
941 HK Equity,2019:Q1,2019-04-19
941 HK Equity,2018:A,2019-03-21
941 HK Equity,2018:S2,2019-03-21
941 HK Equity,2018:Q4,2019-03-21
941 HK Equity,2018:C3,2018-10-23
941 HK Equity,2018:Q3,2018-10-23
941 HK Equity,2018:S1,2018-08-09
941 HK Equity,2018:Q2,2018-08-09
941 HK Equity,2018:Q1,2018-04-20
941 HK Equity,2017:A,2018-03-22
941 HK Equity,2017:S2,2018-03-22
941 HK Equity,2017:Q4,2018-03-22
941 HK Equity,2017:C3,2017-10-21
941 HK Equity,2017:Q3,2017-10-21
941 HK Equity,2017:S1,2017-08-10
941 HK Equity,2017:Q2,2017-08-10
941 HK Equity,2017:Q1,2017-04-20
941 HK Equity,2016:A,2017-03-23
941 HK Equity,2016:S2,2017-03-23
941 HK Equity,2016:Q4,2017-03-23
941 HK Equity,2016:C3,2016-10-20
941 HK Equity,2016:Q3,2016-10-20
941 HK Equity,2016:S1,2016-08-11
941 HK Equity,2016:Q2,2016-08-11
941 HK Equity,2016:Q1,2016-04-20
941 HK Equity,2015:A,2016-03-17
941 HK Equity,2015:S2,2016-03-17
941 HK Equity,2015:Q4,2016-03-17
941 HK Equity,2015:C3,2015-10-20
941 HK Equity,2015:Q3,2015-10-20
941 HK Equity,2015:S1,2015-08-20
941 HK Equity,2015:Q2,2015-08-20
941 HK Equity,2015:Q1,2015-04-20
941 HK Equity,2014:A,2015-03-19
941 HK Equity,2014:S2,2015-03-19
941 HK Equity,2014:Q4,2015-03-19
941 HK Equity,2014:C3,2014-10-20
941 HK Equity,2014:Q3,2014-10-20
941 HK Equity,2014:S1,2014-08-14
941 HK Equity,2014:Q2,2014-08-14
941 HK Equity,2014:Q1,2014-04-22
941 HK Equity,2013:A,2014-03-20
941 HK Equity,2013:S2,2014-03-20
941 HK Equity,2013:Q4,2014-03-20
941 HK Equity,2013:C3,2013-10-21
941 HK Equity,2013:Q3,2013-10-21
941 HK Equity,2013:S1,2013-08-15
941 HK Equity,2013:Q2,2013-08-15
941 HK Equity,2013:Q1,2013-04-22
941 HK Equity,2012:A,2013-03-14
941 HK Equity,2012:S2,2013-03-14
941 HK Equity,2012:Q4,2013-03-14
941 HK Equity,2012:C3,2012-10-22
941 HK Equity,2012:Q3,2012-10-22
941 HK Equity,2012:S1,2012-08-16
941 HK Equity,2012:Q2,2012-08-16
941 HK Equity,2012:Q1,2012-04-20
941 HK Equity,2011:A,2012-03-15
941 HK Equity,2011:S2,2012-03-15
941 HK Equity,2011:Q4,2012-03-15
941 HK Equity,2011:C3,2011-10-20
941 HK Equity,2011:Q3,2011-10-20
941 HK Equity,2011:S1,2011-08-18
941 HK Equity,2011:Q2,2011-08-18
941 HK Equity,2011:Q1,2011-04-20
941 HK Equity,2010:A,2011-03-16
941 HK Equity,2010:S2,2011-03-16
941 HK Equity,2010:Q4,2011-03-16
941 HK Equity,2010:C3,2010-10-20
941 HK Equity,2010:Q3,2010-10-20
941 HK Equity,2010:S1,2010-08-19
941 HK Equity,2010:Q2,2010-08-19
941 HK Equity,2010:Q1,2010-04-20
941 HK Equity,2009:A,2010-03-18
941 HK Equity,2009:S2,2010-03-18
941 HK Equity,2009:Q4,2010-03-18
941 HK Equity,2009:C3,2009-10-20
941 HK Equity,2009:Q3,2009-10-20
941 HK Equity,2009:S1,2009-08-20
941 HK Equity,2009:Q2,2009-08-20
941 HK Equity,2009:Q1,2009-04-20
941 HK Equity,2008:A,2009-03-19
941 HK Equity,2008:S2,2009-03-19
941 HK Equity,2008:S1,2008-08-27
941 HK Equity,2007:A,2008-03-19
941 HK Equity,2007:S2,2008-03-19
941 HK Equity,2007:S1,2007-08-16
941 HK Equity,2007:Q2,2008-08-27
941 HK Equity,2006:A,2007-03-21
941 HK Equity,2006:S2,2007-03-21
941 HK Equity,2006:S1,2006-08-17
941 HK Equity,2006:Q2,2006-08-17
941 HK Equity,2005:A,2006-03-16
941 HK Equity,2005:S2,2006-03-16
941 HK Equity,2005:S1,2005-08-10
941 HK Equity,2004:A,2005-03-11
941 HK Equity,2004:S2,2005-03-11
941 HK Equity,2004:S1,2004-08-18
941 HK Equity,2003:A,2004-04-30
941 HK Equity,2003:S2,2004-04-30
941 HK Equity,2003:S1,2003-08-26
941 HK Equity,2002:A,2004-04-30
941 HK Equity,2002:S2,2004-04-30
941 HK Equity,2002:S1,2002-08-29
941 HK Equity,2001:A,2002-03-18
941 HK Equity,2001:S2,2002-03-18
941 HK Equity,2001:S1,2001-08-16
941 HK Equity,2000:A,2001-04-09
941 HK Equity,2000:S2,2001-04-09
941 HK Equity,2000:S1,2000-08-31
941 HK Equity,1999:A,2000-04-13
941 HK Equity,1999:S2,2000-04-13
941 HK Equity,1999:S1,1999-08-30
941 HK Equity,1998:A,1999-04-28
941 HK Equity,1998:S2,1999-04-28
941 HK Equity,1998:S1,1998-08-31
941 HK Equity,1997:A,1998-04-14
941 HK Equity,1996:A,1997-04-14
941 HK Equity,1995:A,1996-04-15
960 HK Equity,2026:S1,2026-08-28
960 HK Equity,2025:A,2026-03-27
960 HK Equity,2025:S2,2026-03-27
960 HK Equity,2025:S1,2025-08-29
960 HK Equity,2024:A,2025-03-28
960 HK Equity,2024:S2,2025-03-28
960 HK Equity,2024:S1,2024-08-23
960 HK Equity,2023:A,2024-03-22
960 HK Equity,2023:S2,2024-03-22
960 HK Equity,2023:S1,2023-08-18
960 HK Equity,2022:A,2023-03-17
960 HK Equity,2022:S2,2023-03-17
960 HK Equity,2022:S1,2022-08-26
960 HK Equity,2021:A,2022-03-25
960 HK Equity,2021:S2,2022-03-25
960 HK Equity,2021:S1,2021-08-25
960 HK Equity,2020:A,2021-03-26
960 HK Equity,2020:S2,2021-03-26
960 HK Equity,2020:S1,2020-08-26
960 HK Equity,2019:A,2020-03-24
960 HK Equity,2019:S2,2020-03-24
960 HK Equity,2019:S1,2019-08-26
960 HK Equity,2018:A,2019-03-25
960 HK Equity,2018:S2,2019-03-25
960 HK Equity,2018:S1,2018-08-21
960 HK Equity,2017:A,2018-03-23
960 HK Equity,2017:S2,2018-03-23
960 HK Equity,2017:S1,2017-08-16
960 HK Equity,2016:A,2017-03-24
960 HK Equity,2016:S2,2017-03-24
960 HK Equity,2016:S1,2016-08-17
960 HK Equity,2015:A,2016-03-29
960 HK Equity,2015:S2,2016-03-29
960 HK Equity,2015:S1,2015-08-21
960 HK Equity,2014:A,2015-03-18
960 HK Equity,2014:S2,2015-03-18
960 HK Equity,2014:S1,2014-08-04
960 HK Equity,2013:A,2014-03-21
960 HK Equity,2013:S2,2014-03-21
960 HK Equity,2013:S1,2013-08-19
960 HK Equity,2012:A,2013-03-15
960 HK Equity,2012:S2,2013-03-15
960 HK Equity,2012:S1,2012-08-17
960 HK Equity,2011:A,2012-03-12
960 HK Equity,2011:S2,2012-03-12
960 HK Equity,2011:S1,2011-08-15
960 HK Equity,2010:A,2011-03-21
960 HK Equity,2010:S2,2011-03-21
960 HK Equity,2010:S1,2010-08-16
960 HK Equity,2009:A,2010-04-12
960 HK Equity,2009:S2,2010-04-12
960 HK Equity,2009:S1,2009-11-09
960 HK Equity,2008:A,2009-11-09
960 HK Equity,2008:S2,2009-11-09
960 HK Equity,2008:S1,2009-11-09
960 HK Equity,2007:A,2009-11-09
960 HK Equity,2006:A,2009-11-09
9618 HK Equity,2026:Q2,2026-08-13
9618 HK Equity,2026:Q1,2026-05-12
9618 HK Equity,2025:A,2026-03-05
9618 HK Equity,2025:Q4,2026-03-05
9618 HK Equity,2025:C3,2025-11-13
9618 HK Equity,2025:Q3,2025-11-13
9618 HK Equity,2025:Q2,2025-08-14
9618 HK Equity,2025:Q1,2025-05-13
9618 HK Equity,2024:A,2025-03-06
9618 HK Equity,2024:Q4,2025-03-06
9618 HK Equity,2024:C3,2024-11-14
9618 HK Equity,2024:Q3,2024-11-14
9618 HK Equity,2024:C2,2024-08-15
9618 HK Equity,2024:Q2,2024-08-15
9618 HK Equity,2024:Q1,2024-05-16
9618 HK Equity,2023:A,2024-03-06
9618 HK Equity,2023:Q4,2024-03-06
9618 HK Equity,2023:C3,2023-11-15
9618 HK Equity,2023:Q3,2023-11-15
9618 HK Equity,2023:C2,2023-08-16
9618 HK Equity,2023:Q2,2023-08-16
9618 HK Equity,2023:Q1,2023-05-11
9618 HK Equity,2022:A,2023-04-20
9618 HK Equity,2022:Q4,2023-04-20
9618 HK Equity,2022:C3,2022-11-18
9618 HK Equity,2022:Q3,2022-11-18
9618 HK Equity,2022:Q2,2022-08-23
9618 HK Equity,2022:Q1,2022-05-17
9618 HK Equity,2021:A,2022-03-10
9618 HK Equity,2021:Q4,2022-03-10
9618 HK Equity,2021:Q3,2021-11-18
9618 HK Equity,2021:Q2,2021-08-23
9618 HK Equity,2021:Q1,2021-05-19
9618 HK Equity,2020:A,2021-03-11
9618 HK Equity,2020:Q4,2021-03-11
9618 HK Equity,2020:Q3,2020-11-16
9618 HK Equity,2020:Q2,2020-08-17
9618 HK Equity,2020:Q1,2020-05-15
9618 HK Equity,2019:A,2020-03-02
9618 HK Equity,2019:Q4,2020-03-02
9618 HK Equity,2019:Q3,2019-11-15
9618 HK Equity,2019:Q2,2019-08-13
9618 HK Equity,2019:Q1,2019-05-10
9618 HK Equity,2018:A,2019-02-28
9618 HK Equity,2018:Q4,2019-02-28
9618 HK Equity,2018:Q3,2018-11-19
9618 HK Equity,2018:Q2,2018-08-16
9618 HK Equity,2018:Q1,2018-05-08
9618 HK Equity,2017:A,2018-03-02
9618 HK Equity,2017:Q4,2018-03-02
9618 HK Equity,2017:Q3,2017-11-13
9618 HK Equity,2017:Q2,2017-08-14
9618 HK Equity,2017:Q1,2017-05-08
9618 HK Equity,2016:A,2017-03-02
9618 HK Equity,2016:Q4,2017-03-02
9618 HK Equity,2016:Q3,2016-11-15
9618 HK Equity,2016:Q2,2016-08-10
9618 HK Equity,2016:Q1,2016-05-09
9618 HK Equity,2015:A,2016-03-01
9618 HK Equity,2015:Q4,2016-03-01
9618 HK Equity,2015:Q3,2015-11-16
9618 HK Equity,2015:Q2,2015-08-07
9618 HK Equity,2015:Q1,2015-05-08
9618 HK Equity,2014:A,2015-03-03
9618 HK Equity,2014:Q4,2015-03-03
9618 HK Equity,2014:Q3,2014-11-17
9618 HK Equity,2014:Q2,2014-08-15
9618 HK Equity,2014:Q1,2015-05-11
9618 HK Equity,2013:A,2014-05-09
9618 HK Equity,2013:Q4,2014-05-09
9618 HK Equity,2013:C3,2014-01-30
9618 HK Equity,2013:Q3,2014-01-30
9618 HK Equity,2013:Q2,2014-08-15
9618 HK Equity,2012:A,2014-01-30
9618 HK Equity,2011:A,2014-01-30
9618 HK Equity,2011:Q4,2014-01-30
9618 HK Equity,2010:A,2014-01-30
9618 HK Equity,2009:A,2014-01-30
9633 HK Equity,2026:S1,2026-08-25
9633 HK Equity,2025:A,2026-03-24
9633 HK Equity,2025:S2,2026-03-24
9633 HK Equity,2025:S1,2025-08-26
9633 HK Equity,2024:A,2025-03-25
9633 HK Equity,2024:S2,2025-03-25
9633 HK Equity,2024:S1,2024-08-27
9633 HK Equity,2023:A,2024-03-26
9633 HK Equity,2023:S2,2024-03-26
9633 HK Equity,2023:S1,2023-08-29
9633 HK Equity,2022:A,2023-03-28
9633 HK Equity,2022:S2,2023-03-28
9633 HK Equity,2022:S1,2022-08-24
9633 HK Equity,2021:A,2022-03-28
9633 HK Equity,2021:S2,2022-03-28
9633 HK Equity,2021:S1,2021-08-25
9633 HK Equity,2020:A,2021-03-25
9633 HK Equity,2020:S2,2021-03-25
9633 HK Equity,2020:S1,2020-09-24
9633 HK Equity,2019:A,2020-08-25
9633 HK Equity,2019:S2,2020-08-25
9633 HK Equity,2019:S1,2020-09-24
9633 HK Equity,2018:A,2020-08-25
9633 HK Equity,2017:A,2020-08-25
968 HK Equity,2026:S1,2026-07-31
968 HK Equity,2025:A,2026-02-27
968 HK Equity,2025:S2,2026-02-27
968 HK Equity,2025:S1,2025-08-01
968 HK Equity,2024:A,2025-02-28
968 HK Equity,2024:S2,2025-02-28
968 HK Equity,2024:S1,2024-07-31
968 HK Equity,2023:A,2024-02-28
968 HK Equity,2023:S2,2024-02-28
968 HK Equity,2023:S1,2023-07-31
968 HK Equity,2022:A,2023-02-27
968 HK Equity,2022:S2,2023-02-27
968 HK Equity,2022:S1,2022-08-01
968 HK Equity,2021:A,2022-02-28
968 HK Equity,2021:S2,2022-02-28
968 HK Equity,2021:S1,2021-08-02
968 HK Equity,2020:A,2021-03-01
968 HK Equity,2020:S2,2021-03-01
968 HK Equity,2020:S1,2020-08-03
968 HK Equity,2019:A,2020-03-16
968 HK Equity,2019:S2,2020-03-16
968 HK Equity,2019:S1,2019-08-07
968 HK Equity,2018:A,2019-02-25
968 HK Equity,2018:S2,2019-02-25
968 HK Equity,2018:S1,2018-07-30
968 HK Equity,2017:A,2018-02-26
968 HK Equity,2017:S2,2018-02-26
968 HK Equity,2017:S1,2017-07-31
968 HK Equity,2016:A,2017-02-28
968 HK Equity,2016:S2,2017-02-28
968 HK Equity,2016:S1,2016-08-02
968 HK Equity,2015:A,2016-03-15
968 HK Equity,2015:S2,2016-03-15
968 HK Equity,2015:S1,2015-07-28
968 HK Equity,2014:A,2015-03-02
968 HK Equity,2014:S2,2015-03-02
968 HK Equity,2014:S1,2014-07-23
968 HK Equity,2013:A,2014-02-26
968 HK Equity,2013:S2,2014-02-26
968 HK Equity,2013:S1,2013-11-22
968 HK Equity,2012:A,2013-11-22
968 HK Equity,2012:S2,2013-11-22
968 HK Equity,2012:S1,2013-11-22
968 HK Equity,2011:A,2013-11-22
968 HK Equity,2011:S2,2013-11-22
968 HK Equity,2011:S1,2011-11-10
968 HK Equity,2010:A,2011-11-10
968 HK Equity,2010:S2,2011-11-10
968 HK Equity,2010:S1,2011-11-10
968 HK Equity,2009:A,2011-11-10
968 HK Equity,2008:A,2011-11-10
981 HK Equity,2026:S1,2026-08-13
981 HK Equity,2026:C2,2026-08-13
981 HK Equity,2026:Q2,2026-08-13
981 HK Equity,2026:Q1,2026-05-14
981 HK Equity,2025:A,2026-02-10
981 HK Equity,2025:S2,2026-02-10
981 HK Equity,2025:Q4,2026-02-10
981 HK Equity,2025:C3,2025-11-13
981 HK Equity,2025:Q3,2025-11-13
981 HK Equity,2025:S1,2025-08-07
981 HK Equity,2025:Q2,2025-08-07
981 HK Equity,2025:Q1,2025-05-08
981 HK Equity,2024:A,2025-02-11
981 HK Equity,2024:S2,2025-02-11
981 HK Equity,2024:Q4,2025-02-11
981 HK Equity,2024:C3,2024-11-07
981 HK Equity,2024:Q3,2024-11-07
981 HK Equity,2024:S1,2024-08-08
981 HK Equity,2024:Q2,2024-08-08
981 HK Equity,2024:Q1,2024-05-09
981 HK Equity,2023:A,2024-02-06
981 HK Equity,2023:S2,2024-02-06
981 HK Equity,2023:Q4,2024-02-06
981 HK Equity,2023:C3,2023-11-09
981 HK Equity,2023:Q3,2023-11-09
981 HK Equity,2023:S1,2023-08-10
981 HK Equity,2023:Q2,2023-08-10
981 HK Equity,2023:Q1,2023-05-11
981 HK Equity,2022:A,2023-02-09
981 HK Equity,2022:S2,2023-02-09
981 HK Equity,2022:Q4,2023-02-09
981 HK Equity,2022:C3,2022-11-10
981 HK Equity,2022:Q3,2022-11-10
981 HK Equity,2022:S1,2022-08-11
981 HK Equity,2022:C2,2022-08-11
981 HK Equity,2022:Q2,2022-08-11
981 HK Equity,2022:Q1,2022-05-12
981 HK Equity,2021:A,2022-02-10
981 HK Equity,2021:S2,2022-02-10
981 HK Equity,2021:Q4,2022-02-10
981 HK Equity,2021:C3,2021-11-11
981 HK Equity,2021:Q3,2021-11-11
981 HK Equity,2021:S1,2021-08-05
981 HK Equity,2021:Q2,2021-08-05
981 HK Equity,2021:Q1,2021-05-13
981 HK Equity,2020:A,2021-02-04
981 HK Equity,2020:S2,2021-02-04
981 HK Equity,2020:Q4,2021-02-04
981 HK Equity,2020:C3,2020-11-11
981 HK Equity,2020:Q3,2020-11-11
981 HK Equity,2020:S1,2020-08-06
981 HK Equity,2020:Q2,2020-08-06
981 HK Equity,2020:Q1,2020-05-13
981 HK Equity,2019:A,2020-02-13
981 HK Equity,2019:S2,2020-02-13
981 HK Equity,2019:Q4,2020-02-13
981 HK Equity,2019:Q3,2019-11-12
981 HK Equity,2019:S1,2019-08-08
981 HK Equity,2019:Q2,2019-08-08
981 HK Equity,2019:Q1,2019-05-08
981 HK Equity,2018:A,2019-02-14
981 HK Equity,2018:S2,2019-02-14
981 HK Equity,2018:Q4,2019-02-14
981 HK Equity,2018:Q3,2018-11-07
981 HK Equity,2018:S1,2018-08-09
981 HK Equity,2018:Q2,2018-08-09
981 HK Equity,2018:Q1,2018-05-09
981 HK Equity,2017:A,2018-02-08
981 HK Equity,2017:S2,2018-02-08
981 HK Equity,2017:Q4,2018-02-08
981 HK Equity,2017:Q3,2017-11-14
981 HK Equity,2017:S1,2017-08-08
981 HK Equity,2017:Q2,2017-08-08
981 HK Equity,2017:Q1,2017-05-10
981 HK Equity,2016:A,2017-02-14
981 HK Equity,2016:S2,2017-02-14
981 HK Equity,2016:Q4,2017-02-14
981 HK Equity,2016:Q3,2016-11-07
981 HK Equity,2016:S1,2016-08-10
981 HK Equity,2016:Q2,2016-08-10
981 HK Equity,2016:Q1,2016-05-12
981 HK Equity,2015:A,2016-02-18
981 HK Equity,2015:S2,2016-02-18
981 HK Equity,2015:Q4,2016-02-18
981 HK Equity,2015:Q3,2015-11-10
981 HK Equity,2015:S1,2015-08-11
981 HK Equity,2015:Q2,2015-08-11
981 HK Equity,2015:Q1,2015-05-07
981 HK Equity,2014:A,2015-04-29
981 HK Equity,2014:S2,2015-04-29
981 HK Equity,2014:Q4,2015-04-29
981 HK Equity,2014:Q3,2014-11-05
981 HK Equity,2014:S1,2014-08-06
981 HK Equity,2014:Q2,2014-08-06
981 HK Equity,2014:Q1,2014-04-28
981 HK Equity,2013:A,2014-02-17
981 HK Equity,2013:S2,2014-02-17
981 HK Equity,2013:Q4,2014-02-17
981 HK Equity,2013:Q3,2013-10-22
981 HK Equity,2013:S1,2013-08-08
981 HK Equity,2013:Q2,2013-08-08
981 HK Equity,2013:Q1,2013-04-24
981 HK Equity,2012:A,2013-02-06
981 HK Equity,2012:S2,2013-02-06
981 HK Equity,2012:Q4,2013-02-06
981 HK Equity,2012:Q3,2012-11-05
981 HK Equity,2012:S1,2012-08-11
981 HK Equity,2012:Q2,2012-08-11
981 HK Equity,2012:Q1,2012-05-10
981 HK Equity,2011:A,2012-02-08
981 HK Equity,2011:S2,2012-02-08
981 HK Equity,2011:Q4,2012-02-08
981 HK Equity,2011:Q3,2011-11-08
981 HK Equity,2011:S1,2011-08-11
981 HK Equity,2011:Q2,2011-08-11
981 HK Equity,2011:Q1,2011-05-19
981 HK Equity,2010:A,2011-02-17
981 HK Equity,2010:S2,2011-02-17
981 HK Equity,2010:Q4,2011-02-17
981 HK Equity,2010:Q3,2010-11-02
981 HK Equity,2010:S1,2010-08-11
981 HK Equity,2010:Q2,2010-08-11
981 HK Equity,2010:Q1,2010-05-11
981 HK Equity,2009:A,2010-02-09
981 HK Equity,2009:S2,2010-02-09
981 HK Equity,2009:Q4,2010-02-09
981 HK Equity,2009:Q3,2009-10-30
981 HK Equity,2009:S1,2009-07-28
981 HK Equity,2009:Q2,2009-07-28
981 HK Equity,2009:Q1,2009-04-29
981 HK Equity,2008:A,2009-02-05
981 HK Equity,2008:Q4,2009-02-05
981 HK Equity,2008:Q3,2008-10-29
981 HK Equity,2008:Q2,2008-07-28
981 HK Equity,2008:Q1,2008-04-29
981 HK Equity,2007:A,2008-01-29
981 HK Equity,2007:Q4,2008-01-29
981 HK Equity,2007:Q3,2007-10-30
981 HK Equity,2007:Q2,2007-07-26
981 HK Equity,2007:Q1,2007-04-27
981 HK Equity,2006:A,2007-04-25
981 HK Equity,2006:Q4,2007-04-25
981 HK Equity,2006:Q3,2006-10-30
981 HK Equity,2006:Q2,2006-07-27
981 HK Equity,2006:Q1,2006-04-27
981 HK Equity,2005:A,2006-03-29
981 HK Equity,2005:Q4,2006-03-29
981 HK Equity,2005:Q3,2005-10-27
981 HK Equity,2005:Q2,2005-07-28
981 HK Equity,2005:Q1,2005-04-28
981 HK Equity,2004:A,2005-03-29
981 HK Equity,2004:Q4,2005-03-29
981 HK Equity,2004:Q3,2004-11-01
981 HK Equity,2004:Q2,2004-08-31
981 HK Equity,2004:Q1,2004-04-26
981 HK Equity,2003:A,2004-02-11
981 HK Equity,2002:A,2004-02-11
981 HK Equity,2001:A,2004-02-11
9888 HK Equity,2026:Q2,2026-08-18
9888 HK Equity,2026:Q1,2026-05-18
9888 HK Equity,2025:A,2026-02-26
9888 HK Equity,2025:Q4,2026-02-26
9888 HK Equity,2025:Q3,2025-11-18
9888 HK Equity,2025:Q2,2025-08-20
9888 HK Equity,2025:Q1,2025-05-21
9888 HK Equity,2024:A,2025-02-18
9888 HK Equity,2024:Q4,2025-02-18
9888 HK Equity,2024:Q3,2024-11-21
9888 HK Equity,2024:Q2,2024-08-22
9888 HK Equity,2024:Q1,2024-05-16
9888 HK Equity,2023:A,2024-02-28
9888 HK Equity,2023:Q4,2024-02-28
9888 HK Equity,2023:Q3,2023-11-21
9888 HK Equity,2023:Q2,2023-08-22
9888 HK Equity,2023:Q1,2023-05-16
9888 HK Equity,2022:A,2023-02-22
9888 HK Equity,2022:Q4,2023-02-22
9888 HK Equity,2022:Q3,2022-11-22
9888 HK Equity,2022:Q2,2022-08-30
9888 HK Equity,2022:Q1,2022-05-26
9888 HK Equity,2021:A,2022-03-01
9888 HK Equity,2021:Q4,2022-03-01
9888 HK Equity,2021:Q3,2021-11-17
9888 HK Equity,2021:Q2,2021-08-12
9888 HK Equity,2021:Q1,2021-05-18
9888 HK Equity,2020:A,2021-02-17
9888 HK Equity,2020:Q4,2021-02-17
9888 HK Equity,2020:Q3,2020-11-16
9888 HK Equity,2020:Q2,2020-08-13
9888 HK Equity,2020:Q1,2020-05-18
9888 HK Equity,2019:A,2020-02-27
9888 HK Equity,2019:Q4,2020-02-27
9888 HK Equity,2019:Q3,2019-11-06
9888 HK Equity,2019:Q2,2019-08-19
9888 HK Equity,2019:Q1,2019-05-16
9888 HK Equity,2018:A,2019-02-21
9888 HK Equity,2018:Q4,2019-02-21
9888 HK Equity,2018:Q3,2018-10-30
9888 HK Equity,2018:Q2,2018-07-31
9888 HK Equity,2018:Q1,2018-04-26
9888 HK Equity,2017:A,2018-02-14
9888 HK Equity,2017:Q4,2018-02-13
9888 HK Equity,2017:Q3,2017-10-26
9888 HK Equity,2017:Q2,2017-07-27
9888 HK Equity,2017:Q1,2017-04-27
9888 HK Equity,2016:A,2017-02-23
9888 HK Equity,2016:Q4,2017-02-23
9888 HK Equity,2016:Q3,2016-10-27
9888 HK Equity,2016:Q2,2016-07-28
9888 HK Equity,2016:Q1,2016-04-28
9888 HK Equity,2015:A,2016-02-25
9888 HK Equity,2015:Q4,2016-02-25
9888 HK Equity,2015:Q3,2015-10-29
9888 HK Equity,2015:Q2,2015-07-27
9888 HK Equity,2015:Q1,2015-04-29
9888 HK Equity,2014:A,2015-03-27
9888 HK Equity,2014:Q4,2015-03-27
9888 HK Equity,2014:Q3,2014-10-29
9888 HK Equity,2014:Q2,2014-07-24
9888 HK Equity,2014:Q1,2014-04-24
9888 HK Equity,2013:A,2014-02-26
9888 HK Equity,2013:Q4,2014-02-26
9888 HK Equity,2013:Q3,2013-10-29
9888 HK Equity,2013:Q2,2013-07-24
9888 HK Equity,2013:Q1,2013-04-25
9888 HK Equity,2012:A,2013-02-04
9888 HK Equity,2012:Q4,2013-02-04
9888 HK Equity,2012:Q3,2012-10-31
9888 HK Equity,2012:Q2,2012-07-24
9888 HK Equity,2012:Q1,2012-04-25
9888 HK Equity,2011:A,2012-03-29
9888 HK Equity,2011:Q4,2013-02-04
9888 HK Equity,2011:Q3,2011-10-28
9888 HK Equity,2011:Q2,2011-07-26
9888 HK Equity,2011:Q1,2011-04-27
9888 HK Equity,2010:A,2011-01-31
9888 HK Equity,2010:Q4,2011-01-31
9888 HK Equity,2010:Q3,2010-10-21
9888 HK Equity,2010:Q2,2010-07-21
9888 HK Equity,2010:Q1,2010-04-29
9888 HK Equity,2009:A,2010-02-09
9888 HK Equity,2009:Q4,2010-02-09
9888 HK Equity,2009:Q3,2009-10-26
9888 HK Equity,2009:Q2,2009-07-24
9888 HK Equity,2009:Q1,2009-04-27
9888 HK Equity,2008:A,2009-02-18
9888 HK Equity,2008:Q4,2009-02-18
9888 HK Equity,2008:Q3,2008-10-23
9888 HK Equity,2008:Q2,2008-07-23
9888 HK Equity,2008:Q1,2008-04-25
9888 HK Equity,2007:A,2008-02-13
9888 HK Equity,2007:Q4,2008-02-13
9888 HK Equity,2007:Q3,2007-10-26
9888 HK Equity,2007:Q2,2007-07-26
9888 HK Equity,2007:Q1,2007-04-30
9888 HK Equity,2006:A,2007-05-30
9888 HK Equity,2006:Q4,2007-02-14
9888 HK Equity,2006:Q3,2006-10-31
9888 HK Equity,2006:Q2,2006-07-26
9888 HK Equity,2006:Q1,2006-05-09
9888 HK Equity,2005:A,2006-06-21
9888 HK Equity,2005:Q4,2006-02-21
9888 HK Equity,2005:Q3,2005-10-27
9888 HK Equity,2005:Q2,2005-08-23
9888 HK Equity,2004:A,2005-07-12
9901 HK Equity,2026:A,2026-07-29
9901 HK Equity,2026:S2,2026-07-29
9901 HK Equity,2026:Q4,2026-07-29
9901 HK Equity,2026:Q3,2026-04-22
9901 HK Equity,2026:S1,2026-01-28
9901 HK Equity,2026:Q2,2026-01-28
9901 HK Equity,2026:Q1,2025-10-28
9901 HK Equity,2025:A,2025-07-30
9901 HK Equity,2025:S2,2025-07-30
9901 HK Equity,2025:Q4,2025-07-30
9901 HK Equity,2025:Q3,2025-04-23
9901 HK Equity,2025:S1,2025-01-21
9901 HK Equity,2025:Q2,2025-01-21
9901 HK Equity,2025:Q1,2024-10-23
9901 HK Equity,2024:A,2024-07-31
9901 HK Equity,2024:S2,2024-07-31
9901 HK Equity,2024:Q4,2024-07-31
9901 HK Equity,2024:Q3,2024-04-24
9901 HK Equity,2024:S1,2024-01-24
9901 HK Equity,2024:Q2,2024-01-24
9901 HK Equity,2024:Q1,2023-10-25
9901 HK Equity,2023:A,2023-07-26
9901 HK Equity,2023:S2,2023-07-26
9901 HK Equity,2023:Q4,2023-07-26
9901 HK Equity,2023:Q3,2023-04-19
9901 HK Equity,2023:S1,2023-01-17
9901 HK Equity,2023:Q2,2023-01-17
9901 HK Equity,2023:Q1,2022-10-26
9901 HK Equity,2022:A,2022-07-27
9901 HK Equity,2022:S2,2022-07-27
9901 HK Equity,2022:Q4,2022-07-27
9901 HK Equity,2022:Q3,2022-04-26
9901 HK Equity,2022:S1,2022-02-22
9901 HK Equity,2022:Q2,2023-01-17
9901 HK Equity,2021:A,2021-09-24
9901 HK Equity,2021:S2,2021-09-24
9901 HK Equity,2021:Q4,2021-09-24
9901 HK Equity,2021:Q3,2021-04-20
9901 HK Equity,2021:S1,2021-01-22
9901 HK Equity,2021:Q2,2021-01-22
9901 HK Equity,2021:Q1,2020-10-13
9901 HK Equity,2020:A,2020-07-28
9901 HK Equity,2020:S2,2020-07-28
9901 HK Equity,2020:Q4,2020-07-28
9901 HK Equity,2020:Q3,2020-04-21
9901 HK Equity,2020:S1,2020-01-20
9901 HK Equity,2020:Q2,2020-01-20
9901 HK Equity,2020:Q1,2019-10-22
9901 HK Equity,2019:A,2019-07-23
9901 HK Equity,2019:S2,2019-07-23
9901 HK Equity,2019:Q4,2019-07-23
9901 HK Equity,2019:Q3,2019-04-23
9901 HK Equity,2019:S1,2019-01-22
9901 HK Equity,2019:Q2,2019-01-22
9901 HK Equity,2019:Q1,2018-10-23
9901 HK Equity,2018:A,2018-07-24
9901 HK Equity,2018:Q4,2018-07-24
9901 HK Equity,2018:Q3,2018-04-24
9901 HK Equity,2018:Q2,2018-01-23
9901 HK Equity,2018:Q1,2017-10-24
9901 HK Equity,2017:A,2017-07-25
9901 HK Equity,2017:Q4,2017-07-25
9901 HK Equity,2017:Q3,2017-04-24
9901 HK Equity,2017:Q2,2017-01-17
9901 HK Equity,2017:Q1,2016-10-25
9901 HK Equity,2016:A,2016-07-20
9901 HK Equity,2016:Q4,2016-07-20
9901 HK Equity,2016:Q3,2016-04-19
9901 HK Equity,2016:Q2,2016-01-19
9901 HK Equity,2016:Q1,2015-10-20
9901 HK Equity,2015:A,2015-07-21
9901 HK Equity,2015:Q4,2015-07-21
9901 HK Equity,2015:Q3,2015-04-21
9901 HK Equity,2015:Q2,2015-01-20
9901 HK Equity,2015:Q1,2014-10-24
9901 HK Equity,2014:A,2014-07-22
9901 HK Equity,2014:Q4,2014-07-22
9901 HK Equity,2014:Q3,2014-04-28
9901 HK Equity,2014:Q2,2014-01-21
9901 HK Equity,2014:Q1,2013-10-23
9901 HK Equity,2013:A,2013-07-23
9901 HK Equity,2013:Q4,2013-07-23
9901 HK Equity,2013:Q3,2013-04-24
9901 HK Equity,2013:Q2,2013-01-29
9901 HK Equity,2013:Q1,2012-10-29
9901 HK Equity,2012:A,2012-07-17
9901 HK Equity,2012:Q4,2012-07-17
9901 HK Equity,2012:Q3,2012-04-17
9901 HK Equity,2012:Q2,2012-01-17
9901 HK Equity,2012:Q1,2011-10-18
9901 HK Equity,2011:A,2011-10-14
9901 HK Equity,2011:Q4,2011-10-14
9901 HK Equity,2011:Q3,2011-04-27
9901 HK Equity,2011:Q2,2011-01-18
9901 HK Equity,2011:Q1,2010-10-18
9901 HK Equity,2010:A,2010-07-19
9901 HK Equity,2010:Q4,2010-07-19
9901 HK Equity,2010:Q3,2010-04-20
9901 HK Equity,2010:Q2,2010-01-21
9901 HK Equity,2010:Q1,2009-10-20
9901 HK Equity,2009:A,2009-07-21
9901 HK Equity,2009:Q4,2009-07-21
9901 HK Equity,2009:Q3,2009-04-21
9901 HK Equity,2009:Q2,2009-01-19
9901 HK Equity,2009:Q1,2008-10-20
9901 HK Equity,2008:A,2008-07-17
9901 HK Equity,2008:Q4,2008-07-17
9901 HK Equity,2008:Q3,2008-04-16
9901 HK Equity,2008:Q2,2008-01-15
9901 HK Equity,2008:Q1,2007-10-15
9901 HK Equity,2007:A,2007-07-24
9901 HK Equity,2007:Q4,2007-07-24
9901 HK Equity,2007:Q3,2007-04-17
9901 HK Equity,2007:Q2,2007-01-16
9901 HK Equity,2007:Q1,2006-10-17
9901 HK Equity,2006:A,2006-08-22
992 HK Equity,2027:Q1,2026-08-13
992 HK Equity,2026:A,2026-05-22
992 HK Equity,2026:S2,2026-05-22
992 HK Equity,2026:Q4,2026-05-22
992 HK Equity,2026:C3,2026-02-12
992 HK Equity,2026:Q3,2026-02-12
992 HK Equity,2026:S1,2025-11-20
992 HK Equity,2026:C2,2025-11-20
992 HK Equity,2026:Q2,2025-11-20
992 HK Equity,2026:Q1,2025-08-14
992 HK Equity,2025:A,2025-05-22
992 HK Equity,2025:S2,2025-05-22
992 HK Equity,2025:Q4,2025-05-22
992 HK Equity,2025:C3,2025-02-20
992 HK Equity,2025:Q3,2025-02-20
992 HK Equity,2025:S1,2024-11-15
992 HK Equity,2025:Q2,2024-11-15
992 HK Equity,2025:Q1,2024-08-15
992 HK Equity,2024:A,2024-05-23
992 HK Equity,2024:S2,2024-05-23
992 HK Equity,2024:Q4,2024-05-23
992 HK Equity,2024:C3,2024-02-22
992 HK Equity,2024:Q3,2024-02-22
992 HK Equity,2024:S1,2023-11-16
992 HK Equity,2024:C2,2023-11-16
992 HK Equity,2024:Q2,2023-11-16
992 HK Equity,2024:Q1,2023-08-17
992 HK Equity,2023:A,2023-05-24
992 HK Equity,2023:S2,2023-05-24
992 HK Equity,2023:Q4,2023-05-24
992 HK Equity,2023:C3,2023-02-17
992 HK Equity,2023:Q3,2023-02-17
992 HK Equity,2023:S1,2022-11-03
992 HK Equity,2023:C2,2022-11-03
992 HK Equity,2023:Q2,2022-11-03
992 HK Equity,2023:Q1,2022-08-10
992 HK Equity,2022:A,2022-05-26
992 HK Equity,2022:S2,2022-05-26
992 HK Equity,2022:Q4,2022-05-26
992 HK Equity,2022:C3,2022-02-22
992 HK Equity,2022:Q3,2022-02-22
992 HK Equity,2022:S1,2021-11-04
992 HK Equity,2022:Q2,2021-11-04
992 HK Equity,2022:Q1,2021-08-11
992 HK Equity,2021:A,2021-05-27
992 HK Equity,2021:S2,2021-05-27
992 HK Equity,2021:Q4,2021-05-27
992 HK Equity,2021:C3,2021-02-03
992 HK Equity,2021:Q3,2021-02-03
992 HK Equity,2021:S1,2020-11-03
992 HK Equity,2021:C2,2020-11-03
992 HK Equity,2021:Q2,2020-11-03
992 HK Equity,2021:Q1,2020-08-13
992 HK Equity,2020:A,2020-05-20
992 HK Equity,2020:S2,2020-05-20
992 HK Equity,2020:Q4,2020-05-20
992 HK Equity,2020:C3,2020-02-20
992 HK Equity,2020:Q3,2020-02-20
992 HK Equity,2020:S1,2019-11-07
992 HK Equity,2020:Q2,2019-11-07
992 HK Equity,2020:Q1,2019-08-15
992 HK Equity,2019:A,2019-05-23
992 HK Equity,2019:S2,2019-05-23
992 HK Equity,2019:Q4,2019-05-23
992 HK Equity,2019:C3,2019-02-21
992 HK Equity,2019:Q3,2019-02-21
992 HK Equity,2019:S1,2018-11-08
992 HK Equity,2019:Q2,2018-11-08
992 HK Equity,2019:Q1,2018-08-16
992 HK Equity,2018:A,2018-05-24
992 HK Equity,2018:S2,2018-05-24
992 HK Equity,2018:Q4,2018-05-24
992 HK Equity,2018:C3,2018-02-01
992 HK Equity,2018:Q3,2018-01-31
992 HK Equity,2018:S1,2017-11-02
992 HK Equity,2018:C2,2017-11-02
992 HK Equity,2018:Q2,2017-11-02
992 HK Equity,2018:Q1,2017-08-18
992 HK Equity,2017:A,2017-05-25
992 HK Equity,2017:S2,2017-05-25
992 HK Equity,2017:Q4,2017-05-25
992 HK Equity,2017:C3,2017-02-16
992 HK Equity,2017:Q3,2017-02-16
992 HK Equity,2017:S1,2016-11-03
992 HK Equity,2017:Q2,2016-11-03
992 HK Equity,2017:Q1,2016-08-18
992 HK Equity,2016:A,2016-05-26
992 HK Equity,2016:S2,2016-05-26
992 HK Equity,2016:Q4,2016-05-26
992 HK Equity,2016:C3,2016-02-03
992 HK Equity,2016:Q3,2016-02-03
992 HK Equity,2016:S1,2015-11-12
992 HK Equity,2016:Q2,2015-11-12
992 HK Equity,2016:Q1,2015-08-12
992 HK Equity,2015:A,2015-05-21
992 HK Equity,2015:S2,2015-05-21
992 HK Equity,2015:Q4,2015-05-21
992 HK Equity,2015:Q3,2015-02-03
992 HK Equity,2015:S1,2014-11-06
992 HK Equity,2015:Q2,2014-11-06
992 HK Equity,2015:Q1,2014-08-13
992 HK Equity,2014:A,2014-05-21
992 HK Equity,2014:S2,2014-05-21
992 HK Equity,2014:Q4,2014-05-21
992 HK Equity,2014:Q3,2014-02-13
992 HK Equity,2014:S1,2013-11-06
992 HK Equity,2014:Q2,2013-11-06
992 HK Equity,2014:Q1,2013-08-15
992 HK Equity,2013:A,2013-05-23
992 HK Equity,2013:S2,2013-05-23
992 HK Equity,2013:Q4,2013-05-23
992 HK Equity,2013:C3,2013-01-30
992 HK Equity,2013:Q3,2013-01-30
992 HK Equity,2013:S1,2012-11-08
992 HK Equity,2013:Q2,2012-11-08
992 HK Equity,2013:Q1,2012-08-16
992 HK Equity,2012:A,2012-05-23
992 HK Equity,2012:S2,2012-05-23
992 HK Equity,2012:Q4,2012-05-23
992 HK Equity,2012:Q3,2012-02-09
992 HK Equity,2012:S1,2011-11-02
992 HK Equity,2012:Q2,2011-11-02
992 HK Equity,2012:Q1,2011-08-18
992 HK Equity,2011:A,2011-05-26
992 HK Equity,2011:S2,2011-05-26
992 HK Equity,2011:Q4,2011-05-26
992 HK Equity,2011:Q3,2011-02-17
992 HK Equity,2011:S1,2010-11-10
992 HK Equity,2011:Q2,2010-11-10
992 HK Equity,2011:Q1,2010-08-19
992 HK Equity,2010:A,2010-05-27
992 HK Equity,2010:S2,2010-05-27
992 HK Equity,2010:Q4,2010-05-27
992 HK Equity,2010:Q3,2010-02-04
992 HK Equity,2010:S1,2009-11-05
992 HK Equity,2010:Q2,2009-11-05
992 HK Equity,2010:Q1,2009-08-06
992 HK Equity,2009:A,2009-05-21
992 HK Equity,2009:S2,2009-05-21
992 HK Equity,2009:Q4,2009-05-21
992 HK Equity,2009:Q3,2009-02-05
992 HK Equity,2009:S1,2008-11-07
992 HK Equity,2009:Q2,2008-11-07
992 HK Equity,2009:Q1,2008-08-07
992 HK Equity,2008:A,2008-05-22
992 HK Equity,2008:S2,2008-05-22
992 HK Equity,2008:Q4,2008-05-22
992 HK Equity,2008:Q3,2008-01-30
992 HK Equity,2008:S1,2007-11-01
992 HK Equity,2008:Q2,2007-11-01
992 HK Equity,2008:Q1,2007-08-02
992 HK Equity,2007:A,2007-05-23
992 HK Equity,2007:S2,2007-05-23
992 HK Equity,2007:Q4,2007-05-23
992 HK Equity,2007:Q3,2007-02-01
992 HK Equity,2007:S1,2006-11-23
992 HK Equity,2007:Q2,2006-11-23
992 HK Equity,2007:Q1,2006-08-04
992 HK Equity,2006:A,2006-05-25
992 HK Equity,2006:S2,2006-05-25
992 HK Equity,2006:Q4,2006-05-25
992 HK Equity,2006:Q3,2006-01-27
992 HK Equity,2006:S1,2005-11-01
992 HK Equity,2006:Q2,2005-11-01
992 HK Equity,2006:Q1,2005-08-10
992 HK Equity,2005:A,2005-06-08
992 HK Equity,2005:S2,2005-06-08
992 HK Equity,2005:Q4,2005-06-08
992 HK Equity,2005:Q3,2005-02-04
992 HK Equity,2005:S1,2004-11-10
992 HK Equity,2005:Q2,2004-11-16
992 HK Equity,2005:Q1,2004-08-06
992 HK Equity,2004:A,2004-06-02
992 HK Equity,2004:S2,2004-06-02
992 HK Equity,2004:Q4,2004-06-02
992 HK Equity,2004:Q3,2004-02-18
992 HK Equity,2004:S1,2003-11-10
992 HK Equity,2004:Q2,2003-11-05
992 HK Equity,2004:Q1,2003-08-06
992 HK Equity,2003:A,2003-05-28
992 HK Equity,2003:S2,2003-05-28
992 HK Equity,2003:Q4,2003-05-28
992 HK Equity,2003:Q3,2004-02-18
992 HK Equity,2003:S1,2002-11-12
992 HK Equity,2003:Q2,2002-11-12
992 HK Equity,2003:Q1,2003-08-06
992 HK Equity,2002:A,2002-05-23
992 HK Equity,2002:S2,2002-05-23
992 HK Equity,2002:S1,2001-11-07
992 HK Equity,2001:A,2001-06-27
992 HK Equity,2001:S2,2001-06-27
992 HK Equity,2001:S1,2000-10-31
992 HK Equity,2000:A,2000-05-22
992 HK Equity,2000:S2,2000-05-22
992 HK Equity,1999:A,1999-05-25
992 HK Equity,1999:S2,1999-05-25
992 HK Equity,1999:S1,1998-11-12
992 HK Equity,1998:A,1998-06-18
992 HK Equity,1998:S2,1998-06-18
9961 HK Equity,2026:Q2,2026-09-15
9961 HK Equity,2026:Q1,2026-06-24
9961 HK Equity,2025:A,2026-02-25
9961 HK Equity,2025:Q4,2026-02-25
9961 HK Equity,2025:Q3,2025-11-17
9961 HK Equity,2025:Q2,2025-08-27
9961 HK Equity,2025:Q1,2025-05-19
9961 HK Equity,2024:A,2025-02-24
9961 HK Equity,2024:Q4,2025-02-24
9961 HK Equity,2024:Q3,2024-11-18
9961 HK Equity,2024:Q2,2024-08-26
9961 HK Equity,2024:Q1,2024-05-20
9961 HK Equity,2023:A,2024-02-21
9961 HK Equity,2023:Q4,2024-02-21
9961 HK Equity,2023:Q3,2023-11-20
9961 HK Equity,2023:Q2,2023-09-04
9961 HK Equity,2023:Q1,2023-06-07
9961 HK Equity,2022:A,2023-03-06
9961 HK Equity,2022:Q4,2023-03-06
9961 HK Equity,2022:Q3,2022-12-14
9961 HK Equity,2022:Q2,2022-09-21
9961 HK Equity,2022:Q1,2022-06-27
9961 HK Equity,2021:A,2022-03-23
9961 HK Equity,2021:Q4,2022-03-23
9961 HK Equity,2021:Q3,2021-12-15
9961 HK Equity,2021:Q2,2021-09-23
9961 HK Equity,2021:Q1,2021-05-18
9961 HK Equity,2020:A,2021-03-03
9961 HK Equity,2020:Q4,2021-03-03
9961 HK Equity,2020:Q3,2020-12-01
9961 HK Equity,2020:Q2,2020-09-24
9961 HK Equity,2020:Q1,2020-05-28
9961 HK Equity,2019:A,2020-03-18
9961 HK Equity,2019:Q4,2020-03-18
9961 HK Equity,2019:Q3,2019-11-13
9961 HK Equity,2019:Q2,2019-09-09
9961 HK Equity,2019:Q1,2019-05-22
9961 HK Equity,2018:A,2019-03-04
9961 HK Equity,2018:Q4,2019-03-04
9961 HK Equity,2018:Q3,2018-11-07
9961 HK Equity,2018:Q2,2018-09-05
9961 HK Equity,2018:Q1,2018-05-22
9961 HK Equity,2017:A,2018-03-14
9961 HK Equity,2017:Q4,2018-03-14
9961 HK Equity,2017:Q3,2017-11-01
9961 HK Equity,2017:Q2,2017-08-30
9961 HK Equity,2017:Q1,2017-05-10
9961 HK Equity,2016:A,2017-02-22
9961 HK Equity,2016:Q4,2017-02-22
9961 HK Equity,2016:Q3,2016-11-23
9961 HK Equity,2016:Q2,2016-08-31
9961 HK Equity,2016:Q1,2016-06-15
9961 HK Equity,2015:A,2016-03-16
9961 HK Equity,2015:Q4,2016-03-16
9961 HK Equity,2015:Q3,2015-11-18
9961 HK Equity,2015:Q2,2015-08-03
9961 HK Equity,2015:Q1,2015-05-13
9961 HK Equity,2014:A,2015-03-19
9961 HK Equity,2014:Q4,2015-03-19
9961 HK Equity,2014:Q3,2014-11-25
9961 HK Equity,2014:Q2,2014-07-30
9961 HK Equity,2014:Q1,2014-05-07
9961 HK Equity,2013:A,2014-02-12
9961 HK Equity,2013:Q4,2014-02-12
9961 HK Equity,2013:Q3,2013-11-05
9961 HK Equity,2013:Q2,2013-07-31
9961 HK Equity,2013:Q1,2013-05-08
9961 HK Equity,2012:A,2013-01-31
9961 HK Equity,2012:Q4,2013-01-31
9961 HK Equity,2012:Q3,2012-11-05
9961 HK Equity,2012:Q2,2012-07-24
9961 HK Equity,2012:Q1,2012-05-17
9961 HK Equity,2011:A,2012-02-21
9961 HK Equity,2011:Q4,2012-02-21
9961 HK Equity,2011:Q3,2011-11-14
9961 HK Equity,2011:Q2,2011-08-01
9961 HK Equity,2011:Q1,2011-05-16
9961 HK Equity,2010:A,2011-02-13
9961 HK Equity,2010:Q4,2011-02-13
9961 HK Equity,2010:Q3,2010-11-02
9961 HK Equity,2010:Q2,2010-08-09
9961 HK Equity,2010:Q1,2010-05-11
9961 HK Equity,2009:A,2010-02-02
9961 HK Equity,2009:Q4,2010-02-02
9961 HK Equity,2009:Q3,2009-11-11
9961 HK Equity,2009:Q2,2009-08-04
9961 HK Equity,2009:Q1,2009-05-11
9961 HK Equity,2008:A,2009-02-08
9961 HK Equity,2008:Q4,2009-02-08
9961 HK Equity,2008:Q3,2008-11-17
9961 HK Equity,2008:Q2,2008-08-13
9961 HK Equity,2008:Q1,2008-05-14
9961 HK Equity,2007:A,2008-02-27
9961 HK Equity,2007:Q4,2008-02-27
9961 HK Equity,2007:Q3,2007-11-07
9961 HK Equity,2007:Q2,2007-08-06
9961 HK Equity,2007:Q1,2007-05-16
9961 HK Equity,2006:A,2007-02-11
9961 HK Equity,2006:Q4,2007-02-11
9961 HK Equity,2006:Q3,2006-11-08
9961 HK Equity,2006:Q2,2006-08-09
9961 HK Equity,2006:Q1,2006-05-18
9961 HK Equity,2005:A,2006-02-23
9961 HK Equity,2005:Q4,2006-02-23
9961 HK Equity,2005:Q3,2005-11-10
9961 HK Equity,2005:Q2,2005-08-08
9961 HK Equity,2005:Q1,2005-04-28
9961 HK Equity,2004:A,2005-02-22
9961 HK Equity,2004:Q4,2005-02-22
9961 HK Equity,2004:Q3,2004-11-10
9961 HK Equity,2004:Q2,2004-08-05
9961 HK Equity,2004:Q1,2004-04-28
9961 HK Equity,2003:A,2004-02-23
9961 HK Equity,2003:Q4,2004-02-23
9961 HK Equity,2002:A,2003-11-13
9988 HK Equity,2027:Q1,2026-08-20
9988 HK Equity,2026:A,2026-05-13
9988 HK Equity,2026:Q4,2026-05-13
9988 HK Equity,2026:C3,2026-03-19
9988 HK Equity,2026:Q3,2026-03-19
9988 HK Equity,2026:C2,2025-11-25
9988 HK Equity,2026:Q2,2025-11-25
9988 HK Equity,2026:Q1,2025-08-29
9988 HK Equity,2025:A,2025-05-15
9988 HK Equity,2025:Q4,2025-05-15
9988 HK Equity,2025:C3,2025-02-20
9988 HK Equity,2025:Q3,2025-02-20
9988 HK Equity,2025:Q2,2024-11-15
9988 HK Equity,2025:Q1,2024-08-15
9988 HK Equity,2024:A,2024-05-14
9988 HK Equity,2024:Q4,2024-05-14
9988 HK Equity,2024:C3,2024-02-07
9988 HK Equity,2024:Q3,2024-02-07
9988 HK Equity,2024:C2,2023-11-16
9988 HK Equity,2024:Q2,2023-11-16
9988 HK Equity,2024:Q1,2023-08-10
9988 HK Equity,2023:A,2023-05-18
9988 HK Equity,2023:Q4,2023-05-18
9988 HK Equity,2023:C3,2023-02-23
9988 HK Equity,2023:Q3,2023-02-23
9988 HK Equity,2023:C2,2022-11-17
9988 HK Equity,2023:Q2,2022-11-17
9988 HK Equity,2023:Q1,2022-08-04
9988 HK Equity,2022:A,2022-05-26
9988 HK Equity,2022:Q4,2022-05-26
9988 HK Equity,2022:C3,2022-02-24
9988 HK Equity,2022:Q3,2022-02-24
9988 HK Equity,2022:Q2,2021-11-18
9988 HK Equity,2022:Q1,2021-08-03
9988 HK Equity,2021:A,2021-05-13
9988 HK Equity,2021:Q4,2021-05-13
9988 HK Equity,2021:C3,2021-02-02
9988 HK Equity,2021:Q3,2021-02-02
9988 HK Equity,2021:Q2,2020-11-05
9988 HK Equity,2021:Q1,2020-08-20
9988 HK Equity,2020:A,2020-05-22
9988 HK Equity,2020:Q4,2020-05-22
9988 HK Equity,2020:C3,2020-02-13
9988 HK Equity,2020:Q3,2020-02-13
9988 HK Equity,2020:Q2,2019-11-01
9988 HK Equity,2020:Q1,2019-08-15
9988 HK Equity,2019:A,2019-05-15
9988 HK Equity,2019:Q4,2019-05-15
9988 HK Equity,2019:Q3,2019-01-30
9988 HK Equity,2019:Q2,2018-11-02
9988 HK Equity,2019:Q1,2018-08-23
9988 HK Equity,2018:A,2018-05-04
9988 HK Equity,2018:Q4,2018-05-04
9988 HK Equity,2018:C3,2018-02-01
9988 HK Equity,2018:Q3,2018-02-01
9988 HK Equity,2018:Q2,2017-11-02
9988 HK Equity,2018:Q1,2017-08-17
9988 HK Equity,2017:A,2017-05-18
9988 HK Equity,2017:Q4,2017-05-18
9988 HK Equity,2017:C3,2017-01-24
9988 HK Equity,2017:Q3,2017-01-24
9988 HK Equity,2017:Q2,2016-11-02
9988 HK Equity,2017:Q1,2016-08-11
9988 HK Equity,2016:A,2016-05-05
9988 HK Equity,2016:Q4,2016-05-05
9988 HK Equity,2016:C3,2016-01-28
9988 HK Equity,2016:Q3,2016-01-28
9988 HK Equity,2016:Q2,2015-10-27
9988 HK Equity,2016:Q1,2015-08-12
9988 HK Equity,2015:A,2015-05-07
9988 HK Equity,2015:Q4,2015-05-07
9988 HK Equity,2015:C3,2015-01-29
9988 HK Equity,2015:Q3,2015-01-29
9988 HK Equity,2015:C2,2014-11-04
9988 HK Equity,2015:Q2,2014-11-04
9988 HK Equity,2015:Q1,2014-08-27
9988 HK Equity,2014:A,2014-06-16
9988 HK Equity,2014:Q4,2014-06-16
9988 HK Equity,2014:C3,2014-05-06
9988 HK Equity,2014:Q3,2014-05-06
9988 HK Equity,2014:C2,2014-05-06
9988 HK Equity,2014:Q2,2014-05-06
9988 HK Equity,2014:Q1,2014-08-27
9988 HK Equity,2013:A,2014-05-06
9988 HK Equity,2013:Q4,2014-05-06
9988 HK Equity,2013:C3,2014-05-06
9988 HK Equity,2013:Q3,2014-05-06
9988 HK Equity,2013:Q2,2014-05-06
9988 HK Equity,2013:Q1,2014-05-06
9988 HK Equity,2012:A,2014-05-06
9988 HK Equity,2012:Q4,2014-05-06
9988 HK Equity,2012:Q3,2014-09-15
9988 HK Equity,2012:Q2,2014-09-15
9988 HK Equity,2012:Q1,2014-09-15
9988 HK Equity,2011:A,2014-05-06
9988 HK Equity,2010:A,2014-05-06
9992 HK Equity,2026:S1,2026-08-20
9992 HK Equity,2025:A,2026-03-25
9992 HK Equity,2025:S2,2026-03-25
9992 HK Equity,2025:S1,2025-08-19
9992 HK Equity,2024:A,2025-03-26
9992 HK Equity,2024:S2,2025-03-26
9992 HK Equity,2024:S1,2024-08-20
9992 HK Equity,2023:A,2024-03-20
9992 HK Equity,2023:S2,2024-03-20
9992 HK Equity,2023:S1,2023-08-22
9992 HK Equity,2022:A,2023-03-29
9992 HK Equity,2022:S2,2023-03-29
9992 HK Equity,2022:S1,2022-08-25
9992 HK Equity,2021:A,2022-03-28
9992 HK Equity,2021:S2,2022-03-28
9992 HK Equity,2021:S1,2021-08-27
9992 HK Equity,2020:A,2021-03-26
9992 HK Equity,2020:S2,2021-03-26
9992 HK Equity,2020:S1,2021-01-12
9992 HK Equity,2019:A,2020-12-01
9992 HK Equity,2019:S2,2020-12-01
9992 HK Equity,2019:S1,2020-12-01
9992 HK Equity,2018:A,2020-12-01
9992 HK Equity,2017:A,2020-12-01
9999 HK Equity,2026:Q2,2026-08-20
9999 HK Equity,2026:Q1,2026-05-21
9999 HK Equity,2025:A,2026-02-11
9999 HK Equity,2025:Q4,2026-02-11
9999 HK Equity,2025:Q3,2025-11-20
9999 HK Equity,2025:Q2,2025-08-14
9999 HK Equity,2025:Q1,2025-05-15
9999 HK Equity,2024:A,2025-02-20
9999 HK Equity,2024:Q4,2025-02-20
9999 HK Equity,2024:Q3,2024-11-14
9999 HK Equity,2024:Q2,2024-08-22
9999 HK Equity,2024:Q1,2024-05-23
9999 HK Equity,2023:A,2024-02-29
9999 HK Equity,2023:Q4,2024-02-29
9999 HK Equity,2023:Q3,2023-11-16
9999 HK Equity,2023:Q2,2023-08-24
9999 HK Equity,2023:Q1,2023-05-25
9999 HK Equity,2022:A,2023-02-23
9999 HK Equity,2022:Q4,2023-02-23
9999 HK Equity,2022:Q3,2022-11-17
9999 HK Equity,2022:Q2,2022-08-18
9999 HK Equity,2022:Q1,2022-05-24
9999 HK Equity,2021:A,2022-02-10
9999 HK Equity,2021:Q4,2022-02-24
9999 HK Equity,2021:Q3,2021-11-16
9999 HK Equity,2021:Q2,2021-08-31
9999 HK Equity,2021:Q1,2021-05-18
9999 HK Equity,2020:A,2021-02-25
9999 HK Equity,2020:Q4,2021-02-25
9999 HK Equity,2020:Q3,2020-11-19
9999 HK Equity,2020:Q2,2020-08-13
9999 HK Equity,2020:Q1,2020-05-19
9999 HK Equity,2019:A,2020-02-26
9999 HK Equity,2019:Q4,2020-02-26
9999 HK Equity,2019:Q3,2019-11-20
9999 HK Equity,2019:Q2,2019-08-07
9999 HK Equity,2019:Q1,2019-05-15
9999 HK Equity,2018:A,2019-02-20
9999 HK Equity,2018:Q4,2019-02-20
9999 HK Equity,2018:Q3,2018-11-14
9999 HK Equity,2018:Q2,2018-08-08
9999 HK Equity,2018:Q1,2018-05-16
9999 HK Equity,2017:A,2018-02-07
9999 HK Equity,2017:Q4,2018-02-07
9999 HK Equity,2017:Q3,2017-11-15
9999 HK Equity,2017:Q2,2017-08-09
9999 HK Equity,2017:Q1,2017-05-10
9999 HK Equity,2016:A,2017-02-15
9999 HK Equity,2016:Q4,2017-02-15
9999 HK Equity,2016:Q3,2016-11-09
9999 HK Equity,2016:Q2,2016-08-17
9999 HK Equity,2016:Q1,2016-05-11
9999 HK Equity,2015:A,2016-02-24
9999 HK Equity,2015:Q4,2016-02-24
9999 HK Equity,2015:Q3,2015-11-11
9999 HK Equity,2015:Q2,2015-08-12
9999 HK Equity,2015:Q1,2015-05-13
9999 HK Equity,2014:A,2015-02-09
9999 HK Equity,2014:Q4,2015-02-09
9999 HK Equity,2014:Q3,2014-11-12
9999 HK Equity,2014:Q2,2014-08-13
9999 HK Equity,2014:Q1,2014-05-14
9999 HK Equity,2013:A,2014-02-12
9999 HK Equity,2013:Q4,2014-02-12
9999 HK Equity,2013:Q3,2013-11-13
9999 HK Equity,2013:Q2,2013-08-14
9999 HK Equity,2013:Q1,2013-05-15
9999 HK Equity,2012:A,2013-02-06
9999 HK Equity,2012:Q4,2013-02-06
9999 HK Equity,2012:Q3,2012-11-14
9999 HK Equity,2012:Q2,2012-08-16
9999 HK Equity,2012:Q1,2012-05-17
9999 HK Equity,2011:A,2012-02-15
9999 HK Equity,2011:Q4,2012-02-15
9999 HK Equity,2011:Q3,2011-11-16
9999 HK Equity,2011:Q2,2011-08-17
9999 HK Equity,2011:Q1,2011-05-18
9999 HK Equity,2010:A,2011-02-23
9999 HK Equity,2010:Q4,2011-02-23
9999 HK Equity,2010:Q3,2010-11-18
9999 HK Equity,2010:Q2,2010-08-18
9999 HK Equity,2010:Q1,2010-05-19
9999 HK Equity,2009:A,2010-02-24
9999 HK Equity,2009:Q4,2010-02-24
9999 HK Equity,2009:Q3,2009-11-18
9999 HK Equity,2009:Q2,2009-08-12
9999 HK Equity,2009:Q1,2009-05-20
9999 HK Equity,2008:A,2009-02-25
9999 HK Equity,2008:Q4,2009-02-25
9999 HK Equity,2008:Q3,2008-11-12
9999 HK Equity,2008:Q2,2008-08-13
9999 HK Equity,2008:Q1,2008-05-21
9999 HK Equity,2007:A,2008-02-20
9999 HK Equity,2007:Q4,2008-02-20
9999 HK Equity,2007:Q3,2007-11-07
9999 HK Equity,2007:Q2,2007-08-13
9999 HK Equity,2007:Q1,2007-05-22
9999 HK Equity,2006:A,2007-02-26
9999 HK Equity,2006:Q4,2007-02-26
9999 HK Equity,2006:Q3,2006-11-08
9999 HK Equity,2006:Q2,2006-08-15
9999 HK Equity,2006:Q1,2006-05-17
9999 HK Equity,2005:A,2006-02-24
9999 HK Equity,2005:Q4,2006-02-24
9999 HK Equity,2005:Q3,2005-11-07
9999 HK Equity,2005:Q2,2005-08-02
9999 HK Equity,2005:Q1,2005-04-26
9999 HK Equity,2004:A,2005-02-22
9999 HK Equity,2004:Q4,2005-02-22
9999 HK Equity,2004:Q3,2004-11-03
9999 HK Equity,2004:Q2,2004-08-02
9999 HK Equity,2004:Q1,2004-04-29
9999 HK Equity,2003:A,2004-02-17
9999 HK Equity,2003:Q4,2004-02-17
9999 HK Equity,2003:Q3,2003-10-28
9999 HK Equity,2003:Q2,2003-07-28
9999 HK Equity,2003:Q1,2003-04-29
9999 HK Equity,2002:A,2003-02-25
9999 HK Equity,2002:Q4,2003-02-25
9999 HK Equity,2002:Q3,2002-11-05
9999 HK Equity,2002:Q2,2002-08-05
9999 HK Equity,2002:Q1,2002-04-23
9999 HK Equity,2001:A,2002-06-28
9999 HK Equity,2000:A,2001-09-05
