ticker,period_end,revenue,net_income,eps,bvps,cfo,total_debt,roe,shares_out,announce_date,announce_date_est
1 HK Equity,2016-06-30,128512.0,14921.0,3.87,102.4925,18874.0,335820.0,8.0321,3859.678,2016-08-11,False
1 HK Equity,2016-12-31,131330.0,18087.0,4.6867,102.1778,21464.0,307423.0,8.3819,3857.678,2017-03-22,False
1 HK Equity,2017-06-30,117755.0,15919.0,4.13,105.4365,22202.0,329751.0,8.4768,3857.678,2017-08-03,False
1 HK Equity,2017-12-31,130760.0,19181.0,4.9722,111.4805,31394.0,335131.0,8.5171,3857.6785,2018-03-16,False
1 HK Equity,2018-06-30,130984.0,18020.0,4.67,113.9527,21361.0,337665.0,8.7911,3857.6785,2018-08-02,False
1 HK Equity,2018-12-31,146145.0,20980.0,5.4398,115.6958,34373.0,352308.0,8.902,3856.2405,2019-03-21,False
1 HK Equity,2019-06-30,147620.0,18324.0,4.75,114.5305,26647.0,432165.0,8.9201,3856.2405,2019-08-01,False
1 HK Equity,2019-12-31,151401.0,21506.0,5.5769,120.3984,42623.0,438976.0,8.7497,3856.2405,2020-03-19,False
1 HK Equity,2020-06-30,124651.0,13000.0,3.37,120.7941,28773.0,442049.0,7.6049,3856.2405,2020-08-06,False
1 HK Equity,2020-12-31,141745.0,16143.0,4.1862,128.1808,44398.0,444134.0,6.0804,3856.2405,2021-03-18,False
1 HK Equity,2021-06-30,135496.0,18300.0,4.75,133.4923,28900.0,440779.0,7.0325,3856.0405,2021-08-05,False
1 HK Equity,2021-12-31,145351.0,15184.0,3.9814,133.8203,23284.0,411637.0,6.6473,3834.6345,2022-03-17,False
1 HK Equity,2022-06-30,131358.0,19088.0,4.98,134.133,28034.0,359129.0,6.6673,3834.4845,2022-08-04,False
1 HK Equity,2022-12-31,131139.0,17592.0,4.5888,136.6859,28680.0,352952.0,7.0765,3830.0445,2023-03-16,False
1 HK Equity,2023-06-30,133377.0,11208.0,2.93,140.2981,21191.0,354478.0,5.477,3830.0445,2023-08-03,False
1 HK Equity,2023-12-31,142198.0,12292.0,3.2094,142.044,30246.0,343090.0,4.4026,3830.0445,2024-03-21,False
1 HK Equity,2024-06-30,136451.0,10205.0,2.66,140.8446,22965.0,343257.0,4.1785,3830.0445,2024-08-15,False
1 HK Equity,2024-12-31,144900.0,6883.0,1.7971,139.6106,31263.0,322508.0,3.1681,3830.0445,2025-03-20,False
1 HK Equity,2025-06-30,139130.0,852.0,0.22,144.8521,30961.0,327054.0,1.4138,3830.0445,2025-08-14,False
1 HK Equity,2025-12-31,140906.0,10989.0,2.8692,146.9362,31606.0,334282.0,2.1578,3830.0445,2026-03-19,False
1 HK Equity,2026-06-30,136485.0,26801.0,7.0,151.0371,32991.0,316658.0,6.6692,3830.0445,2026-08-13,False
101 HK Equity,2016-06-30,6311.0,2935.0,0.65,28.4227,2358.0,31567.0,3.9826,4497.17578,2016-07-28,False
101 HK Equity,2016-12-31,6748.0,3260.0,0.7249,28.1443,3983.0,27082.0,4.8483,4497.57568,2017-01-26,False
101 HK Equity,2017-06-30,6358.0,3830.0,0.85,28.8604,5914.0,23799.0,5.504,4497.57568,2017-07-27,False
101 HK Equity,2017-12-31,4841.0,4294.0,0.9546,30.2708,2054.0,25158.0,6.1845,4497.57567,2018-01-30,False
101 HK Equity,2018-06-30,5150.0,4689.0,1.04,30.5898,2651.0,25870.0,6.7186,4497.71867,2018-07-30,False
101 HK Equity,2018-12-31,4258.0,3389.0,0.7534,30.5827,2339.0,27573.0,5.9024,4497.71867,2019-01-29,False
101 HK Equity,2019-06-30,4204.0,3516.0,0.78,30.7228,1575.0,31941.0,5.0075,4497.71867,2019-07-30,False
101 HK Equity,2019-12-31,4648.0,2656.0,0.5905,30.829,2557.0,29989.0,4.4687,4497.71867,2020-01-21,False
101 HK Equity,2020-06-30,4184.0,-2537.0,-0.56,29.3064,878.0,32889.0,0.0881,4497.71867,2020-07-30,False
101 HK Equity,2020-12-31,4789.0,-34.0,-0.0076,30.7459,1383.0,38245.0,-1.8566,4497.79967,2021-01-28,False
101 HK Equity,2021-06-30,4975.0,2235.0,0.5,30.9042,-651.0,41396.0,1.6252,4499.09067,2021-07-29,False
101 HK Equity,2021-12-31,5346.0,1633.0,0.363,31.5001,2088.0,46031.0,2.7627,4499.26067,2022-01-26,False
101 HK Equity,2022-06-30,5302.0,1948.0,0.43,30.3507,1154.0,44651.0,2.5988,4499.26067,2022-07-28,False
101 HK Equity,2022-12-31,5045.0,1888.0,0.4196,29.6468,1672.0,45817.0,2.7888,4499.26067,2023-01-31,False
101 HK Equity,2023-06-30,5237.0,2394.0,0.53,28.9115,1437.0,47441.0,3.2121,4499.26067,2023-07-31,False
101 HK Equity,2023-12-31,5079.0,1576.0,0.3503,29.4288,536.0,50982.0,2.9873,4499.26067,2024-01-30,False
101 HK Equity,2024-06-30,6114.0,1061.0,0.23,29.3352,1054.0,53497.0,2.0126,4712.49759,2024-07-30,False
101 HK Equity,2024-12-31,5128.0,1092.0,0.2298,27.5075,1973.0,57639.0,1.6311,4783.68153,2025-01-24,False
101 HK Equity,2025-06-30,4968.0,912.0,0.19,27.8278,1398.0,55051.0,1.5118,5002.01194,2025-07-30,False
101 HK Equity,2025-12-31,4982.0,894.0,0.1776,26.6421,2649.0,53869.0,1.3563,5056.64644,2026-01-30,False
101 HK Equity,2026-06-30,6113.0,758.0,0.15,26.6316,2668.0,53842.0,1.2161,5203.08253,2026-07-31,False
1024 HK Equity,2019-06-30,17078.177,-268.694,,,3351.065,,,,2020-11-05,False
1024 HK Equity,2019-12-31,22042.171,-19382.84,,,4674.606,74069.195,,,2021-01-26,False
1024 HK Equity,2020-06-30,25320.906,-68091.207,,,-1759.775,157837.605,,,2021-08-25,False
1024 HK Equity,2020-12-31,33455.191,-48544.035,,-47.1748,4095.897,191080.217,,,2021-03-23,False
1024 HK Equity,2021-06-30,36158.276,-64785.56,-18.58,16.1217,-4128.698,12936.637,,3392.69504,2021-08-25,False
1024 HK Equity,2021-12-31,44923.237,-13288.083,-3.1792,13.1002,-9822.78,13608.685,,3441.894,2022-03-29,False
1024 HK Equity,2022-06-30,42761.825,-9430.391,-2.23,9.479,-5462.715,11659.101,-47.7966,3505.97875,2022-08-23,False
1024 HK Equity,2022-12-31,51421.175,-4259.609,-0.997,9.2757,6356.715,12934.0,-32.2423,3538.35474,2023-03-29,False
1024 HK Equity,2023-06-30,52961.0,607.0,0.14,9.9859,5599.0,15263.0,-8.7554,3569.68598,2023-08-22,False
1024 HK Equity,2023-12-31,60509.0,5789.0,1.3394,11.3231,12727.0,15722.0,14.3903,3583.79551,2024-03-20,False
1024 HK Equity,2024-06-30,60383.0,8098.0,1.87,13.0493,14088.0,21612.0,27.9096,3582.55456,2024-08-20,False
1024 HK Equity,2024-12-31,66515.0,7237.0,1.6866,14.4971,16471.0,29533.0,27.614,3553.09321,2025-03-25,False
1024 HK Equity,2025-06-30,67654.0,8900.0,2.09,16.5409,12311.0,22877.0,25.3884,3556.30115,2025-08-21,False
1024 HK Equity,2025-12-31,75122.0,9717.0,2.2624,18.4718,15205.0,34953.0,26.3023,3616.8975,2026-03-25,False
1024 HK Equity,2026-06-30,69251.0,6049.0,1.4,19.0677,9251.0,39034.0,20.6179,3661.79136,2026-08-19,False
1038 HK Equity,2016-06-30,2588.0,5819.0,2.19,39.4986,2140.0,17605.0,11.4814,2650.67603,2016-07-28,False
1038 HK Equity,2016-12-31,2733.0,4401.0,1.6372,38.3412,4915.0,16845.0,9.6759,2650.67603,2017-03-21,False
1038 HK Equity,2017-06-30,2776.0,5932.0,2.25,37.3602,1434.0,24336.0,9.8528,2650.67603,2017-07-20,False
1038 HK Equity,2017-12-31,3240.0,4950.0,1.8253,41.0671,16032.0,35036.0,10.252,2650.67604,2018-03-16,False
1038 HK Equity,2018-06-30,3548.0,6340.0,2.36,40.2731,1026.0,31342.0,10.2436,2650.67604,2018-07-26,False
1038 HK Equity,2018-12-31,3601.0,4899.0,1.7864,42.5355,12088.0,30139.0,9.9152,2650.67604,2019-03-20,False
1038 HK Equity,2019-06-30,3245.0,6341.0,2.36,40.533,2131.0,30306.0,9.7509,2650.67604,2019-07-31,False
1038 HK Equity,2019-12-31,3488.0,4961.0,1.811,42.104,5450.0,31956.0,9.6043,2650.67604,2020-03-18,False
1038 HK Equity,2020-06-30,3158.0,3258.0,1.14,41.1388,695.0,35693.0,6.8569,2650.67604,2020-08-05,False
1038 HK Equity,2020-12-31,4024.0,4858.0,1.7701,42.0429,6322.0,32926.0,6.5637,2650.67604,2021-03-17,False
1038 HK Equity,2021-06-30,3588.0,3234.0,1.2,43.3889,1464.0,36177.0,6.6681,2650.67604,2021-08-04,False
1038 HK Equity,2021-12-31,3460.0,4715.0,1.7876,43.6998,6928.0,30237.0,6.6131,2519.61095,2022-03-16,False
1038 HK Equity,2022-06-30,3381.0,4628.0,1.75,46.9553,569.0,28621.0,7.6397,2519.61095,2022-08-03,False
1038 HK Equity,2022-12-31,3234.0,3558.0,1.3252,47.3855,6976.0,28562.0,6.5877,2519.61095,2023-03-15,False
1038 HK Equity,2023-06-30,3180.0,4458.0,1.68,48.7829,1686.0,25607.0,6.2825,2519.61095,2023-08-02,False
1038 HK Equity,2023-12-31,2810.0,4007.0,1.5034,48.9333,6947.0,24569.0,6.6151,2519.61095,2024-03-20,False
1038 HK Equity,2024-06-30,2478.0,4530.0,1.71,48.1694,641.0,23400.0,6.6298,2519.61095,2024-08-14,False
1038 HK Equity,2024-12-31,2515.0,4023.0,1.5098,48.1344,6762.0,19547.0,6.6361,2519.61095,2025-03-19,False
1038 HK Equity,2025-06-30,2209.0,4567.0,1.73,49.7107,586.0,20706.0,6.61,2519.61095,2025-08-13,False
1038 HK Equity,2025-12-31,2209.0,4136.0,1.5546,50.7658,7919.0,21100.0,6.6335,2519.61095,2026-03-18,False
1038 HK Equity,2026-06-30,2073.0,21471.0,8.43,58.702,716.0,21384.0,18.4253,2519.61095,2026-08-12,False
1044 HK Equity,2016-06-30,9577.341,1635.04,1.346,11.7538,1952.182,11672.868,20.5513,1213.01868,2016-08-25,False
1044 HK Equity,2016-12-31,9700.056,1961.781,1.6214,12.2225,2243.14,15915.98,24.4369,1204.88818,2017-03-21,False
1044 HK Equity,2017-06-30,8719.647,1853.935,1.539,12.674,1776.64,19875.691,25.8444,1204.88818,2017-08-24,False
1044 HK Equity,2017-12-31,9359.913,1940.106,1.6101,13.3562,2300.765,19078.708,24.6101,1205.00797,2018-03-22,False
1044 HK Equity,2018-06-30,10136.897,1946.907,1.614,13.8741,1650.978,18134.465,24.2886,1206.26142,2018-08-22,False
1044 HK Equity,2018-12-31,10376.984,1852.898,1.5371,13.8675,2429.996,24262.629,23.1473,1206.06792,2019-03-19,False
1044 HK Equity,2019-06-30,10776.606,1877.782,1.578,14.2894,824.543,24093.999,22.117,1189.67742,2019-08-22,False
1044 HK Equity,2019-12-31,11716.239,2029.941,1.7063,15.0234,2821.159,21618.766,22.5892,1189.67742,2020-03-26,False
1044 HK Equity,2020-06-30,10927.862,2259.528,1.899,15.6772,3049.555,29453.776,24.0638,1189.68742,2020-08-19,False
1044 HK Equity,2020-12-31,11446.139,2335.287,1.9647,16.3625,2282.222,20856.075,24.6474,1186.33742,2021-03-19,False
1044 HK Equity,2021-06-30,9973.914,1860.292,1.574,16.4318,2482.915,23742.434,22.082,1177.53742,2021-08-18,False
1044 HK Equity,2021-12-31,10816.23,1413.309,1.2104,16.3813,2584.9,18255.545,17.0285,1162.12092,2022-03-22,False
1044 HK Equity,2022-06-30,11200.021,1276.191,1.098,16.9077,2333.051,22921.199,13.7931,1162.12092,2022-08-19,False
1044 HK Equity,2022-12-31,11415.857,649.058,0.5585,16.8,1724.082,17064.697,9.9856,1162.12092,2023-03-22,False
1044 HK Equity,2023-06-30,12204.605,1225.768,1.055,17.2406,1946.184,23895.101,9.4487,1162.12092,2023-08-24,False
1044 HK Equity,2023-12-31,11563.331,1574.765,1.3606,17.5505,2393.421,14268.248,14.0309,1162.12092,2024-03-21,False
1044 HK Equity,2024-06-30,11835.893,1408.992,1.234,18.3053,1667.488,20694.317,14.5962,1162.12092,2024-08-19,False
1044 HK Equity,2024-12-31,10833.322,889.543,0.781,18.0024,1800.195,13112.926,11.1264,1162.12092,2025-03-25,False
1044 HK Equity,2025-06-30,11808.232,1372.894,1.206,18.4436,1652.143,16634.889,10.7078,1160.82092,2025-08-21,False
1044 HK Equity,2025-12-31,11260.637,1162.153,1.0216,19.111,1732.541,15760.967,11.8814,1160.82092,2026-03-17,False
1044 HK Equity,2026-06-30,11091.415,1254.042,1.104,18.9755,793.989,21419.71,11.1519,1155.32092,2026-08-19,False
1088 HK Equity,2016-06-30,78723.0,10827.0,0.544,15.2174,36413.0,108221.0,5.0329,3398.58252,2016-08-26,False
1088 HK Equity,2016-12-31,106869.0,12884.0,0.6478,15.7045,41715.0,108752.0,7.7687,3398.58252,2017-03-17,False
1088 HK Equity,2017-06-30,120518.0,24315.0,1.222,14.0761,45852.0,104004.0,12.7692,3398.58252,2017-08-25,False
1088 HK Equity,2017-12-31,128228.0,20722.0,1.0419,15.158,43925.0,97179.0,14.6738,3398.5825,2018-03-23,False
1088 HK Equity,2018-06-30,127380.0,24520.0,1.233,15.6873,29993.0,98482.0,15.2849,3398.5825,2018-08-24,False
1088 HK Equity,2018-12-31,136721.0,19617.0,0.9863,16.6767,54374.0,59817.0,13.9414,3398.5825,2019-03-22,False
1088 HK Equity,2019-06-30,116365.0,24240.0,1.219,17.0132,40390.0,53013.0,13.4861,3398.5825,2019-08-23,False
1088 HK Equity,2019-12-31,125506.0,19007.0,0.9556,17.6941,20962.0,49676.0,12.6523,3398.5825,2020-03-27,False
1088 HK Equity,2020-06-30,105016.0,20658.0,1.039,17.4681,54267.0,41771.0,11.5672,3398.5825,2020-08-28,False
1088 HK Equity,2020-12-31,128247.0,18512.0,0.9313,18.1286,27492.0,64295.0,11.001,3398.5825,2021-03-28,False
1088 HK Equity,2021-06-30,143979.0,26026.0,1.31,17.6744,40097.0,63441.0,12.7507,3377.482,2021-08-27,False
1088 HK Equity,2021-12-31,191661.0,24058.0,1.2109,18.9591,55015.0,65405.0,13.5935,3377.482,2022-03-25,False
1088 HK Equity,2022-06-30,165579.0,41162.0,2.072,18.5911,58165.0,62369.0,18.103,3377.482,2022-08-26,False
1088 HK Equity,2022-12-31,178954.0,30428.0,1.5313,19.9805,52517.0,56937.0,18.5065,3377.482,2023-03-24,False
1088 HK Equity,2023-06-30,169442.0,33279.0,1.675,19.1718,49243.0,51095.0,16.9819,3377.482,2023-08-25,False
1088 HK Equity,2023-12-31,173632.0,26415.0,1.3295,20.5698,42158.0,39443.0,14.8184,3377.482,2024-03-22,False
1088 HK Equity,2024-06-30,169121.0,31356.0,1.578,20.1151,52485.0,43310.0,14.8022,3377.482,2024-08-30,False
1088 HK Equity,2024-12-31,170667.0,28188.0,1.4187,21.2696,39796.0,56146.0,14.3257,3377.482,2025-03-21,False
1088 HK Equity,2025-06-30,175423.0,30478.0,1.5339,20.3602,52304.0,43004.0,14.5902,3377.482,2025-08-29,False
1088 HK Equity,2025-12-31,156807.0,28208.0,1.4197,25.7702,33484.0,106965.0,12.5584,3377.482,2026-03-30,False
1088 HK Equity,2026-06-30,189338.0,31054.0,1.448,21.1728,54049.0,168769.0,13.722,3377.482,2026-08-28,False
1093 HK Equity,2016-06-30,5171.4374,869.0602,0.0766,0.6764,805.843,1348.8688,21.7377,11349.15656,2016-08-23,False
1093 HK Equity,2016-12-31,5414.9117,929.3191,0.0805,0.7785,1715.5486,1018.6446,22.2953,11620.83563,2017-03-20,False
1093 HK Equity,2017-06-30,6363.5259,1160.144,0.0998,0.824,1130.4788,939.8468,23.8052,11623.71563,2017-08-22,False
1093 HK Equity,2017-12-31,7017.8356,1238.2518,0.1052,1.0647,1723.8291,822.1273,21.7894,11986.59533,2018-03-19,False
1093 HK Equity,2018-06-30,8759.427,1504.74,0.1255,1.3443,1673.017,939.286,21.3544,11986.59533,2018-08-20,False
1093 HK Equity,2018-12-31,8957.113,1576.062,0.1315,1.2571,2179.234,1725.059,22.1529,11973.76973,2019-03-18,False
1093 HK Equity,2019-06-30,11177.996,1878.284,0.1569,1.3758,1636.571,261.882,21.2008,11973.76973,2019-08-19,False
1093 HK Equity,2019-12-31,10925.196,1835.822,0.0541,1.5418,2237.31,503.672,22.1645,11973.76973,2020-03-30,False
1093 HK Equity,2020-06-30,12589.597,2313.996,0.1936,2.0012,2455.447,289.349,22.7752,11973.76973,2020-08-26,False
1093 HK Equity,2020-12-31,12352.607,2845.659,0.1731,1.8653,4376.097,316.714,25.2948,11973.76973,2021-03-15,False
1093 HK Equity,2021-06-30,13822.275,3062.569,0.2562,2.0461,2857.874,154.509,26.5731,11973.76973,2021-08-26,False
1093 HK Equity,2021-12-31,14044.595,2542.616,0.2127,2.1749,1961.993,94.044,23.1981,11949.97973,2022-03-22,False
1093 HK Equity,2022-06-30,15610.026,2966.205,0.2489,2.3504,4475.685,770.07,20.9671,11933.21973,2022-08-24,False
1093 HK Equity,2022-12-31,15326.878,3125.185,0.2622,2.5312,3393.907,582.544,21.6793,11933.21973,2023-03-22,False
1093 HK Equity,2023-06-30,16080.412,2966.987,0.2495,2.6739,1435.38,415.262,20.3493,11903.21973,2023-08-23,False
1093 HK Equity,2023-12-31,15369.697,2906.338,0.2452,2.79,3003.316,706.901,18.5234,11903.21973,2024-03-20,False
1093 HK Equity,2024-06-30,16284.282,3020.374,0.2551,3.1672,1570.726,388.87,17.775,11896.09173,2024-08-21,False
1093 HK Equity,2024-12-31,12724.972,1307.661,0.1124,2.9251,3196.435,507.33,13.2191,11638.30173,2025-03-28,False
1093 HK Equity,2025-06-30,13273.416,2547.851,0.2229,2.8872,3302.764,495.0,11.3208,11518.75173,2025-08-22,False
1093 HK Equity,2025-12-31,12732.564,1334.257,0.1169,3.0001,2713.783,641.109,11.8616,11522.45173,2026-03-25,False
1093 HK Equity,2026-06-30,18594.494,6094.212,0.5336,3.402,11005.046,652.491,20.9585,11522.45173,2026-08-20,False
1099 HK Equity,2016-06-30,126798.95,2535.507,0.92,11.3089,656.449,34131.204,14.7585,1192.81079,2016-08-22,False
1099 HK Equity,2016-12-31,131588.739,2111.837,0.7672,11.4961,6795.901,33497.877,15.0105,1192.81079,2017-03-24,False
1099 HK Equity,2017-06-30,137767.54,2764.65,1.0,11.8868,-12254.865,56758.36,15.1951,1192.81079,2017-08-28,False
1099 HK Equity,2017-12-31,170586.039,2810.934,0.8867,13.8418,13322.493,37101.298,15.9047,1192.81074,2018-03-26,False
1099 HK Equity,2018-06-30,163473.695,2798.078,0.94,13.1217,-12943.115,47980.069,16.2108,1192.81074,2018-08-27,False
1099 HK Equity,2018-12-31,181052.126,3037.764,1.0228,15.4754,13035.852,55036.385,14.3876,1192.81074,2019-03-25,False
1099 HK Equity,2019-06-30,201665.141,2975.178,1.0,14.8657,-15246.277,73755.271,14.9418,1192.81074,2019-08-26,False
1099 HK Equity,2019-12-31,223607.585,3277.359,1.1029,15.9582,29292.427,55139.254,13.857,1192.81074,2020-03-30,False
1099 HK Equity,2020-06-30,203764.712,2895.682,0.93,16.6534,-29618.813,110115.136,12.841,1341.81074,2020-08-24,False
1099 HK Equity,2020-12-31,252649.8988,4294.3042,1.3761,18.0599,36844.0028,68526.83,13.8509,1341.81074,2021-03-22,False
1099 HK Equity,2021-06-30,249120.231,3582.839,0.5741,18.5182,-27768.363,115977.691,14.3487,1341.81074,2021-08-22,False
1099 HK Equity,2021-12-31,271931.004,4175.807,1.3381,19.8311,33022.014,68368.246,13.123,1341.81074,2022-03-20,False
1099 HK Equity,2022-06-30,261471.723,3693.744,1.18,20.2653,-36001.485,122498.007,13.0043,1341.81074,2022-08-29,False
1099 HK Equity,2022-12-31,290675.827,4831.911,1.5484,21.8123,52826.99,69590.186,13.121,1341.81074,2023-03-27,False
1099 HK Equity,2023-06-30,300950.28,4104.439,1.32,22.3045,-44647.663,94834.447,13.4538,1341.81074,2023-08-28,False
1099 HK Equity,2023-12-31,295619.285,4949.321,1.584,23.8995,59224.283,73781.852,12.6936,1341.81074,2024-03-25,False
1099 HK Equity,2024-06-30,294726.81,3703.875,1.19,24.2071,-42152.0,134820.042,11.9234,1341.81074,2024-08-26,False
1099 HK Equity,2024-12-31,289781.1194,3340.2321,1.0717,25.3601,49029.448,115045.1388,9.1705,1341.81074,2025-03-24,False
1099 HK Equity,2025-06-30,286042.998,3465.686,1.11,25.7102,-35453.503,127331.783,8.7382,1341.81074,2025-08-25,False
1099 HK Equity,2025-12-31,289124.879,3689.408,1.1823,26.9025,47674.318,108580.943,8.7795,1341.81074,2026-03-23,False
1099 HK Equity,2026-06-30,282799.605,3403.773,1.09,27.3011,23762.76,106687.424,8.5756,1341.81074,2026-08-24,False
1109 HK Equity,2016-06-30,37548.4623,6434.2869,0.9281,14.3635,-758.954,71999.5212,16.4724,6930.93945,2016-08-26,False
1109 HK Equity,2016-12-31,56300.2657,10314.5921,1.4882,15.0356,11659.5947,83241.9042,16.8103,6930.93945,2017-03-22,False
1109 HK Equity,2017-06-30,31170.633,4514.107,0.65,17.5495,-14968.866,105753.701,13.4073,6930.93945,2017-08-23,False
1109 HK Equity,2017-12-31,70771.886,15176.293,2.1896,17.2731,20961.556,105556.188,17.5863,6930.93958,2018-03-20,False
1109 HK Equity,2018-06-30,43778.11,8988.578,1.28,17.7967,-14697.366,135903.263,19.6155,6930.93958,2018-08-21,False
1109 HK Equity,2018-12-31,77410.816,15536.922,2.22,19.9649,37404.866,132211.715,18.7822,6930.93958,2019-03-26,False
1109 HK Equity,2019-06-30,45848.952,12874.389,1.84,20.808,4444.152,148002.94,21.014,6930.93958,2019-08-20,False
1109 HK Equity,2019-12-31,102318.283,16198.517,2.2947,23.631,23156.93,137936.094,18.7585,7130.93958,2020-03-26,False
1109 HK Equity,2020-06-30,45018.244,11593.795,1.59,23.9794,-6631.68,166564.881,17.2644,7130.93958,2020-08-26,False
1109 HK Equity,2020-12-31,134718.648,18267.818,2.5618,27.4966,24622.706,170429.282,16.139,7130.93958,2021-03-30,False
1109 HK Equity,2021-06-30,73741.795,13125.377,1.84,28.2334,-16533.628,176256.441,16.8633,7130.93958,2021-08-25,False
1109 HK Equity,2021-12-31,138366.563,19275.862,2.7031,30.732,19078.317,185776.983,15.6066,7130.93958,2022-03-30,False
1109 HK Equity,2022-06-30,72894.014,10602.873,1.49,30.9496,-829.726,218085.094,14.1595,7130.93958,2022-08-30,False
1109 HK Equity,2022-12-31,134167.105,17488.992,2.4526,33.1886,-2950.449,224218.913,12.326,7130.93958,2023-03-29,False
1109 HK Equity,2023-06-30,72971.477,13737.518,1.93,33.8635,30724.627,230714.134,13.5128,7130.93958,2023-08-30,False
1109 HK Equity,2023-12-31,178165.626,17627.854,2.472,36.1082,9762.833,239329.413,12.6946,7130.93958,2024-03-26,False
1109 HK Equity,2024-06-30,79191.662,10222.467,1.43,36.3394,-3598.519,251021.357,11.1265,7130.93958,2024-08-28,False
1109 HK Equity,2024-12-31,199713.83,15310.28,2.147,38.2446,32399.628,266632.657,9.6313,7130.93958,2025-03-26,False
1109 HK Equity,2025-06-30,94921.257,11879.974,1.67,38.7369,-22016.644,287677.464,10.1577,7130.93958,2025-08-27,False
1109 HK Equity,2025-12-31,186516.628,13537.56,1.8984,40.5955,52916.536,287595.128,9.0421,7130.93958,2026-03-30,False
1109 HK Equity,2026-06-30,67869.309,9841.696,1.38,43.359,,276995.717,8.2264,7130.93958,2026-08-31,False
1113 HK Equity,2016-06-30,27252.0,8606.0,2.23,69.0748,16694.0,57217.0,7.1867,3845.49805,2016-08-11,False
1113 HK Equity,2016-12-31,42048.0,10809.0,2.813,70.6587,21279.0,70176.0,7.2811,3823.99951,2017-03-22,False
1113 HK Equity,2017-06-30,28931.0,14975.0,3.97,74.5431,21923.0,85167.0,9.5276,3721.71338,2017-08-03,False
1113 HK Equity,2017-12-31,28615.0,15150.0,4.098,78.8511,26248.0,71992.0,10.7254,3697.4985,2018-03-16,False
1113 HK Equity,2018-06-30,16788.0,24753.0,6.69,84.4503,10039.0,61236.0,13.5753,3697.4985,2018-08-02,False
1113 HK Equity,2018-12-31,33580.0,15364.0,4.1582,87.5941,3404.0,69492.0,13.0447,3693.4005,2019-03-21,False
1113 HK Equity,2019-06-30,26836.0,15128.0,4.1,90.0828,10197.0,61163.0,9.4554,3693.4005,2019-08-01,False
1113 HK Equity,2019-12-31,55546.0,14006.0,3.7922,93.2076,31496.0,86718.0,8.7257,3693.4005,2020-03-19,False
1113 HK Equity,2020-06-30,29248.0,6626.0,1.72,92.7235,11344.0,83240.0,6.0328,3693.4005,2020-08-06,False
1113 HK Equity,2020-12-31,28375.0,10472.0,2.8353,96.0196,11765.0,84873.0,4.8168,3693.4005,2021-03-18,False
1113 HK Equity,2021-06-30,23262.0,8467.0,2.25,95.9689,-2758.0,99088.0,5.389,3646.73383,2021-08-05,False
1113 HK Equity,2021-12-31,37830.0,13014.0,3.5374,101.8854,27465.0,102567.0,5.8526,3643.58383,2022-03-17,False
1113 HK Equity,2022-06-30,35715.0,13077.0,3.55,103.2094,8123.0,51057.0,7.0522,3643.58383,2022-08-04,False
1113 HK Equity,2022-12-31,20626.0,8889.0,2.4205,105.3012,-1270.0,53813.0,5.7755,3605.19033,2023-03-16,False
1113 HK Equity,2023-06-30,24605.0,10473.0,2.88,106.725,-3634.0,54920.0,5.024,3592.67133,2023-08-03,False
1113 HK Equity,2023-12-31,22638.0,7153.0,1.9731,108.7226,5098.0,60424.0,4.5305,3548.88433,2024-03-21,False
1113 HK Equity,2024-06-30,22008.0,8744.0,2.44,110.2261,1471.0,61469.0,4.0529,3510.82833,2024-08-15,False
1113 HK Equity,2024-12-31,23521.0,5198.0,1.4442,110.7713,10567.0,57364.0,3.5311,3499.77833,2025-03-20,False
1113 HK Equity,2025-06-30,25386.0,6445.0,1.8,112.648,4297.0,59390.0,2.9072,3499.77833,2025-08-14,False
1113 HK Equity,2025-12-31,32549.0,4688.0,1.2987,113.2763,15507.0,56216.0,2.7667,3499.77833,2026-03-19,False
1113 HK Equity,2026-06-30,40306.0,8826.0,2.48,114.3061,16596.0,48519.0,3.3308,3499.77833,2026-08-13,False
1177 HK Equity,2016-06-30,6768.203,875.596,0.0525,0.5019,1440.863,1729.358,22.0996,16677.43286,2016-08-26,False
1177 HK Equity,2016-12-31,6775.176,761.782,0.0457,0.474,1730.455,3048.441,22.7455,16677.43286,2017-03-13,False
1177 HK Equity,2017-06-30,7482.859,1100.582,0.066,0.5183,3218.565,2631.35,21.8922,16677.43286,2017-08-21,False
1177 HK Equity,2017-12-31,7336.443,1070.369,0.0642,0.5522,1450.21,2951.204,25.3708,16677.43247,2018-03-23,False
1177 HK Equity,2018-06-30,9725.232,1365.669,0.074,1.0705,2058.541,3293.301,16.8364,18956.6865,2018-08-22,False
1177 HK Equity,2018-12-31,11163.352,7680.678,0.4121,1.5448,3423.893,3412.641,47.0899,18956.6865,2019-03-31,False
1177 HK Equity,2019-06-30,12527.309,1444.349,0.0765,1.5848,3507.412,3267.153,36.3417,18882.45673,2019-08-28,False
1177 HK Equity,2019-12-31,11706.721,1317.193,0.0467,0.7917,2023.027,8615.9,12.5064,18882.45673,2020-03-30,False
1177 HK Equity,2020-06-30,12647.775,1240.612,0.0657,1.6698,1555.549,14765.116,8.3264,18872.62723,2020-08-28,False
1177 HK Equity,2020-12-31,10999.449,1558.007,0.0829,0.8879,4061.866,14649.012,17.6589,18861.49923,2021-03-23,False
1177 HK Equity,2021-06-30,14353.781,8480.34,0.4515,1.303,2335.554,14104.583,35.794,18861.49923,2021-08-31,False
1177 HK Equity,2021-12-31,12507.575,6128.072,0.3267,1.6078,7318.549,12270.31,62.1129,18839.59423,2022-02-10,False
1177 HK Equity,2022-06-30,15193.738,1921.037,0.103,1.6058,3948.941,12101.509,29.3818,18815.19423,2022-08-23,False
1177 HK Equity,2022-12-31,10832.426,622.533,0.0335,1.5811,3370.73,10535.706,8.4732,18813.86723,2023-03-31,False
1177 HK Equity,2023-06-30,14283.672,1258.784,0.0678,1.5944,2671.118,11554.08,6.2499,18809.21723,2023-08-25,False
1177 HK Equity,2023-12-31,10922.372,1073.155,0.058,1.6209,3942.07,12580.244,7.7445,18801.21723,2024-03-28,False
1177 HK Equity,2024-06-30,15874.403,3017.162,0.1639,1.7479,3078.49,9676.561,13.0194,18791.21723,2024-08-13,False
1177 HK Equity,2024-12-31,12991.756,482.672,0.0266,1.7008,5275.815,9694.303,11.2111,18791.21723,2025-03-20,False
1177 HK Equity,2025-06-30,17574.778,3388.591,0.1882,1.7789,4664.108,11955.911,11.6924,18760.71723,2025-08-18,False
1177 HK Equity,2025-12-31,14259.71,-1045.243,-0.0581,1.6348,6728.104,16070.011,7.4829,18760.71723,2026-03-26,False
1177 HK Equity,2026-06-30,18469.007,3434.598,0.191,1.7411,,17171.441,7.2469,18705.01723,2026-08-19,False
12 HK Equity,2016-06-30,9725.0,8611.0,1.7806,52.5934,3566.0,54635.0,8.03,4841.38707,2016-08-23,False
12 HK Equity,2016-12-31,15843.0,13305.0,2.7485,54.4396,4962.0,56400.0,8.5147,4841.38707,2017-03-21,False
12 HK Equity,2017-06-30,12881.0,13073.0,2.4545,56.9085,6208.0,78204.0,9.9513,4841.38695,2017-08-22,False
12 HK Equity,2017-12-31,15079.0,17736.0,3.3306,60.4341,-4165.0,78550.0,11.0802,4841.387,2018-03-21,False
12 HK Equity,2018-06-30,13142.0,15030.0,3.1091,62.4375,-16119.0,84323.0,11.3416,4841.387,2018-08-23,False
12 HK Equity,2018-12-31,8840.0,16127.0,3.3313,64.6863,22409.0,85530.0,10.2875,4841.387,2019-03-20,False
12 HK Equity,2019-06-30,8129.0,7515.0,1.55,64.9991,4829.0,89893.0,7.6639,4841.387,2019-08-21,False
12 HK Equity,2019-12-31,16055.0,9479.0,1.9581,66.2778,4019.0,92126.0,5.3608,4841.387,2020-03-23,False
12 HK Equity,2020-06-30,10943.0,2834.0,0.59,65.1898,-1409.0,99958.0,3.9071,4841.387,2020-08-20,False
12 HK Equity,2020-12-31,14077.0,7358.0,1.5199,67.6734,10765.0,88192.0,3.1435,4841.387,2021-03-23,False
12 HK Equity,2021-06-30,8792.0,6549.0,1.35,67.8774,434.0,77468.0,4.3174,4841.387,2021-08-23,False
12 HK Equity,2021-12-31,14735.0,6646.0,1.3729,69.2047,2817.0,100280.0,3.9826,4841.387,2022-03-22,False
12 HK Equity,2022-06-30,9506.0,4781.0,0.99,68.133,5823.0,96548.0,3.4707,4841.387,2022-08-23,False
12 HK Equity,2022-12-31,16045.0,4458.0,0.9209,67.7439,6363.0,88336.0,2.7872,4841.387,2023-03-21,False
12 HK Equity,2023-06-30,10278.0,5957.0,1.23,66.9829,8551.0,89847.0,3.1844,4841.387,2023-08-22,False
12 HK Equity,2023-12-31,17292.0,3304.0,0.6825,67.4534,4723.0,93087.0,2.83,4841.387,2024-03-21,False
12 HK Equity,2024-06-30,11762.0,3174.0,0.66,66.6048,10780.0,83659.0,2.0034,4841.387,2024-08-21,False
12 HK Equity,2024-12-31,13494.0,3122.0,0.6449,66.5455,2578.0,83255.0,1.9411,4841.387,2025-03-20,False
12 HK Equity,2025-06-30,9552.0,2908.0,0.6,66.1306,6257.0,81472.0,1.8768,4841.387,2025-08-20,False
12 HK Equity,2025-12-31,16189.0,2745.0,0.567,66.611,5067.0,79744.0,1.7539,4841.387,2026-03-23,False
12 HK Equity,2026-06-30,17203.0,4090.0,0.81,67.2442,13876.0,76885.0,2.1171,4841.387,2026-08-20,False
1209 HK Equity,2019-06-30,2640.607,192.218,,,-391.38,,,,2020-11-25,False
1209 HK Equity,2019-12-31,3227.496,172.71,,,787.284,1304.555,,,2020-11-25,False
1209 HK Equity,2020-06-29,3134.0,338.565,,,-288.939,1310.051,56.9902,,2020-06-30,False
1209 HK Equity,2020-12-31,3644.911,479.145,,5.4603,1392.457,1904.187,12.1191,2282.5,2021-03-30,False
1209 HK Equity,2021-06-30,4014.403,806.034,0.353,5.6819,884.725,1880.029,18.486,2282.5,2021-08-25,False
1209 HK Equity,2021-12-31,4860.981,918.891,0.4026,6.0845,1697.642,2159.719,13.092,2282.5,2022-03-30,False
1209 HK Equity,2022-06-30,5277.728,1027.586,0.45,6.2448,793.927,1892.366,14.3004,2282.5,2022-08-30,False
1209 HK Equity,2022-12-31,6738.451,1178.54,0.5163,6.2562,1401.278,2401.717,15.6643,2282.5,2023-03-28,False
1209 HK Equity,2023-06-30,6793.323,1402.481,0.614,6.5415,1138.937,2441.858,17.6875,2282.5,2023-08-30,False
1209 HK Equity,2023-12-31,7973.629,1526.268,0.6687,6.9872,2244.884,2419.109,19.3777,2282.5,2024-03-26,False
1209 HK Equity,2024-06-30,8000.297,1889.672,0.828,7.3421,2109.952,2370.413,21.559,2282.5,2024-08-28,False
1209 HK Equity,2024-12-31,9154.113,1708.288,0.7484,7.2287,2739.931,2308.612,22.1769,2282.5,2025-03-26,False
1209 HK Equity,2025-06-30,8523.537,2030.325,0.89,6.8086,1323.151,2267.707,23.1501,2282.5,2025-08-27,False
1209 HK Equity,2025-12-31,9498.081,1938.698,0.8494,6.7741,2801.591,2214.922,24.8363,2282.5,2026-03-30,False
1209 HK Equity,2026-06-30,9216.785,2239.324,0.981,6.9052,,2188.456,26.6952,2282.5,2026-08-31,False
1211 HK Equity,2016-06-30,43745.486,2259.696,0.29,4.1779,-2350.52,44262.1,15.6917,2745.0,2016-08-28,False
1211 HK Equity,2016-12-31,56462.217,2792.458,0.3343,5.7988,-1460.357,42266.961,12.6447,2745.0,2017-03-28,False
1211 HK Equity,2017-06-30,43817.02,1722.914,0.1967,5.966,-4512.981,54866.344,10.7666,2745.0,2017-08-28,False
1211 HK Equity,2017-12-31,58833.594,2343.564,0.2709,6.2446,8465.396,56511.016,7.7559,2745.0,2018-03-27,False
1211 HK Equity,2018-06-30,51914.052,479.099,0.0433,6.1493,-3045.305,68874.749,5.1989,2745.0,2018-08-29,False
1211 HK Equity,2018-12-31,69876.873,2301.095,0.2665,6.2683,12080.709,64692.802,4.9638,2745.0,2019-03-27,False
1211 HK Equity,2019-06-30,59214.976,1454.573,0.1633,6.3895,-3932.622,79160.579,6.8509,2745.0,2019-08-21,False
1211 HK Equity,2019-12-31,62563.141,159.877,0.0028,6.3985,15042.37,76746.065,2.6171,2745.0,2020-03-31,False
1211 HK Equity,2020-06-30,58028.041,1662.43,0.1867,6.7608,13445.708,68152.714,2.879,2745.0,2020-08-28,False
1211 HK Equity,2020-12-31,95441.143,2571.837,0.3043,6.8153,28515.212,52282.39,7.4299,2745.0,2021-03-29,False
1211 HK Equity,2021-06-30,90885.4,1173.571,0.1367,9.4665,8605.062,50235.189,5.2755,3144.0,2021-08-27,False
1211 HK Equity,2021-12-31,125256.995,1871.617,0.2167,10.8857,55127.183,42724.482,3.9557,3294.0,2022-03-29,False
1211 HK Equity,2022-06-30,150607.252,3595.279,0.4133,11.083,42493.302,34520.234,6.1473,3294.0,2022-08-29,False
1211 HK Equity,2022-12-31,273453.383,13027.169,1.4938,12.7373,97067.042,25157.215,16.1244,3294.0,2023-03-28,False
1211 HK Equity,2023-06-30,260124.143,10954.145,1.2567,13.728,81272.15,31277.338,22.1709,3294.0,2023-08-28,False
1211 HK Equity,2023-12-31,342191.211,19086.666,2.1839,15.8941,87995.489,50939.346,24.0162,3294.0,2024-03-26,False
1211 HK Equity,2024-06-30,301126.713,13631.257,1.56,16.36,14195.859,41029.869,24.8883,3294.0,2024-08-28,False
1211 HK Equity,2024-12-31,475975.742,26623.089,3.049,19.5189,119103.709,42843.596,26.0208,3294.0,2025-03-24,False
1211 HK Equity,2025-06-30,371280.948,15510.533,1.71,23.0831,31917.122,51660.052,23.7359,3683.4,2025-08-29,False
1211 HK Equity,2025-12-31,432684.01,17108.489,1.8663,24.9573,28400.462,146615.668,16.2489,3683.4,2026-03-27,False
1211 HK Equity,2026-06-30,344815.421,12325.408,1.35,26.3208,36332.255,184339.798,13.0145,3683.4,2026-08-28,False
1299 HK Equity,2016-05-31,12860.0,2065.0,0.17,2.9497,701.0,6164.0,7.8047,,2016-08-29,True
1299 HK Equity,2016-06-30,,,,,,,,12049.44824,2016-07-28,False
1299 HK Equity,2016-11-30,15336.0,2099.0,0.1753,2.9018,555.0,5444.0,12.5985,,2017-02-28,True
1299 HK Equity,2016-12-30,,,,,,,,12056.45117,2017-02-24,False
1299 HK Equity,2017-05-31,18405.0,2925.0,0.244,3.1733,331.0,6179.0,13.605,,2017-08-29,True
1299 HK Equity,2017-06-30,,,,,,,,12074.05,2017-07-28,False
1299 HK Equity,2017-11-30,19925.0,3195.0,0.266,3.4781,984.0,5841.0,15.9006,,2018-02-28,True
1299 HK Equity,2017-12-29,,,,,,,,12074.54146,2018-02-27,False
1299 HK Equity,2018-06-30,15562.0,1662.0,0.1383,3.1886,,7398.0,12.6451,12076.20868,2018-08-24,False
1299 HK Equity,2018-12-31,16807.0,935.0,0.0778,3.2298,,6637.0,6.4123,12077.06378,2019-03-15,False
1299 HK Equity,2019-06-30,24276.0,3864.0,0.321,4.1259,1138.0,8324.0,10.8594,12087.92312,2019-08-23,False
1299 HK Equity,2019-12-31,22966.0,2115.0,0.1756,4.5452,1992.0,7583.0,12.7276,12088.80121,2020-03-12,False
1299 HK Equity,2020-06-30,19664.0,2197.0,0.1822,4.698,3159.0,8370.0,8.0838,12090.59912,2020-08-20,False
1299 HK Equity,2020-12-31,30695.0,3582.0,0.2969,5.2253,-1027.0,10223.0,9.7827,12094.44833,2021-03-12,False
1299 HK Equity,2021-06-30,24194.0,3245.0,0.269,4.8726,2946.0,12629.0,11.7963,12096.63708,2021-08-17,False
1299 HK Equity,2021-12-31,23331.0,4182.0,0.3466,4.9985,660.0,11176.0,12.0113,12096.70339,2022-03-10,False
1299 HK Equity,2022-06-30,14234.0,1543.0,0.1283,3.415,4978.0,12524.0,11.4564,12006.38921,2022-08-24,False
1299 HK Equity,2022-12-31,9605.0,1788.0,0.1511,3.7919,4559.0,12954.0,6.3364,11780.57124,2023-03-10,False
1299 HK Equity,2023-06-30,16301.0,2250.0,0.1939,3.618,3599.0,13310.0,9.7547,11585.3881,2023-08-24,False
1299 HK Equity,2023-12-31,18465.0,1514.0,0.1324,3.6183,6926.0,15261.0,8.7756,11399.34446,2024-03-14,False
1299 HK Equity,2024-06-30,19300.0,3314.0,0.2953,3.5327,2122.0,15227.0,11.8981,11200.40912,2024-08-22,False
1299 HK Equity,2024-12-31,20675.0,3522.0,0.323,3.7515,691.0,17945.0,16.7547,10831.69413,2025-03-14,False
1299 HK Equity,2025-06-30,19464.0,2534.0,0.2383,3.8423,5427.0,19394.0,15.1639,10629.43391,2025-08-21,False
1299 HK Equity,2025-12-31,22915.0,3700.0,0.3537,4.1158,992.0,20155.0,14.8898,10506.06545,2026-03-19,False
1299 HK Equity,2026-06-30,23183.0,4294.0,0.4121,3.9315,2547.0,21157.0,19.6926,10346.64487,2026-08-20,False
1347 HK Equity,2016-06-30,342.118,60.815,0.06,1.4375,81.755,179.813,7.4342,1033.8717,2016-08-02,False
1347 HK Equity,2016-12-31,379.31,68.017,0.0658,1.4399,129.711,92.631,8.6483,1033.8717,2017-02-14,False
1347 HK Equity,2017-06-30,381.304,68.419,0.07,1.5043,96.326,93.506,8.9719,1033.8717,2017-08-08,False
1347 HK Equity,2017-12-31,426.844,76.843,0.0742,1.6338,165.638,92.89,9.1248,1036.99033,2018-02-08,False
1347 HK Equity,2018-06-30,439.961,85.888,0.08,1.6679,114.087,90.165,9.9236,1040.16966,2018-08-07,False
1347 HK Equity,2018-12-31,490.307,97.27,0.0883,1.6786,168.354,30.598,9.5136,1283.87123,2019-03-28,False
1347 HK Equity,2019-06-30,450.79,90.826,0.071,1.7088,111.245,46.399,9.5945,1285.36589,2019-08-06,False
1347 HK Equity,2019-12-31,481.777,71.411,0.0555,1.7421,68.649,44.418,7.3736,1286.76423,2020-02-13,False
1347 HK Equity,2020-06-30,428.204,38.14,0.03,1.7434,95.208,43.953,4.9184,1291.08056,2020-08-11,False
1347 HK Equity,2020-12-31,533.075,61.303,0.0473,1.9551,173.902,587.815,4.1663,1295.95126,2021-02-09,False
1347 HK Equity,2021-06-30,650.953,77.141,0.059,2.0277,158.711,773.354,5.6569,1300.20254,2021-08-12,False
1347 HK Equity,2021-12-31,979.801,184.335,0.1417,2.2077,353.93,1608.116,9.6864,1300.72435,2022-01-28,False
1347 HK Equity,2022-06-30,1215.471,186.877,0.144,2.2192,398.633,1597.304,13.4365,1301.78024,2022-08-11,False
1347 HK Equity,2022-12-31,1260.017,263.035,0.2015,2.3189,333.396,1927.684,15.2491,1306.64181,2023-02-14,False
1347 HK Equity,2023-06-30,1262.223,230.758,0.176,2.3913,263.171,1819.079,16.4129,1308.1043,2023-08-10,False
1347 HK Equity,2023-12-31,1023.89,49.276,0.0299,3.6706,333.505,2121.766,6.0019,1308.80436,2024-02-06,False
1347 HK Equity,2024-06-30,938.51,38.491,0.022,3.6506,131.585,2236.104,1.8679,1309.16018,2024-08-08,False
1347 HK Equity,2024-12-31,1065.483,19.617,0.0114,3.6352,304.208,2220.919,0.9262,1310.66532,2025-02-13,False
1347 HK Equity,2025-06-30,1107.002,11.702,0.007,3.6477,213.858,2296.158,0.4983,1318.46169,2025-08-07,False
1347 HK Equity,2025-12-31,1301.9434,42.4392,0.0245,3.7186,475.6869,3227.9837,0.8532,1328.2495,2026-02-12,False
1347 HK Equity,2026-06-30,1378.462,59.568,0.034,4.1077,444.683,3584.823,1.5182,1329.92857,2026-08-26,False
1378 HK Equity,2016-06-30,25375.416,3279.424,0.46,5.6598,5277.086,67672.476,11.2853,7259.76611,2016-08-12,False
1378 HK Equity,2016-12-31,36020.162,3570.405,0.4944,6.1708,4771.949,75298.309,17.0468,7259.76611,2017-10-27,False
1378 HK Equity,2017-06-30,47168.23,1488.047,0.205,6.3703,8005.356,80640.473,11.584,7259.76611,2017-10-27,False
1378 HK Equity,2017-12-31,50773.686,3642.017,0.4904,6.3937,21061.445,70567.091,10.6523,8057.88819,2018-03-23,False
1378 HK Equity,2018-06-30,44326.57,1804.265,0.208,6.4869,4580.43,78326.196,10.5646,8778.43235,2018-08-24,False
1378 HK Equity,2018-12-31,45868.354,3603.157,0.4142,6.9121,1551.848,82900.032,9.7007,8675.39485,2019-03-22,False
1378 HK Equity,2019-06-30,41430.06,2477.037,0.287,7.0018,-6660.478,78650.017,10.4051,8570.85235,2019-08-23,False
1378 HK Equity,2019-12-31,42749.228,3618.298,0.4222,7.3696,16781.751,78969.474,9.9007,8570.85235,2020-03-20,False
1378 HK Equity,2020-06-30,39938.675,2831.849,0.33,7.3889,1963.895,80967.233,10.459,8570.85235,2020-08-21,False
1378 HK Equity,2020-12-31,46205.966,7664.087,0.889,8.0191,11739.826,77009.047,15.6236,8878.35235,2021-03-05,False
1378 HK Equity,2021-06-30,52480.549,8142.519,0.903,8.4228,13600.115,68833.922,22.5556,9121.35235,2021-08-20,False
1378 HK Equity,2021-12-31,62010.392,7930.823,0.8694,8.914,11598.212,59600.518,21.0792,9121.35235,2022-03-18,False
1378 HK Equity,2022-06-30,68738.652,7846.289,0.85,9.2047,8434.473,58979.378,19.3888,9254.54239,2022-08-26,False
1378 HK Equity,2022-12-31,62960.775,855.664,0.0913,8.9176,-3714.242,60562.087,10.4965,9475.53843,2023-03-24,False
1378 HK Equity,2023-06-30,65733.87,2456.623,0.259,9.1117,6119.362,62971.798,3.8458,9475.53843,2023-08-18,False
1378 HK Equity,2023-12-31,67889.762,9004.055,0.9502,9.735,13867.769,60484.865,12.9687,9475.53843,2024-03-22,False
1378 HK Equity,2024-06-30,73592.249,9154.911,0.966,10.5294,13457.073,67641.519,19.5142,9475.53843,2024-08-16,False
1378 HK Equity,2024-12-31,82576.471,13217.42,1.3949,11.3767,16892.294,70051.168,22.3673,9475.53843,2025-03-14,False
1378 HK Equity,2025-06-30,81039.092,12361.046,1.314,11.916,21681.806,76919.503,24.3082,9288.30892,2025-08-15,False
1378 HK Equity,2025-12-31,81314.633,10275.059,1.0722,13.3497,14946.732,74019.454,18.8326,9924.38024,2026-03-20,False
1378 HK Equity,2026-06-30,87505.895,17210.307,1.734,13.5556,,67658.241,22.5486,9819.39784,2026-08-21,False
1398 HK Equity,2016-06-30,498888.0,150217.0,0.42,4.9865,-25649.0,2911444.0,16.33,86794.04688,2016-08-30,False
1398 HK Equity,2016-12-31,481581.0,128032.0,0.3467,5.2852,-129863.0,2964587.0,15.2373,86794.04688,2017-03-30,False
1398 HK Equity,2017-06-30,512927.0,152995.0,0.43,5.4215,-21922.0,2910497.0,14.912,86794.04688,2017-08-30,False
1398 HK Equity,2017-12-31,521112.0,133054.0,0.3609,5.7278,579025.0,3280283.0,14.3491,86794.04455,2018-03-27,False
1398 HK Equity,2018-06-30,550265.0,160442.0,0.45,5.8712,-432154.0,3060022.0,14.3639,86794.04455,2018-08-30,False
1398 HK Equity,2018-12-31,567478.0,137234.0,0.3724,6.296,547163.0,2947619.0,13.6823,86794.04455,2019-03-28,False
1398 HK Equity,2019-06-30,609806.0,167931.0,0.47,6.53,166642.0,3268563.0,13.6049,86794.04455,2019-08-29,False
1398 HK Equity,2019-12-31,613201.0,144293.0,0.3922,6.9304,163054.0,3303262.0,13.0547,86794.04455,2020-03-27,False
1398 HK Equity,2020-06-30,632236.0,148790.0,0.42,7.0839,1071750.0,4012970.0,11.8942,86794.04455,2020-08-30,False
1398 HK Equity,2020-12-31,629048.0,167116.0,0.4441,7.4849,320373.0,3960619.0,11.9534,86794.04455,2021-03-26,False
1398 HK Equity,2021-06-30,661204.0,163473.0,0.46,7.6712,406491.0,4130180.0,12.2366,86794.04455,2021-08-27,False
1398 HK Equity,2021-12-31,686917.0,184865.0,0.4917,8.1464,888104.0,4146410.0,12.1603,86794.04455,2022-03-30,False
1398 HK Equity,2022-06-30,720367.0,171670.0,0.47,8.3047,372005.0,4740231.0,12.0608,86794.04455,2022-08-30,False
1398 HK Equity,2022-12-31,755456.0,188977.0,0.4987,8.8152,438551.0,4814224.0,11.4417,86794.04455,2023-03-30,False
1398 HK Equity,2023-06-30,797400.0,173744.0,0.48,9.0393,-52996.0,5168015.0,11.254,86794.04455,2023-08-30,False
1398 HK Equity,2023-12-31,793003.0,190249.0,0.502,9.5468,682684.0,6013964.0,10.6666,86794.04455,2024-03-27,False
1398 HK Equity,2024-06-30,818070.0,170467.0,0.47,9.7899,1145325.0,7591100.0,10.3034,86794.04455,2024-08-30,False
1398 HK Equity,2024-12-31,775379.0,195396.0,0.5165,10.2285,786120.0,8333847.0,9.9574,86794.04455,2025-03-28,False
1398 HK Equity,2025-06-30,776364.0,168103.0,0.46,10.5227,483352.0,9677166.0,9.6285,86794.04455,2025-08-29,False
1398 HK Equity,2025-12-31,737287.0,200459.0,0.5397,10.8292,980230.0,10052774.0,9.5081,86794.04455,2026-03-27,False
1398 HK Equity,2026-06-30,786831.0,173682.0,0.47,11.1174,653514.0,11641562.0,9.3776,86794.04455,2026-08-28,False
1519 HK Equity,2022-06-30,3402.543,1413.479,,,-373.994,,,,2023-10-16,False
1519 HK Equity,2022-12-31,3864.885,242.689,,,-221.933,1591.043,,,2023-10-16,False
1519 HK Equity,2023-06-30,4030.439,-640.967,,,-49.517,1718.576,,,2023-10-16,False
1519 HK Equity,2023-12-31,4818.812,-460.021,-0.1101,0.351,298.147,1791.206,,7832.83283,2024-03-22,False
1519 HK Equity,2024-06-30,4861.696,27.589,0.003,0.3147,294.194,1871.436,,7832.83283,2024-08-19,False
1519 HK Equity,2024-12-31,5397.408,72.97,0.0085,0.3579,397.554,2052.362,3.6075,7894.58045,2025-03-05,False
1519 HK Equity,2025-06-30,5498.732,86.365,0.01,0.3737,360.55,2133.378,5.5572,7924.13587,2025-08-29,False
1519 HK Equity,2025-12-31,6659.074,112.047,0.0128,0.3983,584.757,2905.82,6.6352,7926.53526,2026-03-30,False
1519 HK Equity,2026-06-30,7672.441,250.017,0.028,0.4438,585.96,3830.175,9.9571,8693.99452,2026-08-20,False
16 HK Equity,2016-06-30,56282.0,17942.0,6.2,161.9022,14197.0,80761.0,7.1034,2895.048,2016-02-26,False
16 HK Equity,2016-12-31,46343.0,20659.0,7.14,164.7095,24757.0,75711.0,8.2781,2895.457,2016-09-08,False
16 HK Equity,2017-06-30,31864.0,21141.0,7.2946,172.0356,10816.0,67326.0,8.6423,2896.128,2017-02-28,False
16 HK Equity,2017-12-31,55166.0,33118.0,11.4,181.756,9613.0,76336.0,10.7943,2896.749,2017-09-14,False
16 HK Equity,2018-06-30,30478.0,17007.0,5.8406,186.0884,-2247.0,91434.0,9.6308,2897.002,2018-02-27,False
16 HK Equity,2018-12-31,37112.0,20555.0,7.07,188.4211,13736.0,92506.0,6.9729,2897.15927,2018-09-13,False
16 HK Equity,2019-06-30,48190.0,24528.0,8.4364,195.4469,6019.0,95006.0,8.1252,2897.59177,2019-02-27,False
16 HK Equity,2019-12-31,38711.0,15504.0,5.32,196.6035,24617.0,125492.0,7.1462,2897.78027,2019-09-12,False
16 HK Equity,2020-06-30,43942.0,8186.0,2.7959,197.313,23251.0,114247.0,4.133,2897.78027,2020-02-27,False
16 HK Equity,2020-12-31,46070.0,13644.0,4.69,201.2719,15960.0,108253.0,3.7605,2897.78027,2020-09-10,False
16 HK Equity,2021-06-30,39192.0,13108.0,4.5235,204.9068,-304.0,118608.0,4.5788,2897.78027,2021-02-25,False
16 HK Equity,2021-12-31,40153.0,15186.0,5.24,207.3061,4016.0,123612.0,4.7792,2897.78027,2021-09-09,False
16 HK Equity,2022-06-30,37594.0,10374.0,3.58,207.7108,11376.0,126772.0,4.2751,2897.78027,2022-02-24,False
16 HK Equity,2022-12-31,27428.0,8410.0,2.9,205.3382,7896.0,132703.0,3.1415,2897.78027,2022-09-08,False
16 HK Equity,2023-06-30,43767.0,15497.0,5.3479,207.7484,18281.0,128054.0,3.9713,2897.78027,2023-02-23,False
16 HK Equity,2023-12-31,27542.0,9145.0,3.16,207.8591,-972.0,135717.0,4.1159,2897.78027,2023-09-07,False
16 HK Equity,2024-06-30,43964.0,9901.0,3.4168,209.3571,25488.0,129654.0,3.1513,2897.78027,2024-02-28,False
16 HK Equity,2024-12-31,39933.0,7523.0,2.6,208.7964,14345.0,123048.0,2.8863,2897.78027,2024-09-05,False
16 HK Equity,2025-06-30,39788.0,11754.0,4.0562,213.2153,23735.0,112672.0,3.1484,2897.78027,2025-02-27,False
16 HK Equity,2025-12-31,52705.0,10247.0,3.54,214.5435,21756.0,104010.0,3.5869,2897.78027,2025-09-04,False
16 HK Equity,2026-06-30,41489.0,11179.0,3.8578,218.7661,,97668.0,3.4233,2897.78027,2026-02-26,False
175 HK Equity,2016-06-30,18089.274,1907.242,0.2167,2.4008,3416.554,2302.003,13.9286,8802.44629,2016-08-18,False
175 HK Equity,2016-12-31,35632.302,3205.156,0.3626,2.7763,4902.007,2242.691,23.2588,8882.86133,2017-03-22,False
175 HK Equity,2017-06-30,39423.646,4343.563,0.4877,3.1367,8136.698,2018.89,30.7124,8934.58105,2017-08-16,False
175 HK Equity,2017-12-31,53337.072,6290.152,0.7021,3.8423,3856.911,1296.46,36.1051,8970.51454,2018-03-21,False
175 HK Equity,2018-06-30,53708.605,6670.023,0.7433,4.3462,5695.448,18008.7,38.6622,8977.54554,2018-08-22,False
175 HK Equity,2018-12-31,52886.528,5883.184,0.6552,5.004,8349.298,5499.502,31.6158,8981.61254,2019-03-21,False
175 HK Equity,2019-06-30,47558.617,4009.475,0.4439,5.1074,5194.386,4914.036,23.1259,9111.52354,2019-08-21,False
175 HK Equity,2019-12-31,49842.631,4180.163,0.4579,5.5659,7455.382,6446.064,17.0677,9166.99754,2020-03-30,False
175 HK Equity,2020-06-30,36819.775,2296.753,0.2473,5.8235,-3208.907,7034.089,12.494,9812.77654,2020-08-17,False
175 HK Equity,2020-12-31,55294.103,3237.037,0.3158,6.1343,5010.997,4263.053,9.7025,9816.17654,2021-03-23,False
175 HK Equity,2021-06-30,45032.091,2381.136,0.236,6.2724,4342.946,4064.299,9.1243,9820.67654,2021-08-18,False
175 HK Equity,2021-12-31,56578.965,2466.312,0.2446,6.5073,12326.083,4615.6,7.5273,10018.44154,2022-03-23,False
175 HK Equity,2022-06-30,58183.773,1552.238,0.1483,6.7508,10120.64,14010.315,6.0167,10020.84654,2022-08-18,False
175 HK Equity,2022-12-31,89780.874,3708.115,0.362,7.1585,7009.091,16522.103,7.4835,10056.97379,2023-03-21,False
175 HK Equity,2023-06-30,73181.745,1570.728,0.1491,7.2742,11153.266,11138.134,7.2966,10056.97379,2023-08-22,False
175 HK Equity,2023-12-31,106021.847,3737.68,0.3644,7.661,12192.011,13793.631,6.9429,10063.38238,2024-03-20,False
175 HK Equity,2024-06-30,118792.689,10789.54,1.065,8.5723,19079.36,18900.7,18.0507,10063.38238,2024-08-21,False
175 HK Equity,2024-12-31,157117.795,6022.338,0.591,8.5993,18606.732,37977.154,20.3711,10074.97828,2025-03-20,False
175 HK Equity,2025-06-30,151390.219,9256.266,0.9185,8.9055,15231.622,80082.962,17.2963,10084.12253,2025-08-14,False
175 HK Equity,2025-12-31,194947.467,7562.424,0.7458,9.1711,32798.532,43701.418,18.7984,10739.06531,2026-03-18,False
175 HK Equity,2026-06-30,173600.313,9090.665,0.8413,9.3883,20274.008,54401.665,18.0809,10784.7806,2026-08-17,False
1801 HK Equity,2017-06-30,10.0,-206.955,,,-258.256,,,,2018-10-18,False
1801 HK Equity,2017-12-31,8.538,-355.363,,,-254.1,510.0,,,2018-10-18,False
1801 HK Equity,2018-06-30,4.436,43.894,,,-348.639,697.0,,,2018-10-18,False
1801 HK Equity,2018-12-31,5.041,-5815.386,-17.3758,3.6359,-671.251,792.0,,1153.603,2019-03-14,False
1801 HK Equity,2019-06-30,345.517,-714.406,-0.62,3.0497,-909.457,823.681,,1154.37271,2019-08-28,False
1801 HK Equity,2019-12-31,702.008,-1005.544,-0.8356,3.767,-725.8,865.088,-38.4323,1257.86171,2020-03-30,False
1801 HK Equity,2020-06-30,984.206,-608.194,-0.46,4.7684,-707.356,970.853,-32.4922,1342.98321,2020-08-27,False
1801 HK Equity,2020-12-31,2859.613,-390.227,-0.2801,6.2589,475.138,1206.568,-14.7522,1400.848,2021-03-29,False
1801 HK Equity,2021-06-30,1941.75,-1003.558,-0.69,8.163,-947.053,1856.201,-15.2244,1457.09875,2021-08-25,False
1801 HK Equity,2021-12-31,2327.979,-1725.197,-1.1808,7.0654,-1004.976,2496.926,-28.5581,1461.81341,2022-03-29,False
1801 HK Equity,2022-06-30,2239.599,-950.468,-0.65,6.5359,-764.527,2766.1,-24.8941,1466.78945,2022-08-25,False
1801 HK Equity,2022-12-31,2316.781,-1228.802,-0.811,6.9929,-1151.902,3228.508,-20.6955,1534.32324,2023-03-28,False
1801 HK Equity,2023-06-30,2701.532,-139.149,-0.09,6.9988,-505.458,3486.561,-13.4282,1540.67316,2023-08-23,False
1801 HK Equity,2023-12-31,3504.538,-888.764,-0.5611,7.7208,831.957,3620.529,-8.8394,1618.00341,2024-03-20,False
1801 HK Equity,2024-06-30,3952.291,-392.62,-0.24,7.631,-215.634,3374.0,-11.0418,1628.02269,2024-08-28,False
1801 HK Equity,2024-12-31,5469.597,297.989,0.1826,8.0077,2040.697,2831.043,-0.738,1637.97843,2025-03-26,False
1801 HK Equity,2025-06-30,5953.094,834.321,0.51,8.7219,403.745,3403.873,8.4349,1651.58598,2025-08-27,False
1801 HK Equity,2025-12-31,7088.429,-20.756,-0.0121,11.1588,9954.232,2815.775,5.0106,1720.80107,2026-03-26,False
1801 HK Equity,2026-06-30,8617.801,1253.142,0.73,11.8977,,2323.206,7.0086,1738.24723,2026-08-25,False
1810 HK Equity,2017-06-30,45410.802,-19806.442,-2.03,,2160.265,,,,2018-08-22,False
1810 HK Equity,2017-12-31,69213.94,-24019.574,-2.46,-7.3825,-2793.014,172253.316,,,2018-05-03,False
1810 HK Equity,2018-06-30,79647.835,7646.195,0.759,-10.581,6401.824,163115.907,,,2018-08-22,False
1810 HK Equity,2018-12-31,95267.59,5907.691,0.2678,3.0188,-7103.046,10931.337,,15882.42911,2019-03-19,False
1810 HK Equity,2019-06-30,95707.952,5077.915,0.214,3.2034,11495.281,14746.17,,17346.0513,2019-08-20,False
1810 HK Equity,2019-12-31,110130.73,4966.249,0.209,3.392,13693.971,18583.659,13.1594,17390.55596,2020-03-31,False
1810 HK Equity,2020-06-30,103239.972,6661.643,0.279,3.7316,-3240.552,24295.474,13.9676,17580.30411,2020-08-26,False
1810 HK Equity,2020-12-31,142625.661,13693.861,0.5676,4.9117,26429.243,18476.622,19.8569,20492.70664,2021-03-24,False
1810 HK Equity,2021-06-30,164671.123,16061.366,0.642,5.4155,9091.677,21609.042,26.3818,20414.07479,2021-08-25,False
1810 HK Equity,2021-12-31,163638.022,3277.955,0.1319,5.4956,2179.802,29527.994,14.8248,20357.9814,2022-03-22,False
1810 HK Equity,2022-06-30,143522.379,798.8,0.03,5.6333,-6679.142,35529.409,2.9507,20338.22422,2022-08-19,False
1810 HK Equity,2022-12-31,136521.637,1675.23,0.0675,5.7622,3198.32,26056.13,1.7617,20360.53629,2023-03-24,False
1810 HK Equity,2023-06-30,126832.042,7873.814,0.32,6.1924,21601.795,24944.484,6.4667,20456.52231,2023-08-29,False
1810 HK Equity,2023-12-31,144138.099,9601.359,0.3853,6.5492,22668.809,29825.511,11.3603,20505.70355,2024-03-19,False
1810 HK Equity,2024-06-30,164394.65,9280.063,0.37,6.9177,4368.853,34348.645,11.536,20464.00878,2024-08-21,False
1810 HK Equity,2024-12-31,201511.7,14378.063,0.579,7.5209,38653.675,36011.374,13.4142,20578.03228,2025-03-18,False
1810 HK Equity,2025-06-30,227249.428,22828.726,0.9,9.7299,29905.199,34690.134,17.5072,21432.88787,2025-08-19,False
1810 HK Equity,2025-12-31,230037.259,18814.663,0.7262,10.2733,7410.612,41837.896,18.3065,21534.93873,2026-03-24,False
1810 HK Equity,2026-06-30,208063.227,14185.525,0.55,10.4703,2050.234,39276.762,12.6395,21341.44316,2026-08-18,False
1876 HK Equity,2018-06-30,3511.0,571.0,,,766.0,,,,2018-09-18,False
1876 HK Equity,2018-12-31,3229.0,387.0,,,886.0,615.0,,,2019-09-18,False
1876 HK Equity,2019-06-30,3522.0,606.0,0.0525,0.6952,815.0,1006.0,,,2019-09-18,False
1876 HK Equity,2019-12-31,3024.0,292.0,0.0236,0.7427,578.0,313.0,8.9849,13243.397,2020-02-27,False
1876 HK Equity,2020-06-30,2575.0,185.0,0.014,0.7113,504.0,842.0,5.126,13243.397,2020-07-30,False
1876 HK Equity,2020-12-31,3013.0,329.0,0.0249,0.8068,793.0,230.0,5.0095,13243.397,2021-02-25,False
1876 HK Equity,2021-06-30,3477.0,503.0,0.038,0.811,853.0,356.0,8.2605,13243.397,2021-07-28,False
1876 HK Equity,2021-12-31,3311.0,447.0,0.0338,0.8316,1050.0,235.0,8.7566,13243.397,2022-02-23,False
1876 HK Equity,2022-06-30,3453.0,625.0,0.0473,0.7913,626.0,277.0,10.1042,13243.397,2022-07-27,False
1876 HK Equity,2022-12-31,3025.0,288.0,0.0218,0.8128,946.0,271.0,8.385,13243.397,2023-03-02,False
1876 HK Equity,2023-06-30,3666.0,575.0,0.0435,0.7843,748.0,352.0,8.2794,13243.397,2023-08-02,False
1876 HK Equity,2023-12-31,3190.0,277.0,0.021,0.8144,1035.0,386.0,7.9076,13243.397,2024-02-29,False
1876 HK Equity,2024-06-30,3399.0,541.0,0.041,0.7801,210.0,411.0,7.9206,13243.397,2024-08-01,False
1876 HK Equity,2024-12-31,2847.0,185.0,0.014,0.7723,904.0,204.0,6.9245,13243.397,2025-02-26,False
1876 HK Equity,2025-06-30,3136.0,409.0,0.031,0.7799,267.0,307.0,5.7706,13243.397,2025-07-31,False
1876 HK Equity,2025-12-31,2628.0,80.0,0.0061,0.7767,686.0,277.0,4.7833,13243.397,2026-02-12,False
1876 HK Equity,2026-06-30,3171.0,473.0,0.0357,0.7463,520.0,309.0,5.4818,13243.397,2026-07-30,False
1928 HK Equity,2016-06-30,3094.206,550.575,0.0682,0.5357,1044.465,4390.534,27.0529,8069.93945,2016-08-12,False
1928 HK Equity,2016-12-31,3558.794,673.425,0.0834,0.6204,1210.535,4374.0,22.5714,8070.86426,2017-02-17,False
1928 HK Equity,2017-06-30,3635.0,678.0,0.0839,0.4468,1245.0,4904.0,34.0818,8072.71973,2017-07-27,False
1928 HK Equity,2017-12-31,3951.0,925.0,0.1146,0.562,1257.0,4412.0,33.5883,8073.54812,2018-02-14,False
1928 HK Equity,2018-06-30,4265.0,979.0,0.1211,0.4333,1613.0,4865.0,53.5734,8080.18709,2018-07-26,False
1928 HK Equity,2018-12-31,4400.0,896.0,0.1109,0.5456,1324.0,5562.0,41.9135,8080.57259,2019-02-22,False
1928 HK Equity,2019-06-30,4468.0,1067.0,0.132,0.4274,1370.0,5620.0,56.4324,8086.22089,2019-07-25,False
1928 HK Equity,2019-12-31,4340.0,966.0,0.1194,0.5497,1208.0,5608.0,45.9176,8087.82062,2020-02-21,False
1928 HK Equity,2020-06-30,848.0,-716.0,-0.0885,0.3374,-753.0,7073.0,8.0841,8089.01292,2020-08-14,False
1928 HK Equity,2020-12-31,839.0,-807.0,-0.0998,0.2384,-259.0,7065.0,-47.7804,8089.88887,2021-02-19,False
1928 HK Equity,2021-06-30,1620.0,-381.0,-0.0471,0.193,-112.0,7573.0,-55.3717,8093.17677,2021-08-13,False
1928 HK Equity,2021-12-31,1254.0,-667.0,-0.0824,0.1097,-175.0,7964.0,-74.4054,8093.18887,2022-02-18,False
1928 HK Equity,2022-06-30,915.0,-760.0,-0.0939,0.0161,-449.0,8660.0,-168.6761,8093.18887,2022-07-21,False
1928 HK Equity,2022-12-31,690.0,-822.0,-0.1016,-0.0865,-375.0,10181.0,,8093.18887,2023-02-17,False
1928 HK Equity,2023-06-30,2895.0,175.0,0.0216,-0.065,837.0,9038.0,,8093.33117,2023-07-20,False
1928 HK Equity,2023-12-31,3639.0,517.0,0.0639,-0.0005,1069.0,8328.0,,8093.37957,2024-02-16,False
1928 HK Equity,2024-06-30,3551.0,541.0,0.0669,0.0651,852.0,8153.0,,8093.37957,2024-07-25,False
1928 HK Equity,2024-12-31,3529.0,504.0,0.0623,0.1274,884.0,8159.0,,8093.37957,2025-02-21,False
1928 HK Equity,2025-06-30,3492.0,413.0,0.051,0.1384,732.0,7087.0,111.354,8093.37957,2025-08-15,False
1928 HK Equity,2025-12-31,3951.0,483.0,0.0597,0.1731,992.0,7097.0,73.6842,8093.37957,2026-01-29,False
1928 HK Equity,2026-06-30,3879.0,398.0,0.0492,0.159,753.0,6433.0,73.2032,8093.37957,2026-08-14,False
1929 HK Equity,2016-03-31,28467.9,1384.0,0.1384,3.4904,9530.2,14433.3,7.914,,2015-07-09,False
1929 HK Equity,2016-06-30,,,,,,,,10000.0,2015-11-24,False
1929 HK Equity,2016-09-30,21526.1,1221.8,0.122,3.2536,-310.6,13904.1,7.3065,,2016-01-08,False
1929 HK Equity,2016-12-30,,,,,,,,10000.0,2016-06-07,False
1929 HK Equity,2017-03-31,29719.4,1833.5,0.1834,3.1799,6433.8,10008.4,9.1609,,2017-06-29,True
1929 HK Equity,2017-06-30,,,,,,,,10000.0,2016-10-22,False
1929 HK Equity,2017-09-30,24754.3,1779.1,0.178,3.1298,-3224.5,14373.6,11.3187,,2017-12-29,True
1929 HK Equity,2017-12-29,,,,,,,,10000.0,2017-06-08,False
1929 HK Equity,2018-03-31,34402.1,2315.8,0.2316,3.3423,5898.2,13258.4,12.5568,,2018-06-29,True
1929 HK Equity,2018-06-29,,,,,,,,10000.0,2017-11-21,False
1929 HK Equity,2018-09-30,29702.9,1936.3,0.194,2.9214,2813.2,16789.0,14.0536,,2018-01-09,False
1929 HK Equity,2018-12-31,,,,,,,,10000.0,2018-05-29,False
1929 HK Equity,2019-03-31,36958.0,2640.5,0.2641,3.0751,5355.2,18068.2,14.2637,,2019-06-29,True
1929 HK Equity,2019-06-28,,,,,,,,10000.0,2018-10-18,False
1929 HK Equity,2019-09-30,29533.2,1532.6,0.153,2.6373,3058.2,23752.4,15.0147,,2019-12-29,True
1929 HK Equity,2019-12-31,,,,,,,,10000.0,2019-06-06,False
1929 HK Equity,2020-03-31,27217.6,1368.4,0.1368,2.6343,4837.5,24508.0,10.1622,,2019-07-16,False
1929 HK Equity,2020-06-30,,,,,,,,10000.0,2019-11-28,False
1929 HK Equity,2020-09-30,24673.4,2232.0,0.223,2.7963,5511.2,21498.8,13.2525,,2020-01-10,False
1929 HK Equity,2020-12-31,,,,,,,,10000.0,2020-06-11,False
1929 HK Equity,2021-03-31,45490.4,3794.4,0.3794,3.0767,4716.0,13639.3,21.1044,,2021-06-29,True
1929 HK Equity,2021-06-30,,,,,,,,10000.0,2020-11-24,False
1929 HK Equity,2021-09-30,44186.0,3580.6,0.358,3.2179,3172.3,22564.0,24.5253,,2021-01-11,False
1929 HK Equity,2021-12-31,,,,,,,,10000.0,2021-06-08,False
1929 HK Equity,2022-03-31,54751.7,3131.7,0.3132,3.3619,10550.4,25979.6,20.8501,,2022-06-29,True
1929 HK Equity,2022-06-30,,,,,,,,10000.0,2021-11-23,False
1929 HK Equity,2022-09-30,46535.4,3335.5,0.334,3.1735,-965.1,29559.4,20.2372,,2022-12-29,True
1929 HK Equity,2022-12-30,,,,,,,,10000.0,2022-06-09,False
1929 HK Equity,2023-03-31,48149.0,2048.9,0.2049,3.2397,10664.5,22106.2,16.3122,,2023-06-29,True
1929 HK Equity,2023-06-30,,,,,,,,10000.0,2022-10-14,False
1929 HK Equity,2023-09-30,49526.3,4551.1,0.455,2.6221,7750.0,27585.9,22.776,,2023-12-29,True
1929 HK Equity,2023-12-29,,,,,,,,9987.7368,2023-06-08,False
1929 HK Equity,2024-03-31,59186.7,1948.2,0.195,2.5715,5607.7,29890.9,22.368,,2023-07-10,False
1929 HK Equity,2024-06-28,,,,,,,,9987.7368,2023-11-23,False
1929 HK Equity,2024-09-30,39407.7,2530.4,0.253,2.5376,870.9,29640.8,17.3703,,2024-12-29,True
1929 HK Equity,2024-12-31,,,,,,,,9987.7368,2024-06-13,False
1929 HK Equity,2025-03-31,50248.3,3385.1,0.339,2.6458,8885.2,20789.1,22.6907,,2024-07-23,False
1929 HK Equity,2025-06-30,,,,,,,,9864.9446,2024-11-26,False
1929 HK Equity,2025-09-30,38986.1,2533.6,0.255,2.6529,-3080.6,26924.9,22.9778,,2025-12-29,True
1929 HK Equity,2025-12-31,,,,,,,,9864.9446,2025-06-12,False
1929 HK Equity,2026-03-31,55412.3,6470.7,0.6559,3.1396,4098.9,26665.2,31.3745,,2026-06-29,True
1929 HK Equity,2026-06-30,,,,,,,,9864.9446,2025-11-25,False
1997 HK Equity,2016-06-30,8804.0,4440.0,,,5487.0,,,,2016-09-30,False
1997 HK Equity,2016-12-31,8047.0,5477.0,,,5883.0,35362.0,,,2017-01-01,False
1997 HK Equity,2017-06-30,9546.0,4900.0,,,4582.0,27887.0,5.0189,,2017-11-09,False
1997 HK Equity,2017-12-31,11358.0,12318.0,4.057,68.2866,5066.0,45552.0,8.477,3036.22733,2018-03-05,False
1997 HK Equity,2018-06-30,8154.0,10179.0,3.35,70.6713,3952.0,42904.0,10.7446,3036.22733,2018-08-07,False
1997 HK Equity,2018-12-31,8327.0,7848.0,2.585,72.0675,5546.0,42097.0,8.4611,3036.22733,2019-03-05,False
1997 HK Equity,2019-06-30,8498.0,6989.0,2.3,73.3531,6847.0,39821.0,6.7864,3036.22733,2019-08-06,False
1997 HK Equity,2019-12-31,7545.0,-3061.0,-1.0082,71.2003,5176.0,45536.0,1.8061,3036.22733,2020-03-05,False
1997 HK Equity,2020-06-30,6775.0,-4454.0,-1.47,68.473,969.0,58127.0,-3.4906,3036.22733,2020-07-30,False
1997 HK Equity,2020-12-31,8740.0,-3400.0,-1.1199,67.3752,3855.0,54278.0,-3.7336,3036.22733,2021-03-04,False
1997 HK Equity,2021-06-30,7485.0,2970.0,0.98,68.2467,3707.0,53350.0,-0.2072,3036.22733,2021-08-05,False
1997 HK Equity,2021-12-31,8558.0,1421.0,0.4681,67.8874,4261.0,49334.0,2.1385,3036.22733,2022-03-02,False
1997 HK Equity,2022-06-30,6210.0,-1468.0,-0.48,65.6551,3562.0,49046.0,-0.0231,3036.22733,2022-08-04,False
1997 HK Equity,2022-12-31,6249.0,-7388.0,-2.4335,62.7022,3126.0,46489.0,-4.4674,3036.22733,2023-03-07,False
1997 HK Equity,2023-06-30,6473.0,1805.0,0.59,62.7665,3174.0,40114.0,-2.8639,3036.22733,2023-08-07,False
1997 HK Equity,2023-12-31,6833.0,2961.0,0.9753,63.0474,2691.0,37425.0,2.4968,3036.22733,2024-03-07,False
1997 HK Equity,2024-06-30,6501.0,-1052.0,-0.35,61.7638,3261.0,36033.0,1.0099,3036.22733,2024-08-06,False
1997 HK Equity,2024-12-31,6411.0,1943.0,0.64,61.8643,3077.0,35538.0,0.4699,3036.22733,2025-03-10,False
1997 HK Equity,2025-06-30,6407.0,-2406.0,-0.79,61.0109,3384.0,34726.0,-0.2484,3036.22733,2025-08-07,False
1997 HK Equity,2025-12-31,6408.0,-1851.0,-0.6097,59.8501,3384.0,34011.0,-2.304,3036.22733,2026-03-10,False
1997 HK Equity,2026-06-30,6340.0,-176.0,-0.06,59.2398,3850.0,31207.0,-1.1104,3036.22733,2026-08-06,False
2 HK Equity,2016-06-30,38671.0,6248.0,2.42,37.7569,9597.0,57327.0,17.4997,2526.45068,2016-08-01,False
2 HK Equity,2016-12-31,40763.0,6710.0,2.6068,38.7936,14145.0,51646.0,13.301,2526.45093,2017-02-27,False
2 HK Equity,2017-06-30,43337.0,6033.0,2.34,40.2133,6890.0,53948.0,12.6861,2526.45068,2017-08-07,False
2 HK Equity,2017-12-31,48736.0,8465.0,3.3011,43.0236,17485.0,57341.0,13.7867,2526.45057,2018-02-26,False
2 HK Equity,2018-06-30,46464.0,7561.0,2.94,43.4044,9358.0,57549.0,14.9354,2526.45057,2018-08-06,False
2 HK Equity,2018-12-31,44961.0,6239.0,2.42,43.1645,14170.0,55298.0,12.4455,2526.45057,2019-02-25,False
2 HK Equity,2019-06-30,43838.0,-782.0,-0.36,41.1934,6232.0,54212.0,4.8725,2526.45057,2019-08-06,False
2 HK Equity,2019-12-31,41851.0,5651.0,2.2023,41.7404,15461.0,52656.0,4.342,2526.45057,2020-02-24,False
2 HK Equity,2020-06-30,38701.0,6079.0,2.38,41.4831,6965.0,57204.0,11.0821,2526.45057,2020-08-03,False
2 HK Equity,2020-12-31,40889.0,5515.0,2.1556,44.4101,15922.0,55759.0,10.5268,2526.45057,2021-02-22,False
2 HK Equity,2021-06-30,40729.0,4684.0,1.83,44.3452,7249.0,57787.0,9.2796,2526.45057,2021-08-02,False
2 HK Equity,2021-12-31,43230.0,3945.0,1.5342,44.7402,11939.0,58432.0,7.5397,2526.45057,2022-02-27,False
2 HK Equity,2022-06-30,47594.0,-4786.0,-1.92,42.4105,-2403.0,63626.0,-0.8933,2526.45057,2022-08-08,False
2 HK Equity,2022-12-31,53068.0,5849.0,2.2874,41.7574,15864.0,59446.0,0.8456,2526.45057,2023-02-27,False
2 HK Equity,2023-06-30,43302.0,5130.0,2.0,41.7716,6189.0,62087.0,10.1927,2526.45057,2023-08-07,False
2 HK Equity,2023-12-31,43867.0,1664.0,0.6313,40.5039,18153.0,57715.0,6.4043,2526.45057,2024-02-26,False
2 HK Equity,2024-06-30,44086.0,6021.0,2.36,40.9804,9498.0,62854.0,7.2187,2526.45057,2024-08-05,False
2 HK Equity,2024-12-31,46878.0,5857.0,2.2921,41.1862,14321.0,65302.0,11.3787,2526.45057,2025-02-24,False
2 HK Equity,2025-06-30,42854.0,5717.0,2.23,41.873,8533.0,66405.0,10.9065,2526.45057,2025-08-04,False
2 HK Equity,2025-12-31,45164.0,4950.0,1.9173,42.5934,16818.0,61992.0,9.8911,2526.45057,2026-02-26,False
2 HK Equity,2026-06-30,42856.0,6104.0,2.37,43.7222,9421.0,66812.0,10.0263,2526.45057,2026-08-06,False
2015 HK Equity,2020-06-30,2798.913,-152.275,,,388.704,2070.571,,,2020-11-13,False
2015 HK Equity,2020-12-31,6657.696,0.618,,,2751.1,2114.305,,,2021-02-25,False
2015 HK Equity,2021-06-30,8614.153,-595.456,,,2333.97,7904.81,-4.7545,,2021-08-30,False
2015 HK Equity,2021-12-31,18395.626,274.001,,,6006.415,7841.011,-0.9072,1709.90333,2022-02-25,False
2015 HK Equity,2022-06-30,18294.657,-628.832,,,2963.176,10708.291,-0.9895,1709.90333,2022-08-15,False
2015 HK Equity,2022-12-31,26992.159,-1383.383,,,4437.223,12264.378,-4.6838,1728.76589,2023-02-27,False
2015 HK Equity,2023-06-30,47439.78,3222.821,,,18892.761,10734.891,4.0316,1728.76589,2023-08-08,False
2015 HK Equity,2023-12-31,76411.552,8481.312,,,31695.768,13546.867,22.2933,1766.20819,2024-02-26,False
2015 HK Equity,2024-06-30,57312.056,1695.151,,,-3771.783,15464.003,18.2082,1766.20819,2024-08-28,False
2015 HK Equity,2024-12-31,87147.89,6337.199,,,19704.943,16344.719,12.2615,1766.20819,2025-03-14,False
2015 HK Equity,2025-06-30,56172.427,1742.895,,,-4737.187,16915.92,11.8819,1785.07019,2025-08-28,False
2015 HK Equity,2025-12-31,56140.084,-618.457,,,-3874.21,17814.767,1.5672,1785.07019,2026-03-12,False
2015 HK Equity,2026-06-30,48649.801,-3993.712,,,-6075.969,14691.901,-6.6577,1748.20664,2026-08-26,False
2020 HK Equity,2016-06-30,6142.693,1129.189,0.4515,3.5609,1082.669,1478.389,26.0292,2501.23315,2016-08-29,False
2020 HK Equity,2016-12-31,7203.068,1256.357,0.5022,3.8157,1362.76,977.992,26.3185,2502.39111,2017-02-22,False
2020 HK Equity,2017-06-30,7323.151,1451.387,0.5598,4.94,2028.41,150.453,24.4345,2683.39868,2017-08-15,False
2020 HK Equity,2017-12-31,9369.341,1636.456,0.6095,5.1056,1122.364,147.911,26.5563,2684.5446,2018-02-27,False
2020 HK Equity,2018-06-30,10553.525,1944.809,0.7244,5.3838,1471.627,1236.208,25.8465,2684.7831,2018-08-14,False
2020 HK Equity,2018-12-31,13546.514,2158.046,0.8038,5.8763,2952.641,1313.559,27.8313,2684.9041,2019-02-26,False
2020 HK Equity,2019-06-30,14811.0,2323.0,0.8656,6.6716,3410.0,9126.816,27.5956,2685.364,2019-08-26,False
2020 HK Equity,2019-12-31,19117.286,2861.44,1.0618,7.4323,3965.243,9866.874,28.9157,2701.887,2020-03-24,False
2020 HK Equity,2020-06-30,14669.0,1658.0,0.6163,7.9128,2279.0,19283.0,22.9947,2702.1785,2020-08-25,False
2020 HK Equity,2020-12-31,20843.0,3504.0,1.3031,8.8828,5027.0,17042.0,23.4133,2703.329,2021-03-24,False
2020 HK Equity,2021-06-30,22812.0,3840.0,1.4277,9.9827,6258.0,16361.0,30.5129,2703.329,2021-08-24,False
2020 HK Equity,2021-12-31,26516.0,3880.0,1.4418,10.699,5492.0,18392.0,29.1673,2703.329,2022-03-22,False
2020 HK Equity,2022-06-30,25965.0,3588.0,1.33,11.7595,4946.0,19235.0,25.5308,2713.6235,2022-08-23,False
2020 HK Equity,2022-12-31,27686.0,4002.0,1.4861,12.6768,7128.0,19523.0,23.9723,2713.6235,2023-03-21,False
2020 HK Equity,2023-06-30,29645.0,4748.0,1.74,17.8001,10146.0,19901.0,21.7789,2832.6235,2023-08-22,False
2020 HK Equity,2023-12-31,32711.0,5488.0,1.9506,18.1669,9375.0,21469.0,23.8435,2832.6235,2024-03-26,False
2020 HK Equity,2024-06-30,33735.0,7721.0,2.75,20.3822,8425.0,21749.0,24.921,2832.6235,2024-08-27,False
2020 HK Equity,2024-12-31,37091.0,7875.0,2.8073,21.8647,8114.0,28120.0,27.5574,2823.2235,2025-03-19,False
2020 HK Equity,2025-06-30,38544.0,7031.0,2.53,22.9296,10901.0,31589.0,24.6228,2807.2131,2025-08-27,False
2020 HK Equity,2025-12-31,41675.0,6557.0,2.3588,23.5217,10028.0,31764.0,21.3127,2796.6533,2026-03-25,False
2020 HK Equity,2026-06-30,43507.0,9487.0,3.42,25.8682,13069.0,31342.0,23.6913,2796.6533,2026-08-26,False
2057 HK Equity,2020-06-30,10318.31,1823.054,,,1430.061,2846.75,,,2020-08-12,False
2057 HK Equity,2020-12-31,14895.98,2489.159,,,3520.688,2508.004,,649.201,2021-03-17,False
2057 HK Equity,2021-06-30,13797.597,1825.797,,,2409.357,4518.306,9.8134,621.02751,2021-08-18,False
2057 HK Equity,2021-12-31,16608.242,2929.03,,,4810.86,4440.723,9.7419,621.02751,2022-03-16,False
2057 HK Equity,2022-06-30,16560.727,2711.451,,,4886.147,8041.806,11.3517,603.63312,2022-08-17,False
2057 HK Equity,2022-12-31,18816.269,4097.605,,,6593.161,6334.49,13.2645,603.63312,2023-03-15,False
2057 HK Equity,2023-06-30,18723.563,4211.54,,,6499.578,14598.042,15.6447,611.01754,2023-08-29,False
2057 HK Equity,2023-12-31,19695.352,4537.464,,,6861.389,15437.672,15.372,606.76666,2024-03-19,False
2057 HK Equity,2024-06-30,20685.97,4037.848,,,5511.115,18090.504,14.7429,606.76666,2024-08-20,False
2057 HK Equity,2024-12-31,23594.75,4778.987,,,5918.321,17345.129,14.4699,604.23918,2025-03-18,False
2057 HK Equity,2025-06-30,22723.272,3931.579,,,4531.184,18873.978,13.9789,598.36849,2025-08-19,False
2057 HK Equity,2025-12-31,26375.395,5149.072,,,7437.235,11459.577,14.1392,598.36849,2026-03-17,False
2057 HK Equity,2026-06-30,27832.256,5169.224,,,7352.615,22039.843,16.1417,563.80069,2026-08-18,False
2269 HK Equity,2016-06-30,410.13,83.855,0.03,,-69.307,0.0,,,2017-05-31,False
2269 HK Equity,2016-12-31,578.899,57.241,0.0198,,121.469,1129.443,,,2017-05-31,False
2269 HK Equity,2017-06-30,654.04,92.197,0.03,1.0962,195.397,1244.24,,3493.36627,2017-08-22,False
2269 HK Equity,2017-12-31,964.789,160.431,0.0459,1.152,128.591,0.0,11.7643,3493.36625,2018-03-19,False
2269 HK Equity,2018-06-30,1054.385,249.57,0.0699,2.0444,146.093,0.0,7.2253,3677.14693,2018-08-20,False
2269 HK Equity,2018-12-31,1480.068,381.022,0.1035,2.1709,615.514,0.0,10.494,3681.43254,2019-03-18,False
2269 HK Equity,2019-06-30,1607.07,449.484,0.1232,2.2959,248.529,248.052,10.3425,3719.61366,2019-08-19,False
2269 HK Equity,2019-12-31,2376.617,564.321,0.1503,3.288,909.749,2193.948,9.7584,3884.94879,2020-03-26,False
2269 HK Equity,2020-06-30,1944.103,736.113,0.1898,3.466,424.483,3681.028,11.7288,3911.26286,2020-08-17,False
2269 HK Equity,2020-12-31,3668.281,952.773,0.2361,5.0284,1374.249,3331.973,10.1286,4087.05637,2021-01-13,False
2269 HK Equity,2021-06-30,4406.754,1842.14,0.4395,7.8292,772.239,4599.429,11.93,4242.36565,2021-08-23,False
2269 HK Equity,2021-12-31,5883.296,1546.338,0.3679,7.5699,2575.819,4295.287,12.8247,4263.94276,2022-03-22,False
2269 HK Equity,2022-06-30,7206.44,2535.064,0.6093,8.0733,1459.402,4398.562,12.0604,4224.35349,2022-08-17,False
2269 HK Equity,2022-12-31,8062.22,1885.222,0.4516,8.2848,3982.347,4421.661,13.131,4226.97379,2023-03-22,False
2269 HK Equity,2023-06-30,8492.046,2266.675,0.5493,8.8721,2714.565,5141.008,11.5011,4235.43321,2023-08-23,False
2269 HK Equity,2023-12-31,8542.209,1133.054,0.2718,9.4731,1735.863,4561.359,9.0204,4257.25695,2024-03-26,False
2269 HK Equity,2024-06-30,8574.214,1499.08,0.37,9.789,1394.081,4570.168,6.7152,4153.10695,2024-08-21,False
2269 HK Equity,2024-12-31,10101.157,1857.001,0.4572,10.1851,3623.735,4939.849,8.1705,4105.49641,2025-03-25,False
2269 HK Equity,2025-06-30,9953.216,2339.266,0.58,11.0478,1917.771,5107.062,9.8035,4068.68077,2025-08-19,False
2269 HK Equity,2025-12-31,11836.802,2569.077,0.6377,11.4305,4303.078,3104.066,11.0216,4128.11398,2026-03-24,False
2269 HK Equity,2026-06-30,11787.238,2439.813,0.6,11.6018,,2725.684,10.8426,4142.71442,2026-08-25,False
2313 HK Equity,2016-06-30,6951.773,1449.896,1.04,9.5466,1810.028,4640.27,21.3578,1399.0,2016-08-22,False
2313 HK Equity,2016-12-31,8147.303,1497.777,1.0706,10.7884,1441.349,4651.578,20.9299,1399.0,2017-03-27,False
2313 HK Equity,2017-06-30,8263.585,1798.664,1.27,12.8554,1568.467,2189.999,20.9176,1486.63232,2017-08-20,False
2313 HK Equity,2017-12-31,9821.662,1964.057,1.3097,13.0527,2294.55,2130.409,21.6783,1503.2224,2018-03-26,False
2313 HK Equity,2018-06-30,9159.9,2178.871,1.45,13.9083,1817.905,2206.079,21.2078,1503.2224,2018-08-27,False
2313 HK Equity,2018-12-31,11790.305,2361.616,1.571,14.834,2599.026,2516.749,21.6627,1503.2224,2019-03-25,False
2313 HK Equity,2019-06-30,10279.693,2416.027,1.61,15.6691,2369.577,2692.586,21.4912,1503.2224,2019-08-26,False
2313 HK Equity,2019-12-31,12385.579,2679.179,1.7823,16.7457,3536.886,4118.314,21.4665,1503.2224,2020-03-23,False
2313 HK Equity,2020-06-30,10233.778,2512.399,1.67,17.5755,2547.576,6895.583,20.7771,1503.2224,2020-08-25,False
2313 HK Equity,2020-12-31,12796.87,2594.337,1.7259,18.1451,3538.948,6723.631,19.4733,1503.2224,2021-03-29,False
2313 HK Equity,2021-06-30,11368.606,2226.278,1.48,18.6636,1902.715,7991.045,17.6983,1503.2224,2021-08-26,False
2313 HK Equity,2021-12-31,12476.4,1145.424,0.762,18.474,1904.39,10721.468,12.2503,1503.2224,2022-03-30,False
2313 HK Equity,2022-06-30,13592.789,2366.616,1.57,19.8047,729.208,10088.873,12.1468,1503.2224,2022-08-25,False
2313 HK Equity,2022-12-31,14188.623,2196.167,1.461,20.458,4109.24,9314.291,15.593,1503.2224,2023-03-28,False
2313 HK Equity,2023-06-30,11561.962,2126.829,1.41,21.3902,3098.647,10951.775,13.962,1503.2224,2023-08-30,False
2313 HK Equity,2023-12-31,13407.83,2430.434,1.6168,21.8646,2809.99,12262.07,14.3265,1503.2224,2024-03-26,False
2313 HK Equity,2024-06-30,12975.971,2931.028,1.95,22.7012,2707.831,10965.3,16.1784,1503.2224,2024-08-28,False
2313 HK Equity,2024-12-31,15686.967,3309.553,2.2016,23.8507,3353.871,12932.617,18.1623,1503.2224,2025-03-25,False
2313 HK Equity,2025-06-30,14966.384,3176.836,2.11,24.5871,3327.215,14797.529,18.2497,1503.2224,2025-08-27,False
2313 HK Equity,2025-12-31,16027.348,2648.426,1.7618,24.941,3619.156,14869.471,15.8846,1503.2224,2026-03-30,False
2313 HK Equity,2026-06-30,14179.177,1904.563,1.27,24.8442,,14913.479,12.2559,1502.836,2026-08-25,False
2318 HK Equity,2016-06-30,408085.0,40776.0,2.28,19.9096,134797.0,905895.0,17.3577,7447.57715,2016-08-17,False
2318 HK Equity,2016-12-31,367773.0,21618.0,1.2116,20.9764,195456.0,1023785.0,17.3873,7447.57715,2017-03-22,False
2318 HK Equity,2017-06-30,501814.0,43427.0,2.43,23.2921,56781.0,1249804.0,16.4728,7447.577,2017-08-17,False
2318 HK Equity,2017-12-31,465611.0,45661.0,2.5599,25.8941,99077.0,1365794.0,20.7955,7447.577,2018-03-20,False
2318 HK Equity,2018-06-30,580103.0,58095.0,3.26,28.23,203043.0,1430433.0,22.0328,7447.57691,2018-08-21,False
2318 HK Equity,2018-12-31,485455.0,49309.0,2.7649,30.4435,120051.0,1566032.0,20.858,7447.57691,2019-03-12,False
2318 HK Equity,2019-06-30,678082.0,97676.0,5.48,34.2829,244889.0,1466125.0,25.7557,7447.57691,2019-08-15,False
2318 HK Equity,2019-12-31,571785.0,51731.0,2.9189,36.825,219209.0,1755623.0,24.3004,7447.57691,2020-02-20,False
2318 HK Equity,2020-06-30,675273.0,68683.0,3.88,38.4011,211097.0,1976776.0,18.1442,7447.57691,2020-08-27,False
2318 HK Equity,2020-12-31,629300.0,74416.0,4.2121,41.7155,325132.0,2190899.0,19.9341,7447.57691,2021-02-03,False
2318 HK Equity,2021-06-30,685522.0,58005.0,3.29,43.3171,106569.0,2147993.0,17.7293,7447.57691,2021-08-26,False
2318 HK Equity,2021-12-31,594807.0,43613.0,2.4825,44.4423,301637.0,2094230.0,12.9042,7447.57691,2022-03-17,False
2318 HK Equity,2022-06-30,556716.0,70725.0,4.05,46.4288,403523.0,2118157.0,13.9389,7447.57691,2022-08-23,False
2318 HK Equity,2022-12-31,508689.0,23501.0,1.2897,48.0013,6093.0,2223595.0,11.2067,7447.57691,2023-03-15,False
2318 HK Equity,2023-06-30,602295.0,69841.0,3.94,50.4192,248355.0,2240344.0,10.5658,7447.57691,2023-08-29,False
2318 HK Equity,2023-12-31,300986.0,15824.0,0.8925,49.3684,151002.0,2228381.0,9.6895,7447.57691,2024-03-21,False
2318 HK Equity,2024-06-30,474178.0,74619.0,4.21,51.1365,395897.0,2208238.0,9.781,7447.57691,2024-08-22,False
2318 HK Equity,2024-12-31,495344.0,51988.0,2.9443,50.9933,96783.0,2449086.0,13.8549,7447.57691,2025-03-19,False
2318 HK Equity,2025-06-30,512395.0,68047.0,3.87,52.13,447952.0,2518335.0,12.8026,7447.57691,2025-08-26,False
2318 HK Equity,2025-12-31,497260.0,66731.0,3.806,55.2484,478808.0,2832053.0,13.9737,7447.57691,2026-03-26,False
2318 HK Equity,2026-06-30,510905.0,92585.0,5.3,56.7762,473733.0,2768567.0,16.1575,7447.57691,2026-08-20,False
2319 HK Equity,2016-06-30,27257.154,1077.29,0.277,5.6855,2903.623,10172.398,9.6373,3919.26636,2016-08-24,False
2319 HK Equity,2016-12-31,26522.185,-1828.445,-0.4705,5.3108,2070.034,8624.494,-3.4953,3924.50928,2017-03-29,False
2319 HK Equity,2017-06-30,29465.755,1127.9,0.29,5.5194,3554.423,14177.578,-3.1877,3925.99072,2017-08-30,False
2319 HK Equity,2017-12-31,30689.867,919.939,0.2361,5.7556,2557.193,13961.018,9.4264,3927.26262,2018-03-27,False
2319 HK Equity,2018-06-30,34474.336,1562.013,0.4,5.9993,3853.255,14707.945,10.9747,3927.36113,2018-08-29,False
2319 HK Equity,2018-12-31,34502.73,1481.017,0.3792,6.4191,3375.575,14716.129,12.7279,3927.66048,2019-03-27,False
2319 HK Equity,2019-06-30,39857.239,2076.926,0.531,6.7902,3143.532,14143.813,14.1597,3930.76373,2019-08-28,False
2319 HK Equity,2019-12-31,39172.617,2028.511,0.5178,7.4033,4346.8,23472.81,15.1089,3934.71998,2020-03-26,False
2319 HK Equity,2020-06-30,37533.459,1211.526,0.309,7.5189,3297.439,29665.109,11.5085,3936.00532,2020-08-26,False
2319 HK Equity,2020-12-31,38501.385,2313.518,0.5877,8.354,2997.096,18944.225,11.3501,3947.22807,2021-03-25,False
2319 HK Equity,2021-06-30,45905.209,2946.537,0.748,8.788,3031.91,23380.189,16.3578,3948.27762,2021-08-25,False
2319 HK Equity,2021-12-31,42236.266,2079.0,0.5265,9.3275,5959.207,27032.927,14.3981,3953.17918,2022-03-30,False
2319 HK Equity,2022-06-30,47722.296,3751.401,0.949,9.8302,1789.65,36011.879,15.8491,3954.56845,2022-08-24,False
2319 HK Equity,2022-12-31,44871.026,1551.571,0.3927,10.1382,7602.631,39108.605,13.7875,3955.19338,2023-03-29,False
2319 HK Equity,2023-06-30,51118.523,3020.476,0.765,10.6256,3456.198,47087.246,11.3182,3950.51407,2023-08-30,False
2319 HK Equity,2023-12-31,47505.518,1788.721,0.4545,11.2622,6161.498,37410.755,11.3937,3935.29251,2024-03-26,False
2319 HK Equity,2024-06-30,44670.5,2445.81,0.623,11.3659,1923.017,41562.293,9.7746,3935.29251,2024-08-28,False
2319 HK Equity,2024-12-31,44004.274,-2341.303,-0.5966,10.605,7119.131,34637.2,0.2434,3919.10451,2025-03-26,False
2319 HK Equity,2025-06-30,41567.16,2045.524,0.523,10.5519,2860.447,29702.927,-0.6872,3912.04051,2025-08-27,False
2319 HK Equity,2025-12-31,40677.784,-500.174,-0.1284,10.446,6763.354,25388.736,3.7654,3878.90251,2026-03-25,False
2319 HK Equity,2026-06-30,44794.932,2371.497,0.612,10.5032,,30722.768,4.5634,3876.47651,2026-08-26,False
2331 HK Equity,2016-06-30,3595.635,113.421,0.0516,1.7489,312.311,1020.965,4.8918,1885.49402,2016-08-11,False
2331 HK Equity,2016-12-31,4419.658,529.833,0.2081,2.0043,635.339,854.053,17.9317,2005.31738,2017-03-23,False
2331 HK Equity,2017-06-30,3996.051,189.17,0.0793,2.1948,593.894,274.804,17.8682,2177.09326,2017-08-11,False
2331 HK Equity,2017-12-31,4877.861,325.985,0.1351,2.3454,639.414,72.595,11.365,2178.44142,2018-03-22,False
2331 HK Equity,2018-06-30,4712.773,268.569,0.111,2.4877,664.759,83.559,11.7021,2185.66261,2018-08-13,False
2331 HK Equity,2018-12-31,5798.125,446.694,0.1855,2.69,1120.15,56.284,13.1385,2191.06138,2019-03-22,False
2331 HK Equity,2019-06-30,6254.73,794.999,0.3288,2.8302,1410.851,798.084,20.9261,2306.15609,2019-08-14,False
2331 HK Equity,2019-12-31,7614.9,704.14,0.2906,3.1103,1914.501,950.251,23.173,2315.74946,2020-03-27,False
2331 HK Equity,2020-06-30,6180.935,683.271,0.2798,3.0865,544.853,924.009,19.7544,2473.90265,2020-08-14,False
2331 HK Equity,2020-12-31,8276.036,1015.213,0.4116,3.5113,2412.154,1112.426,21.4882,2489.13323,2021-03-19,False
2331 HK Equity,2021-06-30,10196.584,1962.223,0.7904,4.1511,3397.719,1075.761,33.2293,2493.85293,2021-08-12,False
2331 HK Equity,2021-12-31,12375.697,2048.658,0.8105,8.0775,3352.023,1394.545,26.9291,2616.54583,2022-03-17,False
2331 HK Equity,2022-06-30,12408.665,2189.308,0.8377,8.4681,1721.918,1752.673,26.0782,2617.66898,2022-08-12,False
2331 HK Equity,2022-12-31,13394.718,1874.526,0.7162,9.237,2524.674,2207.738,17.8901,2631.00179,2023-03-17,False
2331 HK Equity,2023-06-30,14018.947,2121.231,0.8063,9.6225,2021.615,2696.248,16.8125,2636.04306,2023-08-11,False
2331 HK Equity,2023-12-31,13579.544,1065.679,0.4192,9.2963,2943.759,2589.018,13.0782,2625.41471,2024-03-20,False
2331 HK Equity,2024-06-30,14345.288,1952.032,0.758,10.0236,2975.431,2275.133,11.7716,2584.48051,2024-08-16,False
2331 HK Equity,2024-12-31,14330.355,1060.886,0.4118,10.0989,2890.078,1993.554,11.9299,2584.79791,2025-03-28,False
2331 HK Equity,2025-06-30,14816.763,1737.422,0.6743,10.5109,2859.267,1845.537,10.5448,2584.81101,2025-08-21,False
2331 HK Equity,2025-12-31,14781.654,1198.321,0.4649,10.6884,3101.0,2089.806,10.9275,2584.81101,2026-03-19,False
2331 HK Equity,2026-06-30,15235.25,1816.185,0.704,11.0873,1249.197,2482.903,10.7994,2584.81375,2026-08-20,False
2338 HK Equity,2016-06-30,42561.3858,1071.1753,0.13,3.9958,1501.1119,37328.7039,4.7398,1943.04004,2016-08-30,False
2338 HK Equity,2016-12-31,50622.1356,1370.0133,0.1713,3.9687,5780.4817,54993.8427,7.6673,1943.04004,2017-03-29,False
2338 HK Equity,2017-06-30,72313.2656,2650.0427,0.33,4.0867,4305.9843,54488.1664,12.4388,1943.04004,2017-08-30,False
2338 HK Equity,2017-12-31,79256.1266,4158.2998,0.52,4.4065,11203.0445,51803.1052,20.3301,1943.04,2018-03-28,False
2338 HK Equity,2018-06-30,82263.9069,4392.5874,0.55,4.6234,8362.4301,55052.092,24.5515,1943.04,2018-08-28,False
2338 HK Equity,2018-12-31,76991.9254,4264.9399,0.535,4.9552,13141.6542,60837.7959,23.2251,1943.04,2019-03-25,False
2338 HK Equity,2019-06-30,90862.4965,5287.4884,0.67,5.3456,5504.6058,69418.5766,24.0658,1943.04,2019-08-29,False
2338 HK Equity,2019-12-31,83498.396,3817.467,0.4812,5.7001,18291.1408,64958.7167,21.5406,1943.04,2020-03-26,False
2338 HK Equity,2020-06-30,94494.5591,4680.2318,0.59,6.1391,4029.9571,63916.2867,18.6519,1943.04,2020-08-27,False
2338 HK Equity,2020-12-31,102793.8299,4548.0402,0.5732,6.4871,18550.2637,62437.188,19.088,1943.04,2021-03-30,False
2338 HK Equity,2021-06-30,135316.1464,6509.8929,0.81,7.9951,9317.1863,65919.1252,18.6668,1943.04,2021-08-30,False
2338 HK Equity,2021-12-31,84898.9199,2982.7123,0.3418,8.1254,10563.3589,57063.4554,15.514,1943.04,2022-03-30,False
2338 HK Equity,2022-06-30,86769.307,2391.0131,0.27,8.2315,-2069.2319,62298.1846,7.608,1943.04,2022-08-30,False
2338 HK Equity,2022-12-31,88388.2286,2513.9999,0.2902,8.4711,-1587.76,66681.2942,6.8082,1943.04,2023-03-30,False
2338 HK Equity,2023-06-30,106135.2669,3899.0232,0.45,8.9124,12830.1017,78316.2432,8.6376,1943.04,2023-08-30,False
2338 HK Equity,2023-12-31,107823.2087,5114.8708,0.5861,9.0912,13744.3626,68328.3484,11.82,1943.04,2024-03-25,False
2338 HK Equity,2024-06-30,112489.7073,5903.4554,0.68,9.6237,12318.6304,79538.9033,13.6892,1943.04,2024-08-22,False
2338 HK Equity,2024-12-31,103200.7973,5499.8336,0.6302,9.9348,12858.3913,69661.7052,13.7363,1943.04,2025-03-27,False
2338 HK Equity,2025-06-30,113151.7881,5643.453,0.65,10.2725,6709.4347,72012.7872,12.8443,1943.04,2025-08-29,False
2338 HK Equity,2025-12-31,118657.493,5287.0515,0.6067,10.6948,21434.4842,66663.2039,12.1527,1943.04,2026-03-26,False
2338 HK Equity,2026-06-30,123162.9652,7701.2654,0.89,11.0944,11704.7347,73963.0718,13.9935,1943.04,2026-08-27,False
2359 HK Equity,2017-06-30,3665.375,742.4442,0.3359,,595.0506,,,,2018-08-21,False
2359 HK Equity,2017-12-31,4099.8849,484.6493,0.2197,2.8755,1215.367,1635.1657,,,2019-03-22,False
2359 HK Equity,2018-06-30,4409.207,1271.898,0.557,4.0486,392.173,1756.66,,,2018-08-21,False
2359 HK Equity,2018-12-31,5204.477,988.625,0.3985,6.4567,1088.058,135.0,18.8139,273.94732,2019-03-22,False
2359 HK Equity,2019-06-30,5894.358,1056.762,0.5417,9.0332,925.477,2152.279,14.7798,286.46278,2019-08-19,False
2359 HK Equity,2019-12-31,6977.848,797.789,0.2267,6.2411,1754.543,5694.358,10.5974,286.46278,2020-03-24,False
2359 HK Equity,2020-06-30,7231.434,1717.156,0.625,6.681,1393.406,5511.032,13.8608,286.46278,2020-08-13,False
2359 HK Equity,2020-12-31,9303.997,1243.079,0.4367,11.0899,2498.368,4293.579,11.8871,368.30926,2021-03-30,False
2359 HK Equity,2021-06-30,10536.5579,2675.1006,0.92,12.4556,2215.0227,4459.5911,14.1798,385.44998,2021-08-12,False
2359 HK Equity,2021-12-31,12365.827,2422.054,0.8277,13.0222,2428.006,4107.782,14.3612,392.10015,2022-03-23,False
2359 HK Equity,2022-06-30,17756.258,4635.75,1.59,14.2318,3829.786,5162.046,17.9105,392.17127,2022-07-26,False
2359 HK Equity,2022-12-31,21598.52,4177.963,1.4204,15.737,6500.572,5844.35,20.7183,395.26521,2023-03-20,False
2359 HK Equity,2023-06-30,18871.285,5313.12,1.81,16.7868,5531.798,5680.663,20.654,402.54365,2023-07-31,False
2359 HK Equity,2023-12-31,21469.522,5377.033,1.8342,18.567,7624.771,5747.666,21.0204,402.54365,2024-03-18,False
2359 HK Equity,2024-06-30,16424.259,4239.822,1.4581,18.7896,4938.729,7166.16,18.3986,387.07615,2024-07-29,False
2359 HK Equity,2024-12-31,22817.172,5112.786,1.786,20.3022,7651.547,8501.941,16.4434,387.07615,2025-03-17,False
2359 HK Equity,2025-06-30,20799.282,8287.319,2.92,24.2236,7382.353,7516.103,23.3806,387.07615,2025-07-28,False
2359 HK Equity,2025-12-31,25051.063,10907.608,3.7943,26.7154,10068.621,8420.113,27.7494,510.47691,2026-03-23,False
2359 HK Equity,2026-06-30,28897.479,11080.174,3.8,27.9291,9669.554,15128.903,30.6995,490.32801,2026-08-03,False
2382 HK Equity,2016-06-30,5909.615,465.274,0.4321,3.7198,415.855,747.991,24.5747,1097.0,2016-08-15,False
2382 HK Equity,2016-12-31,8702.163,805.479,0.7427,4.4624,1229.715,1326.185,29.1249,1097.0,2017-03-13,False
2382 HK Equity,2017-06-30,10031.683,1159.246,1.0737,5.2087,584.257,1456.595,40.1188,1097.0,2017-08-14,False
2382 HK Equity,2017-12-31,12334.569,1742.308,1.5901,6.8264,1894.827,1996.408,46.8606,1097.0,2018-03-19,False
2382 HK Equity,2018-06-30,11976.354,1179.794,1.0803,7.2705,672.339,5984.09,42.6906,1097.0,2018-08-13,False
2382 HK Equity,2018-12-31,13955.498,1311.078,1.1988,8.4187,3007.248,6532.33,29.7905,1096.8497,2019-03-19,False
2382 HK Equity,2019-06-30,15574.918,1431.175,1.3079,9.1096,1169.469,6208.291,30.5243,1096.8497,2019-08-13,False
2382 HK Equity,2019-12-31,22273.786,2560.123,2.3403,11.4445,3490.465,6657.909,36.6393,1096.8497,2020-03-16,False
2382 HK Equity,2020-06-30,18863.768,1749.024,1.5984,12.3042,2007.125,7240.395,36.6926,1096.8497,2020-08-17,False
2382 HK Equity,2020-12-31,19137.997,3122.769,2.861,15.1317,5176.415,7442.954,33.4256,1096.8497,2021-03-17,False
2382 HK Equity,2021-06-30,19833.436,2687.979,2.4592,16.6639,2434.197,8042.856,36.5758,1096.8497,2021-08-16,False
2382 HK Equity,2021-12-31,17663.416,2300.028,2.1059,18.7702,4651.783,8030.074,26.8278,1096.8497,2022-03-22,False
2382 HK Equity,2022-06-30,16971.756,1357.905,1.2413,18.9469,1571.064,7878.03,18.73,1096.8497,2022-08-15,False
2382 HK Equity,2022-12-31,16225.181,1049.891,0.9612,19.9101,5806.232,10804.343,11.3504,1096.8497,2023-03-20,False
2382 HK Equity,2023-06-30,14278.565,436.714,0.3999,19.8184,1053.642,15239.143,6.9926,1096.8497,2023-08-22,False
2382 HK Equity,2023-12-31,17402.696,662.701,0.6075,20.4445,2050.092,16204.145,4.9678,1096.7748,2024-03-20,False
2382 HK Equity,2024-06-30,18860.225,1079.006,0.9904,21.1454,2067.872,14117.003,7.7603,1094.8048,2024-08-20,False
2382 HK Equity,2024-12-31,19434.266,1620.153,1.4919,22.62,1742.273,16397.722,11.4401,1094.8048,2025-03-24,False
2382 HK Equity,2025-06-30,19651.919,1646.133,1.5156,23.7168,2635.024,17376.436,13.2878,1094.8048,2025-08-19,False
2382 HK Equity,2025-12-31,23577.207,2992.974,2.7484,26.6245,3294.889,14979.968,17.2096,1094.8048,2026-03-30,False
2382 HK Equity,2026-06-30,21905.704,1808.364,1.6803,26.3979,3426.1,11467.728,17.4872,1078.9648,2026-08-26,False
2388 HK Equity,2016-06-30,33249.0,42837.0,4.0516,21.6202,76861.0,327971.0,27.2513,10572.78027,2016-08-30,False
2388 HK Equity,2016-12-31,35721.0,13039.0,1.2333,21.626,-195485.0,219147.0,26.3941,10572.78027,2017-03-31,False
2388 HK Equity,2017-06-30,39482.0,17486.0,1.6539,22.4591,230296.0,332152.0,13.0997,10572.78027,2017-08-30,False
2388 HK Equity,2017-12-31,45402.0,13677.0,1.2936,23.0798,-167995.0,264048.0,13.1861,10572.78027,2018-03-29,False
2388 HK Equity,2018-06-30,46100.0,17561.0,1.661,23.4607,-43135.0,274014.0,12.8684,10572.78027,2018-08-28,False
2388 HK Equity,2018-12-31,48214.0,14509.0,1.3723,26.5788,281818.0,399679.0,12.2164,10572.78027,2019-03-29,False
2388 HK Equity,2019-06-30,56382.0,17949.0,1.6319,27.6001,-309520.0,257298.0,11.7672,10572.78027,2019-08-30,False
2388 HK Equity,2019-12-31,54698.0,15625.0,1.4121,28.5884,58215.0,280959.0,11.0357,10572.78027,2020-03-27,False
2388 HK Equity,2020-06-30,49217.0,15898.0,1.4385,29.0899,39446.0,270484.0,10.0569,10572.78027,2020-08-30,False
2388 HK Equity,2020-12-31,45287.0,11965.0,1.0667,29.6779,17982.0,326921.0,8.5992,10572.78027,2021-03-30,False
2388 HK Equity,2021-06-30,40385.0,13264.0,1.1895,29.93,-117866.0,331686.0,7.6455,10572.78027,2021-08-30,False
2388 HK Equity,2021-12-31,36478.0,11084.0,0.9831,30.4059,155964.0,488485.0,7.2318,10572.78027,2022-03-29,False
2388 HK Equity,2022-06-30,27934.0,13315.0,1.1938,30.1923,-71352.0,318027.0,7.2416,10572.78027,2022-08-30,False
2388 HK Equity,2022-12-31,47300.0,14015.0,1.2597,30.5751,49511.0,320262.0,8.0467,10572.78027,2023-03-30,False
2388 HK Equity,2023-06-30,69184.0,17694.0,1.6077,31.3489,-102332.0,294933.0,9.3185,10572.78027,2023-08-30,False
2388 HK Equity,2023-12-31,82175.0,16421.0,1.4873,30.2801,227660.0,375672.0,10.1718,10572.78027,2024-03-28,False
2388 HK Equity,2024-06-30,82661.0,20040.0,1.8954,30.8881,-107712.0,322117.0,10.8705,10572.78027,2024-08-29,False
2388 HK Equity,2024-12-31,81228.0,18193.0,1.7207,32.0366,-128747.0,357348.0,11.6058,10572.78027,2025-03-26,False
2388 HK Equity,2025-06-30,86370.0,22160.0,2.0959,32.8257,-176786.0,344350.0,11.9807,10572.78027,2025-08-29,False
2388 HK Equity,2025-12-31,75649.0,17969.0,1.6996,33.9105,-87605.0,360731.0,11.5107,10572.78027,2026-03-30,False
2388 HK Equity,2026-06-30,77971.0,23739.0,2.2453,34.0843,121939.0,445011.0,11.7915,10572.78027,2026-08-28,False
241 HK Equity,2016-03-31,39.4,-91.127,-0.0112,0.1494,-45.979,0.0,-15.0469,,2016-06-29,True
241 HK Equity,2016-06-30,,,,,,,,8176.27295,2015-11-23,False
241 HK Equity,2016-09-30,55.027,-102.398,-0.0125,0.1475,-99.468,100.608,-14.1146,,2016-12-29,True
241 HK Equity,2016-12-30,,,,,,,,8182.43506,2016-06-22,False
241 HK Equity,2017-03-31,420.051,-105.228,-0.0129,0.1438,-133.362,200.0,-17.308,,2017-06-29,True
241 HK Equity,2017-06-30,,,,,,,,8192.73731,2016-11-24,False
241 HK Equity,2017-09-30,889.731,-90.911,-0.0107,0.1197,-121.967,200.0,-16.8384,,2017-12-29,True
241 HK Equity,2017-12-29,,,,,,,,9386.7965,2017-05-17,False
241 HK Equity,2018-03-31,1552.887,-16.063,-0.0016,0.2621,41.267,0.0,-5.693,,2018-06-29,True
241 HK Equity,2018-06-29,,,,,,,,9844.207,2017-11-15,False
241 HK Equity,2018-09-30,1878.709,-84.104,-0.008,0.231,302.333,1249.38,-5.2435,,2018-12-29,True
241 HK Equity,2018-12-31,,,,,,,,11677.8646,2018-05-16,False
241 HK Equity,2019-03-31,3217.158,2.155,0.0002,0.2386,83.413,1700.0,-3.0494,,2019-06-29,True
241 HK Equity,2019-06-28,,,,,,,,11712.22746,2018-11-19,False
241 HK Equity,2019-09-30,4116.846,-1.102,-0.0001,0.4176,456.39,1081.82,0.0273,,2019-12-29,True
241 HK Equity,2019-12-31,,,,,,,,12027.01392,2019-05-16,False
241 HK Equity,2020-03-31,5479.63,-5.484,-0.0005,0.4364,96.614,69.755,-0.1634,,2020-06-29,True
241 HK Equity,2020-06-30,,,,,,,,12950.38667,2019-11-26,False
241 HK Equity,2020-09-30,7162.031,283.431,0.0217,1.0755,568.9,47.204,2.8524,,2020-12-29,True
241 HK Equity,2020-12-31,,,,,,,,13454.07454,2020-05-27,False
241 HK Equity,2021-03-31,8356.437,65.157,0.0048,1.0603,443.072,37.74,3.5623,,2021-06-29,True
241 HK Equity,2021-06-30,,,,,,,,13487.96504,2020-11-25,False
241 HK Equity,2021-09-30,9357.715,-231.771,-0.0172,1.0433,603.809,67.827,-1.1675,,2021-12-29,True
241 HK Equity,2021-12-31,,,,,,,,13490.16779,2021-05-25,False
241 HK Equity,2022-03-31,11219.901,-33.784,-0.0025,1.043,-174.556,135.414,-1.8701,,2022-06-29,True
241 HK Equity,2022-06-30,,,,,,,,13518.27254,2022-11-24,False
241 HK Equity,2022-09-30,11500.569,160.661,0.0119,1.1053,506.536,88.233,0.8745,,2022-12-29,True
241 HK Equity,2022-12-30,,,,,,,,13520.77704,2022-05-25,False
241 HK Equity,2023-03-31,15262.447,374.992,0.0278,1.1222,-203.769,77.798,3.6598,,2023-06-29,True
241 HK Equity,2023-06-30,,,,,,,,13533.27854,2022-11-28,False
241 HK Equity,2023-09-30,12956.0,445.891,0.033,1.1906,938.545,88.233,5.2904,,2023-12-29,True
241 HK Equity,2023-12-29,,,,,,,,13533.49954,2023-05-23,False
241 HK Equity,2024-03-31,14070.555,437.586,0.03,0.9038,254.68,82.17,5.9458,,2024-06-29,True
241 HK Equity,2024-06-28,,,,,,,,16091.73626,2023-11-28,False
241 HK Equity,2024-09-30,14273.724,768.953,0.0479,0.9509,738.207,68.05,7.6936,,2024-12-29,True
241 HK Equity,2024-12-31,,,,,,,,16091.82626,2024-05-27,False
241 HK Equity,2025-03-31,16324.568,663.474,0.0413,1.015,1005.613,35.515,9.2845,,2025-06-29,True
241 HK Equity,2025-06-30,,,,,,,,16123.56955,2024-11-13,False
241 HK Equity,2025-09-30,16697.093,1266.629,0.0786,1.0896,563.475,75.905,11.7539,,2025-12-29,True
241 HK Equity,2025-12-31,,,,,,,,16174.72797,2025-05-19,False
241 HK Equity,2026-03-31,17558.029,669.533,0.0416,1.1083,986.078,59.755,11.3333,,2026-06-29,True
241 HK Equity,2026-06-30,,,,,,,,16175.30097,2025-11-26,False
2600 HK Equity,2016-06-30,49772.592,67.923,0.0009,2.6298,1240.324,109554.226,0.4249,3943.96606,2016-08-25,False
2600 HK Equity,2016-12-31,94456.324,300.489,0.0165,2.4255,5391.834,107394.637,0.6791,3943.96606,2017-03-23,False
2600 HK Equity,2017-06-30,91421.061,736.877,0.0458,2.5065,2471.59,104405.375,2.5662,3943.96606,2017-08-17,False
2600 HK Equity,2017-12-31,89599.367,676.151,0.0454,2.6629,5781.524,103270.773,3.7265,3943.96597,2018-03-22,False
2600 HK Equity,2018-06-30,82394.354,821.627,0.046,3.423,3928.801,103247.933,3.3897,3943.96597,2018-08-15,False
2600 HK Equity,2018-12-31,97847.06,-114.167,-0.0067,3.5169,3986.138,101772.876,1.5362,3943.96597,2019-03-28,False
2600 HK Equity,2019-06-30,95020.681,707.411,0.035,3.1228,950.895,107495.583,1.1389,3943.96597,2019-08-27,False
2600 HK Equity,2019-12-31,95134.057,145.237,0.0114,2.8894,7451.243,99238.099,1.6784,3943.96597,2020-03-26,False
2600 HK Equity,2020-06-30,84108.752,35.712,-0.006,2.8904,4670.946,106149.931,0.0849,3943.96597,2020-08-27,False
2600 HK Equity,2020-12-31,101881.825,728.594,0.0355,2.9351,7255.176,97693.302,1.0149,3943.96597,2021-03-23,False
2600 HK Equity,2021-06-30,120816.623,3094.161,0.176,3.3767,7737.488,87477.087,6.9348,3943.96597,2021-08-24,False
2600 HK Equity,2021-12-31,178068.727,2665.261,0.1566,3.5531,11707.186,97340.305,10.4293,3943.96597,2022-03-22,False
2600 HK Equity,2022-06-30,158959.961,4455.937,0.259,4.627,6346.576,81826.133,12.0703,3943.96597,2022-08-23,False
2600 HK Equity,2022-12-31,145584.953,202.557,0.0095,3.0783,11338.224,93552.259,8.1803,3943.96597,2023-03-21,False
2600 HK Equity,2023-06-30,134062.61,3416.724,0.198,3.3308,5084.083,79048.566,6.081,3943.96597,2023-08-22,False
2600 HK Equity,2023-12-31,91256.434,3272.343,0.1922,3.531,8070.832,77650.069,11.8391,3943.96597,2024-03-27,False
2600 HK Equity,2024-06-30,110718.94,7013.999,0.409,3.8706,10729.784,69790.764,16.6478,3943.96597,2024-08-28,False
2600 HK Equity,2024-12-31,126390.27,5380.501,0.3153,4.0337,13687.845,64526.632,19.0975,3943.96597,2025-03-26,False
2600 HK Equity,2025-06-30,116408.652,7070.216,0.413,4.2344,9833.774,62109.036,17.9074,3943.96597,2025-08-27,False
2600 HK Equity,2025-12-31,124733.093,5603.157,0.3275,4.3674,6633.097,63493.276,17.5861,3943.96597,2026-03-27,False
2600 HK Equity,2026-06-30,125413.186,11871.383,0.693,4.9259,15196.247,59816.704,22.2398,3943.96597,2026-08-27,False
2618 HK Equity,2020-06-30,31542.866,650.456,0.17,,4990.234,,,,2021-08-23,False
2618 HK Equity,2020-12-31,41831.85,-4784.451,-1.2171,-1.3075,4787.3,34382.091,,,2021-05-20,False
2618 HK Equity,2021-06-30,48472.45,-15360.404,-3.62,6.1467,-81.947,14818.852,,6182.98177,2021-08-23,False
2618 HK Equity,2021-12-31,56220.952,-481.556,-0.0847,6.1356,6289.284,15172.671,,6183.28177,2022-03-10,False
2618 HK Equity,2022-06-30,58623.176,-1462.059,-0.25,6.8329,3704.78,16025.138,-4.6789,6596.38177,2022-08-23,False
2618 HK Equity,2022-12-31,78778.832,65.225,0.0106,7.0603,9609.444,23774.289,-3.3054,6597.58177,2023-03-09,False
2618 HK Equity,2023-06-30,77761.309,-637.211,-0.1,7.2023,3761.11,24817.752,-1.2348,6604.68177,2023-08-16,False
2618 HK Equity,2023-12-31,88863.403,1253.404,0.2027,7.2876,12590.906,27252.527,1.3008,6608.18177,2024-03-06,False
2618 HK Equity,2024-06-30,86344.759,2264.189,0.36,7.6675,7388.399,24731.774,7.1536,6622.18177,2024-08-15,False
2618 HK Equity,2024-12-31,96492.825,3933.378,0.6312,8.3472,13402.328,23169.733,11.9785,6627.38177,2025-03-06,False
2618 HK Equity,2025-06-30,98531.786,2579.653,0.41,8.0976,6573.975,23678.449,12.4521,6648.08177,2025-08-14,False
2618 HK Equity,2025-12-31,118615.2,4067.03,0.6467,8.2142,12191.149,22446.732,12.0848,6656.78177,2026-03-05,False
2618 HK Equity,2026-06-30,124683.247,3292.301,0.52,8.5114,6383.492,23878.86,13.3003,6676.98177,2026-08-13,False
2628 HK Equity,2016-06-30,337737.0,10395.0,0.36,10.7182,35745.0,113681.0,4.4324,7441.1748,2016-08-25,False
2628 HK Equity,2016-12-31,203044.0,8732.0,0.3089,10.7421,147743.0,137287.0,6.1098,7441.1748,2017-03-23,False
2628 HK Equity,2017-06-30,396165.0,12242.0,0.43,10.918,200861.0,175982.0,6.8594,7441.1748,2017-08-24,False
2628 HK Equity,2017-12-31,247190.0,20011.0,0.708,11.3545,121484.0,108632.0,10.3283,7441.175,2018-03-22,False
2628 HK Equity,2018-06-30,401690.0,16423.0,0.57,11.428,109797.0,123651.0,11.537,7441.175,2018-08-23,False
2628 HK Equity,2018-12-31,225729.0,-5028.0,-0.1779,11.2639,159610.0,214971.0,3.5648,7441.175,2019-03-27,False
2628 HK Equity,2019-06-30,448221.0,37599.0,1.32,13.0351,218324.0,152131.0,9.4212,7441.175,2019-08-22,False
2628 HK Equity,2019-12-31,281253.0,20688.0,0.7319,14.2851,206651.0,177768.0,16.143,7441.175,2020-03-25,False
2628 HK Equity,2020-06-30,503877.0,30535.0,1.07,14.7147,-54340.0,110698.0,13.0102,7441.175,2020-08-26,False
2628 HK Equity,2020-12-31,300618.0,19722.0,0.6978,15.9229,205756.0,183193.0,11.7252,7441.175,2021-03-25,False
2628 HK Equity,2021-06-30,537153.0,40968.0,1.45,16.6798,270794.0,226829.0,13.6789,7441.175,2021-08-25,False
2628 HK Equity,2021-12-31,287780.0,9798.0,0.3467,16.9491,181921.0,299260.0,10.9278,7441.175,2022-03-24,False
2628 HK Equity,2022-06-30,183007.0,39305.0,1.39,16.977,316468.0,231618.0,10.3234,7441.175,2022-08-25,False
2628 HK Equity,2022-12-31,287718.0,-7223.0,-0.2555,12.9498,215479.0,200073.0,7.5926,7441.175,2023-03-29,False
2628 HK Equity,2023-06-30,170232.0,34616.0,1.22,15.8982,334978.0,183954.0,5.896,7441.175,2023-08-23,False
2628 HK Equity,2023-12-31,173026.0,16568.0,0.5862,11.5968,220246.0,279555.0,14.7546,7441.175,2024-03-27,False
2628 HK Equity,2024-06-30,227924.0,38278.0,1.35,17.4718,364278.0,148111.0,11.6298,7441.175,2024-08-29,False
2628 HK Equity,2024-12-31,288626.0,68657.0,2.4291,18.0322,195976.0,253037.0,25.538,7441.175,2025-03-26,False
2628 HK Equity,2025-06-30,232782.0,40931.0,1.45,18.5253,390611.0,315268.0,21.5416,7441.175,2025-08-27,False
2628 HK Equity,2025-12-31,376930.0,113147.0,4.0031,21.0582,258962.0,449124.0,27.8904,7441.175,2026-03-25,False
2628 HK Equity,2026-06-30,426003.0,134489.0,4.76,23.4994,372835.0,357305.0,41.6958,7441.175,2026-08-27,False
267 HK Equity,2016-06-30,213593.6043,17369.2057,0.5806,14.2232,16289.6257,1912224.1085,5.228,29090.26172,2016-08-26,False
267 HK Equity,2016-12-31,229242.8002,20268.5854,0.6861,14.864,227366.8206,1958308.5363,8.9682,29090.26172,2017-03-23,False
267 HK Equity,2017-06-30,247499.3921,28779.8211,0.9808,15.508,320005.6315,1881687.616,11.0063,29090.26172,2017-08-29,False
267 HK Equity,2017-12-31,281192.4157,10175.536,0.34,15.5488,-202456.4665,1904212.7444,8.5509,29090.26263,2018-03-28,False
267 HK Equity,2018-06-30,278048.7475,25207.4593,0.8537,16.2031,31999.5865,1870694.9885,7.8429,29090.26263,2018-08-29,False
267 HK Equity,2018-12-31,316472.0144,17375.1437,0.5893,16.8624,322370.891,2095514.1845,9.1209,29090.26263,2019-03-29,False
267 HK Equity,2019-06-30,315222.4672,29002.066,0.9951,17.5497,-118000.1118,2038866.4143,9.3216,29090.26263,2019-08-29,False
267 HK Equity,2019-12-31,342497.3877,18309.0524,0.6294,18.1784,273412.4875,2286369.0782,9.3739,29090.26263,2020-03-31,False
267 HK Equity,2020-06-30,314088.8566,24480.0112,0.8428,18.7071,-116888.5648,2190452.6747,8.0495,29090.26263,2020-08-28,False
267 HK Equity,2020-12-31,335856.3851,25862.1119,0.889,19.5123,297152.2946,2493346.2888,8.9474,29090.26263,2021-03-30,False
267 HK Equity,2021-06-30,378816.5618,36826.9101,1.2672,20.4373,-77231.0533,2614449.3093,11.2481,29090.26263,2021-08-27,False
267 HK Equity,2021-12-31,380315.5277,21517.1316,0.7397,21.0554,211660.4389,2690394.6833,9.851,29090.26263,2022-03-31,False
267 HK Equity,2022-06-30,424338.0,41665.0,1.43,25.8509,-170572.0,3476715.0,9.3845,29090.26263,2022-08-30,False
267 HK Equity,2022-12-31,438315.0,23266.0,0.7998,22.6918,315018.0,3160110.0,10.2043,29090.26263,2023-03-31,False
267 HK Equity,2023-06-30,436200.0,32092.0,1.1,23.5341,-322339.0,3038190.0,7.7067,29090.26263,2023-08-31,False
267 HK Equity,2023-12-31,456972.0,25502.0,0.8767,24.1723,353541.0,3539080.0,8.4493,29090.26263,2024-03-28,False
267 HK Equity,2024-06-30,480729.0,32113.0,1.1,25.214,-300572.0,3401175.0,8.1257,29090.26263,2024-08-30,False
267 HK Equity,2024-12-31,476762.0,26089.0,0.8968,26.0392,98459.0,3638794.0,7.9692,29090.26263,2025-03-28,False
267 HK Equity,2025-06-30,464638.0,31236.0,1.07,26.2865,-221050.0,3598456.0,7.6527,29090.26263,2025-08-29,False
267 HK Equity,2025-12-31,489403.0,27502.0,0.9454,26.8938,493633.0,3967500.0,7.6291,29090.26263,2026-03-27,False
267 HK Equity,2026-06-30,451739.0,33764.0,1.16,27.526,177668.0,3995056.0,7.8274,29090.26263,2026-08-28,False
2688 HK Equity,2016-06-30,15639.0,1587.0,1.47,13.264,1737.0,13676.0,17.7732,1082.32739,2016-08-23,False
2688 HK Equity,2016-12-31,18464.0,564.0,0.5211,13.8353,4067.0,16791.0,15.1298,1082.52734,2017-03-21,False
2688 HK Equity,2017-06-30,21424.0,1649.0,1.52,14.6525,1640.0,16986.0,14.6527,1081.72742,2017-08-24,False
2688 HK Equity,2017-12-31,26845.0,1153.0,1.0654,15.6551,4849.0,18067.0,17.5575,1082.8449,2018-03-22,False
2688 HK Equity,2018-06-30,26530.0,1782.0,1.64,15.9159,2206.0,17186.0,17.3869,1085.10722,2018-08-23,False
2688 HK Equity,2018-12-31,34168.0,1036.0,0.9292,19.0258,6419.0,20249.0,14.7012,1124.00286,2019-03-21,False
2688 HK Equity,2019-06-30,35344.0,3362.0,2.99,20.8782,4323.0,19784.0,21.2561,1124.13736,2019-08-22,False
2688 HK Equity,2019-12-31,34839.0,2308.0,2.0558,22.984,7414.0,19695.0,23.9985,1125.47361,2020-03-16,False
2688 HK Equity,2020-06-30,31543.0,2693.0,2.4,23.7104,2927.0,21152.0,19.935,1125.73151,2020-08-20,False
2688 HK Equity,2020-12-31,40074.0,3585.0,3.1897,27.0843,6887.0,20083.0,22.251,1128.23961,2021-03-22,False
2688 HK Equity,2021-06-30,41232.0,3765.0,3.34,28.5308,4335.0,18638.0,24.9406,1129.56138,2021-08-23,False
2688 HK Equity,2021-12-31,51881.0,3990.0,3.5482,31.6573,6348.0,20245.0,23.3803,1130.13108,2022-03-18,False
2688 HK Equity,2022-06-30,58332.0,3105.0,2.75,32.7287,2951.0,22347.0,20.4939,1130.15507,2022-08-19,False
2688 HK Equity,2022-12-31,51719.0,2762.0,2.4487,34.5208,6968.0,20167.0,15.6836,1130.88498,2023-03-24,False
2688 HK Equity,2023-06-30,54111.0,3333.0,2.95,35.4608,3804.0,22790.0,15.8072,1131.10538,2023-08-24,False
2688 HK Equity,2023-12-31,59747.0,3483.0,3.091,37.7115,5662.0,22726.0,16.6854,1131.21937,2024-03-22,False
2688 HK Equity,2024-06-30,54587.0,2573.0,2.29,37.6266,3083.0,20610.0,14.6496,1131.21937,2024-08-23,False
2688 HK Equity,2024-12-31,55266.0,3414.0,3.0613,39.8694,7169.0,20394.0,13.6439,1131.22428,2025-03-26,False
2688 HK Equity,2025-06-30,55673.0,2429.0,2.19,39.7604,2521.0,19539.0,13.3489,1131.22988,2025-08-27,False
2688 HK Equity,2025-12-31,56232.0,3475.0,3.1267,42.2772,7999.0,19738.0,12.7069,1131.69444,2026-03-27,False
2688 HK Equity,2026-06-30,57021.0,2667.0,2.4,42.4945,3002.0,19517.0,13.1978,1131.83926,2026-08-28,False
27 HK Equity,2016-06-30,25538.536,2558.08,0.6,10.1291,4995.366,1381.127,11.344,4265.38379,2016-08-25,False
27 HK Equity,2016-12-31,27287.579,3725.317,0.8725,10.8495,7868.187,6134.673,14.3708,4271.27881,2017-02-28,False
27 HK Equity,2017-06-30,22535.45,4630.706,1.083,11.7671,8048.195,6693.19,17.8612,4278.125,2017-08-30,False
27 HK Equity,2017-12-31,26104.292,5873.655,1.3676,12.8783,11096.177,9944.276,20.6318,4307.16927,2018-02-28,False
27 HK Equity,2018-06-30,28058.405,7206.369,1.67,14.1058,5810.054,8809.398,23.5073,4318.45882,2018-08-08,False
27 HK Equity,2018-12-31,27152.496,6301.02,1.4582,14.4001,9193.78,9054.95,22.9402,4323.76317,2019-02-27,False
27 HK Equity,2019-06-30,26219.471,6679.752,1.543,15.8072,8346.216,6868.732,20.0623,4332.0115,2019-08-13,False
27 HK Equity,2019-12-31,25682.52,6361.793,1.4683,16.9798,12704.985,913.148,19.1974,4333.33397,2020-02-27,False
27 HK Equity,2020-06-30,6222.665,-2856.181,-0.659,15.2874,-971.633,6517.78,5.2027,4335.51881,2020-08-13,False
27 HK Equity,2020-12-31,6653.434,-1116.897,-0.2573,15.5208,-5127.48,9577.903,-5.6351,4343.80501,2021-02-25,False
27 HK Equity,2021-06-30,10660.577,947.133,0.218,15.9841,-2733.692,11739.324,-0.2504,4352.2649,2021-08-12,False
27 HK Equity,2021-12-31,9034.953,379.098,0.0871,15.6953,486.101,6869.104,1.9525,4359.55354,2022-02-22,False
27 HK Equity,2022-06-30,6523.844,-850.473,-0.195,14.9571,-748.141,9195.344,-0.7007,4362.14837,2022-08-18,False
27 HK Equity,2022-12-31,4949.949,-2583.297,-0.5918,14.6293,-873.716,7988.231,-5.1894,4368.91194,2023-02-23,False
27 HK Equity,2023-06-30,15715.349,2890.261,0.662,15.5712,5776.999,2999.629,0.4606,4369.24131,2023-08-17,False
27 HK Equity,2023-12-31,19968.904,3937.695,0.9006,16.1788,6518.574,2081.05,10.14,4373.58696,2024-02-28,False
27 HK Equity,2024-06-30,21470.552,4387.354,1.003,16.8821,5811.594,4435.513,11.7362,4373.58696,2024-08-15,False
27 HK Equity,2024-12-31,21961.821,4371.893,0.9996,17.3594,6516.624,4767.546,11.9413,4374.89455,2025-02-27,False
27 HK Equity,2025-06-30,23245.975,5240.339,1.198,18.1938,7207.969,1098.446,12.5297,4374.89455,2025-08-12,False
27 HK Equity,2025-12-31,25996.35,5433.426,1.2419,18.9858,8036.765,1953.667,13.4186,4379.24071,2026-02-26,False
27 HK Equity,2026-06-30,24230.96,5280.203,1.206,19.3215,6924.713,2470.256,13.0488,4379.24071,2026-08-12,False
285 HK Equity,2016-06-30,15484.424,603.806,0.27,4.967,1223.869,0.0,9.911,2253.20459,2016-08-28,False
285 HK Equity,2016-12-31,21249.84,629.685,0.2795,5.2167,1703.651,0.0,11.0617,2253.20459,2017-03-28,False
285 HK Equity,2017-06-30,17525.878,1322.159,0.59,5.7379,444.432,0.0,16.1842,2253.20459,2017-08-28,False
285 HK Equity,2017-12-31,21248.544,1262.709,0.5604,6.2983,1374.922,0.0,19.9253,2253.2045,2018-03-27,False
285 HK Equity,2018-06-30,19511.163,1134.653,0.5,6.5566,1536.349,0.0,17.3082,2253.2045,2018-08-29,False
285 HK Equity,2018-12-31,21535.976,1053.967,0.4678,7.0235,3201.723,0.0,14.5827,2253.2045,2019-03-27,False
285 HK Equity,2019-06-30,23280.207,575.199,0.26,7.0847,-1035.871,573.053,10.6008,2253.2045,2019-08-21,False
285 HK Equity,2019-12-31,29748.169,1022.446,0.4538,7.5401,1414.034,752.092,9.7373,2253.2045,2020-03-31,False
285 HK Equity,2020-06-30,31386.402,2472.754,1.1,8.5636,3497.243,2528.021,19.8259,2253.2045,2020-08-28,False
285 HK Equity,2020-12-31,41734.673,2968.617,1.3175,9.8847,-323.654,2744.827,27.7184,2253.2045,2021-03-29,False
285 HK Equity,2021-06-30,44530.845,1643.082,0.73,10.372,3693.339,850.874,21.6177,2253.2045,2021-08-27,False
285 HK Equity,2021-12-31,44526.133,666.8,0.2959,10.6635,2626.786,509.765,9.978,2253.2045,2022-03-29,False
285 HK Equity,2022-06-30,43693.547,633.798,0.28,10.8414,3273.907,991.554,5.4421,2253.2045,2022-08-03,False
285 HK Equity,2022-12-31,63492.741,1223.82,0.5431,11.3772,2679.259,2929.227,7.481,2253.2045,2023-03-28,False
285 HK Equity,2023-06-30,56180.097,1515.744,0.67,11.8962,2313.891,3907.487,10.6946,2253.2045,2023-08-28,False
285 HK Equity,2023-12-31,73776.895,2525.63,1.1209,13.0172,7846.798,16488.928,14.7051,2253.2045,2024-03-26,False
285 HK Equity,2024-06-30,78580.818,1517.8,0.67,13.1568,110.991,17509.5,14.3258,2253.2045,2024-08-28,False
285 HK Equity,2024-12-31,98724.731,2747.838,1.2195,14.3803,6169.503,12459.505,13.8198,2253.2045,2025-03-24,False
285 HK Equity,2025-06-30,80605.678,1729.777,0.77,14.5764,9908.032,11348.715,14.331,2253.2045,2025-08-29,False
285 HK Equity,2025-12-31,98871.726,1784.795,0.7957,15.3199,8639.263,8890.531,10.5158,2253.2045,2026-03-27,False
285 HK Equity,2026-06-30,82234.197,426.332,0.19,15.3514,672.364,8848.353,6.5686,2253.2045,2026-08-28,False
288 HK Equity,2016-06-30,10453.0,551.0,0.0403,0.4155,360.0,3773.0,17.8723,14648.4209,2016-08-21,False
288 HK Equity,2016-12-31,11081.0,485.0,0.0355,0.4311,1507.0,2901.0,17.1537,14650.80957,2017-03-22,False
288 HK Equity,2017-06-30,10658.0,557.0,0.0407,0.4644,58.0,3418.0,16.3669,14651.08106,2017-08-14,False
288 HK Equity,2017-12-31,11721.0,576.0,0.0374,0.5077,1473.0,3221.0,16.4668,14659.64411,2019-07-04,False
288 HK Equity,2018-06-30,11169.0,514.0,0.035,0.5106,138.0,3392.0,15.4162,14675.41061,2018-08-14,False
288 HK Equity,2018-12-31,11436.0,429.0,0.0292,0.5282,1128.0,3142.0,12.4152,14675.48411,2019-03-15,False
288 HK Equity,2019-06-30,11127.0,569.0,0.0387,0.5633,400.0,3889.0,12.6481,14709.66061,2019-08-13,False
288 HK Equity,2019-12-31,12976.0,896.0,0.0609,0.5899,1069.0,3557.0,17.8332,14719.24976,2020-03-24,False
288 HK Equity,2020-06-30,12481.0,317.0,0.0215,0.6137,1222.0,3571.0,13.9997,14728.57596,2020-08-11,False
288 HK Equity,2020-12-31,13108.0,511.0,0.0347,0.6785,1147.0,3158.0,8.8608,14744.06434,2021-03-30,False
288 HK Equity,2021-06-30,13331.0,652.0,0.0442,0.7136,284.0,3331.0,11.8886,14747.15675,2021-08-12,False
288 HK Equity,2021-12-31,13962.0,416.0,0.0307,0.6818,1568.0,4501.0,11.3902,12830.21955,2022-03-28,False
288 HK Equity,2022-06-30,13398.0,759.0,0.0592,0.7016,-15.0,4463.0,12.0359,12830.21955,2022-08-16,False
288 HK Equity,2022-12-31,14738.0,611.0,0.0476,0.7482,1708.0,3900.0,14.9335,12830.21955,2023-03-28,False
288 HK Equity,2023-06-30,13116.0,420.0,0.0327,0.9604,-52.0,3952.0,11.0824,12830.21955,2023-08-15,False
288 HK Equity,2023-12-31,13120.0,209.0,0.0163,0.7662,1565.0,3718.0,6.4742,12830.21955,2024-03-26,False
288 HK Equity,2024-06-30,12293.0,784.0,0.0611,0.7839,639.0,3817.0,10.1007,12830.21955,2024-08-13,False
288 HK Equity,2024-12-31,13648.0,828.0,0.0645,0.8309,1788.0,3724.0,15.733,12830.21955,2025-03-25,False
288 HK Equity,2025-06-30,13387.0,788.0,0.0614,0.8518,737.0,4352.0,15.4,12830.21955,2025-08-12,False
288 HK Equity,2025-12-31,14639.0,779.0,0.0607,0.8719,1739.0,4123.0,14.3446,12830.21955,2026-03-24,False
288 HK Equity,2026-06-30,13827.0,770.0,0.06,0.87,654.0,4909.0,14.0238,12830.21955,2026-08-28,False
2899 HK Equity,2016-06-30,38889.8997,538.3497,0.025,1.2359,2964.4823,33278.7224,3.1519,5769.00977,2016-08-26,False
2899 HK Equity,2016-12-31,39961.2381,1301.4491,0.0604,1.2888,4558.2018,43208.6881,6.6539,5736.93994,2017-03-25,False
2899 HK Equity,2017-06-30,37523.6319,1505.3994,0.069,1.4313,2796.7858,39913.5289,9.4211,5736.93994,2017-08-18,False
2899 HK Equity,2017-12-31,57024.9872,2002.3182,0.0869,1.5197,6015.9616,34965.9072,11.1778,5736.94,2018-03-23,False
2899 HK Equity,2018-06-30,49813.8908,2526.4231,0.11,1.497,3959.6131,37580.4431,13.4303,5736.94,2018-08-24,False
2899 HK Equity,2018-12-31,56180.3553,1567.3505,0.0681,1.7565,5277.487,47234.4363,10.8509,5736.94,2019-03-22,False
2899 HK Equity,2019-06-30,67198.3958,1853.4536,0.08,1.5608,3146.9115,48595.8011,9.715,5736.94,2019-08-30,False
2899 HK Equity,2019-12-31,68899.5822,2430.5037,0.0922,1.8205,5573.7032,47120.016,9.2907,5736.94,2020-03-20,False
2899 HK Equity,2020-06-30,83142.2621,2421.3865,0.095,1.786,5224.7989,61723.1183,11.304,5736.94,2020-08-21,False
2899 HK Equity,2020-12-31,88359.0764,4087.1674,0.1611,2.0511,7064.6529,74604.6131,13.2487,5736.94,2021-03-19,False
2899 HK Equity,2021-06-30,109863.3617,6649.0284,0.262,2.3788,11305.4353,74097.0184,19.9328,5736.94,2021-07-30,False
2899 HK Equity,2021-12-31,115239.1269,9023.8422,0.344,2.708,13269.3012,78484.5951,25.4665,5736.94,2022-03-18,False
2899 HK Equity,2022-06-30,132457.5281,12630.0331,0.48,2.9532,14971.1946,107398.2992,30.9634,5736.94,2022-08-12,False
2899 HK Equity,2022-12-31,137871.4703,7412.0129,0.2826,3.3913,11797.7571,127249.225,25.0561,5736.94,2023-03-24,False
2899 HK Equity,2023-06-30,150333.6958,10302.1515,0.391,3.7725,14565.1009,136598.9357,20.0829,5736.94,2023-08-25,False
2899 HK Equity,2023-12-31,143069.547,10817.268,0.4114,4.1049,16681.3681,143125.8503,21.5012,5736.94,2024-03-22,False
2899 HK Equity,2024-06-30,150416.5145,15084.3857,0.574,4.7574,19521.5691,147186.7755,22.9844,5988.84,2024-08-23,False
2899 HK Equity,2024-12-31,153223.4427,16966.2168,0.6399,5.2595,26508.0331,150879.4103,25.9213,5988.84,2025-03-21,False
2899 HK Equity,2025-06-30,167710.8532,23291.7525,0.877,5.3456,28184.5608,169120.6898,29.9856,5988.84,2025-08-26,False
2899 HK Equity,2025-12-31,181368.2296,28485.5753,1.0715,6.978,43730.7333,166845.0282,31.8309,5988.84,2026-03-20,False
2899 HK Equity,2026-06-30,194178.4586,39169.8072,1.473,7.7421,42018.6227,167920.7541,38.889,5988.92148,2026-08-21,False
291 HK Equity,2016-06-30,15213.0,605.0,0.2108,4.0161,4246.0,4531.0,-0.3398,2654.46447,2016-08-19,False
291 HK Equity,2016-12-31,13481.0,24.0,0.0078,5.4257,39.0,7267.0,4.5486,3244.177,2017-03-21,False
291 HK Equity,2017-06-30,15774.0,1170.0,0.36,5.725,4845.0,3548.0,8.1691,3244.177,2017-08-21,False
291 HK Equity,2017-12-31,13958.0,5.0,0.0015,5.6785,-612.0,3470.0,6.5238,3244.17691,2018-03-21,False
291 HK Equity,2018-06-30,17565.0,1508.0,0.46,6.0632,5187.0,3089.0,7.913,3244.17691,2018-08-17,False
291 HK Equity,2018-12-31,14302.0,-531.0,-0.1637,5.8101,-1206.0,713.0,5.243,3244.17691,2019-03-20,False
291 HK Equity,2019-06-30,18825.0,1871.0,0.58,6.357,5864.0,1573.0,6.6516,3244.17691,2019-08-16,False
291 HK Equity,2019-12-31,14365.0,-559.0,-0.1723,6.0635,-1724.0,725.0,6.8124,3244.17691,2020-03-20,False
291 HK Equity,2020-06-30,17408.0,2079.0,0.64,6.6621,6525.0,224.0,7.198,3244.17691,2020-08-19,False
291 HK Equity,2020-12-31,14040.0,15.0,0.0046,6.5404,-1965.0,200.0,10.2429,3244.17691,2021-03-22,False
291 HK Equity,2021-06-30,19634.0,4291.0,1.32,7.7334,6350.0,150.0,18.4415,3244.17691,2021-08-18,False
291 HK Equity,2021-12-31,13753.0,296.0,0.0912,7.5314,-1116.0,131.0,20.0968,3244.17691,2022-03-24,False
291 HK Equity,2022-06-30,21013.0,3802.0,1.17,8.4346,6478.0,949.0,15.6266,3244.17691,2022-08-17,False
291 HK Equity,2022-12-31,14250.0,542.0,0.1671,8.3351,680.0,1212.0,16.8794,3244.17691,2023-03-24,False
291 HK Equity,2023-06-30,23871.0,4649.0,1.43,9.4667,4786.0,8996.0,17.8778,3244.17691,2023-08-18,False
291 HK Equity,2023-12-31,15061.0,504.0,0.1554,9.3388,-574.0,5285.0,17.9754,3244.17691,2024-03-18,False
291 HK Equity,2024-06-30,23744.0,4705.0,1.45,10.131,6012.0,1529.0,16.3869,3244.17691,2024-08-19,False
291 HK Equity,2024-12-31,14891.0,34.0,0.0105,9.7694,914.0,1999.0,15.2903,3244.17691,2025-03-18,False
291 HK Equity,2025-06-30,23942.0,5789.0,1.78,11.1594,6373.0,1165.0,16.8621,3244.17691,2025-08-19,False
291 HK Equity,2025-12-31,14043.0,-2418.0,-0.7453,9.9451,1067.0,2804.0,10.542,3244.17691,2026-03-23,False
291 HK Equity,2026-06-30,24240.0,5169.0,1.59,10.9658,6729.0,5292.0,7.6657,3244.17691,2026-08-19,False
3 HK Equity,2016-06-30,14162.4,4386.0,0.2324,2.8806,4231.1,34086.6,13.7889,18661.33714,2016-08-22,False
3 HK Equity,2016-12-31,14394.7,3065.2,0.1344,2.8901,4725.4,33247.9,13.75,18661.33714,2017-03-16,False
3 HK Equity,2017-06-30,15430.9,4527.6,0.2399,3.0313,4498.5,34540.3,13.5641,18659.8701,2017-08-21,False
3 HK Equity,2017-12-31,17045.6,3808.9,0.2011,3.239,4615.3,36918.8,14.3835,18659.8701,2018-03-20,False
3 HK Equity,2018-06-30,19241.6,4845.3,0.2564,3.2975,4673.6,39960.5,14.4676,18659.8701,2018-08-21,False
3 HK Equity,2018-12-31,19831.4,4574.9,0.2424,3.3441,5493.4,38021.6,15.1625,18659.8701,2019-03-20,False
3 HK Equity,2019-06-30,20351.9,3932.4,0.2086,3.3639,4879.9,36989.7,13.5363,18659.8701,2019-08-20,False
3 HK Equity,2019-12-31,20276.2,3131.9,0.1649,3.441,5846.3,38274.6,11.0034,18659.8701,2020-03-19,False
3 HK Equity,2020-06-30,18235.3,2722.0,0.1429,3.2963,4130.6,40564.2,9.2425,18659.8701,2020-08-17,False
3 HK Equity,2020-12-31,22691.7,3395.6,0.179,3.5777,6438.8,42418.4,9.1737,18659.8701,2021-03-19,False
3 HK Equity,2021-06-30,24727.6,4255.3,0.225,3.5982,5174.7,51197.4,11.7223,18659.8701,2021-08-20,False
3 HK Equity,2021-12-31,28836.1,872.6,0.0438,3.6134,5428.4,55437.4,7.4777,18659.8701,2022-03-21,False
3 HK Equity,2022-06-30,29721.0,3370.5,0.178,3.4185,4194.1,57873.6,6.3113,18659.8701,2022-08-19,False
3 HK Equity,2022-12-31,31232.4,1988.9,0.1036,3.2812,5519.6,59732.2,8.1582,18659.8701,2023-03-17,False
3 HK Equity,2023-06-30,29177.6,3670.5,0.194,3.1259,5557.5,60614.2,9.0856,18659.8701,2023-08-15,False
3 HK Equity,2023-12-31,27793.5,2508.0,0.1316,3.2076,5461.7,55844.2,10.0266,18659.8701,2024-03-20,False
3 HK Equity,2024-06-30,27496.2,3040.2,0.163,3.0691,4969.0,60189.3,9.5086,18659.8701,2024-08-16,False
3 HK Equity,2024-12-31,27976.6,2671.3,0.1432,3.0756,4213.4,57730.2,9.743,18659.8701,2025-03-19,False
3 HK Equity,2025-06-30,27514.2,2964.0,0.159,3.0875,5526.6,61272.9,9.8107,18659.8701,2025-08-20,False
3 HK Equity,2025-12-31,26812.1,2724.2,0.146,3.1807,4935.1,60172.4,9.7449,18659.8701,2026-03-20,False
3 HK Equity,2026-06-30,29526.1,3640.3,0.195,3.2239,,62589.2,10.8084,18659.8701,2026-08-18,False
300 HK Equity,2016-06-30,77539.754,9496.493,1.48,8.6122,8615.32,41419.141,27.3512,,2016-08-30,False
300 HK Equity,2016-12-31,82301.947,5187.864,0.8049,9.4642,19684.782,28777.735,26.6193,,2017-03-30,False
300 HK Equity,2017-06-30,124963.616,10811.322,1.67,10.2076,14736.569,63363.847,26.3043,,2017-08-30,False
300 HK Equity,2017-12-31,116955.28,6472.367,0.9928,11.2784,11816.766,65827.29,25.6312,,2018-03-30,False
300 HK Equity,2018-06-30,143735.916,12936.846,1.97,12.0395,8402.619,62712.192,26.6581,,2018-08-30,False
300 HK Equity,2018-12-31,118083.719,7293.933,1.1043,12.5433,20952.092,63546.938,25.803,,2019-04-20,False
300 HK Equity,2019-06-30,154332.643,15187.069,2.32,13.4487,22152.289,73283.817,26.1573,,2019-08-30,False
300 HK Equity,2019-12-31,125047.863,9024.153,1.3133,14.6717,19725.532,72414.409,26.2109,,2020-04-30,False
300 HK Equity,2020-06-30,139719.278,13928.295,2.01,15.0687,20709.38,94970.992,23.235,,2020-08-30,False
300 HK Equity,2020-12-31,145990.451,13294.674,1.9177,17.0343,12447.958,90449.656,24.8401,,2021-04-29,False
300 HK Equity,2021-06-30,174846.895,15009.046,2.17,16.626,22510.992,98286.626,25.9406,,2021-08-30,False
300 HK Equity,2021-12-31,168513.93,13564.604,1.9751,18.0333,16814.54,88426.922,23.5771,,2022-04-29,False
300 HK Equity,2022-06-30,183663.399,15995.496,2.3093,18.7139,23600.789,102878.413,24.3387,,2022-08-30,False
300 HK Equity,2022-12-31,162045.307,13558.011,1.9542,20.5749,13048.338,93417.04,22.0711,,2023-04-28,False
300 HK Equity,2023-06-30,197795.614,18232.839,2.67,,32332.284,,,,2023-08-30,False
300 HK Equity,2023-12-31,175914.19,15488.697,2.2626,23.1828,28784.906,74680.91,22.0537,,2024-03-27,False
300 HK Equity,2024-06-30,218121.839,20804.395,3.02,23.6092,34813.172,73794.902,,,2024-08-19,False
300 HK Equity,2024-12-31,190962.427,17733.061,2.4392,28.387,28051.117,112366.238,20.3144,650.8485,2025-03-28,False
300 HK Equity,2025-06-30,252331.494,26013.69,3.41,28.2599,40769.959,124710.786,22.8975,650.8485,2025-08-29,False
300 HK Equity,2025-12-31,206170.913,17931.721,2.3792,29.3823,22003.726,67480.997,19.9038,650.8485,2026-03-30,False
300 HK Equity,2026-06-30,261052.379,26446.037,3.52,27.9586,41797.394,83639.509,20.6903,650.8485,2026-08-28,False
316 HK Equity,2016-06-30,2560.503,-56.659,-0.091,7.4919,12.956,3997.731,-0.2402,625.79327,2016-08-08,False
316 HK Equity,2016-12-31,2737.19,-162.562,-0.2598,7.2217,121.457,4090.737,-4.7059,625.79327,2017-03-13,False
316 HK Equity,2017-06-30,2832.496,53.606,0.086,7.338,233.509,4214.218,-2.3481,625.79327,2017-08-07,False
316 HK Equity,2017-12-31,3149.18,84.05,0.1343,7.4825,213.259,4554.183,2.9919,625.7933,2018-03-12,False
316 HK Equity,2018-06-30,3115.056,-10.32,-0.016,7.4091,218.487,4228.801,1.5979,625.7933,2018-08-03,False
316 HK Equity,2018-12-31,3457.599,118.486,0.1893,7.5666,318.76,4197.756,2.2971,625.7933,2019-03-25,False
316 HK Equity,2019-06-30,3300.533,138.978,0.222,7.6236,387.291,3938.184,5.4737,625.7933,2019-08-26,False
316 HK Equity,2019-12-31,3578.207,1209.815,1.9333,7.8739,359.454,3991.089,27.918,625.7933,2020-03-20,False
316 HK Equity,2020-06-30,3430.496,102.082,0.163,7.7366,501.89,3409.926,27.2961,625.7933,2020-08-21,False
316 HK Equity,2020-12-31,4760.808,800.641,1.2794,9.0159,1498.868,3069.843,17.0816,625.7933,2021-03-26,False
316 HK Equity,2021-06-30,6987.582,2810.857,4.424,12.1008,2966.32,2998.78,57.5441,637.1933,2021-08-20,False
316 HK Equity,2021-12-31,9844.603,4317.27,6.6351,14.6427,5988.409,2690.64,93.1065,660.3733,2022-03-25,False
316 HK Equity,2022-06-30,11061.132,5663.643,8.58,19.874,6285.713,2590.697,95.81,660.3733,2022-08-19,False
316 HK Equity,2022-12-31,8759.056,4301.602,6.5139,20.3461,5162.515,2080.12,86.2581,660.3733,2023-03-22,False
316 HK Equity,2023-06-30,4540.681,1128.733,1.71,17.4665,834.627,1660.265,44.0441,660.3733,2023-08-18,False
316 HK Equity,2023-12-31,3803.176,239.119,0.3621,16.9709,288.308,1438.238,11.1013,660.3733,2024-03-21,False
316 HK Equity,2024-06-30,4645.576,833.277,1.26,18.0499,1152.027,1307.396,9.1447,660.3733,2024-08-22,False
316 HK Equity,2024-12-31,6056.367,1744.169,2.6412,20.0577,2535.154,1373.223,21.0811,660.3733,2025-03-13,False
316 HK Equity,2025-06-30,4876.265,954.229,1.44,20.1762,1277.649,1401.826,21.3789,660.3733,2025-07-11,False
316 HK Equity,2025-12-31,4846.229,559.254,0.8469,20.3045,1050.106,1279.448,11.3565,660.3733,2026-03-12,False
316 HK Equity,2026-06-30,5173.277,727.95,1.1,20.9978,936.09,1272.12,9.4681,660.3733,2026-08-27,False
322 HK Equity,2016-06-30,27395.4612,455.4116,0.081,3.2865,4374.8792,16218.1494,4.424,5602.87158,2016-08-29,False
322 HK Equity,2016-12-31,28216.9043,723.6168,0.1291,3.2442,3475.2289,16030.5335,6.3984,5602.87158,2017-03-27,False
322 HK Equity,2017-06-30,28567.722,700.204,0.1249,2.5656,3824.67,16595.247,8.6831,5604.82129,2017-08-21,False
322 HK Equity,2017-12-31,30386.066,1118.873,0.1996,3.2801,3222.138,14384.273,9.942,5606.502,2018-03-20,False
322 HK Equity,2018-06-30,30996.144,1306.478,0.2326,3.3347,4623.402,10992.388,14.6489,5617.09236,2018-08-27,False
322 HK Equity,2018-12-31,29689.501,1156.843,0.2059,3.4983,2716.607,10834.508,12.9425,5617.78036,2019-03-25,False
322 HK Equity,2019-06-30,30495.309,1503.085,0.2674,3.3284,3945.229,10396.962,14.205,5623.38636,2019-08-26,False
322 HK Equity,2019-12-31,31482.849,1827.896,0.3251,3.4814,4462.289,12862.015,16.9809,5623.38636,2020-03-23,False
322 HK Equity,2020-06-30,32934.421,2380.431,0.4233,3.2849,6002.844,15200.705,22.6308,5623.98636,2020-08-24,False
322 HK Equity,2020-12-31,34683.414,1681.832,0.299,3.7538,3655.967,14013.334,19.9662,5624.38636,2021-03-22,False
322 HK Equity,2021-06-30,35395.833,2035.214,0.3618,3.4228,3056.07,15669.786,19.706,5626.92636,2021-08-23,False
322 HK Equity,2021-12-31,38686.459,1767.268,0.314,3.3138,3259.728,14016.852,19.1211,5630.97236,2022-03-28,False
322 HK Equity,2022-06-30,38216.878,1253.367,0.2225,2.7322,1610.109,17841.805,17.4399,5632.59436,2022-08-22,False
322 HK Equity,2022-12-31,40500.542,1378.945,0.2448,2.3733,3495.249,17920.123,16.4358,5634.16436,2023-03-27,False
322 HK Equity,2023-06-30,40907.456,1637.67,0.2907,2.1918,3207.213,17957.091,21.7499,5634.25636,2023-08-22,False
322 HK Equity,2023-12-31,39510.619,1479.791,0.2626,2.466,3010.59,14055.387,22.8669,5634.35636,2024-03-26,False
322 HK Equity,2024-06-30,41201.208,1885.31,0.3346,2.2175,3942.879,15356.991,27.0898,5634.35636,2024-08-26,False
322 HK Equity,2024-12-31,39449.706,1849.119,0.3282,2.5252,4946.861,13518.755,26.5572,5634.43636,2025-03-24,False
322 HK Equity,2025-06-30,40092.163,2271.116,0.403,2.2687,3400.432,15248.986,32.5999,5636.51636,2025-08-11,False
322 HK Equity,2025-12-31,38975.859,2229.582,0.3956,2.6574,5267.16,15234.937,30.8171,5636.51636,2026-03-23,False
322 HK Equity,2026-06-30,40544.565,2433.042,0.4316,2.2902,3501.77,17589.981,36.2967,5637.18636,2026-08-11,False
3690 HK Equity,2017-06-30,13778.813,-12403.508,-8.21,,-1288.71,,,,2018-09-27,False
3690 HK Equity,2017-12-31,20149.174,-6513.109,-4.2108,,1327.091,101580.292,,,2018-06-22,False
3690 HK Equity,2018-06-30,26347.827,-28756.854,-18.5299,,-5287.641,136234.864,,,2018-09-27,False
3690 HK Equity,2018-12-31,38879.451,-86720.317,-74.0009,15.1035,-3355.198,2270.056,,4757.14598,2019-03-11,False
3690 HK Equity,2019-06-30,41876.649,-554.362,-0.1,15.0652,325.846,5555.08,,5023.54525,2019-08-23,False
3690 HK Equity,2019-12-31,55651.882,2793.131,0.4818,15.8578,6359.329,5546.062,2.5068,5071.77418,2020-03-30,False
3690 HK Equity,2020-06-30,41475.724,631.411,0.11,16.2205,1282.914,4973.866,3.7595,5118.00818,2020-08-21,False
3690 HK Equity,2020-12-31,73318.786,4076.902,0.6945,16.5985,8622.177,24056.668,4.9612,5148.39605,2021-03-26,False
3690 HK Equity,2021-06-30,80775.494,-8204.606,-1.38,22.065,-1183.454,53123.423,-3.5901,5433.10423,2021-08-30,False
3690 HK Equity,2021-12-31,98352.503,-15333.773,-2.5062,20.4711,-2427.486,58919.03,-21.0817,5457.03891,2022-03-25,False
3690 HK Equity,2022-06-30,97207.117,-6819.008,-1.11,19.9795,-1815.308,65389.656,-17.139,5506.08599,2022-08-26,False
3690 HK Equity,2022-12-31,122747.831,132.898,0.0215,20.791,13572.452,58087.625,-5.2569,5548.25047,2023-03-24,False
3690 HK Equity,2023-06-30,126582.096,8046.103,1.3,22.7629,19660.091,58984.678,6.1562,5637.585,2023-08-24,False
3690 HK Equity,2023-12-31,150162.858,5809.725,0.945,24.3433,22783.393,60620.899,9.8697,5639.84726,2024-03-22,False
3690 HK Equity,2024-06-30,155526.961,16720.459,2.7,25.8059,27390.707,43050.26,14.8887,5589.83182,2024-08-28,False
3690 HK Equity,2024-12-31,182064.615,19086.72,3.1522,28.5571,33686.461,61509.567,22.0572,5466.60978,2025-03-21,False
3690 HK Equity,2025-06-30,178397.606,10421.644,1.72,33.335,15918.672,50977.402,17.1107,5530.40899,2025-08-27,False
3690 HK Equity,2025-12-31,186457.14,-33776.659,-5.6299,24.7137,-27706.784,86619.106,-14.4296,5532.14343,2026-03-26,False
3690 HK Equity,2026-06-30,195681.95,-4672.487,-0.76,30.2353,2719.085,95817.302,-21.7496,5595.61298,2026-08-28,False
3692 HK Equity,2018-06-30,3774.196,1042.307,,,696.68,,,,2019-08-30,False
3692 HK Equity,2018-12-31,3948.082,860.741,,,1375.555,0.0,,,2019-05-31,False
3692 HK Equity,2019-06-30,4599.422,1296.037,0.25,2.15,1478.356,0.0,24.1497,5705.9192,2019-08-30,False
3692 HK Equity,2019-12-31,4083.324,1260.705,0.2178,2.2534,1958.86,9.436,32.9642,5788.6112,2020-03-30,False
3692 HK Equity,2020-06-30,3979.518,1221.834,0.21,2.9734,1394.216,25.735,16.6238,5918.9912,2020-08-26,False
3692 HK Equity,2020-12-31,4710.716,1347.073,0.2276,3.02,1059.51,92.749,16.6165,5918.9912,2021-03-30,False
3692 HK Equity,2021-06-30,4401.501,1290.59,0.22,3.1606,1110.195,82.824,14.5255,5922.35007,2021-08-26,False
3692 HK Equity,2021-12-31,5533.64,1422.312,0.2341,3.3819,1617.037,3827.881,14.3144,5922.35007,2022-03-29,False
3692 HK Equity,2022-06-30,4434.378,1297.976,0.22,3.5672,1854.8,4130.124,13.6545,5922.35007,2022-08-26,False
3692 HK Equity,2022-12-31,4948.032,1285.771,0.2164,3.824,997.577,4377.856,12.1087,5922.35007,2023-03-27,False
3692 HK Equity,2023-06-30,4511.217,1288.848,0.22,4.0745,1302.379,4554.368,11.3665,5933.35007,2023-08-31,False
3692 HK Equity,2023-12-31,5592.589,1988.655,0.3356,4.3474,2349.938,4303.735,13.5317,5933.35007,2024-03-26,False
3692 HK Equity,2024-06-30,6505.501,2725.525,0.46,4.701,2995.257,119.672,18.104,5935.65007,2024-08-27,False
3692 HK Equity,2024-12-31,5755.313,1646.3,0.2774,4.8318,1739.777,117.893,16.0508,5935.65007,2025-03-21,False
3692 HK Equity,2025-06-30,7433.559,3134.929,0.53,5.2288,3976.72,116.856,16.2076,5947.15007,2025-08-18,False
3692 HK Equity,2025-12-31,7594.765,2420.532,0.4042,5.8404,3910.782,105.093,17.3488,6055.15007,2026-03-29,False
3692 HK Equity,2026-06-30,8304.007,4257.941,0.7,6.2281,,4233.548,19.3959,6064.15007,2026-08-26,False
3750 HK Equity,2017-06-30,6294.6951,1811.1122,0.9499,,-644.2986,,,,2018-08-23,False
3750 HK Equity,2017-12-31,13702.1657,2066.8427,1.0572,12.6338,3014.4739,13619.7833,,,2018-05-29,False
3750 HK Equity,2018-06-30,9359.5807,910.9543,0.4659,14.1863,1010.7505,12026.4714,,,2018-08-23,False
3750 HK Equity,2018-12-31,20251.6848,2476.0809,1.1398,15.1619,10093.0514,17494.4265,11.7524,,2019-04-25,False
3750 HK Equity,2019-06-30,20263.8442,2102.4351,0.9674,15.9165,7155.1196,22857.8867,14.0024,,2019-08-23,False
3750 HK Equity,2019-12-31,25524.1765,2457.8723,1.1228,17.5094,6054.6587,27135.8339,12.8327,,2020-04-24,False
3750 HK Equity,2020-06-30,18829.4531,1937.2811,0.8833,18.2157,5641.8268,28222.3071,11.8387,,2020-08-26,False
3750 HK Equity,2020-12-31,31490.0346,3646.0576,1.5859,27.8028,12403.983,43815.0662,10.9111,,2021-04-27,False
3750 HK Equity,2021-06-30,44074.5606,4483.7876,1.9416,29.7735,25326.1635,66389.7389,14.9954,,2021-08-25,False
3750 HK Equity,2021-12-31,86281.2358,11447.5303,4.9474,36.4549,16800.8678,112353.193,21.4245,,2022-04-21,False
3750 HK Equity,2022-06-30,112971.2579,8168.0346,3.5233,60.2438,18394.1773,184001.6473,18.8223,,2022-08-23,False
3750 HK Equity,2022-12-31,215622.7296,22561.1289,9.408,67.5396,41596.6324,226726.6923,24.6826,,2023-03-09,False
3750 HK Equity,2023-06-30,189246.0413,20717.2645,4.7201,38.781,36336.9783,202435.1768,27.9314,,2023-07-25,False
3750 HK Equity,2023-12-31,211671.0036,23403.9838,5.3344,45.1103,55322.3674,202616.9445,24.3636,,2024-03-15,False
3750 HK Equity,2024-06-30,166766.834,22864.987,5.2,44.8285,48546.4015,200081.8146,25.2525,,2024-07-26,False
3750 HK Equity,2024-12-31,195245.72,27879.695,6.3668,56.37,47058.5315,203702.876,22.8252,,2025-03-14,False
3750 HK Equity,2025-06-30,178886.253,30512.219,6.92,65.0086,58687.066,218701.592,23.7774,155.9153,2025-07-30,False
3750 HK Equity,2025-12-31,244815.5809,41716.1431,9.1452,73.8655,74684.9038,222878.1955,24.7341,155.9153,2026-03-09,False
3750 HK Equity,2026-06-30,276916.58,43284.002,9.51,81.9932,61639.858,301979.824,25.2122,218.3003,2026-07-24,False
386 HK Equity,2016-06-30,856796.0,19919.0,0.165,5.7127,74295.0,225215.0,3.9378,25513.43945,2016-08-28,False
386 HK Equity,2016-12-31,1023394.0,26753.0,0.221,5.8725,139640.0,192265.0,6.729,25513.43945,2017-03-24,False
386 HK Equity,2017-06-30,1165837.0,27092.0,0.224,5.9377,61284.0,189529.0,7.6348,25513.43945,2017-08-27,False
386 HK Equity,2017-12-31,1194356.0,24027.0,0.1985,6.0068,127785.0,186968.0,7.1086,25513.4386,2018-03-25,False
386 HK Equity,2018-06-30,1268803.0,42386.0,0.35,5.9478,74923.0,188641.0,9.2305,25513.4386,2018-08-26,False
386 HK Equity,2018-12-31,1556810.0,19232.0,0.1588,5.9245,111491.0,154654.0,8.5312,25513.4386,2019-03-24,False
386 HK Equity,2019-06-30,1466833.0,32206.0,0.266,5.9754,36988.0,389993.0,7.1265,25513.4386,2019-08-25,False
386 HK Equity,2019-12-31,1460803.0,26281.0,0.2171,6.1118,128741.0,347350.0,8.027,25513.4386,2020-03-29,False
386 HK Equity,2020-06-30,1006808.0,-21844.0,-0.18,5.7104,40703.0,426465.0,0.6272,25513.4386,2020-08-30,False
386 HK Equity,2020-12-31,1071660.0,56272.0,0.4648,6.1724,138950.0,307257.0,4.6297,25513.4386,2021-03-28,False
386 HK Equity,2021-06-30,1231523.0,40227.0,0.332,6.3121,51019.0,339325.0,13.2593,25513.4386,2021-08-29,False
386 HK Equity,2021-12-31,1447977.0,31748.0,0.2622,6.3944,181812.0,315521.0,9.4612,25513.4386,2022-03-27,False
386 HK Equity,2022-06-30,1582236.0,44841.0,0.37,6.4941,8693.0,451807.0,9.8795,25513.4386,2022-08-28,False
386 HK Equity,2022-12-31,1675120.0,22092.0,0.183,6.569,118784.0,356701.0,8.5714,24780.9366,2023-03-26,False
386 HK Equity,2023-06-30,1561502.0,36122.0,0.301,6.6367,31581.0,461957.0,7.3597,24780.9366,2023-08-27,False
386 HK Equity,2023-12-31,1585371.0,22188.0,0.1853,6.7281,141712.0,440231.0,7.3319,24377.2806,2024-03-24,False
386 HK Equity,2024-06-30,1545920.0,37079.0,0.307,6.7844,43057.0,477371.0,7.3095,24377.2806,2024-08-25,False
386 HK Equity,2024-12-31,1469401.0,11860.0,0.0976,6.7266,114047.0,475695.0,6.0463,24049.2926,2025-03-23,False
386 HK Equity,2025-06-30,1380387.0,23752.0,0.196,6.8008,61725.0,529870.0,4.3153,24012.9746,2025-08-21,False
386 HK Equity,2025-12-31,1346073.0,8724.0,0.072,6.8427,106576.0,531006.0,3.9526,23782.6006,2026-03-22,False
386 HK Equity,2026-06-30,1409380.0,26567.0,0.22,6.9539,63075.0,566946.0,4.238,23782.6006,2026-08-23,False
388 HK Equity,2016-06-30,5630.0,2985.0,2.47,25.5204,1445.0,3418.0,23.2426,1217.399,2016-08-10,False
388 HK Equity,2016-12-31,5486.0,2784.0,2.2857,26.4236,1965.0,3422.0,18.5851,1224.323,2017-02-27,False
388 HK Equity,2017-06-30,6203.0,3493.0,2.86,28.3718,3381.0,3450.0,19.0677,1231.598,2017-08-09,False
388 HK Equity,2017-12-31,6977.0,3911.0,3.1718,30.0635,3998.0,1860.0,21.2945,1239.809,2018-02-28,False
388 HK Equity,2018-06-30,8194.0,5041.0,4.07,32.6013,5239.0,1872.0,23.7145,1246.75926,2018-08-08,False
388 HK Equity,2018-12-31,7673.0,4271.0,3.4275,32.5667,4259.0,1166.0,23.8763,1250.63206,2019-02-27,False
388 HK Equity,2019-06-30,8578.0,5205.0,4.16,35.0685,4125.0,2801.0,22.358,1258.10835,2019-08-14,False
388 HK Equity,2019-12-31,7733.0,4186.0,3.3308,35.0246,5973.0,2924.0,22.122,1261.20132,2020-02-26,False
388 HK Equity,2020-06-30,8782.0,5233.0,4.15,37.2675,7296.0,2885.0,20.6448,1267.83689,2020-08-19,False
388 HK Equity,2020-12-31,10408.0,6272.0,4.9591,38.5838,7369.0,2781.0,24.7177,1267.83689,2021-02-24,False
388 HK Equity,2021-06-30,10909.0,6610.0,5.22,39.233,6601.0,2626.0,26.5967,1267.83689,2021-08-11,False
388 HK Equity,2021-12-31,10041.0,5925.0,4.6831,39.1423,5349.0,2485.0,25.4404,1267.83689,2022-02-10,False
388 HK Equity,2022-06-30,8937.0,4836.0,3.82,38.7692,6927.0,2320.0,21.7627,1267.83689,2022-08-17,False
388 HK Equity,2022-12-31,9519.0,5242.0,4.1422,39.2227,8192.0,2236.0,20.2871,1267.83689,2023-02-23,False
388 HK Equity,2023-06-30,10575.0,6312.0,4.99,40.7387,5909.0,2118.0,22.9239,1267.83689,2023-08-16,False
388 HK Equity,2023-12-31,9941.0,5550.0,4.3858,40.4973,6396.0,2051.0,23.4724,1267.83689,2024-02-29,False
388 HK Equity,2024-06-30,10621.0,6125.0,4.84,41.5732,6353.0,1861.0,22.3749,1267.83689,2024-08-21,False
388 HK Equity,2024-12-31,11753.0,6925.0,5.4769,42.4755,7358.0,1746.0,24.8108,1267.83689,2025-02-27,False
388 HK Equity,2025-06-30,14076.0,8519.0,6.74,44.8875,15372.0,1268.0,28.1779,1267.83689,2025-08-20,False
388 HK Equity,2025-12-31,15085.0,9235.0,7.3069,45.8632,12392.0,1249.0,31.7039,1267.83689,2026-02-26,False
388 HK Equity,2026-06-30,16702.0,10568.0,8.36,47.8421,13064.0,946.0,33.6883,1267.83689,2026-08-19,False
3968 HK Equity,2016-06-30,156834.0,35231.0,1.4,14.9951,-181302.0,1267811.0,16.8816,4590.90137,2016-08-18,False
3968 HK Equity,2016-12-31,139907.0,26850.0,1.0646,15.9537,349995.0,1572615.0,16.2695,4590.90137,2017-03-24,False
3968 HK Equity,2017-06-30,160903.0,39259.0,1.56,16.6287,-84433.0,1440668.0,16.5779,4590.90137,2017-08-18,False
3968 HK Equity,2017-12-31,162179.0,30891.0,1.2249,17.6901,176304.0,1527852.0,16.5352,4590.90117,2018-03-23,False
3968 HK Equity,2018-06-30,182353.0,44756.0,1.77,18.5032,60511.0,1487194.0,17.0756,4590.90117,2018-08-24,False
3968 HK Equity,2018-12-31,181875.0,35804.0,1.3539,20.0655,-20231.0,1556433.0,16.5724,4590.90117,2019-03-22,False
3968 HK Equity,2019-06-30,198281.0,50612.0,2.01,21.1666,58804.0,1641406.0,16.9434,4590.90117,2019-08-23,False
3968 HK Equity,2019-12-31,197242.0,42255.0,1.6092,22.888,43501.0,1710473.0,16.8371,4590.90117,2020-03-20,False
3968 HK Equity,2020-06-30,213135.0,49788.0,1.97,23.7298,141167.0,1657810.0,15.9629,4590.90117,2020-08-28,False
3968 HK Equity,2020-12-31,203855.0,47554.0,1.8201,25.3646,184229.0,1683372.0,15.7266,4590.90117,2021-03-19,False
3968 HK Equity,2021-06-30,230298.0,61150.0,2.35,28.5809,50537.0,1789724.0,15.9297,4590.90117,2021-08-13,False
3968 HK Equity,2021-12-31,228087.0,58772.0,2.2654,29.0128,37492.0,1691057.0,16.9621,4590.90117,2022-03-18,False
3968 HK Equity,2022-06-30,246999.0,69420.0,2.67,30.174,-148801.0,1426493.0,16.8146,4590.90117,2022-08-19,False
3968 HK Equity,2022-12-31,239458.0,68592.0,2.5904,32.7146,105893.0,1296599.0,17.0579,4590.90117,2023-03-24,False
3968 HK Equity,2023-06-30,259494.0,75752.0,2.93,33.9683,-28976.0,1313654.0,17.1985,4590.90117,2023-08-25,False
3968 HK Equity,2023-12-31,246775.0,70850.0,2.7069,36.7141,340225.0,1424501.0,16.2245,4590.90117,2024-03-25,False
3968 HK Equity,2024-06-30,259144.0,74743.0,2.89,38.0558,-69649.0,1340716.0,15.5287,4590.90117,2024-08-29,False
3968 HK Equity,2024-12-31,247285.0,73648.0,2.7772,41.4579,116034.0,1397632.0,14.4875,4590.90117,2025-03-25,False
3968 HK Equity,2025-06-30,243445.0,74930.0,2.89,42.101,128230.0,1419071.0,14.1472,4590.90117,2025-08-29,False
3968 HK Equity,2025-12-31,233120.0,75251.0,2.812,43.4345,118704.0,1473446.0,13.44,4590.90117,2026-03-27,False
3968 HK Equity,2026-06-30,240716.0,76445.0,2.98,45.4025,262401.0,1668218.0,13.2373,4590.90117,2026-08-28,False
3988 HK Equity,2016-06-30,395884.0,93037.0,0.3108,4.2412,-115245.0,2983057.0,14.4874,83622.27344,2016-08-30,False
3988 HK Equity,2016-12-31,357241.0,71541.0,0.2254,4.4566,62470.0,2979883.0,12.5425,83622.27344,2017-03-31,False
3988 HK Equity,2017-06-30,389145.0,103690.0,0.35,4.592,597290.0,3391439.0,12.9616,83622.27344,2017-08-30,False
3988 HK Equity,2017-12-31,387716.0,68717.0,0.2157,4.7436,185087.0,3490907.0,12.2331,83622.2764,2018-03-29,False
3988 HK Equity,2018-06-30,413845.0,109088.0,0.37,4.8485,282104.0,3499616.0,12.3106,83622.2764,2018-08-28,False
3988 HK Equity,2018-12-31,428965.0,70998.0,0.2234,5.1408,356628.0,4047451.0,11.9121,83622.276,2019-03-29,False
3988 HK Equity,2019-06-30,467028.0,114048.0,0.38,5.3597,-7808.0,4124128.0,11.8639,83622.2764,2019-08-30,False
3988 HK Equity,2019-12-31,465026.0,73357.0,0.2312,5.611,40239.0,4319161.0,11.4107,83622.27639,2020-03-27,False
3988 HK Equity,2020-06-30,466240.0,100917.0,0.32,5.7714,-78681.0,4190227.0,9.8384,83622.27639,2020-08-30,False
3988 HK Equity,2020-12-31,451623.0,91953.0,0.298,5.9817,139079.0,4500971.0,10.598,83622.27639,2021-03-30,False
3988 HK Equity,2021-06-30,486870.0,112813.0,0.36,6.1344,672961.0,5115686.0,11.0089,83622.27639,2021-08-30,False
3988 HK Equity,2021-12-31,494736.0,103746.0,0.3421,6.4733,637796.0,5493172.0,11.2316,83622.27639,2022-03-29,False
3988 HK Equity,2022-06-30,494189.0,119165.0,0.37,6.6094,-195730.0,5162134.0,11.2069,83622.27639,2022-08-30,False
3988 HK Equity,2022-12-31,526487.0,107357.0,0.3519,6.9788,175147.0,5261845.0,10.7625,83622.27639,2023-03-30,False
3988 HK Equity,2023-06-30,598382.0,120095.0,0.37,7.1877,226172.0,4964787.0,10.4109,83622.27639,2023-08-30,False
3988 HK Equity,2023-12-31,618540.0,111809.0,0.3695,7.5751,546563.0,5867342.0,10.1113,83622.27639,2024-03-28,False
3988 HK Equity,2024-06-30,642252.0,118601.0,0.36,7.7765,514354.0,6493769.0,9.7206,83622.27639,2024-08-29,False
3988 HK Equity,2024-12-31,624240.0,119240.0,0.3947,8.1753,675093.0,6828799.0,9.5559,83622.27639,2025-03-26,False
3988 HK Equity,2025-06-30,627192.0,117591.0,0.36,8.1861,203741.0,7003741.0,9.0964,83622.27639,2025-08-29,False
3988 HK Equity,2025-12-31,604134.0,125430.0,0.3762,8.3612,756589.0,7922369.0,8.9863,83622.27639,2026-03-30,False
3988 HK Equity,2026-06-30,623130.0,123594.0,0.36,8.5369,1230465.0,8992324.0,8.7831,83622.27639,2026-08-28,False
3993 HK Equity,2016-06-30,2174.4361,511.9062,0.0303,1.0256,618.4074,13395.7151,5.1382,3933.46802,2016-08-26,False
3993 HK Equity,2016-12-31,4775.1349,486.1343,0.0288,1.1096,2042.6569,33476.3935,5.5306,3933.46802,2017-03-30,False
3993 HK Equity,2017-06-30,11654.941,835.139,0.05,1.1079,2765.737,34440.5467,7.3346,3933.46802,2017-08-27,False
3993 HK Equity,2017-12-31,12492.6168,1892.6572,0.0892,1.7666,4547.6727,30316.375,9.5888,3933.468,2018-03-29,False
3993 HK Equity,2018-06-30,14059.7957,3122.5102,0.145,1.8313,4833.3755,30633.693,17.2152,3933.468,2018-08-27,False
3993 HK Equity,2018-12-31,11903.067,1513.0737,0.0701,1.8958,3803.731,29736.4294,11.7199,3933.468,2019-03-29,False
3993 HK Equity,2019-06-30,9978.6693,807.9908,0.037,1.8229,1542.1481,34044.9374,5.8815,3933.468,2019-08-27,False
3993 HK Equity,2019-12-31,58697.8957,1049.0234,0.0486,1.8891,-31.7834,45217.0945,4.5431,3933.468,2020-03-29,False
3993 HK Equity,2020-06-30,46743.8574,1007.8207,0.047,1.8858,3556.1705,48975.5917,5.1354,3933.468,2020-08-28,False
3993 HK Equity,2020-12-31,66237.1612,1320.9668,0.0612,1.8047,3838.3334,47661.457,5.8443,3933.468,2021-03-22,False
3993 HK Equity,2021-06-30,84815.9303,2408.5984,0.112,1.7753,688.3447,50329.6456,9.4327,3933.468,2021-08-20,False
3993 HK Equity,2021-12-31,89046.6558,2697.4188,0.1249,1.8448,3982.154,49766.8225,12.9698,3933.468,2022-03-18,False
3993 HK Equity,2022-06-30,91766.8087,4147.9303,0.193,2.1524,7922.7793,50876.9582,16.1381,3933.468,2022-08-21,False
3993 HK Equity,2022-12-31,81224.0485,1919.0163,0.0888,2.3472,5789.8621,50756.4871,13.4011,3933.468,2023-03-17,False
3993 HK Equity,2023-06-30,86726.2557,703.1442,0.033,2.3973,7161.9706,56065.7646,5.3367,3933.468,2023-08-25,False
3993 HK Equity,2023-12-31,99542.7163,7546.5677,0.3468,2.7103,6396.93,49516.6905,15.0011,3933.468,2024-03-22,False
3993 HK Equity,2024-06-30,102818.4317,5417.2593,0.25,2.8242,8945.6953,52899.2137,22.89,3933.468,2024-08-23,False
3993 HK Equity,2024-12-31,110210.2331,8114.7757,0.3731,3.2419,21308.8482,29543.254,20.9637,3933.468,2025-03-21,False
3993 HK Equity,2025-06-30,94772.5038,8671.2601,0.41,3.3863,10144.4073,28224.1452,25.007,3933.468,2025-08-22,False
3993 HK Equity,2025-12-31,111911.1453,11667.4907,0.542,3.8531,8924.4936,31607.6391,26.6073,3933.468,2026-03-27,False
3993 HK Equity,2026-06-30,135319.8856,16152.1875,0.76,4.1913,16087.8211,38995.4041,34.1762,3933.468,2026-08-19,False
5 HK Equity,2016-06-30,38337.0,6912.0,0.32,9.6395,75038.0,466282.0,5.272,19812.66211,2016-08-03,False
5 HK Equity,2016-12-31,25122.0,-4433.0,-0.255,8.8283,21535.0,389487.0,0.714,19865.74609,2017-02-21,False
5 HK Equity,2017-06-30,33531.0,7510.0,0.35,8.2237,-11882.0,496439.0,1.0832,20050.55051,2017-07-31,False
5 HK Equity,2017-12-31,33775.0,3288.0,0.134,8.4019,-990.0,468657.0,5.6397,19995.44285,2018-02-20,False
5 HK Equity,2018-06-30,37311.0,7748.0,0.36,8.1805,7705.0,411244.0,5.9631,19984.85568,2018-08-06,False
5 HK Equity,2018-12-31,39013.0,5979.0,0.2746,8.1798,-4479.0,414425.0,7.5978,20035.54702,2019-02-18,False
5 HK Equity,2019-06-30,43562.0,9216.0,0.42,8.3969,23653.0,476254.0,8.365,20237.15586,2019-08-04,False
5 HK Equity,2019-12-31,40185.0,-1833.0,-0.1257,8.0285,2870.0,411691.0,3.6511,20313.24032,2020-02-18,False
5 HK Equity,2020-06-30,36790.0,2639.0,0.1,8.1568,159785.0,408861.0,-0.3335,20366.07225,2020-08-03,False
5 HK Equity,2020-12-31,30994.0,2590.0,0.0952,8.5441,21560.0,386690.0,2.3126,20368.34769,2021-02-22,False
5 HK Equity,2021-06-30,32197.0,7949.0,0.36,8.6068,59863.0,407875.0,5.3795,20426.11817,2021-08-02,False
5 HK Equity,2021-12-31,30745.0,5968.0,0.2641,8.6592,61385.0,415356.0,7.2068,20301.97302,2022-02-21,False
5 HK Equity,2022-06-30,32633.0,8592.0,0.4,8.3126,42605.0,424206.0,7.7648,20052.7879,2022-08-01,False
5 HK Equity,2022-12-31,46106.0,6967.0,0.3231,7.9169,-35768.0,371016.0,8.5924,19968.334,2023-02-21,False
5 HK Equity,2023-06-30,65299.0,17508.0,0.86,8.3493,30123.0,428804.0,14.0864,19816.66724,2023-08-01,False
5 HK Equity,2023-12-31,69368.0,6025.0,0.2838,8.8507,-2957.0,440097.0,13.7748,19257.32867,2024-02-21,False
5 HK Equity,2024-06-30,77711.0,17112.0,0.89,8.8815,26699.0,486328.0,13.3955,18613.23081,2024-07-31,False
5 HK Equity,2024-12-31,68006.0,6867.0,0.3508,9.2441,26664.0,455061.0,13.7428,17945.02232,2025-02-19,False
5 HK Equity,2025-06-30,68730.0,12057.0,0.65,9.8775,13182.0,493665.0,10.61,17477.91626,2025-07-30,False
5 HK Equity,2025-12-31,66887.0,10228.0,0.5574,10.3352,22197.0,474723.0,12.2896,17175.23986,2026-02-25,False
5 HK Equity,2026-06-30,69847.0,15259.0,0.85,10.0777,81762.0,586929.0,14.0471,17183.56384,2026-08-04,False
6 HK Equity,2016-06-30,629.0,3476.0,1.63,56.2719,2452.0,9064.0,6.5993,2134.26172,2016-07-28,False
6 HK Equity,2016-12-31,659.0,2941.0,1.378,55.481,2112.0,8514.0,5.3031,2134.26172,2017-03-21,False
6 HK Equity,2017-06-30,631.0,4024.0,1.89,50.7356,2653.0,8859.0,6.0994,2134.26172,2017-07-20,False
6 HK Equity,2017-12-31,789.0,4295.0,2.0124,44.7836,2226.0,7223.0,7.7751,2134.26165,2018-03-16,False
6 HK Equity,2018-06-30,769.0,4120.0,1.93,39.0791,2643.0,3572.0,8.7799,2134.26165,2018-07-26,False
6 HK Equity,2018-12-31,786.0,3516.0,1.6474,39.1503,4239.0,3437.0,8.5253,2134.26165,2019-03-20,False
6 HK Equity,2019-06-30,665.0,3791.0,1.78,38.7389,3113.0,3407.0,8.7992,2134.26165,2019-07-31,False
6 HK Equity,2019-12-31,683.0,3340.0,1.5649,40.0569,2255.0,3324.0,8.4366,2134.26165,2020-03-18,False
6 HK Equity,2020-06-30,601.0,2262.0,1.06,38.7909,2525.0,3316.0,6.7711,2134.26165,2020-08-05,False
6 HK Equity,2020-12-31,669.0,3870.0,1.8133,39.7168,2090.0,3642.0,7.2032,2134.26165,2021-03-17,False
6 HK Equity,2021-06-30,615.0,2509.0,1.18,40.4294,2570.0,3602.0,7.5457,2134.26165,2021-08-04,False
6 HK Equity,2021-12-31,661.0,3631.0,1.7013,40.6543,2730.0,3438.0,7.159,2134.26165,2022-03-16,False
6 HK Equity,2022-06-30,598.0,2871.0,1.35,40.6511,2973.0,3361.0,7.5147,2134.26165,2022-08-03,False
6 HK Equity,2022-12-31,667.0,2778.0,1.3055,40.7107,2499.0,3239.0,6.5072,2131.10515,2023-03-15,False
6 HK Equity,2023-06-30,662.0,2959.0,1.39,41.4306,2330.0,3274.0,6.5546,2131.10515,2023-08-02,False
6 HK Equity,2023-12-31,630.0,3044.0,1.4284,41.5989,2947.0,3101.0,6.8368,2131.10515,2024-03-20,False
6 HK Equity,2024-06-30,454.0,3006.0,1.41,40.6188,2164.0,2866.0,6.92,2131.10515,2024-08-14,False
6 HK Equity,2024-12-31,465.0,3113.0,1.4607,40.8596,2737.0,2509.0,6.9602,2131.10515,2025-03-19,False
6 HK Equity,2025-06-30,352.0,3042.0,1.43,41.7234,2266.0,3771.0,7.015,2131.10515,2025-08-13,False
6 HK Equity,2025-12-31,419.0,3194.0,1.4988,42.5718,3048.0,3320.0,7.0146,2131.10515,2026-03-18,False
6 HK Equity,2026-06-30,298.0,14704.0,6.9,48.3927,2480.0,2770.0,18.6392,2131.10515,2026-08-12,False
6160 HK Equity,2017-06-30,,-111.168,-0.22,0.4929,-87.597,152.728,,,2017-08-09,False
6160 HK Equity,2017-12-31,,18.063,0.0317,1.1313,100.349,18.444,,,2018-02-28,False
6160 HK Equity,2018-06-30,85.348,-261.483,-0.38,1.7293,-221.638,60.534,-33.142,,2018-08-09,False
6160 HK Equity,2018-12-31,112.872,-412.286,-0.5447,2.2405,-326.079,198.4,-55.9374,773.71,2019-02-27,False
6160 HK Equity,2019-06-30,321.179,-253.21,-0.33,2.0017,-218.076,121.058,-48.1011,778.38659,2019-08-08,False
6160 HK Equity,2019-12-31,107.033,-695.418,-0.8856,1.2007,-532.193,277.342,-70.2321,793.93898,2020-03-02,False
6160 HK Equity,2020-06-30,117.694,-698.937,-0.69,2.4989,-604.886,361.769,-68.1807,1011.13328,2020-08-07,False
6160 HK Equity,2020-12-31,191.18,-897.969,-0.7726,3.2492,-560.103,561.964,-66.1047,1182.08112,2021-02-26,False
6160 HK Equity,2021-06-30,755.864,-413.846,-0.35,2.9943,-295.171,680.38,-42.7088,1199.77953,2021-08-05,False
6160 HK Equity,2021-12-31,420.419,-999.508,-0.8187,4.6771,-938.69,694.644,-27.9534,1215.53734,2022-02-25,False
6160 HK Equity,2022-06-30,648.198,-1005.723,-0.75,3.9289,-616.522,632.645,-45.0142,1228.37271,2022-08-04,False
6160 HK Equity,2022-12-31,767.723,-998.092,-0.7409,3.2322,-880.097,596.675,-37.7141,1235.11748,2023-02-27,False
6160 HK Equity,2023-06-30,1043.062,-729.568,-0.54,2.7601,-857.665,677.807,-37.9659,1255.76596,2023-08-02,False
6160 HK Equity,2023-12-29,,,,,,,,1244.44236,2024-02-26,False
6160 HK Equity,2024-06-30,1680.818,-371.555,-0.27,2.4761,-404.16,1089.984,,1259.74117,2024-08-07,False
6160 HK Equity,2024-12-31,2117.8505,-292.3853,-0.2112,2.3872,235.1102,1069.9895,,1272.27906,2025-02-27,False
6160 HK Equity,2025-06-30,2432.579,95.59,0.07,2.64,307.68,1025.675,-5.515,1424.802,2025-08-06,False
6160 HK Equity,2025-12-31,2907.0077,141.9234,0.0989,3.0421,1706.9205,1100.8623,6.218,1425.62255,2026-02-26,False
6160 HK Equity,2026-06-30,3218.509,464.364,0.32,3.5215,664.156,1143.212,13.5565,1426.36385,2026-08-05,False
6181 HK Equity,2024-06-30,3520.185,587.812,4.1103,,63.125,409.375,,88.50196,2024-08-30,False
6181 HK Equity,2024-12-31,4985.375,885.294,5.2676,23.2844,-1317.501,1690.073,,94.77486,2025-03-24,False
6181 HK Equity,2025-06-30,12354.239,2267.554,13.38,44.3653,-2262.271,3625.469,59.7238,139.47376,2025-08-20,False
6181 HK Equity,2025-12-31,14948.945,2600.382,14.9461,62.7751,-4705.848,6564.633,64.8389,143.18556,2026-03-23,False
6181 HK Equity,2026-06-30,19808.373,4267.226,24.16,74.8202,,7041.868,65.7662,143.54156,2026-08-25,False
66 HK Equity,2016-06-30,21307.0,5121.0,0.87,24.6677,9088.0,37713.0,6.3582,5880.29785,2016-08-09,False
66 HK Equity,2016-12-31,23882.0,5133.0,0.8707,25.3097,7466.0,50555.0,6.4154,5904.83008,2017-03-07,False
66 HK Equity,2017-06-30,30004.0,7480.0,1.27,25.7999,8509.0,53071.0,8.4749,5913.15039,2017-08-10,False
66 HK Equity,2017-12-31,25436.0,9349.0,1.5594,27.6815,10329.0,52659.0,10.6592,6006.9548,2018-03-08,False
66 HK Equity,2018-06-30,26373.0,7083.0,1.18,27.995,4182.0,48938.0,10.2437,6009.4603,2018-08-09,False
66 HK Equity,2018-12-31,27557.0,8925.0,1.461,29.3912,5786.0,50760.0,9.2331,6138.76309,2019-03-07,False
66 HK Equity,2019-06-30,28272.0,5506.0,0.9,29.3544,9504.0,47672.0,8.2809,6141.67109,2019-08-08,False
66 HK Equity,2019-12-31,26232.0,6426.0,1.0449,30.3033,6607.0,50182.0,6.5015,6157.84141,2020-03-05,False
66 HK Equity,2020-06-30,21592.0,-334.0,-0.05,29.1941,212.0,52071.0,3.3833,6159.61241,2020-08-06,False
66 HK Equity,2020-12-31,20949.0,-4475.0,-0.7251,28.6022,-479.0,61444.0,-2.6467,6180.55187,2021-03-11,False
66 HK Equity,2021-06-30,22317.0,2673.0,0.43,28.0348,3781.0,56964.0,-1.0205,6183.27537,2021-08-12,False
66 HK Equity,2021-12-31,24885.0,6879.0,1.112,29.0167,3142.0,54706.0,5.3587,6193.46251,2022-03-10,False
66 HK Equity,2022-06-30,23033.0,4732.0,0.76,28.646,3328.0,49611.0,6.6204,6193.46251,2022-08-11,False
66 HK Equity,2022-12-31,24779.0,5095.0,0.8226,28.9075,2819.0,58632.0,5.4747,6202.06078,2023-03-09,False
66 HK Equity,2023-06-30,27574.0,4178.0,0.67,28.5629,3248.0,63557.0,5.2306,6202.06078,2023-08-10,False
66 HK Equity,2023-12-31,29408.0,3606.0,0.5809,28.6856,6657.0,69923.0,4.3531,6217.19728,2024-03-07,False
66 HK Equity,2024-06-30,29271.0,6044.0,0.97,28.6514,7281.0,80551.0,5.429,6217.19728,2024-08-15,False
66 HK Equity,2024-12-31,30740.0,9728.0,1.5654,29.8201,9352.0,87786.0,8.6667,6224.82317,2025-03-06,False
66 HK Equity,2025-06-30,27360.0,7709.0,1.24,30.0372,5196.0,102220.0,9.546,6224.82317,2025-08-14,False
66 HK Equity,2025-12-31,28091.0,7604.0,1.2237,34.6534,4821.0,99144.0,7.631,6224.82317,2026-03-12,False
66 HK Equity,2026-06-30,26231.0,15872.0,2.55,36.5906,6560.0,180323.0,11.3207,6224.82317,2026-08-13,False
6618 HK Equity,2019-06-30,4988.537,236.254,,,460.291,,,,2020-11-26,False
6618 HK Equity,2019-12-31,5853.603,-1208.059,,,-51.064,7595.683,,,2020-11-26,False
6618 HK Equity,2020-06-30,8777.49,-5358.752,,,358.981,13662.988,,,2020-07-01,False
6618 HK Equity,2020-12-31,10605.078,-11875.611,-5.3772,12.3261,3338.04,89.978,,3184.36711,2021-03-29,False
6618 HK Equity,2021-06-30,13637.832,-455.144,-0.15,12.4204,1931.676,115.477,,3184.36711,2021-08-24,False
6618 HK Equity,2021-12-31,17044.435,-618.363,-0.1996,12.4752,1494.132,201.269,-2.7142,3194.61711,2022-03-28,False
6618 HK Equity,2022-06-30,20225.212,223.552,0.07,13.3255,2251.49,194.303,-0.9641,3178.40026,2022-08-23,False
6618 HK Equity,2022-12-31,26510.938,156.553,0.0504,14.0822,3644.809,199.41,0.8982,3179.91511,2023-03-22,False
6618 HK Equity,2023-06-30,27110.336,1561.358,0.5,15.3086,363.692,216.744,3.7742,3179.91511,2023-08-16,False
6618 HK Equity,2023-12-31,26419.605,580.483,0.1856,15.4787,4231.601,214.754,4.5505,3188.61511,2024-03-20,False
6618 HK Equity,2024-06-30,28343.961,2037.182,0.65,16.344,2226.133,217.706,5.1933,3189.46511,2024-08-15,False
6618 HK Equity,2024-12-31,29815.92,2124.662,0.6755,17.2675,2098.04,258.393,7.9586,3198.56511,2025-03-06,False
6618 HK Equity,2025-06-30,35290.047,2596.445,0.82,18.1157,6240.553,429.692,8.576,3200.11511,2025-08-14,False
6618 HK Equity,2025-12-31,38151.44,2778.96,0.8776,18.7182,3922.298,636.017,9.324,3209.27511,2026-03-05,False
6618 HK Equity,2026-06-30,40887.884,3436.804,1.08,19.1388,4452.286,874.85,10.4092,3211.07511,2026-08-13,False
669 HK Equity,2016-06-30,2685.662,177.033,0.0969,1.2176,125.313,1170.028,17.4087,1834.08191,2016-08-17,False
669 HK Equity,2016-12-31,2794.751,231.949,0.1263,1.3084,469.914,1003.572,17.9554,1833.89697,2017-03-14,False
669 HK Equity,2017-06-30,2881.62,204.433,0.1117,1.381,108.186,1108.851,18.3136,1833.39197,2017-08-16,False
669 HK Equity,2017-12-31,3182.013,265.992,0.1448,1.4938,504.468,924.474,18.3018,1835.02194,2018-03-13,False
669 HK Equity,2018-06-30,3430.828,254.737,0.1389,1.5857,204.77,987.012,19.1453,1833.79694,2018-08-15,False
669 HK Equity,2018-12-31,3590.354,297.726,0.1627,1.6723,614.074,1039.815,19.0537,1828.52194,2019-03-06,False
669 HK Equity,2019-06-30,3728.247,285.004,0.1561,1.7401,-53.889,1906.568,19.1432,1828.02694,2019-08-14,False
669 HK Equity,2019-12-31,3938.474,329.896,0.1806,1.855,818.377,1734.465,19.0595,1830.00694,2020-03-04,False
669 HK Equity,2020-06-30,4205.697,331.573,0.1814,1.9591,233.283,2209.925,19.5461,1831.15044,2020-08-12,False
669 HK Equity,2020-12-31,5606.244,469.187,0.2566,2.1297,962.569,1701.277,21.9457,1832.62044,2021-03-03,False
669 HK Equity,2021-06-30,6393.749,523.604,0.2862,2.3266,-304.974,3396.904,25.2846,1833.41744,2021-08-11,False
669 HK Equity,2021-12-31,6809.412,575.399,0.3142,2.5743,236.057,3837.044,25.4826,1834.48444,2022-03-02,False
669 HK Equity,2022-06-30,7033.606,577.988,0.3159,2.752,73.161,3960.126,24.765,1834.67794,2022-08-10,False
669 HK Equity,2022-12-31,6220.311,499.162,0.2728,2.8372,1194.866,3858.033,21.6992,1834.69794,2023-03-01,False
669 HK Equity,2023-06-30,6879.464,475.779,0.26,3.1032,723.11,3728.463,18.1505,1834.81794,2023-08-09,False
669 HK Equity,2023-12-31,6851.947,500.561,0.2735,3.1333,1425.721,2841.722,17.8278,1834.31794,2024-03-06,False
669 HK Equity,2024-06-30,7311.988,550.365,0.3012,3.412,807.629,2679.803,17.5937,1833.10794,2024-08-06,False
669 HK Equity,2024-12-31,7309.628,571.315,0.313,3.473,1532.312,2110.185,18.5231,1832.30494,2025-03-04,False
669 HK Equity,2025-06-30,7833.083,628.339,0.3437,3.6346,749.009,2294.611,18.5875,1831.59494,2025-08-05,False
669 HK Equity,2025-12-31,7426.45,569.955,0.3124,3.8041,1293.204,1758.933,17.9896,1829.20994,2026-03-03,False
669 HK Equity,2026-06-30,8291.607,738.407,0.405,4.0734,999.517,1573.77,18.5551,1828.68694,2026-08-04,False
6690 HK Equity,2016-06-30,48614.91,3315.1732,0.543,4.1919,4675.8644,45009.1439,19.3668,,2016-08-30,False
6690 HK Equity,2016-12-31,70517.3517,1726.6091,0.2837,4.3444,1783.4985,49090.8148,20.5069,,2017-04-30,False
6690 HK Equity,2017-06-30,77585.0079,4416.8672,0.724,4.8217,8415.5414,48909.3835,22.3971,,2017-08-25,False
6690 HK Equity,2017-12-31,85843.8176,2490.7619,0.4088,5.4613,5671.32,55654.1641,23.1265,,2018-04-25,False
6690 HK Equity,2018-06-30,90488.1222,4787.9438,0.785,5.784,5322.7446,53599.3998,22.5311,,2018-08-30,False
6690 HK Equity,2018-12-31,93620.3598,2695.7152,0.4347,6.2406,12233.93,55725.0906,20.4913,,2019-04-30,False
6690 HK Equity,2019-06-30,100023.4642,5058.083,0.794,6.6233,3598.7344,59635.7625,20.0233,,2019-08-29,False
6690 HK Equity,2019-12-31,100738.519,3148.1641,0.4924,7.2783,10124.9047,57472.0374,18.7291,,2020-04-29,False
6690 HK Equity,2020-06-30,95728.0971,2780.8007,0.423,7.3455,-887.695,68835.2221,13.1011,,2020-08-28,False
6690 HK Equity,2020-12-31,113978.0,6102.0,0.9108,7.4034,18030.0,39494.0,15.4852,2448.27981,2021-03-30,False
6690 HK Equity,2021-06-30,111722.0,6859.0,0.74,7.8618,8501.0,26307.0,21.2169,2813.60385,2021-08-30,False
6690 HK Equity,2021-12-31,115828.3874,6208.1354,0.6607,8.5106,14793.7336,51207.9886,17.7994,2817.95384,2022-03-30,False
6690 HK Equity,2022-06-30,121629.0,7960.0,0.85,9.13,6068.0,28466.0,17.6994,2867.22534,2022-08-29,False
6690 HK Equity,2022-12-31,121921.0,6752.0,0.7262,9.893,9755.0,29868.0,16.9642,2870.12547,2023-03-30,False
6690 HK Equity,2023-06-30,131616.0,8963.0,0.96,10.2438,6448.0,32027.0,17.1812,2858.54827,2023-08-30,False
6690 HK Equity,2023-12-31,142582.0,7634.0,0.8247,10.7296,13679.0,34185.0,17.0466,2858.54827,2024-03-27,False
6690 HK Equity,2024-06-30,141982.4826,10409.6425,1.13,11.2029,7713.1845,58253.1342,17.8283,2858.54827,2024-08-27,False
6690 HK Equity,2024-12-31,144024.0,8321.0,0.9016,11.9129,9474.0,39626.0,17.5837,2857.39827,2025-03-27,False
6690 HK Equity,2025-06-30,156494.0344,12032.9958,1.3,12.2451,10280.8902,68992.071,18.4509,2857.39827,2025-08-28,False
6690 HK Equity,2025-12-31,145860.0,7520.0,0.8171,12.6571,2521.0,42564.0,16.9674,2854.94827,2026-03-26,False
6690 HK Equity,2026-06-30,152115.0502,10316.2549,1.12,12.7621,9514.2205,72998.1675,15.2074,2853.58727,2026-08-27,False
6862 HK Equity,2017-06-30,4756.065,424.804,0.09,,610.406,,,,2018-09-12,False
6862 HK Equity,2017-12-31,5881.105,603.041,0.12,0.2309,782.446,357.22,,,2018-09-12,False
6862 HK Equity,2018-06-30,7342.644,646.488,0.13,0.2372,995.574,1111.482,,,2018-09-12,False
6862 HK Equity,2018-12-31,9626.456,999.668,0.2004,1.6274,1379.062,410.354,33.8922,5300.0,2019-03-26,False
6862 HK Equity,2019-06-30,11694.626,911.035,0.17,1.7341,1454.447,4662.457,36.9302,5300.0,2019-08-20,False
6862 HK Equity,2019-12-31,14861.166,1433.676,0.2705,2.0043,3176.731,5405.697,24.3632,5300.0,2020-04-24,False
6862 HK Equity,2020-06-30,9760.605,-964.602,-0.18,1.6833,354.561,9478.355,5.1795,5300.0,2020-08-25,False
6862 HK Equity,2020-12-31,18853.65,1273.873,0.2404,1.9309,2563.079,12160.476,2.9656,5300.0,2021-03-23,False
6862 HK Equity,2021-06-30,20094.369,94.529,0.02,1.9322,2010.091,16369.496,14.2822,5300.0,2021-08-24,False
6862 HK Equity,2021-12-31,19002.358,-4257.704,-0.7997,1.4199,1600.43,14911.814,-45.879,5574.0,2022-03-23,False
6862 HK Equity,2022-06-30,15155.472,-266.258,-0.05,1.412,2532.54,13958.957,-50.5848,5574.0,2022-08-30,False
6862 HK Equity,2022-12-31,14274.5,1640.735,0.303,1.3353,3520.201,9855.102,17.8995,5574.0,2023-03-30,False
6862 HK Equity,2023-06-30,18885.854,2258.052,0.42,1.7176,5010.105,8045.687,46.0125,5574.0,2023-08-29,False
6862 HK Equity,2023-12-31,22567.494,2241.028,0.4139,2.0679,4119.738,7287.068,47.4341,5574.0,2024-03-26,False
6862 HK Equity,2024-06-30,21490.903,2038.125,0.38,1.7643,3886.928,6584.405,45.3922,5574.0,2024-08-27,False
6862 HK Equity,2024-12-31,21263.784,2669.959,0.4931,1.8719,4172.398,6168.246,42.8779,5574.0,2025-03-25,False
6862 HK Equity,2025-06-30,20703.294,1758.525,0.32,1.7688,2668.017,5876.223,46.2959,5574.0,2025-08-25,False
6862 HK Equity,2025-12-31,22522.061,2291.299,0.4231,1.7965,3177.876,5934.57,39.6115,5574.0,2026-03-24,False
6862 HK Equity,2026-06-30,22336.906,1766.871,0.33,1.7519,,5908.473,41.9601,5574.0,2026-08-25,False
688 HK Equity,2016-06-30,67738.7706,14551.5759,1.4725,17.5294,23899.4995,93751.3045,18.3367,9860.58105,2016-08-22,False
688 HK Equity,2016-12-31,68056.0575,17165.0225,1.6336,18.1551,23184.8071,155568.4754,17.1466,10956.20117,2017-03-22,False
688 HK Equity,2017-06-30,75792.7368,19134.5375,1.7496,19.2552,-15930.2044,137576.8825,18.5991,10956.20117,2017-08-21,False
688 HK Equity,2017-12-31,66430.5465,16236.3096,1.4819,20.1978,-24643.043,148451.0372,16.7097,10956.20154,2018-03-26,False
688 HK Equity,2018-06-30,72035.863,18877.7609,1.7236,21.2576,-5718.124,173443.2336,16.3025,10956.20154,2018-08-23,False
688 HK Equity,2018-12-31,71991.426,18838.496,1.7194,22.6139,-6353.466,171259.406,16.0818,10956.20154,2019-03-20,False
688 HK Equity,2019-06-30,69079.5916,18451.8459,1.6873,24.2635,-8120.2306,191783.4585,14.8145,10956.20154,2019-08-22,False
688 HK Equity,2019-12-31,83814.925,20293.316,1.8522,25.6114,15210.366,190172.732,14.6668,10956.20154,2020-03-26,False
688 HK Equity,2020-06-30,88625.398,20526.531,1.87,26.9343,4709.245,209279.61,14.5545,10956.20154,2020-08-24,False
688 HK Equity,2020-12-31,97164.13,23377.423,2.1339,28.6808,464.386,213672.269,14.7638,10954.08504,2021-03-29,False
688 HK Equity,2021-06-30,107879.151,20778.666,1.9,29.9735,1139.206,229014.21,14.1721,10944.81504,2021-08-23,False
688 HK Equity,2021-12-31,134361.632,19376.695,1.7704,31.3902,14789.075,242554.62,12.2107,10944.81504,2022-03-31,False
688 HK Equity,2022-06-30,103789.157,16742.941,1.53,32.235,-25318.316,271152.703,10.61,10944.88354,2022-08-24,False
688 HK Equity,2022-12-31,76532.412,6521.806,0.5959,32.3877,5718.749,271542.779,6.6657,10944.88354,2023-03-31,False
688 HK Equity,2023-06-30,89159.725,13489.777,1.23,33.2479,28637.133,252619.512,5.5844,10944.88354,2023-08-28,False
688 HK Equity,2023-12-31,113364.344,12120.06,1.1074,34.0815,-2506.821,258718.8,7.0405,10944.88354,2024-03-28,False
688 HK Equity,2024-06-30,86935.427,10313.63,0.94,34.586,-1180.046,256590.49,6.0433,10944.88354,2024-08-28,False
688 HK Equity,2024-12-31,98218.6,5322.028,0.4863,34.7752,39507.521,242547.187,4.1494,10944.88354,2025-03-31,False
688 HK Equity,2025-06-30,83219.084,8599.034,0.79,35.3242,-2100.955,228412.384,3.6387,10944.88354,2025-08-27,False
688 HK Equity,2025-12-31,84869.681,4092.152,0.3739,35.4456,12373.475,247706.385,3.3026,10944.88354,2026-03-31,False
688 HK Equity,2026-06-30,97599.111,7030.375,0.64,35.878,25347.444,237505.726,2.8545,10944.88354,2026-08-26,False
700 HK Equity,2016-06-30,67686.0,19920.0,2.128,15.0146,30066.0,84977.0,28.91,9407.69336,2016-08-17,False
700 HK Equity,2016-12-31,84252.0,21175.0,2.2553,18.5521,37889.0,109497.0,27.8933,9476.86523,2017-03-22,False
700 HK Equity,2017-06-30,106158.0,32707.0,3.48,22.6454,48697.0,116592.0,30.2755,9479.80229,2017-08-16,False
700 HK Equity,2017-12-31,131602.0,38803.0,4.1183,27.0086,62981.0,131905.0,33.2066,9498.98996,2018-03-21,False
700 HK Equity,2018-06-30,147203.0,41157.0,4.363,31.0147,44228.0,169477.0,31.3901,9504.09393,2018-08-15,False
700 HK Equity,2018-12-31,165491.0,37562.0,3.9731,34.0426,68374.0,179289.0,27.164,9520.26254,2019-03-21,False
700 HK Equity,2019-06-30,174286.0,51346.0,5.427,40.59,54792.0,211632.0,26.1017,9520.93839,2019-08-14,False
700 HK Equity,2019-12-31,203003.0,41964.0,4.4289,45.4598,94651.0,232520.0,24.6781,9552.37731,2020-03-18,False
700 HK Equity,2020-06-30,222948.0,62003.0,6.541,56.0335,97940.0,285491.0,22.5558,9553.64786,2020-08-12,False
700 HK Equity,2020-12-31,259116.0,97844.0,10.2983,73.5825,96866.0,262464.0,28.125,9591.66732,2021-03-24,False
700 HK Equity,2021-06-30,273562.0,90354.0,9.492,88.1842,83572.0,291149.0,27.2432,9595.20663,2021-08-18,False
700 HK Equity,2021-12-31,286556.0,134468.0,14.0996,84.0493,92336.0,323476.0,29.7722,9608.37847,2022-03-23,False
700 HK Equity,2022-06-30,269505.0,42032.0,4.407,76.5399,69303.0,360802.0,22.3036,9622.34898,2022-08-17,False
700 HK Equity,2022-12-31,285047.0,146211.0,15.3615,75.8198,78144.0,359141.0,24.6441,9576.31692,2023-03-22,False
700 HK Equity,2023-06-30,299194.0,52009.0,5.486,81.2925,102097.0,377577.0,26.1713,9598.08051,2023-08-16,False
700 HK Equity,2023-12-31,309821.0,63207.0,6.7035,85.6854,120747.0,371240.0,15.0611,9509.70282,2024-03-20,False
700 HK Equity,2024-06-30,320618.0,89519.0,9.59,92.0062,131535.0,364371.0,18.6367,9362.46697,2024-08-14,False
700 HK Equity,2024-12-31,339639.0,104554.0,11.3609,106.0449,133003.0,358112.0,21.7798,9224.57727,2025-03-19,False
700 HK Equity,2025-06-30,364526.0,103449.0,11.367,121.6123,156578.0,412486.0,21.0602,9176.26267,2025-08-13,False
700 HK Equity,2025-12-31,387240.0,121393.0,13.3855,127.0208,154328.0,406399.0,21.1347,9130.70991,2026-03-18,False
700 HK Equity,2026-06-30,401243.0,114115.0,12.639,124.9256,161929.0,471828.0,20.9295,9108.28477,2026-08-12,False
728 HK Equity,2016-06-30,176828.0,11673.0,0.14,3.8154,46348.0,106157.0,6.8745,13877.41016,2016-08-23,False
728 HK Equity,2016-12-31,175706.0,6345.0,0.0784,3.8968,54787.0,112528.0,5.8201,13877.41016,2017-03-21,False
728 HK Equity,2017-06-30,184315.0,12555.0,0.16,3.9547,47000.0,93184.0,6.011,13877.41016,2017-08-23,False
728 HK Equity,2017-12-31,181914.0,6062.0,0.0749,4.0264,49502.0,104377.0,5.8065,13877.41,2018-03-28,False
728 HK Equity,2018-06-30,193029.0,13570.0,0.17,4.135,50689.0,83267.0,5.9971,13877.41,2018-08-20,False
728 HK Equity,2018-12-31,184095.0,7640.0,0.0944,4.239,48609.0,95744.0,6.3414,13877.41,2019-03-19,False
728 HK Equity,2019-06-30,190488.0,13909.0,0.17,4.2725,53027.0,119641.0,6.3339,13877.41,2019-08-22,False
728 HK Equity,2019-12-31,185246.0,6608.0,0.0816,4.3556,59573.0,121168.0,5.8993,13877.41,2020-03-24,False
728 HK Equity,2020-06-30,193803.0,13949.0,0.17,4.4132,65286.0,88407.0,5.8488,13877.41,2020-08-18,False
728 HK Equity,2020-12-31,199758.0,6901.0,0.0853,4.4909,66974.0,93989.0,5.8243,13877.41,2021-03-09,False
728 HK Equity,2021-06-30,217546.6967,17743.1034,0.22,,67635.9494,,,13877.41,2021-08-10,False
728 HK Equity,2021-12-31,220315.0,8205.0,0.0933,4.6846,69898.0,58898.0,6.5515,13877.41,2022-03-17,False
728 HK Equity,2022-06-30,242319.0,18291.0,0.2,4.7165,65097.0,49196.0,,13877.41,2022-08-16,False
728 HK Equity,2022-12-31,239129.0,9302.0,0.1017,4.7219,71335.0,77380.0,6.4113,13877.41,2023-03-22,False
728 HK Equity,2023-06-30,260664.0,20153.0,0.22,4.8692,65536.0,69503.0,6.716,13877.41,2023-08-08,False
728 HK Equity,2023-12-31,252887.0,10293.0,0.1125,4.8403,71972.0,65191.0,6.959,13877.41,2024-03-26,False
728 HK Equity,2024-06-30,268011.0,21812.0,0.24,4.9863,58700.0,61402.0,7.1198,13877.41,2024-08-20,False
728 HK Equity,2024-12-31,261406.0,11200.0,0.1224,4.9438,86349.0,60743.0,7.3744,13877.41,2025-03-25,False
728 HK Equity,2025-06-30,271469.0,23017.0,0.25,5.102,47307.0,56221.0,7.4131,13877.41,2025-08-14,False
728 HK Equity,2025-12-31,258090.0,10168.0,0.1111,5.036,77762.0,49313.0,7.2677,13877.41,2026-03-24,False
728 HK Equity,2026-06-30,260471.0,19588.0,0.21,5.1568,61375.0,47056.0,6.3395,13877.41,2026-08-20,False
762 HK Equity,2016-06-30,140255.0,1429.0,0.06,9.52,41930.0,152589.0,2.1854,23947.08203,2016-08-17,False
762 HK Equity,2016-12-31,133942.0,-804.0,-0.0336,9.4963,33020.0,175292.0,0.2726,23947.08203,2017-03-15,False
762 HK Equity,2017-06-30,138160.0,2415.0,0.1,9.61,46664.0,174810.0,0.7033,23947.08203,2017-08-16,False
762 HK Equity,2017-12-31,136669.0,-587.0,-0.0233,9.9369,38567.0,72505.0,0.6879,30598.12435,2018-03-15,False
762 HK Equity,2018-06-30,149105.0,5912.0,0.19,10.1017,50905.0,50223.0,1.9751,30598.12435,2018-08-15,False
762 HK Equity,2018-12-31,141772.0,4285.0,0.14,10.2596,41741.0,40022.0,3.3001,30598.12435,2019-03-13,False
762 HK Equity,2019-06-30,144954.0,6877.0,0.22,10.3288,42355.0,64355.0,3.5711,30598.12435,2019-08-14,False
762 HK Equity,2019-12-31,145561.0,4453.0,0.1455,10.4597,51634.0,57278.0,3.5743,30598.12435,2020-03-23,False
762 HK Equity,2020-06-30,150397.0,7569.0,0.25,10.5363,47749.0,55007.0,3.7661,30598.12435,2020-08-12,False
762 HK Equity,2020-12-31,153441.0,4924.0,0.1609,10.6735,58558.0,42598.0,3.864,30598.12435,2021-03-11,False
762 HK Equity,2021-06-30,164174.0,9167.0,0.3,10.8199,50664.0,41981.0,4.3128,30598.12435,2021-08-19,False
762 HK Equity,2021-12-31,163680.0,5201.0,0.17,10.8614,60964.0,35069.0,4.361,30598.12435,2022-03-11,False
762 HK Equity,2022-06-30,176261.0,10957.0,0.36,11.1432,42171.0,36988.0,4.8087,30598.12435,2022-08-08,False
762 HK Equity,2022-12-31,178683.0,5788.0,0.1892,11.1647,59663.0,56176.0,4.9692,30598.12435,2023-03-08,False
762 HK Equity,2023-06-30,191833.0,12391.0,0.4,11.4827,38287.0,52557.0,5.2517,30598.12435,2023-08-09,False
762 HK Equity,2023-12-31,180764.0,6335.0,0.207,11.4868,65659.0,45544.0,5.4036,30598.12435,2024-03-19,False
762 HK Equity,2024-06-30,197341.0,13793.0,0.45,11.8174,29289.0,43196.0,5.6465,30598.12435,2024-08-15,False
762 HK Equity,2024-12-31,192248.0,6820.0,0.2229,11.7996,62401.0,39765.0,5.786,30598.12435,2025-03-18,False
762 HK Equity,2025-06-30,200202.0,14484.0,0.47,12.1329,29002.0,36844.0,5.8141,30598.12435,2025-08-12,False
762 HK Equity,2025-12-31,192021.0,6332.0,0.2069,12.0361,63292.0,34087.0,5.7083,30598.12435,2026-03-19,False
762 HK Equity,2026-06-30,201364.0,9468.0,0.31,12.1964,32943.0,31347.0,4.2449,30598.12435,2026-08-18,False
823 HK Equity,2016-03-31,4555.0,8286.0,3.5783,55.1882,2506.0,29363.0,13.2753,,2016-06-29,True
823 HK Equity,2016-06-30,,,,,,,,2308.2287,2015-11-11,False
823 HK Equity,2016-09-30,4608.0,5953.0,2.5753,56.5621,2747.0,29739.0,11.2992,,2016-12-29,True
823 HK Equity,2016-12-30,,,,,,,,2287.148,2016-06-08,False
823 HK Equity,2017-03-31,4647.0,11758.0,5.1423,60.7064,2595.0,27497.0,13.3352,,2017-06-29,True
823 HK Equity,2017-06-30,,,,,,,,2277.20808,2016-11-09,False
823 HK Equity,2017-09-30,4949.0,12132.0,5.3352,65.218,3024.0,33391.0,17.2177,,2017-12-29,True
823 HK Equity,2017-12-29,,,,,,,,2254.7872,2017-06-07,False
823 HK Equity,2018-03-31,5074.0,35629.0,15.827,80.7227,2658.0,25785.0,30.1488,,2018-06-29,True
823 HK Equity,2018-06-29,,,,,,,,2212.43868,2017-11-07,False
823 HK Equity,2018-09-30,4930.0,9226.0,4.1885,82.9987,2614.0,22122.0,27.3496,,2018-12-29,True
823 HK Equity,2018-12-31,,,,,,,,2173.26187,2018-06-06,False
823 HK Equity,2019-03-31,5107.0,11103.0,5.1114,86.9557,2771.0,24217.0,11.0684,,2019-06-29,True
823 HK Equity,2019-06-28,,,,,,,,2170.51904,2018-11-13,False
823 HK Equity,2019-09-30,5332.0,6742.0,3.1098,88.0265,3048.0,27748.0,9.638,,2019-12-29,True
823 HK Equity,2019-12-31,,,,,,,,2146.64813,2019-06-03,False
823 HK Equity,2020-03-31,5386.0,-23864.0,-11.1304,75.4206,2847.0,34598.0,-9.8275,,2020-06-29,True
823 HK Equity,2020-06-30,,,,,,,,2117.60424,2019-11-13,False
823 HK Equity,2020-09-30,5233.0,-4093.0,-1.9339,72.4947,2744.0,36029.0,-16.2645,,2020-12-29,True
823 HK Equity,2020-12-31,,,,,,,,2142.264,2020-06-01,False
823 HK Equity,2021-03-31,5511.0,5278.0,2.475,74.0898,3544.0,38636.0,0.7443,,2021-06-29,True
823 HK Equity,2021-06-30,,,,,,,,2142.264,2020-11-09,False
823 HK Equity,2021-09-30,5778.0,6288.0,2.9349,75.787,2675.0,42491.0,7.2996,,2021-12-29,True
823 HK Equity,2021-12-31,,,,,,,,2151.2935,2021-06-17,False
823 HK Equity,2022-03-31,5824.0,606.0,0.2804,74.9225,3161.0,49745.0,4.2899,,2022-06-29,True
823 HK Equity,2022-06-30,,,,,,,,2171.41695,2021-11-09,False
823 HK Equity,2022-09-30,6042.0,13993.0,6.4431,78.5798,3214.0,54068.0,8.7522,,2022-12-29,True
823 HK Equity,2022-12-30,,,,,,,,2168.6419,2022-06-01,False
823 HK Equity,2023-03-31,6192.0,1458.0,0.6486,73.9826,3052.0,64913.0,8.7883,,2023-06-29,True
823 HK Equity,2023-06-30,,,,,,,,2553.84509,2022-11-08,False
823 HK Equity,2023-09-30,6725.0,-3374.0,-1.33,70.7158,3249.0,58764.0,-1.0894,,2023-12-29,True
823 HK Equity,2023-12-29,,,,,,,,2561.93058,2023-05-31,False
823 HK Equity,2024-03-31,6853.0,1391.0,0.5387,70.0211,3167.0,59259.0,-1.0784,,2024-06-29,True
823 HK Equity,2024-06-28,,,,,,,,2553.84511,2023-11-08,False
823 HK Equity,2024-09-30,7153.0,-3684.0,-1.44,66.8051,3435.0,54945.0,-1.298,,2024-12-29,True
823 HK Equity,2024-12-31,,,,,,,,2586.88037,2024-05-29,False
823 HK Equity,2025-03-31,7070.0,-5179.0,-2.0081,63.3017,3474.0,52908.0,-5.1786,,2025-06-29,True
823 HK Equity,2025-06-30,,,,,,,,2582.39646,2024-11-06,False
823 HK Equity,2025-09-30,7023.0,-1614.0,-0.62,61.1858,3615.0,54518.0,-4.1115,,2025-12-29,True
823 HK Equity,2025-12-31,,,,,,,,2582.39646,2025-05-27,False
823 HK Equity,2026-03-31,6915.0,-5783.0,-2.2301,57.7528,3201.0,56291.0,-4.718,,2026-06-29,True
823 HK Equity,2026-06-30,,,,,,,,2582.39646,2025-11-20,False
836 HK Equity,2016-06-30,30971.184,5486.258,1.12,14.7257,9289.162,92129.973,11.7733,4807.25537,2016-08-18,False
836 HK Equity,2016-12-31,35241.406,2372.279,0.497,14.3564,10909.128,91463.402,11.0168,4807.6626,2017-03-23,False
836 HK Equity,2017-06-30,34092.283,1853.554,0.39,14.521,1962.293,103181.427,6.0093,4810.44385,2017-08-16,False
836 HK Equity,2017-12-31,39219.394,2769.769,0.5799,15.6446,13849.009,100922.869,6.4108,4810.44374,2018-03-19,False
836 HK Equity,2018-06-30,39307.766,2959.127,0.62,15.2823,1373.056,109509.285,7.9919,4810.44374,2018-08-16,False
836 HK Equity,2018-12-31,37632.359,991.308,0.2073,14.5798,13018.642,96675.137,5.4358,4810.44374,2019-03-22,False
836 HK Equity,2019-06-30,32916.036,4017.785,0.84,15.168,2809.255,101857.642,6.8393,4810.44374,2019-08-14,False
836 HK Equity,2019-12-31,34841.596,2572.56,0.5348,15.1595,15625.159,88941.462,9.2134,4810.44374,2020-03-30,False
836 HK Equity,2020-06-30,31184.879,4528.857,0.94,15.2705,1087.847,99343.217,9.6999,4810.44374,2020-08-17,False
836 HK Equity,2020-12-31,38365.932,3053.811,0.6348,17.8368,17007.516,103342.485,9.5544,4810.44374,2021-03-18,False
836 HK Equity,2021-06-30,42799.952,5635.468,1.17,18.8196,3239.04,108286.454,10.5974,4810.44374,2021-08-20,False
836 HK Equity,2021-12-31,47614.214,-3497.619,-0.7271,18.4997,1231.568,129474.179,2.4461,4810.44374,2022-03-16,False
836 HK Equity,2022-06-30,50409.175,4369.939,0.91,17.9897,6151.459,133285.048,0.9853,4810.44374,2022-08-17,False
836 HK Equity,2022-12-31,52895.922,2672.539,0.5556,17.0958,13969.603,132971.901,8.2257,4810.44374,2023-03-22,False
836 HK Equity,2023-06-30,51483.669,6740.1,1.4,17.1951,6450.762,152804.832,11.1225,4810.44374,2023-08-22,False
836 HK Equity,2023-12-31,51850.653,4263.183,0.8862,17.6644,18172.493,161519.613,13.1609,4810.44374,2024-03-20,False
836 HK Equity,2024-06-30,51119.684,9362.748,1.95,18.8065,8269.14,186310.496,15.7358,4810.44374,2024-08-27,False
836 HK Equity,2024-12-31,54164.599,5025.699,1.0274,19.1521,21319.665,194156.392,15.629,5177.05774,2025-03-20,False
836 HK Equity,2025-06-30,50266.881,7872.138,1.52,20.3817,12287.028,205141.202,13.1621,5177.05774,2025-08-21,False
836 HK Equity,2025-12-31,51742.997,6646.812,1.2839,21.4979,29417.77,212842.789,13.7982,5177.05774,2026-03-18,False
836 HK Equity,2026-06-30,54976.931,6649.412,1.28,23.5235,8048.437,230630.096,11.6993,5177.05774,2026-08-26,False
857 HK Equity,2016-06-30,739067.0,531.0,0.003,6.4606,104586.0,551475.0,0.9002,21098.90039,2016-08-24,False
857 HK Equity,2016-12-31,877836.0,7372.0,0.0403,6.4983,149448.0,526204.0,0.6672,21098.90039,2017-03-30,False
857 HK Equity,2017-06-30,975909.0,12674.0,0.069,6.5456,142849.0,501750.0,1.6843,21098.90039,2017-08-24,False
857 HK Equity,2017-12-31,1039981.0,10119.0,0.0553,6.5228,213624.0,475972.0,1.9129,21098.9,2018-03-22,False
857 HK Equity,2018-06-30,1119637.0,27439.0,0.15,6.603,149205.0,432892.0,3.1214,21098.9,2018-08-30,False
857 HK Equity,2018-12-31,1255297.0,25591.0,0.1398,6.6335,189484.0,422699.0,4.4047,21098.9,2019-03-21,False
857 HK Equity,2019-06-30,1196259.0,28420.0,0.155,6.704,143740.0,615628.0,4.4354,21098.9,2019-08-29,False
857 HK Equity,2019-12-31,1320551.0,17257.0,0.0943,6.7229,206765.0,631411.0,3.7371,21098.9,2020-03-26,False
857 HK Equity,2020-06-30,929045.0,-29983.0,-0.164,6.4951,71288.0,664071.0,-1.0536,21098.9,2020-08-27,False
857 HK Equity,2020-12-31,1004791.0,48989.0,0.2677,6.6394,237897.0,498144.0,1.5543,21098.9,2021-03-25,False
857 HK Equity,2021-06-30,1196581.0,53037.0,0.29,6.8378,117597.0,513164.0,8.3621,21098.9,2021-08-26,False
857 HK Equity,2021-12-31,1417768.0,39133.0,0.2138,6.9039,226161.0,470298.0,7.4369,21098.9,2022-03-31,False
857 HK Equity,2022-06-30,1614621.0,81627.0,0.45,7.2922,194064.0,464453.0,9.3392,21098.9,2022-08-25,False
857 HK Equity,2022-12-31,1624546.0,66987.0,0.366,7.4681,184974.0,464507.0,11.2998,21098.9,2023-03-28,False
857 HK Equity,2023-06-30,1479871.0,85272.0,0.47,7.7201,218738.0,425722.0,11.0832,21098.9,2023-08-30,False
857 HK Equity,2023-12-31,1532941.0,76144.0,0.416,7.9285,238351.0,413198.0,11.4564,21098.9,2024-03-25,False
857 HK Equity,2024-06-30,1554973.0,88802.0,0.49,8.1393,220217.0,334242.0,11.3657,21098.9,2024-08-26,False
857 HK Equity,2024-12-31,1383008.0,75874.0,0.4146,8.2798,195461.0,370369.0,11.1028,21098.9,2025-03-30,False
857 HK Equity,2025-06-30,1450021.0,85171.0,0.47,8.5012,235978.0,381808.0,10.5757,21098.9,2025-08-26,False
857 HK Equity,2025-12-31,1414370.0,73309.0,0.4006,8.8366,186258.0,369740.0,10.1179,21098.9,2026-03-29,False
857 HK Equity,2026-06-30,1527491.0,103934.0,0.57,8.9509,254295.0,414895.0,11.0982,21098.9,2026-08-30,False
868 HK Equity,2016-06-30,5885.042,1369.122,0.3533,3.3581,1479.955,6810.618,19.4814,3880.87158,2016-08-02,False
868 HK Equity,2016-12-31,6963.358,1844.306,0.4743,3.3869,2391.522,7674.438,24.8147,3891.46021,2017-02-28,False
868 HK Equity,2017-06-30,6676.799,1635.924,0.4164,3.8477,630.459,7866.205,24.4905,3998.19556,2017-07-31,False
868 HK Equity,2017-12-31,8050.743,2377.84,0.5932,4.5393,3263.053,8466.385,25.5506,4016.30665,2018-02-26,False
868 HK Equity,2018-06-30,7747.838,2007.524,0.5,4.6304,2221.999,9131.848,25.8742,4015.63965,2018-07-31,False
868 HK Equity,2018-12-31,8266.652,2229.282,0.5577,4.6641,2823.489,9969.374,22.9874,3993.18215,2019-02-25,False
868 HK Equity,2019-06-30,7449.94,2124.768,0.531,4.9158,1556.92,11196.547,22.7867,4007.96085,2019-08-07,False
868 HK Equity,2019-12-31,8808.549,2353.024,0.5865,5.1867,2541.464,10816.605,22.689,4016.75615,2020-03-16,False
868 HK Equity,2020-06-30,7133.956,1382.387,0.344,5.0561,1369.796,11926.603,18.656,4019.09415,2020-08-03,False
868 HK Equity,2020-12-31,11481.923,5039.826,1.2489,6.9022,3574.434,11657.266,26.3595,4038.62365,2021-03-01,False
868 HK Equity,2021-06-30,13575.531,5376.967,1.334,7.6979,2575.33,12084.001,40.418,4052.37035,2021-08-02,False
868 HK Equity,2021-12-31,16883.589,6178.92,1.5365,8.6095,9197.573,15545.113,36.9905,4027.11955,2022-02-28,False
868 HK Equity,2022-06-30,13649.417,3304.917,0.821,8.1308,3971.371,17012.914,29.629,4033.43025,2022-08-01,False
868 HK Equity,2022-12-31,12096.573,1822.237,0.4474,7.7809,3366.412,14665.081,15.4035,4107.40593,2023-02-27,False
868 HK Equity,2023-06-30,12621.221,2147.89,0.521,7.694,1529.403,13363.489,12.3246,4126.03733,2023-07-31,False
868 HK Equity,2023-12-31,11672.452,2735.213,0.6537,7.7181,3500.649,7466.857,15.1267,4222.54567,2024-02-28,False
868 HK Equity,2024-06-30,10881.695,2509.339,0.5941,8.462,2012.858,7335.696,15.5709,4224.53627,2024-07-31,False
868 HK Equity,2024-12-31,10516.375,639.257,0.1493,7.8685,3973.697,7322.167,9.4164,4357.19292,2025-03-02,False
868 HK Equity,2025-06-30,9821.324,1012.838,0.2325,8.0328,1577.735,7151.074,4.6703,4357.19292,2025-08-01,False
868 HK Equity,2025-12-31,11007.69,1716.166,0.3899,8.3201,3888.24,4807.179,7.6772,4424.10885,2026-02-27,False
868 HK Equity,2026-06-30,9520.817,1184.067,0.2672,8.3533,939.423,4010.759,8.0611,4424.10885,2026-07-31,False
883 HK Equity,2016-06-30,66832.0,-7735.0,-0.17,8.309,32526.0,158987.0,-0.5894,44647.45703,2016-08-24,False
883 HK Equity,2016-12-31,79658.0,8372.0,0.1875,8.5642,38393.0,150476.0,0.1658,44647.45703,2017-03-23,False
883 HK Equity,2017-06-30,92362.0,16250.0,0.36,8.6197,48847.0,146148.0,6.5153,44647.45703,2017-08-24,False
883 HK Equity,2017-12-31,94028.0,8427.0,0.1887,8.5106,43579.0,132250.0,6.474,44647.45598,2018-03-29,False
883 HK Equity,2018-06-30,105649.0,25477.0,0.57,8.8693,58406.0,134273.0,8.684,44647.45598,2018-08-23,False
883 HK Equity,2018-12-31,122062.0,27198.0,0.6092,9.4048,64615.0,142470.0,13.1708,44647.45598,2019-03-21,False
883 HK Equity,2019-06-30,109307.0,30288.0,0.68,9.6504,58181.0,148920.0,13.9047,44647.45598,2019-08-29,False
883 HK Equity,2019-12-31,123892.0,30757.0,0.6889,10.0384,64490.0,158547.0,14.0643,44647.45598,2020-03-25,False
883 HK Equity,2020-06-30,74560.0,10383.0,0.23,9.8926,34213.0,147588.0,9.4299,44647.45598,2020-08-19,False
883 HK Equity,2020-12-31,80812.0,14573.0,0.3264,9.7141,47587.0,143549.0,5.6596,44647.45598,2021-03-25,False
883 HK Equity,2021-06-30,110233.2338,33328.9271,0.7736,10.6034,61396.574,136542.1566,10.6628,44647.45598,2021-08-19,False
883 HK Equity,2021-12-31,135878.0,36991.0,0.8285,10.7713,80298.0,135142.0,15.3769,44647.45598,2022-03-30,False
883 HK Equity,2022-06-30,202355.0,71887.0,1.57,11.5181,102227.0,129782.0,21.6565,44647.45598,2022-08-25,False
883 HK Equity,2022-12-31,219875.0,69813.0,1.4661,12.7884,104156.0,134396.0,26.2871,44576.76398,2023-03-29,False
883 HK Equity,2023-06-30,192064.0,63761.0,1.34,13.382,101636.0,121305.0,22.5398,44576.76398,2023-08-17,False
883 HK Equity,2023-12-31,224545.0,60082.0,1.2631,14.0137,111561.0,120177.0,19.599,44576.76398,2024-03-21,False
883 HK Equity,2024-06-30,226770.0,79731.0,1.68,15.1198,118731.0,93117.0,20.6254,44576.76398,2024-08-28,False
883 HK Equity,2024-12-31,193736.0,58205.0,1.2243,15.7279,102949.0,91887.0,19.5082,44539.95398,2025-03-27,False
883 HK Equity,2025-06-30,207608.0,69533.0,1.46,16.5468,109914.0,72437.0,16.9676,44539.95398,2025-08-27,False
883 HK Equity,2025-12-31,190612.0,52549.0,1.1056,16.8893,101128.0,69800.0,15.7495,44539.95398,2026-03-26,False
883 HK Equity,2026-06-30,242660.0,85818.0,1.81,18.0108,144016.0,68088.0,16.8481,44539.95398,2026-08-26,False
939 HK Equity,2016-06-30,473942.0,133410.0,0.53,5.9006,-29509.0,2517283.0,16.5423,240417.3125,2016-08-25,False
939 HK Equity,2016-12-31,421812.0,98050.0,0.3879,6.2271,320627.0,2818006.0,15.5084,240417.3125,2017-03-29,False
939 HK Equity,2017-06-30,473988.0,138339.0,0.55,6.4349,94356.0,2522434.0,15.2609,240417.3125,2017-08-30,False
939 HK Equity,2017-12-31,460742.0,103925.0,0.4115,6.8002,366933.0,2617360.0,14.8125,240417.31988,2018-03-27,False
939 HK Equity,2018-06-30,502640.0,147027.0,0.59,7.0742,449480.0,2496917.0,14.7987,240417.31988,2018-08-28,False
939 HK Equity,2018-12-31,494753.0,107628.0,0.4305,7.587,408126.0,2837056.0,14.1595,240417.31988,2019-03-27,False
939 HK Equity,2019-06-30,551366.0,154190.0,0.62,7.9041,-235721.0,3185874.0,13.9832,240417.31988,2019-08-28,False
939 HK Equity,2019-12-31,544069.0,112543.0,0.4343,8.3862,236474.0,3247657.0,13.1601,240417.3199,2020-03-29,False
939 HK Equity,2020-06-30,601196.0,137626.0,0.55,8.6454,-290901.0,3881303.0,11.9011,240417.3199,2020-08-30,False
939 HK Equity,2020-12-31,580029.0,133424.0,0.5337,9.059,806446.0,3557905.0,12.4293,240417.31988,2021-03-26,False
939 HK Equity,2021-06-30,644715.0,153300.0,0.61,9.3476,155409.0,4007474.0,12.7477,240417.31988,2021-08-27,False
939 HK Equity,2021-12-31,648150.0,149213.0,0.5787,9.9526,352892.0,3506148.0,12.5381,240417.31988,2022-03-29,False
939 HK Equity,2022-06-30,657268.0,161899.0,0.65,10.2366,-331905.0,4660443.0,12.5228,240417.31988,2022-08-30,False
939 HK Equity,2022-12-31,663936.0,162828.0,0.6331,10.8615,250570.0,4615005.0,12.3061,240417.31988,2023-03-29,False
939 HK Equity,2023-06-30,712102.0,167344.0,0.67,11.1807,-543271.0,5472237.0,12.1629,240417.31988,2023-08-23,False
939 HK Equity,2023-12-31,710356.0,165309.0,0.6408,11.8002,781125.0,5267815.0,11.5624,240417.31988,2024-03-28,False
939 HK Equity,2024-06-30,723376.0,164326.0,0.66,12.1382,-48160.0,5761919.0,11.133,240417.31988,2024-08-30,False
939 HK Equity,2024-12-31,688257.0,171251.0,0.6565,12.648,1013386.0,5855567.0,10.7478,240417.31988,2025-03-28,False
939 HK Equity,2025-06-30,694007.0,162076.0,0.65,13.9895,-309952.0,7458834.0,10.1975,240417.31988,2025-08-29,False
939 HK Equity,2025-12-31,662074.0,176830.0,0.6757,13.2394,673293.0,8394214.0,10.2302,240417.31988,2026-03-27,False
939 HK Equity,2026-06-30,708942.0,169564.0,0.65,13.6858,751897.0,8837550.0,9.9775,240417.31988,2026-08-28,False
941 HK Equity,2016-06-30,370351.0,60572.0,2.96,46.7353,143899.0,4996.0,12.0937,20475.48242,2016-08-11,False
941 HK Equity,2016-12-31,338070.0,48169.0,2.3525,47.8143,125376.0,4998.0,11.4684,20475.48242,2017-03-23,False
941 HK Equity,2017-06-30,388871.0,62675.0,3.06,49.7356,138265.0,5000.0,11.2231,20475.48242,2017-08-10,False
941 HK Equity,2017-12-31,351643.0,51604.0,2.5203,48.1374,123053.0,0.0,11.6335,20475.4829,2018-03-22,False
941 HK Equity,2018-06-30,391832.0,65641.0,3.21,50.3862,118317.0,0.0,11.4383,20475.4829,2018-08-09,False
941 HK Equity,2018-12-31,344987.0,52140.0,2.5465,51.3983,100193.0,0.0,11.5583,20475.4829,2019-03-21,False
941 HK Equity,2019-06-30,389427.0,56063.0,2.74,52.7529,126182.0,80151.0,10.2474,20475.4829,2019-08-08,False
941 HK Equity,2019-12-31,356490.0,50578.0,2.4702,53.9071,112896.0,74303.0,9.8917,20475.4829,2020-03-19,False
941 HK Equity,2020-06-30,389863.0,55765.0,2.72,55.0119,160065.0,70208.0,9.6389,20475.4829,2020-08-13,False
941 HK Equity,2020-12-31,378207.0,52078.0,2.5434,56.1118,91374.0,66633.0,9.5746,20475.4829,2021-03-25,False
941 HK Equity,2021-06-30,443647.0,59118.0,2.89,55.8071,139985.0,71536.0,9.801,20475.4829,2021-08-12,False
941 HK Equity,2021-12-31,404611.0,57030.0,2.7853,58.9168,141800.0,56981.0,9.8628,20475.4829,2022-03-23,False
941 HK Equity,2022-06-30,496934.0,70275.0,3.29,60.0794,142052.0,60478.0,10.4944,20460.0589,2022-08-11,False
941 HK Equity,2022-12-31,440325.0,55184.0,2.5837,60.7292,127589.0,112660.0,10.0219,20460.0589,2023-03-23,False
941 HK Equity,2023-06-30,530719.0,76173.0,3.56,62.3534,156037.0,112328.0,10.0417,20470.12361,2023-08-02,False
941 HK Equity,2023-12-31,478590.0,55593.0,2.6033,62.7245,134693.0,141135.0,9.9858,20486.42738,2024-03-21,False
941 HK Equity,2024-06-30,546744.0,80201.0,3.75,64.3367,120719.0,95670.0,10.0132,20524.84089,2024-08-08,False
941 HK Equity,2024-12-31,494015.0,58172.0,2.7095,64.6936,178312.0,88442.0,10.1233,20607.81696,2025-03-20,False
941 HK Equity,2025-06-30,543769.0,84235.0,3.9,69.0309,71297.0,91932.0,10.1386,20703.47095,2025-08-07,False
941 HK Equity,2025-12-31,506418.0,52860.0,2.4442,65.9968,140234.0,101197.0,9.7213,20737.81869,2026-03-26,False
941 HK Equity,2026-06-30,538035.0,78934.0,3.64,70.0929,122919.0,98828.0,9.1317,20776.64698,2026-08-13,False
960 HK Equity,2016-06-30,18368.539,3730.451,0.639,9.7283,2702.829,56765.475,16.6451,5835.66357,2016-08-17,False
960 HK Equity,2016-12-31,36430.956,5422.502,0.9348,10.5739,27681.725,57872.07,15.6609,5841.23096,2017-03-24,False
960 HK Equity,2017-06-30,18594.189,4404.89,0.76,10.8788,26780.51,69601.454,16.3348,5872.282,2017-08-16,False
960 HK Equity,2017-12-31,53480.852,8193.707,1.4081,11.9451,41772.085,77404.193,19.041,5907.47111,2018-03-23,False
960 HK Equity,2018-06-30,27120.815,5429.65,0.929,12.3326,23573.013,107932.22,19.9753,5930.26711,2018-08-21,False
960 HK Equity,2018-12-31,88677.645,10807.22,1.8492,13.7513,36795.605,119819.922,21.3323,5938.37161,2019-03-25,False
960 HK Equity,2019-06-30,38569.813,6309.981,1.078,14.0951,5383.969,149116.814,21.8258,5958.24361,2019-08-26,False
960 HK Equity,2019-12-31,112456.619,12026.596,2.0505,15.7036,24260.015,157255.074,20.8824,5977.50061,2020-03-24,False
960 HK Equity,2020-06-30,51141.34,6338.613,1.079,15.7668,15255.615,181109.189,20.5757,5994.56011,2020-08-26,False
960 HK Equity,2020-12-31,133405.956,13663.412,2.3295,17.8829,14979.203,181079.218,19.7746,6058.31211,2021-03-26,False
960 HK Equity,2021-06-30,60615.215,7419.311,1.259,18.0856,6299.256,207176.075,20.6471,6065.28761,2021-08-25,False
960 HK Equity,2021-12-31,162760.262,16434.375,2.7881,20.5701,16438.085,208134.202,20.4495,6074.31011,2022-03-25,False
960 HK Equity,2022-06-30,94804.581,7480.032,1.268,20.3737,4223.346,228422.541,20.4871,6077.73711,2022-08-26,False
960 HK Equity,2022-12-31,155760.526,16882.014,2.8001,23.4547,-65.261,222871.446,18.2453,6281.54203,2023-03-17,False
960 HK Equity,2023-06-30,62044.415,8057.952,1.316,23.3645,9638.073,221791.941,18.4385,6341.70475,2023-08-18,False
960 HK Equity,2023-12-31,118692.16,4792.059,0.7585,25.0179,16387.943,207477.775,8.7395,6591.75515,2024-03-22,False
960 HK Equity,2024-06-30,46855.05,5865.716,0.899,25.0808,2251.558,201532.333,7.0045,6767.48869,2024-08-23,False
960 HK Equity,2024-12-31,80619.898,4535.455,0.6807,25.6993,20694.945,190263.097,6.6377,6888.16328,2025-03-28,False
960 HK Equity,2025-06-30,58750.323,3215.852,0.477,25.042,9006.654,183021.86,4.8053,6987.17946,2025-08-29,False
960 HK Equity,2025-12-31,38558.308,-2194.002,-0.3211,23.121,7824.321,165940.615,0.6303,7041.63119,2026-03-27,False
960 HK Equity,2026-06-30,39795.243,1961.42,0.285,23.2706,,158710.356,-0.1409,7097.40253,2026-08-28,False
9618 HK Equity,2020-06-30,,,,,,,,2639.48993,2020-08-17,False
9618 HK Equity,2020-12-31,,,,,,,,2678.91275,2021-03-11,False
9618 HK Equity,2021-06-30,,,,,,,,2673.71967,2021-08-23,False
9618 HK Equity,2021-12-31,,,,,,,,2673.71967,2022-03-10,False
9618 HK Equity,2022-06-30,,,,,,,,2731.42774,2022-08-23,False
9618 HK Equity,2022-12-30,,,,,,,,2731.42774,2023-04-20,False
9618 HK Equity,2023-06-30,,,,,,,,3146.0,2023-08-16,False
9618 HK Equity,2023-12-29,,,,,,,,2756.6422,2024-03-06,False
9618 HK Equity,2024-06-28,,,,,,,,2737.2993,2024-08-15,False
9618 HK Equity,2024-12-31,,,,,,,,2917.2,2025-03-06,False
9618 HK Equity,2025-06-30,,,,,,,,2584.10517,2025-08-14,False
9618 HK Equity,2025-12-31,,,,,,,,2584.10517,2026-03-05,False
9618 HK Equity,2026-06-30,,,,,,,,2409.87538,2026-08-13,False
9633 HK Equity,2019-06-30,12309.589,2876.745,0.27,,4052.653,,,,2020-09-24,False
9633 HK Equity,2019-12-31,11711.452,2071.823,0.1918,0.915,3419.186,1036.362,,,2020-08-25,False
9633 HK Equity,2020-06-30,11544.593,2864.498,0.27,1.1636,4504.242,2290.769,,,2020-09-24,False
9633 HK Equity,2020-12-31,11332.704,2412.928,0.2179,1.4165,3924.931,2469.33,41.5969,5034.6664,2021-03-25,False
9633 HK Equity,2021-06-30,15174.757,4012.918,0.36,1.5643,6585.281,1805.0,42.6119,5034.6664,2021-08-25,False
9633 HK Equity,2021-12-31,14521.649,3148.876,0.28,1.8443,4814.989,2590.133,39.5309,5034.6664,2022-03-28,False
9633 HK Equity,2022-06-30,16598.761,4608.325,0.41,1.7931,5977.699,2915.836,41.0878,5034.6664,2022-08-24,False
9633 HK Equity,2022-12-31,16640.426,3886.925,0.3457,2.1415,6063.811,2524.95,37.9035,5034.6664,2023-03-28,False
9633 HK Equity,2023-06-30,20462.425,5775.421,0.51,1.979,7992.141,4002.013,45.552,5034.6664,2023-08-29,False
9633 HK Equity,2023-12-31,22204.796,6304.077,0.5606,2.5404,9312.796,3209.899,45.8817,5034.6664,2024-03-26,False
9633 HK Equity,2024-06-30,22173.084,6239.579,0.55,2.3475,5537.057,3946.159,51.5576,5034.6664,2024-08-27,False
9633 HK Equity,2024-12-31,20722.908,5883.725,0.5232,2.8709,5485.087,3747.047,39.8412,5034.6664,2025-03-25,False
9633 HK Equity,2025-06-30,25622.201,7622.082,0.677,2.7894,10406.067,4551.708,46.7556,5034.6664,2025-08-26,False
9633 HK Equity,2025-12-31,26930.709,8246.192,0.7333,3.5095,10735.585,4492.699,44.2277,5034.6664,2026-03-24,False
9633 HK Equity,2026-06-30,29718.1,8886.846,0.79,3.3047,,5273.283,49.9969,5034.6664,2026-08-25,False
968 HK Equity,2016-06-30,3174.932,1115.823,0.1642,0.9472,434.645,5071.312,30.4045,6794.74588,2016-08-02,False
968 HK Equity,2016-12-31,2832.149,869.807,0.128,0.9148,255.511,6665.931,33.2028,6794.74588,2017-02-28,False
968 HK Equity,2017-06-30,5309.673,1254.909,0.1825,1.2077,199.969,7541.67,27.5908,7423.68018,2017-07-31,False
968 HK Equity,2017-12-31,4217.358,1077.122,0.145,1.4997,1112.337,7932.688,28.5495,7423.89464,2018-02-26,False
968 HK Equity,2018-06-30,4177.429,1213.953,0.1635,1.4274,794.538,8469.455,23.4173,7427.10963,2018-07-30,False
968 HK Equity,2018-12-31,3494.203,649.193,0.0859,1.3622,1525.386,8769.509,18.1285,7659.67547,2019-02-25,False
968 HK Equity,2019-06-30,3997.036,952.716,0.1207,1.6646,498.695,8547.404,13.3503,8047.67557,2019-08-07,False
968 HK Equity,2019-12-31,5099.065,1463.746,0.1814,1.7542,1133.227,7309.64,19.6375,8081.56942,2020-03-16,False
968 HK Equity,2020-06-30,4622.918,1406.467,0.1739,1.8295,1281.823,8337.418,20.2597,8164.81072,2020-08-03,False
968 HK Equity,2020-12-31,7692.911,3154.386,0.3764,3.0107,3063.207,6808.229,22.4128,8809.2537,2021-03-01,False
968 HK Equity,2021-06-30,8074.911,3072.425,0.3487,3.2192,3331.69,7332.53,28.7577,8811.01466,2021-08-02,False
968 HK Equity,2021-12-31,7989.744,1851.922,0.2084,3.4409,453.768,8848.486,17.3289,8890.27084,2022-02-28,False
968 HK Equity,2022-06-30,9697.539,1904.638,0.2142,3.3843,2996.181,7849.834,12.8489,8894.41234,2022-08-01,False
968 HK Equity,2022-12-31,10846.502,1915.506,0.2153,3.3439,2926.746,8912.653,12.721,8895.98534,2023-02-27,False
968 HK Equity,2023-06-30,12141.921,1391.509,0.1563,3.2605,2305.048,9493.47,11.1849,8902.51134,2023-07-31,False
968 HK Equity,2023-12-31,12997.985,2650.3032,0.2977,3.5997,3392.3717,11542.4526,13.2818,8903.25084,2024-02-28,False
968 HK Equity,2024-06-30,12673.2038,1962.449,0.2203,3.8384,1260.6836,13032.7546,14.5222,8909.89184,2024-07-31,False
968 HK Equity,2024-12-31,11084.6722,-869.8377,-0.0969,3.4054,134.3066,13348.1285,3.4653,9078.44737,2025-02-28,False
968 HK Equity,2025-06-30,11748.5305,801.4737,0.0882,3.6833,1690.9429,15514.3309,-0.184,9078.44737,2025-08-01,False
968 HK Equity,2025-12-31,10873.0095,108.1564,0.0119,3.6322,4490.936,14611.6347,2.8685,9147.04362,2026-02-27,False
968 HK Equity,2026-06-30,8430.106,39.016,0.0043,3.2289,1240.444,13362.535,0.4721,9147.04362,2026-07-31,False
981 HK Equity,2016-06-30,1324.533,159.061,0.0378,0.922,372.154,2531.757,7.5903,4219.0125,2016-08-10,False
981 HK Equity,2016-12-31,1589.647,217.569,0.05,0.976,605.048,3025.283,9.5585,4250.84082,2017-02-14,False
981 HK Equity,2017-06-30,1544.278,106.062,0.02,1.0106,392.142,2879.714,7.5349,4650.693,2017-08-08,False
981 HK Equity,2017-12-31,1556.897,73.617,0.0169,1.0645,688.544,3313.048,3.8296,4914.368,2018-02-08,False
981 HK Equity,2018-06-30,1721.757,80.976,0.02,1.1293,205.415,3448.297,2.9902,4931.847,2018-08-09,False
981 HK Equity,2018-12-31,1638.227,53.079,0.0106,1.1941,593.973,3426.158,2.383,5039.817,2019-02-14,False
981 HK Equity,2019-06-30,1459.781,30.811,0.0061,1.1923,356.208,4205.985,1.4386,5051.54182,2019-08-08,False
981 HK Equity,2019-12-31,1655.891,203.87,0.0404,1.2326,662.849,3945.534,3.8312,5056.43171,2020-02-13,False
981 HK Equity,2020-06-30,1843.375,202.133,0.04,1.2319,407.548,4121.66,6.2303,5690.57412,2020-08-06,False
981 HK Equity,2020-12-31,2063.6,513.417,0.0685,1.9698,1252.862,6373.417,6.6849,5765.04293,2021-02-04,False
981 HK Equity,2021-06-30,2447.751,846.679,0.11,2.0328,1503.115,6036.997,11.7905,5962.59432,2021-08-05,False
981 HK Equity,2021-12-31,2995.361,855.124,0.1082,2.1698,1510.852,6772.367,10.5291,5965.39356,2022-02-10,False
981 HK Equity,2022-06-30,3745.058,961.559,0.12,2.3027,3715.749,7254.924,10.6058,5963.46196,2022-08-11,False
981 HK Equity,2022-12-31,3528.226,856.383,0.1083,2.4202,1640.41,8694.432,10.0163,5955.14214,2023-02-09,False
981 HK Equity,2023-06-30,3022.684,633.864,0.08,2.4906,1598.166,9661.319,7.8566,5967.69855,2023-08-10,False
981 HK Equity,2023-12-31,3298.876,268.662,0.034,2.5314,1769.062,10208.666,4.597,5972.93318,2024-02-06,False
981 HK Equity,2024-06-30,3651.452,236.361,0.03,2.5435,490.67,9828.373,2.5266,5982.57555,2024-08-08,False
981 HK Equity,2024-12-31,4378.469,256.387,0.0322,2.5844,2687.87,11595.997,2.4196,5987.18071,2025-02-11,False
981 HK Equity,2025-06-30,4456.267,320.522,0.04,2.6365,911.051,11943.937,2.7943,5997.5784,2025-08-07,False
981 HK Equity,2025-12-31,4870.532,364.609,0.0456,2.6798,2289.71,12596.181,3.2584,6000.84014,2026-02-10,False
981 HK Equity,2026-06-30,5511.075,676.645,0.08,2.9377,3208.434,14018.957,4.5071,6013.93333,2026-08-13,False
9888 HK Equity,2021-06-30,,,,,,,,2268.94103,2021-08-12,False
9888 HK Equity,2021-12-31,,,,,,,,2224.56908,2022-03-01,False
9888 HK Equity,2022-06-30,,,,,,,,2205.10378,2022-08-30,False
9888 HK Equity,2022-12-30,,,,,,,,2205.10378,2023-02-22,False
9888 HK Equity,2023-06-30,,,,,,,,2255.39746,2023-08-22,False
9888 HK Equity,2023-12-29,,,,,,,,2255.39746,2024-02-28,False
9888 HK Equity,2024-06-28,,,,,,,,2280.43943,2024-08-22,False
9888 HK Equity,2024-12-31,,,,,,,,2280.43943,2025-02-18,False
9888 HK Equity,2025-06-30,,,,,,,,2280.43943,2025-08-20,False
9888 HK Equity,2025-12-31,,,,,,,,2280.43943,2026-02-26,False
9888 HK Equity,2026-06-30,,,,,,,,2198.00095,2026-08-18,False
9901 HK Equity,2018-11-30,1456.918,97.406,,,356.8,0.0,,,2019-02-28,True
9901 HK Equity,2019-05-31,1639.573,140.659,,,448.848,96.457,,,2019-08-29,True
9901 HK Equity,2019-11-30,1856.988,262.427,,,53.437,1414.737,17.7332,,2020-02-28,True
9901 HK Equity,2020-05-31,1721.694,150.906,,,,1580.043,16.2283,,2020-08-29,True
9901 HK Equity,2020-11-30,1874.055,228.554,,,802.276,1564.608,10.3985,,2021-02-28,True
9901 HK Equity,2020-12-31,,,,,,,,1701.65887,2020-07-28,False
9901 HK Equity,2021-05-31,2402.484,105.86,,,327.809,2162.293,8.7468,,2021-08-29,True
9901 HK Equity,2021-06-30,,,,,,,,1714.21887,2021-01-22,False
9901 HK Equity,2021-11-30,1967.132,-875.98,,,-1074.835,1456.398,-17.4859,,2022-02-28,True
9901 HK Equity,2021-12-31,,,,,,,,1696.96618,2021-09-24,False
9901 HK Equity,2022-05-31,1138.114,-311.741,,,-205.618,680.411,-27.5612,,2022-08-29,True
9901 HK Equity,2022-06-30,,,,,,,,1696.96618,2022-02-22,False
9901 HK Equity,2022-11-30,1383.036,66.734,,,358.917,487.029,-6.3541,,2023-02-28,True
9901 HK Equity,2022-12-30,,,,,,,,1699.37579,2022-07-27,False
9901 HK Equity,2023-05-31,1614.724,110.607,,,612.091,458.595,4.8521,,2023-08-29,True
9901 HK Equity,2023-06-30,,,,,,,,1699.37579,2023-01-17,False
9901 HK Equity,2023-11-30,1969.621,195.452,,,636.372,510.673,8.2309,,2024-02-28,True
9901 HK Equity,2023-12-29,,,,,,,,1699.37579,2023-07-26,False
9901 HK Equity,2024-05-31,2343.965,114.139,,,486.271,662.33,8.3897,,2024-08-29,True
9901 HK Equity,2024-06-28,,,,,,,,1655.01929,2024-01-24,False
9901 HK Equity,2024-11-30,2474.052,277.361,,,496.507,722.833,10.3992,,2025-02-28,True
9901 HK Equity,2024-12-31,,,,,,,,1635.28833,2024-07-31,False
9901 HK Equity,2025-05-31,2426.21,94.355,,,400.085,803.776,9.9953,,2025-08-29,True
9901 HK Equity,2025-06-30,,,,,,,,1635.28833,2025-01-21,False
9901 HK Equity,2025-11-30,2714.421,286.175,,,515.786,779.854,10.0326,,2026-02-28,True
9901 HK Equity,2025-12-31,,,,,,,,1591.45747,2025-07-30,False
9901 HK Equity,2026-05-31,2946.873,188.997,,,511.294,848.841,12.4257,,2026-08-29,True
9901 HK Equity,2026-06-30,,,,,,,,1591.45747,2026-01-28,False
992 HK Equity,2016-03-31,22045.931,480.402,0.0434,0.2701,-290.983,3250.927,-3.618,,2015-08-12,False
992 HK Equity,2016-06-30,,,,,,,,11108.6543,2015-11-12,False
992 HK Equity,2016-09-30,21287.287,329.782,0.0299,0.2846,1578.35,2527.034,26.4098,,2016-02-03,False
992 HK Equity,2016-12-30,,,,,,,,11108.654,2016-05-26,False
992 HK Equity,2017-03-31,21747.444,207.174,0.0187,0.2902,607.941,3036.695,17.1948,,2016-08-18,False
992 HK Equity,2017-06-30,,,,,,,,11108.654,2016-11-03,False
992 HK Equity,2017-09-30,21773.102,93.552,0.0061,0.2845,-196.112,2661.305,8.6074,,2017-02-16,False
992 HK Equity,2017-12-29,,,,,,,,12014.792,2017-05-25,False
992 HK Equity,2018-03-31,23576.841,-229.195,-0.022,0.2929,-527.75,3815.417,-5.616,,2017-08-18,False
992 HK Equity,2018-06-29,,,,,,,,12014.792,2017-11-02,False
992 HK Equity,2018-09-30,25292.534,272.327,0.0206,0.2515,414.713,4459.899,-0.3439,,2018-01-31,False
992 HK Equity,2018-12-31,,,,,,,,12014.79161,2018-05-24,False
992 HK Equity,2019-03-31,25745.409,377.776,0.0295,0.2827,1085.489,4379.813,17.2476,,2018-08-16,False
992 HK Equity,2019-06-28,,,,,,,,12014.79161,2018-11-08,False
992 HK Equity,2019-09-30,26034.142,391.301,0.0306,0.2704,1266.864,5177.496,22.8173,,2019-02-21,False
992 HK Equity,2019-12-31,,,,,,,,12014.79161,2019-05-23,False
992 HK Equity,2020-03-31,24682.207,327.55,0.0252,0.2661,997.32,5298.381,20.1726,,2019-08-15,False
992 HK Equity,2020-06-30,,,,,,,,12014.79161,2019-11-07,False
992 HK Equity,2020-09-30,27866.765,549.897,0.0439,0.2931,1106.191,6381.287,24.331,,2020-02-20,False
992 HK Equity,2020-12-31,,,,,,,,12041.70561,2020-05-20,False
992 HK Equity,2021-03-31,32875.547,660.942,0.055,0.2962,2583.233,6236.035,34.8788,,2020-08-13,False
992 HK Equity,2021-06-30,,,,,,,,12041.70561,2020-11-03,False
992 HK Equity,2021-09-30,34797.926,978.05,0.0844,0.3324,2032.809,5483.964,43.4109,,2021-02-03,False
992 HK Equity,2021-12-31,,,,,,,,12041.70561,2021-05-27,False
992 HK Equity,2022-03-31,36820.29,1051.768,0.0902,0.4144,2104.913,8127.081,47.4829,,2021-08-11,False
992 HK Equity,2022-06-30,,,,,,,,12041.70561,2021-11-04,False
992 HK Equity,2022-09-30,34045.155,1056.914,0.0893,0.4275,2534.265,7504.198,45.9045,,2022-02-22,False
992 HK Equity,2022-12-30,,,,,,,,12128.13029,2022-05-26,False
992 HK Equity,2023-03-31,27901.699,550.808,0.046,0.4607,267.137,7104.442,30.3968,,2022-08-10,False
992 HK Equity,2023-06-30,,,,,,,,12128.13029,2022-11-03,False
992 HK Equity,2023-09-30,27309.713,425.766,0.0357,0.4228,1182.731,6518.795,18.9416,,2023-02-17,False
992 HK Equity,2023-12-29,,,,,,,,12273.27175,2023-05-24,False
992 HK Equity,2024-03-31,29554.071,584.74,0.0482,0.45,975.266,5993.126,18.0929,,2023-08-17,False
992 HK Equity,2024-06-28,,,,,,,,12404.6593,2023-11-16,False
992 HK Equity,2024-09-30,33297.15,601.897,0.0491,0.4416,1835.196,7584.347,22.3798,,2024-02-22,False
992 HK Equity,2024-12-31,,,,,,,,12404.6593,2024-05-23,False
992 HK Equity,2025-03-31,35779.818,782.548,0.0639,0.4893,-617.296,9150.498,23.7641,,2024-08-15,False
992 HK Equity,2025-06-30,,,,,,,,12404.6593,2024-11-15,False
992 HK Equity,2025-09-30,39281.891,845.609,0.0689,0.5516,2819.929,8101.879,26.4325,,2025-02-20,False
992 HK Equity,2025-12-31,,,,,,,,12404.6593,2025-05-22,False
992 HK Equity,2026-03-31,43792.664,1066.342,0.0875,0.6155,1318.387,9054.715,27.9035,,2025-08-14,False
992 HK Equity,2026-06-30,,,,,,,,12404.6593,2025-11-20,False
9961 HK Equity,2021-06-30,,,,,,,,637.45641,2021-09-23,False
9961 HK Equity,2021-12-31,,,,,,,,637.45641,2022-03-23,False
9961 HK Equity,2022-06-30,,,,,,,,641.75438,2022-09-21,False
9961 HK Equity,2022-12-30,,,,,,,,641.75438,2023-03-06,False
9961 HK Equity,2023-06-30,,,,,,,,646.14972,2023-09-04,False
9961 HK Equity,2023-12-29,,,,,,,,646.14972,2024-02-21,False
9961 HK Equity,2024-06-28,,,,,,,,646.14972,2024-08-26,False
9961 HK Equity,2024-12-31,,,,,,,,689.45027,2025-02-24,False
9961 HK Equity,2025-06-30,,,,,,,,653.60343,2025-08-27,False
9961 HK Equity,2025-12-31,,,,,,,,653.60343,2026-02-25,False
9961 HK Equity,2026-06-30,,,,,,,,629.70522,2026-09-15,False
9988 HK Equity,2019-12-31,,,,,,,,21461.78426,2019-05-15,False
9988 HK Equity,2020-06-30,,,,,,,,21461.78426,2019-11-01,False
9988 HK Equity,2020-12-31,,,,,,,,21645.0928,2020-05-22,False
9988 HK Equity,2021-06-30,,,,,,,,21688.9488,2020-11-05,False
9988 HK Equity,2021-12-31,,,,,,,,21687.3092,2021-05-13,False
9988 HK Equity,2022-06-30,,,,,,,,21687.3092,2021-11-18,False
9988 HK Equity,2022-12-30,,,,,,,,21180.28557,2022-05-26,False
9988 HK Equity,2023-06-30,,,,,,,,20680.40934,2022-11-17,False
9988 HK Equity,2023-12-29,,,,,,,,20347.39309,2023-05-18,False
9988 HK Equity,2024-06-28,,,,,,,,19345.4854,2023-11-16,False
9988 HK Equity,2024-12-31,,,,,,,,19069.55079,2024-05-14,False
9988 HK Equity,2025-06-30,,,,,,,,19090.06183,2024-11-15,False
9988 HK Equity,2025-12-31,,,,,,,,19088.95733,2025-05-15,False
9988 HK Equity,2026-06-30,,,,,,,,19206.07867,2025-11-25,False
9992 HK Equity,2019-06-30,543.396,113.613,0.98,,145.388,,,,2020-12-01,False
9992 HK Equity,2019-12-31,1140.038,337.505,2.9232,,357.501,183.398,,,2020-12-01,False
9992 HK Equity,2020-06-30,817.791,141.358,1.22,,122.191,211.186,64.161,,2021-01-12,False
9992 HK Equity,2020-12-31,1695.68,382.147,0.3199,4.3721,581.167,291.774,15.5755,1401.93755,2021-03-26,False
9992 HK Equity,2021-06-30,1772.577,358.742,0.2604,4.5031,441.657,390.859,19.6184,1401.93755,2021-08-27,False
9992 HK Equity,2021-12-31,2718.074,495.597,0.3596,4.8634,339.514,621.452,13.1969,1401.93755,2022-03-28,False
9992 HK Equity,2022-06-30,2358.818,332.82,0.2418,5.0889,373.578,677.46,12.3412,1397.57215,2022-08-25,False
9992 HK Equity,2022-12-31,2258.506,142.84,0.1054,5.0439,525.982,741.131,6.9029,1380.54055,2023-03-29,False
9992 HK Equity,2023-06-30,2813.812,476.575,0.3546,5.3847,1092.337,677.89,8.5937,1356.32315,2023-08-22,False
9992 HK Equity,2023-12-31,3487.19,605.769,0.4548,5.7656,907.119,792.811,14.6926,1348.24315,2024-03-20,False
9992 HK Equity,2024-06-30,4557.831,921.333,0.6949,6.2296,1920.894,822.176,19.4505,1342.94315,2024-08-20,False
9992 HK Equity,2024-12-31,8479.918,2204.14,1.6608,7.9553,3051.327,964.561,33.8742,1342.94315,2025-03-26,False
9992 HK Equity,2025-06-30,13876.276,4574.368,3.4417,10.5204,5977.473,1411.199,60.0317,1342.94315,2025-08-19,False
9992 HK Equity,2025-12-31,23243.776,8201.321,6.1622,16.6122,4887.679,2861.575,77.5195,1342.94315,2026-03-25,False
9992 HK Equity,2026-06-30,17172.921,5038.384,3.8,17.3152,,3727.572,71.0989,1331.72315,2026-08-20,False
9999 HK Equity,2020-06-30,,,,,,,,3455.11746,2020-08-13,False
9999 HK Equity,2020-12-31,,,,,,,,3455.11746,2021-02-25,False
9999 HK Equity,2021-06-30,,,,,,,,3354.90339,2021-08-31,False
9999 HK Equity,2021-12-31,,,,,,,,3354.90339,2022-02-10,False
9999 HK Equity,2022-06-30,,,,,,,,3283.99077,2022-08-18,False
9999 HK Equity,2022-12-30,,,,,,,,3283.99077,2023-02-23,False
9999 HK Equity,2023-06-30,,,,,,,,3224.76032,2023-08-24,False
9999 HK Equity,2023-12-29,,,,,,,,3224.76032,2024-02-29,False
9999 HK Equity,2024-06-28,,,,,,,,3224.76032,2024-08-22,False
9999 HK Equity,2024-12-31,,,,,,,,3224.76032,2025-02-20,False
9999 HK Equity,2025-06-30,,,,,,,,3165.99142,2025-08-14,False
9999 HK Equity,2025-12-31,,,,,,,,3165.99142,2026-02-11,False
9999 HK Equity,2026-06-30,,,,,,,,3190.64053,2026-08-20,False
