index,asof,ticker,weight
HSI,2016-03-31,1 HK Equity,
HSI,2016-03-31,101 HK Equity,
HSI,2016-03-31,1038 HK Equity,
HSI,2016-03-31,1044 HK Equity,
HSI,2016-03-31,1088 HK Equity,
HSI,2016-03-31,11 HK Equity,
HSI,2016-03-31,1109 HK Equity,
HSI,2016-03-31,1113 HK Equity,
HSI,2016-03-31,12 HK Equity,
HSI,2016-03-31,1299 HK Equity,
HSI,2016-03-31,135 HK Equity,
HSI,2016-03-31,1398 HK Equity,
HSI,2016-03-31,144 HK Equity,
HSI,2016-03-31,151 HK Equity,
HSI,2016-03-31,16 HK Equity,
HSI,2016-03-31,17 HK Equity,
HSI,2016-03-31,19 HK Equity,
HSI,2016-03-31,1928 HK Equity,
HSI,2016-03-31,2 HK Equity,
HSI,2016-03-31,2129452D HK Equity,
HSI,2016-03-31,23 HK Equity,
HSI,2016-03-31,2318 HK Equity,
HSI,2016-03-31,2319 HK Equity,
HSI,2016-03-31,2388 HK Equity,
HSI,2016-03-31,2628 HK Equity,
HSI,2016-03-31,267 HK Equity,
HSI,2016-03-31,27 HK Equity,
HSI,2016-03-31,293 HK Equity,
HSI,2016-03-31,3 HK Equity,
HSI,2016-03-31,322 HK Equity,
HSI,2016-03-31,3328 HK Equity,
HSI,2016-03-31,386 HK Equity,
HSI,2016-03-31,388 HK Equity,
HSI,2016-03-31,3988 HK Equity,
HSI,2016-03-31,4 HK Equity,
HSI,2016-03-31,494 HK Equity,
HSI,2016-03-31,5 HK Equity,
HSI,2016-03-31,6 HK Equity,
HSI,2016-03-31,66 HK Equity,
HSI,2016-03-31,688 HK Equity,
HSI,2016-03-31,700 HK Equity,
HSI,2016-03-31,762 HK Equity,
HSI,2016-03-31,823 HK Equity,
HSI,2016-03-31,83 HK Equity,
HSI,2016-03-31,836 HK Equity,
HSI,2016-03-31,857 HK Equity,
HSI,2016-03-31,883 HK Equity,
HSI,2016-03-31,939 HK Equity,
HSI,2016-03-31,941 HK Equity,
HSI,2016-03-31,992 HK Equity,
HSI,2016-06-30,1 HK Equity,
HSI,2016-06-30,101 HK Equity,
HSI,2016-06-30,1038 HK Equity,
HSI,2016-06-30,1044 HK Equity,
HSI,2016-06-30,1088 HK Equity,
HSI,2016-06-30,11 HK Equity,
HSI,2016-06-30,1109 HK Equity,
HSI,2016-06-30,1113 HK Equity,
HSI,2016-06-30,12 HK Equity,
HSI,2016-06-30,1299 HK Equity,
HSI,2016-06-30,135 HK Equity,
HSI,2016-06-30,1398 HK Equity,
HSI,2016-06-30,144 HK Equity,
HSI,2016-06-30,151 HK Equity,
HSI,2016-06-30,16 HK Equity,
HSI,2016-06-30,17 HK Equity,
HSI,2016-06-30,19 HK Equity,
HSI,2016-06-30,1928 HK Equity,
HSI,2016-06-30,2 HK Equity,
HSI,2016-06-30,2129452D HK Equity,
HSI,2016-06-30,23 HK Equity,
HSI,2016-06-30,2318 HK Equity,
HSI,2016-06-30,2319 HK Equity,
HSI,2016-06-30,2388 HK Equity,
HSI,2016-06-30,2628 HK Equity,
HSI,2016-06-30,267 HK Equity,
HSI,2016-06-30,27 HK Equity,
HSI,2016-06-30,293 HK Equity,
HSI,2016-06-30,3 HK Equity,
HSI,2016-06-30,322 HK Equity,
HSI,2016-06-30,3328 HK Equity,
HSI,2016-06-30,386 HK Equity,
HSI,2016-06-30,388 HK Equity,
HSI,2016-06-30,3988 HK Equity,
HSI,2016-06-30,4 HK Equity,
HSI,2016-06-30,494 HK Equity,
HSI,2016-06-30,5 HK Equity,
HSI,2016-06-30,6 HK Equity,
HSI,2016-06-30,66 HK Equity,
HSI,2016-06-30,688 HK Equity,
HSI,2016-06-30,700 HK Equity,
HSI,2016-06-30,762 HK Equity,
HSI,2016-06-30,823 HK Equity,
HSI,2016-06-30,83 HK Equity,
HSI,2016-06-30,836 HK Equity,
HSI,2016-06-30,857 HK Equity,
HSI,2016-06-30,883 HK Equity,
HSI,2016-06-30,939 HK Equity,
HSI,2016-06-30,941 HK Equity,
HSI,2016-06-30,992 HK Equity,
HSI,2016-09-30,1 HK Equity,
HSI,2016-09-30,101 HK Equity,
HSI,2016-09-30,1038 HK Equity,
HSI,2016-09-30,1044 HK Equity,
HSI,2016-09-30,1088 HK Equity,
HSI,2016-09-30,11 HK Equity,
HSI,2016-09-30,1109 HK Equity,
HSI,2016-09-30,1113 HK Equity,
HSI,2016-09-30,12 HK Equity,
HSI,2016-09-30,1299 HK Equity,
HSI,2016-09-30,135 HK Equity,
HSI,2016-09-30,1398 HK Equity,
HSI,2016-09-30,144 HK Equity,
HSI,2016-09-30,151 HK Equity,
HSI,2016-09-30,16 HK Equity,
HSI,2016-09-30,17 HK Equity,
HSI,2016-09-30,19 HK Equity,
HSI,2016-09-30,1928 HK Equity,
HSI,2016-09-30,2 HK Equity,
HSI,2016-09-30,2018 HK Equity,
HSI,2016-09-30,2129452D HK Equity,
HSI,2016-09-30,23 HK Equity,
HSI,2016-09-30,2318 HK Equity,
HSI,2016-09-30,2319 HK Equity,
HSI,2016-09-30,2388 HK Equity,
HSI,2016-09-30,2628 HK Equity,
HSI,2016-09-30,267 HK Equity,
HSI,2016-09-30,27 HK Equity,
HSI,2016-09-30,293 HK Equity,
HSI,2016-09-30,3 HK Equity,
HSI,2016-09-30,3328 HK Equity,
HSI,2016-09-30,386 HK Equity,
HSI,2016-09-30,388 HK Equity,
HSI,2016-09-30,3988 HK Equity,
HSI,2016-09-30,4 HK Equity,
HSI,2016-09-30,494 HK Equity,
HSI,2016-09-30,5 HK Equity,
HSI,2016-09-30,6 HK Equity,
HSI,2016-09-30,66 HK Equity,
HSI,2016-09-30,688 HK Equity,
HSI,2016-09-30,700 HK Equity,
HSI,2016-09-30,762 HK Equity,
HSI,2016-09-30,823 HK Equity,
HSI,2016-09-30,83 HK Equity,
HSI,2016-09-30,836 HK Equity,
HSI,2016-09-30,857 HK Equity,
HSI,2016-09-30,883 HK Equity,
HSI,2016-09-30,939 HK Equity,
HSI,2016-09-30,941 HK Equity,
HSI,2016-09-30,992 HK Equity,
HSI,2016-12-31,1 HK Equity,
HSI,2016-12-31,101 HK Equity,
HSI,2016-12-31,1038 HK Equity,
HSI,2016-12-31,1044 HK Equity,
HSI,2016-12-31,1088 HK Equity,
HSI,2016-12-31,11 HK Equity,
HSI,2016-12-31,1109 HK Equity,
HSI,2016-12-31,1113 HK Equity,
HSI,2016-12-31,12 HK Equity,
HSI,2016-12-31,1299 HK Equity,
HSI,2016-12-31,135 HK Equity,
HSI,2016-12-31,1398 HK Equity,
HSI,2016-12-31,144 HK Equity,
HSI,2016-12-31,151 HK Equity,
HSI,2016-12-31,16 HK Equity,
HSI,2016-12-31,17 HK Equity,
HSI,2016-12-31,19 HK Equity,
HSI,2016-12-31,1928 HK Equity,
HSI,2016-12-31,2 HK Equity,
HSI,2016-12-31,2018 HK Equity,
HSI,2016-12-31,2129452D HK Equity,
HSI,2016-12-31,23 HK Equity,
HSI,2016-12-31,2318 HK Equity,
HSI,2016-12-31,2319 HK Equity,
HSI,2016-12-31,2388 HK Equity,
HSI,2016-12-31,2628 HK Equity,
HSI,2016-12-31,267 HK Equity,
HSI,2016-12-31,27 HK Equity,
HSI,2016-12-31,293 HK Equity,
HSI,2016-12-31,3 HK Equity,
HSI,2016-12-31,3328 HK Equity,
HSI,2016-12-31,386 HK Equity,
HSI,2016-12-31,388 HK Equity,
HSI,2016-12-31,3988 HK Equity,
HSI,2016-12-31,4 HK Equity,
HSI,2016-12-31,494 HK Equity,
HSI,2016-12-31,5 HK Equity,
HSI,2016-12-31,6 HK Equity,
HSI,2016-12-31,66 HK Equity,
HSI,2016-12-31,688 HK Equity,
HSI,2016-12-31,700 HK Equity,
HSI,2016-12-31,762 HK Equity,
HSI,2016-12-31,823 HK Equity,
HSI,2016-12-31,83 HK Equity,
HSI,2016-12-31,836 HK Equity,
HSI,2016-12-31,857 HK Equity,
HSI,2016-12-31,883 HK Equity,
HSI,2016-12-31,939 HK Equity,
HSI,2016-12-31,941 HK Equity,
HSI,2016-12-31,992 HK Equity,
HSI,2017-03-31,1 HK Equity,
HSI,2017-03-31,101 HK Equity,
HSI,2017-03-31,1038 HK Equity,
HSI,2017-03-31,1044 HK Equity,
HSI,2017-03-31,1088 HK Equity,
HSI,2017-03-31,11 HK Equity,
HSI,2017-03-31,1109 HK Equity,
HSI,2017-03-31,1113 HK Equity,
HSI,2017-03-31,12 HK Equity,
HSI,2017-03-31,1299 HK Equity,
HSI,2017-03-31,135 HK Equity,
HSI,2017-03-31,1398 HK Equity,
HSI,2017-03-31,144 HK Equity,
HSI,2017-03-31,151 HK Equity,
HSI,2017-03-31,16 HK Equity,
HSI,2017-03-31,17 HK Equity,
HSI,2017-03-31,175 HK Equity,
HSI,2017-03-31,19 HK Equity,
HSI,2017-03-31,1928 HK Equity,
HSI,2017-03-31,2 HK Equity,
HSI,2017-03-31,2018 HK Equity,
HSI,2017-03-31,2129452D HK Equity,
HSI,2017-03-31,23 HK Equity,
HSI,2017-03-31,2318 HK Equity,
HSI,2017-03-31,2319 HK Equity,
HSI,2017-03-31,2388 HK Equity,
HSI,2017-03-31,2628 HK Equity,
HSI,2017-03-31,267 HK Equity,
HSI,2017-03-31,27 HK Equity,
HSI,2017-03-31,293 HK Equity,
HSI,2017-03-31,3 HK Equity,
HSI,2017-03-31,3328 HK Equity,
HSI,2017-03-31,386 HK Equity,
HSI,2017-03-31,388 HK Equity,
HSI,2017-03-31,3988 HK Equity,
HSI,2017-03-31,4 HK Equity,
HSI,2017-03-31,5 HK Equity,
HSI,2017-03-31,6 HK Equity,
HSI,2017-03-31,66 HK Equity,
HSI,2017-03-31,688 HK Equity,
HSI,2017-03-31,700 HK Equity,
HSI,2017-03-31,762 HK Equity,
HSI,2017-03-31,823 HK Equity,
HSI,2017-03-31,83 HK Equity,
HSI,2017-03-31,836 HK Equity,
HSI,2017-03-31,857 HK Equity,
HSI,2017-03-31,883 HK Equity,
HSI,2017-03-31,939 HK Equity,
HSI,2017-03-31,941 HK Equity,
HSI,2017-03-31,992 HK Equity,
HSI,2017-06-30,1 HK Equity,
HSI,2017-06-30,101 HK Equity,
HSI,2017-06-30,1038 HK Equity,
HSI,2017-06-30,1044 HK Equity,
HSI,2017-06-30,1088 HK Equity,
HSI,2017-06-30,11 HK Equity,
HSI,2017-06-30,1109 HK Equity,
HSI,2017-06-30,1113 HK Equity,
HSI,2017-06-30,12 HK Equity,
HSI,2017-06-30,1299 HK Equity,
HSI,2017-06-30,135 HK Equity,
HSI,2017-06-30,1398 HK Equity,
HSI,2017-06-30,144 HK Equity,
HSI,2017-06-30,151 HK Equity,
HSI,2017-06-30,16 HK Equity,
HSI,2017-06-30,17 HK Equity,
HSI,2017-06-30,175 HK Equity,
HSI,2017-06-30,19 HK Equity,
HSI,2017-06-30,1928 HK Equity,
HSI,2017-06-30,2 HK Equity,
HSI,2017-06-30,2018 HK Equity,
HSI,2017-06-30,2129452D HK Equity,
HSI,2017-06-30,23 HK Equity,
HSI,2017-06-30,2318 HK Equity,
HSI,2017-06-30,2319 HK Equity,
HSI,2017-06-30,2388 HK Equity,
HSI,2017-06-30,2628 HK Equity,
HSI,2017-06-30,267 HK Equity,
HSI,2017-06-30,27 HK Equity,
HSI,2017-06-30,293 HK Equity,
HSI,2017-06-30,3 HK Equity,
HSI,2017-06-30,3328 HK Equity,
HSI,2017-06-30,386 HK Equity,
HSI,2017-06-30,388 HK Equity,
HSI,2017-06-30,3988 HK Equity,
HSI,2017-06-30,4 HK Equity,
HSI,2017-06-30,5 HK Equity,
HSI,2017-06-30,6 HK Equity,
HSI,2017-06-30,66 HK Equity,
HSI,2017-06-30,688 HK Equity,
HSI,2017-06-30,700 HK Equity,
HSI,2017-06-30,762 HK Equity,
HSI,2017-06-30,823 HK Equity,
HSI,2017-06-30,83 HK Equity,
HSI,2017-06-30,836 HK Equity,
HSI,2017-06-30,857 HK Equity,
HSI,2017-06-30,883 HK Equity,
HSI,2017-06-30,939 HK Equity,
HSI,2017-06-30,941 HK Equity,
HSI,2017-06-30,992 HK Equity,
HSI,2017-09-30,1 HK Equity,
HSI,2017-09-30,101 HK Equity,
HSI,2017-09-30,1038 HK Equity,
HSI,2017-09-30,1044 HK Equity,
HSI,2017-09-30,1088 HK Equity,
HSI,2017-09-30,11 HK Equity,
HSI,2017-09-30,1109 HK Equity,
HSI,2017-09-30,1113 HK Equity,
HSI,2017-09-30,12 HK Equity,
HSI,2017-09-30,1299 HK Equity,
HSI,2017-09-30,135 HK Equity,
HSI,2017-09-30,1398 HK Equity,
HSI,2017-09-30,144 HK Equity,
HSI,2017-09-30,151 HK Equity,
HSI,2017-09-30,16 HK Equity,
HSI,2017-09-30,17 HK Equity,
HSI,2017-09-30,175 HK Equity,
HSI,2017-09-30,19 HK Equity,
HSI,2017-09-30,1928 HK Equity,
HSI,2017-09-30,2 HK Equity,
HSI,2017-09-30,2018 HK Equity,
HSI,2017-09-30,23 HK Equity,
HSI,2017-09-30,2318 HK Equity,
HSI,2017-09-30,2319 HK Equity,
HSI,2017-09-30,2388 HK Equity,
HSI,2017-09-30,2628 HK Equity,
HSI,2017-09-30,267 HK Equity,
HSI,2017-09-30,27 HK Equity,
HSI,2017-09-30,288 HK Equity,
HSI,2017-09-30,293 HK Equity,
HSI,2017-09-30,3 HK Equity,
HSI,2017-09-30,3328 HK Equity,
HSI,2017-09-30,386 HK Equity,
HSI,2017-09-30,388 HK Equity,
HSI,2017-09-30,3988 HK Equity,
HSI,2017-09-30,4 HK Equity,
HSI,2017-09-30,5 HK Equity,
HSI,2017-09-30,6 HK Equity,
HSI,2017-09-30,66 HK Equity,
HSI,2017-09-30,688 HK Equity,
HSI,2017-09-30,700 HK Equity,
HSI,2017-09-30,762 HK Equity,
HSI,2017-09-30,823 HK Equity,
HSI,2017-09-30,83 HK Equity,
HSI,2017-09-30,836 HK Equity,
HSI,2017-09-30,857 HK Equity,
HSI,2017-09-30,883 HK Equity,
HSI,2017-09-30,939 HK Equity,
HSI,2017-09-30,941 HK Equity,
HSI,2017-09-30,992 HK Equity,
HSI,2017-12-31,1 HK Equity,
HSI,2017-12-31,101 HK Equity,
HSI,2017-12-31,1038 HK Equity,
HSI,2017-12-31,1044 HK Equity,
HSI,2017-12-31,1088 HK Equity,
HSI,2017-12-31,11 HK Equity,
HSI,2017-12-31,1109 HK Equity,
HSI,2017-12-31,1113 HK Equity,
HSI,2017-12-31,12 HK Equity,
HSI,2017-12-31,1299 HK Equity,
HSI,2017-12-31,1398 HK Equity,
HSI,2017-12-31,144 HK Equity,
HSI,2017-12-31,151 HK Equity,
HSI,2017-12-31,16 HK Equity,
HSI,2017-12-31,17 HK Equity,
HSI,2017-12-31,175 HK Equity,
HSI,2017-12-31,19 HK Equity,
HSI,2017-12-31,1928 HK Equity,
HSI,2017-12-31,1997 HK Equity,
HSI,2017-12-31,2 HK Equity,
HSI,2017-12-31,2007 HK Equity,
HSI,2017-12-31,2018 HK Equity,
HSI,2017-12-31,23 HK Equity,
HSI,2017-12-31,2318 HK Equity,
HSI,2017-12-31,2319 HK Equity,
HSI,2017-12-31,2382 HK Equity,
HSI,2017-12-31,2388 HK Equity,
HSI,2017-12-31,2628 HK Equity,
HSI,2017-12-31,267 HK Equity,
HSI,2017-12-31,27 HK Equity,
HSI,2017-12-31,288 HK Equity,
HSI,2017-12-31,3 HK Equity,
HSI,2017-12-31,3328 HK Equity,
HSI,2017-12-31,386 HK Equity,
HSI,2017-12-31,388 HK Equity,
HSI,2017-12-31,3988 HK Equity,
HSI,2017-12-31,4 HK Equity,
HSI,2017-12-31,5 HK Equity,
HSI,2017-12-31,6 HK Equity,
HSI,2017-12-31,66 HK Equity,
HSI,2017-12-31,688 HK Equity,
HSI,2017-12-31,700 HK Equity,
HSI,2017-12-31,762 HK Equity,
HSI,2017-12-31,823 HK Equity,
HSI,2017-12-31,83 HK Equity,
HSI,2017-12-31,836 HK Equity,
HSI,2017-12-31,857 HK Equity,
HSI,2017-12-31,883 HK Equity,
HSI,2017-12-31,939 HK Equity,
HSI,2017-12-31,941 HK Equity,
HSI,2017-12-31,992 HK Equity,
HSI,2018-03-31,1 HK Equity,
HSI,2018-03-31,101 HK Equity,
HSI,2018-03-31,1038 HK Equity,
HSI,2018-03-31,1044 HK Equity,
HSI,2018-03-31,1088 HK Equity,
HSI,2018-03-31,11 HK Equity,
HSI,2018-03-31,1109 HK Equity,
HSI,2018-03-31,1113 HK Equity,
HSI,2018-03-31,12 HK Equity,
HSI,2018-03-31,1299 HK Equity,
HSI,2018-03-31,1398 HK Equity,
HSI,2018-03-31,144 HK Equity,
HSI,2018-03-31,151 HK Equity,
HSI,2018-03-31,16 HK Equity,
HSI,2018-03-31,17 HK Equity,
HSI,2018-03-31,175 HK Equity,
HSI,2018-03-31,19 HK Equity,
HSI,2018-03-31,1928 HK Equity,
HSI,2018-03-31,1997 HK Equity,
HSI,2018-03-31,2 HK Equity,
HSI,2018-03-31,2007 HK Equity,
HSI,2018-03-31,2018 HK Equity,
HSI,2018-03-31,23 HK Equity,
HSI,2018-03-31,2318 HK Equity,
HSI,2018-03-31,2319 HK Equity,
HSI,2018-03-31,2382 HK Equity,
HSI,2018-03-31,2388 HK Equity,
HSI,2018-03-31,2628 HK Equity,
HSI,2018-03-31,267 HK Equity,
HSI,2018-03-31,27 HK Equity,
HSI,2018-03-31,288 HK Equity,
HSI,2018-03-31,3 HK Equity,
HSI,2018-03-31,3328 HK Equity,
HSI,2018-03-31,386 HK Equity,
HSI,2018-03-31,388 HK Equity,
HSI,2018-03-31,3988 HK Equity,
HSI,2018-03-31,5 HK Equity,
HSI,2018-03-31,6 HK Equity,
HSI,2018-03-31,66 HK Equity,
HSI,2018-03-31,688 HK Equity,
HSI,2018-03-31,700 HK Equity,
HSI,2018-03-31,762 HK Equity,
HSI,2018-03-31,823 HK Equity,
HSI,2018-03-31,83 HK Equity,
HSI,2018-03-31,836 HK Equity,
HSI,2018-03-31,857 HK Equity,
HSI,2018-03-31,883 HK Equity,
HSI,2018-03-31,939 HK Equity,
HSI,2018-03-31,941 HK Equity,
HSI,2018-03-31,992 HK Equity,
HSI,2018-06-30,1 HK Equity,
HSI,2018-06-30,101 HK Equity,
HSI,2018-06-30,1038 HK Equity,
HSI,2018-06-30,1044 HK Equity,
HSI,2018-06-30,1088 HK Equity,
HSI,2018-06-30,1093 HK Equity,
HSI,2018-06-30,11 HK Equity,
HSI,2018-06-30,1109 HK Equity,
HSI,2018-06-30,1113 HK Equity,
HSI,2018-06-30,12 HK Equity,
HSI,2018-06-30,1299 HK Equity,
HSI,2018-06-30,1398 HK Equity,
HSI,2018-06-30,144 HK Equity,
HSI,2018-06-30,151 HK Equity,
HSI,2018-06-30,16 HK Equity,
HSI,2018-06-30,17 HK Equity,
HSI,2018-06-30,175 HK Equity,
HSI,2018-06-30,19 HK Equity,
HSI,2018-06-30,1928 HK Equity,
HSI,2018-06-30,1997 HK Equity,
HSI,2018-06-30,2 HK Equity,
HSI,2018-06-30,2007 HK Equity,
HSI,2018-06-30,2018 HK Equity,
HSI,2018-06-30,23 HK Equity,
HSI,2018-06-30,2318 HK Equity,
HSI,2018-06-30,2319 HK Equity,
HSI,2018-06-30,2382 HK Equity,
HSI,2018-06-30,2388 HK Equity,
HSI,2018-06-30,2628 HK Equity,
HSI,2018-06-30,267 HK Equity,
HSI,2018-06-30,27 HK Equity,
HSI,2018-06-30,288 HK Equity,
HSI,2018-06-30,3 HK Equity,
HSI,2018-06-30,3328 HK Equity,
HSI,2018-06-30,386 HK Equity,
HSI,2018-06-30,388 HK Equity,
HSI,2018-06-30,3988 HK Equity,
HSI,2018-06-30,5 HK Equity,
HSI,2018-06-30,6 HK Equity,
HSI,2018-06-30,66 HK Equity,
HSI,2018-06-30,688 HK Equity,
HSI,2018-06-30,700 HK Equity,
HSI,2018-06-30,762 HK Equity,
HSI,2018-06-30,823 HK Equity,
HSI,2018-06-30,83 HK Equity,
HSI,2018-06-30,836 HK Equity,
HSI,2018-06-30,857 HK Equity,
HSI,2018-06-30,883 HK Equity,
HSI,2018-06-30,939 HK Equity,
HSI,2018-06-30,941 HK Equity,
HSI,2018-09-30,1 HK Equity,
HSI,2018-09-30,101 HK Equity,
HSI,2018-09-30,1038 HK Equity,
HSI,2018-09-30,1044 HK Equity,
HSI,2018-09-30,1088 HK Equity,
HSI,2018-09-30,1093 HK Equity,
HSI,2018-09-30,11 HK Equity,
HSI,2018-09-30,1109 HK Equity,
HSI,2018-09-30,1113 HK Equity,
HSI,2018-09-30,1177 HK Equity,
HSI,2018-09-30,12 HK Equity,
HSI,2018-09-30,1299 HK Equity,
HSI,2018-09-30,1398 HK Equity,
HSI,2018-09-30,151 HK Equity,
HSI,2018-09-30,16 HK Equity,
HSI,2018-09-30,17 HK Equity,
HSI,2018-09-30,175 HK Equity,
HSI,2018-09-30,19 HK Equity,
HSI,2018-09-30,1928 HK Equity,
HSI,2018-09-30,1997 HK Equity,
HSI,2018-09-30,2 HK Equity,
HSI,2018-09-30,2007 HK Equity,
HSI,2018-09-30,2018 HK Equity,
HSI,2018-09-30,2313 HK Equity,
HSI,2018-09-30,2318 HK Equity,
HSI,2018-09-30,2319 HK Equity,
HSI,2018-09-30,2382 HK Equity,
HSI,2018-09-30,2388 HK Equity,
HSI,2018-09-30,2628 HK Equity,
HSI,2018-09-30,267 HK Equity,
HSI,2018-09-30,27 HK Equity,
HSI,2018-09-30,288 HK Equity,
HSI,2018-09-30,3 HK Equity,
HSI,2018-09-30,3328 HK Equity,
HSI,2018-09-30,386 HK Equity,
HSI,2018-09-30,388 HK Equity,
HSI,2018-09-30,3988 HK Equity,
HSI,2018-09-30,5 HK Equity,
HSI,2018-09-30,6 HK Equity,
HSI,2018-09-30,66 HK Equity,
HSI,2018-09-30,688 HK Equity,
HSI,2018-09-30,700 HK Equity,
HSI,2018-09-30,762 HK Equity,
HSI,2018-09-30,823 HK Equity,
HSI,2018-09-30,83 HK Equity,
HSI,2018-09-30,836 HK Equity,
HSI,2018-09-30,857 HK Equity,
HSI,2018-09-30,883 HK Equity,
HSI,2018-09-30,939 HK Equity,
HSI,2018-09-30,941 HK Equity,
HSI,2018-12-31,1 HK Equity,
HSI,2018-12-31,101 HK Equity,
HSI,2018-12-31,1038 HK Equity,
HSI,2018-12-31,1044 HK Equity,
HSI,2018-12-31,1088 HK Equity,
HSI,2018-12-31,1093 HK Equity,
HSI,2018-12-31,11 HK Equity,
HSI,2018-12-31,1109 HK Equity,
HSI,2018-12-31,1113 HK Equity,
HSI,2018-12-31,1177 HK Equity,
HSI,2018-12-31,12 HK Equity,
HSI,2018-12-31,1299 HK Equity,
HSI,2018-12-31,1398 HK Equity,
HSI,2018-12-31,151 HK Equity,
HSI,2018-12-31,16 HK Equity,
HSI,2018-12-31,17 HK Equity,
HSI,2018-12-31,175 HK Equity,
HSI,2018-12-31,19 HK Equity,
HSI,2018-12-31,1928 HK Equity,
HSI,2018-12-31,1997 HK Equity,
HSI,2018-12-31,2 HK Equity,
HSI,2018-12-31,2007 HK Equity,
HSI,2018-12-31,2018 HK Equity,
HSI,2018-12-31,2313 HK Equity,
HSI,2018-12-31,2318 HK Equity,
HSI,2018-12-31,2319 HK Equity,
HSI,2018-12-31,2382 HK Equity,
HSI,2018-12-31,2388 HK Equity,
HSI,2018-12-31,2628 HK Equity,
HSI,2018-12-31,267 HK Equity,
HSI,2018-12-31,27 HK Equity,
HSI,2018-12-31,288 HK Equity,
HSI,2018-12-31,3 HK Equity,
HSI,2018-12-31,3328 HK Equity,
HSI,2018-12-31,386 HK Equity,
HSI,2018-12-31,388 HK Equity,
HSI,2018-12-31,3988 HK Equity,
HSI,2018-12-31,5 HK Equity,
HSI,2018-12-31,6 HK Equity,
HSI,2018-12-31,66 HK Equity,
HSI,2018-12-31,688 HK Equity,
HSI,2018-12-31,700 HK Equity,
HSI,2018-12-31,762 HK Equity,
HSI,2018-12-31,823 HK Equity,
HSI,2018-12-31,83 HK Equity,
HSI,2018-12-31,836 HK Equity,
HSI,2018-12-31,857 HK Equity,
HSI,2018-12-31,883 HK Equity,
HSI,2018-12-31,939 HK Equity,
HSI,2018-12-31,941 HK Equity,
HSI,2019-03-31,1 HK Equity,
HSI,2019-03-31,101 HK Equity,
HSI,2019-03-31,1038 HK Equity,
HSI,2019-03-31,1044 HK Equity,
HSI,2019-03-31,1088 HK Equity,
HSI,2019-03-31,1093 HK Equity,
HSI,2019-03-31,11 HK Equity,
HSI,2019-03-31,1109 HK Equity,
HSI,2019-03-31,1113 HK Equity,
HSI,2019-03-31,1177 HK Equity,
HSI,2019-03-31,12 HK Equity,
HSI,2019-03-31,1299 HK Equity,
HSI,2019-03-31,1398 HK Equity,
HSI,2019-03-31,151 HK Equity,
HSI,2019-03-31,16 HK Equity,
HSI,2019-03-31,17 HK Equity,
HSI,2019-03-31,175 HK Equity,
HSI,2019-03-31,19 HK Equity,
HSI,2019-03-31,1928 HK Equity,
HSI,2019-03-31,1997 HK Equity,
HSI,2019-03-31,2 HK Equity,
HSI,2019-03-31,2007 HK Equity,
HSI,2019-03-31,2018 HK Equity,
HSI,2019-03-31,2313 HK Equity,
HSI,2019-03-31,2318 HK Equity,
HSI,2019-03-31,2319 HK Equity,
HSI,2019-03-31,2382 HK Equity,
HSI,2019-03-31,2388 HK Equity,
HSI,2019-03-31,2628 HK Equity,
HSI,2019-03-31,267 HK Equity,
HSI,2019-03-31,27 HK Equity,
HSI,2019-03-31,288 HK Equity,
HSI,2019-03-31,3 HK Equity,
HSI,2019-03-31,3328 HK Equity,
HSI,2019-03-31,386 HK Equity,
HSI,2019-03-31,388 HK Equity,
HSI,2019-03-31,3988 HK Equity,
HSI,2019-03-31,5 HK Equity,
HSI,2019-03-31,6 HK Equity,
HSI,2019-03-31,66 HK Equity,
HSI,2019-03-31,669 HK Equity,
HSI,2019-03-31,688 HK Equity,
HSI,2019-03-31,700 HK Equity,
HSI,2019-03-31,762 HK Equity,
HSI,2019-03-31,823 HK Equity,
HSI,2019-03-31,83 HK Equity,
HSI,2019-03-31,857 HK Equity,
HSI,2019-03-31,883 HK Equity,
HSI,2019-03-31,939 HK Equity,
HSI,2019-03-31,941 HK Equity,
HSI,2019-06-30,1 HK Equity,
HSI,2019-06-30,101 HK Equity,
HSI,2019-06-30,1038 HK Equity,
HSI,2019-06-30,1044 HK Equity,
HSI,2019-06-30,1088 HK Equity,
HSI,2019-06-30,1093 HK Equity,
HSI,2019-06-30,11 HK Equity,
HSI,2019-06-30,1109 HK Equity,
HSI,2019-06-30,1113 HK Equity,
HSI,2019-06-30,1177 HK Equity,
HSI,2019-06-30,12 HK Equity,
HSI,2019-06-30,1299 HK Equity,
HSI,2019-06-30,1398 HK Equity,
HSI,2019-06-30,151 HK Equity,
HSI,2019-06-30,16 HK Equity,
HSI,2019-06-30,17 HK Equity,
HSI,2019-06-30,175 HK Equity,
HSI,2019-06-30,19 HK Equity,
HSI,2019-06-30,1928 HK Equity,
HSI,2019-06-30,1997 HK Equity,
HSI,2019-06-30,2 HK Equity,
HSI,2019-06-30,2007 HK Equity,
HSI,2019-06-30,2018 HK Equity,
HSI,2019-06-30,2313 HK Equity,
HSI,2019-06-30,2318 HK Equity,
HSI,2019-06-30,2319 HK Equity,
HSI,2019-06-30,2382 HK Equity,
HSI,2019-06-30,2388 HK Equity,
HSI,2019-06-30,2628 HK Equity,
HSI,2019-06-30,267 HK Equity,
HSI,2019-06-30,27 HK Equity,
HSI,2019-06-30,288 HK Equity,
HSI,2019-06-30,3 HK Equity,
HSI,2019-06-30,3328 HK Equity,
HSI,2019-06-30,386 HK Equity,
HSI,2019-06-30,388 HK Equity,
HSI,2019-06-30,3988 HK Equity,
HSI,2019-06-30,5 HK Equity,
HSI,2019-06-30,6 HK Equity,
HSI,2019-06-30,66 HK Equity,
HSI,2019-06-30,669 HK Equity,
HSI,2019-06-30,688 HK Equity,
HSI,2019-06-30,700 HK Equity,
HSI,2019-06-30,762 HK Equity,
HSI,2019-06-30,823 HK Equity,
HSI,2019-06-30,83 HK Equity,
HSI,2019-06-30,857 HK Equity,
HSI,2019-06-30,883 HK Equity,
HSI,2019-06-30,939 HK Equity,
HSI,2019-06-30,941 HK Equity,
HSI,2019-09-30,1 HK Equity,
HSI,2019-09-30,101 HK Equity,
HSI,2019-09-30,1038 HK Equity,
HSI,2019-09-30,1044 HK Equity,
HSI,2019-09-30,1088 HK Equity,
HSI,2019-09-30,1093 HK Equity,
HSI,2019-09-30,11 HK Equity,
HSI,2019-09-30,1109 HK Equity,
HSI,2019-09-30,1113 HK Equity,
HSI,2019-09-30,1177 HK Equity,
HSI,2019-09-30,12 HK Equity,
HSI,2019-09-30,1299 HK Equity,
HSI,2019-09-30,1398 HK Equity,
HSI,2019-09-30,151 HK Equity,
HSI,2019-09-30,16 HK Equity,
HSI,2019-09-30,17 HK Equity,
HSI,2019-09-30,175 HK Equity,
HSI,2019-09-30,19 HK Equity,
HSI,2019-09-30,1928 HK Equity,
HSI,2019-09-30,1997 HK Equity,
HSI,2019-09-30,2 HK Equity,
HSI,2019-09-30,2007 HK Equity,
HSI,2019-09-30,2018 HK Equity,
HSI,2019-09-30,2313 HK Equity,
HSI,2019-09-30,2318 HK Equity,
HSI,2019-09-30,2319 HK Equity,
HSI,2019-09-30,2382 HK Equity,
HSI,2019-09-30,2388 HK Equity,
HSI,2019-09-30,2628 HK Equity,
HSI,2019-09-30,267 HK Equity,
HSI,2019-09-30,27 HK Equity,
HSI,2019-09-30,288 HK Equity,
HSI,2019-09-30,3 HK Equity,
HSI,2019-09-30,3328 HK Equity,
HSI,2019-09-30,386 HK Equity,
HSI,2019-09-30,388 HK Equity,
HSI,2019-09-30,3988 HK Equity,
HSI,2019-09-30,5 HK Equity,
HSI,2019-09-30,6 HK Equity,
HSI,2019-09-30,66 HK Equity,
HSI,2019-09-30,669 HK Equity,
HSI,2019-09-30,688 HK Equity,
HSI,2019-09-30,700 HK Equity,
HSI,2019-09-30,762 HK Equity,
HSI,2019-09-30,823 HK Equity,
HSI,2019-09-30,83 HK Equity,
HSI,2019-09-30,857 HK Equity,
HSI,2019-09-30,883 HK Equity,
HSI,2019-09-30,939 HK Equity,
HSI,2019-09-30,941 HK Equity,
HSI,2019-12-31,1 HK Equity,
HSI,2019-12-31,101 HK Equity,
HSI,2019-12-31,1038 HK Equity,
HSI,2019-12-31,1044 HK Equity,
HSI,2019-12-31,1088 HK Equity,
HSI,2019-12-31,1093 HK Equity,
HSI,2019-12-31,11 HK Equity,
HSI,2019-12-31,1109 HK Equity,
HSI,2019-12-31,1113 HK Equity,
HSI,2019-12-31,1177 HK Equity,
HSI,2019-12-31,12 HK Equity,
HSI,2019-12-31,1299 HK Equity,
HSI,2019-12-31,1398 HK Equity,
HSI,2019-12-31,151 HK Equity,
HSI,2019-12-31,16 HK Equity,
HSI,2019-12-31,17 HK Equity,
HSI,2019-12-31,175 HK Equity,
HSI,2019-12-31,19 HK Equity,
HSI,2019-12-31,1928 HK Equity,
HSI,2019-12-31,1997 HK Equity,
HSI,2019-12-31,2 HK Equity,
HSI,2019-12-31,2007 HK Equity,
HSI,2019-12-31,2018 HK Equity,
HSI,2019-12-31,2313 HK Equity,
HSI,2019-12-31,2318 HK Equity,
HSI,2019-12-31,2319 HK Equity,
HSI,2019-12-31,2382 HK Equity,
HSI,2019-12-31,2388 HK Equity,
HSI,2019-12-31,2628 HK Equity,
HSI,2019-12-31,267 HK Equity,
HSI,2019-12-31,27 HK Equity,
HSI,2019-12-31,288 HK Equity,
HSI,2019-12-31,3 HK Equity,
HSI,2019-12-31,3328 HK Equity,
HSI,2019-12-31,386 HK Equity,
HSI,2019-12-31,388 HK Equity,
HSI,2019-12-31,3988 HK Equity,
HSI,2019-12-31,5 HK Equity,
HSI,2019-12-31,6 HK Equity,
HSI,2019-12-31,66 HK Equity,
HSI,2019-12-31,669 HK Equity,
HSI,2019-12-31,688 HK Equity,
HSI,2019-12-31,700 HK Equity,
HSI,2019-12-31,762 HK Equity,
HSI,2019-12-31,823 HK Equity,
HSI,2019-12-31,83 HK Equity,
HSI,2019-12-31,857 HK Equity,
HSI,2019-12-31,883 HK Equity,
HSI,2019-12-31,939 HK Equity,
HSI,2019-12-31,941 HK Equity,
HSI,2020-03-31,1 HK Equity,
HSI,2020-03-31,101 HK Equity,
HSI,2020-03-31,1038 HK Equity,
HSI,2020-03-31,1044 HK Equity,
HSI,2020-03-31,1088 HK Equity,
HSI,2020-03-31,1093 HK Equity,
HSI,2020-03-31,11 HK Equity,
HSI,2020-03-31,1109 HK Equity,
HSI,2020-03-31,1113 HK Equity,
HSI,2020-03-31,1177 HK Equity,
HSI,2020-03-31,12 HK Equity,
HSI,2020-03-31,1299 HK Equity,
HSI,2020-03-31,1398 HK Equity,
HSI,2020-03-31,151 HK Equity,
HSI,2020-03-31,16 HK Equity,
HSI,2020-03-31,17 HK Equity,
HSI,2020-03-31,175 HK Equity,
HSI,2020-03-31,19 HK Equity,
HSI,2020-03-31,1928 HK Equity,
HSI,2020-03-31,1997 HK Equity,
HSI,2020-03-31,2 HK Equity,
HSI,2020-03-31,2007 HK Equity,
HSI,2020-03-31,2018 HK Equity,
HSI,2020-03-31,2313 HK Equity,
HSI,2020-03-31,2318 HK Equity,
HSI,2020-03-31,2319 HK Equity,
HSI,2020-03-31,2382 HK Equity,
HSI,2020-03-31,2388 HK Equity,
HSI,2020-03-31,2628 HK Equity,
HSI,2020-03-31,267 HK Equity,
HSI,2020-03-31,27 HK Equity,
HSI,2020-03-31,288 HK Equity,
HSI,2020-03-31,3 HK Equity,
HSI,2020-03-31,3328 HK Equity,
HSI,2020-03-31,386 HK Equity,
HSI,2020-03-31,388 HK Equity,
HSI,2020-03-31,3988 HK Equity,
HSI,2020-03-31,5 HK Equity,
HSI,2020-03-31,6 HK Equity,
HSI,2020-03-31,66 HK Equity,
HSI,2020-03-31,669 HK Equity,
HSI,2020-03-31,688 HK Equity,
HSI,2020-03-31,700 HK Equity,
HSI,2020-03-31,762 HK Equity,
HSI,2020-03-31,823 HK Equity,
HSI,2020-03-31,83 HK Equity,
HSI,2020-03-31,857 HK Equity,
HSI,2020-03-31,883 HK Equity,
HSI,2020-03-31,939 HK Equity,
HSI,2020-03-31,941 HK Equity,
HSI,2020-06-30,1 HK Equity,
HSI,2020-06-30,101 HK Equity,
HSI,2020-06-30,1038 HK Equity,
HSI,2020-06-30,1044 HK Equity,
HSI,2020-06-30,1088 HK Equity,
HSI,2020-06-30,1093 HK Equity,
HSI,2020-06-30,11 HK Equity,
HSI,2020-06-30,1109 HK Equity,
HSI,2020-06-30,1113 HK Equity,
HSI,2020-06-30,1177 HK Equity,
HSI,2020-06-30,12 HK Equity,
HSI,2020-06-30,1299 HK Equity,
HSI,2020-06-30,1398 HK Equity,
HSI,2020-06-30,151 HK Equity,
HSI,2020-06-30,16 HK Equity,
HSI,2020-06-30,175 HK Equity,
HSI,2020-06-30,1876883D HK Equity,
HSI,2020-06-30,19 HK Equity,
HSI,2020-06-30,1928 HK Equity,
HSI,2020-06-30,1997 HK Equity,
HSI,2020-06-30,2 HK Equity,
HSI,2020-06-30,2007 HK Equity,
HSI,2020-06-30,2018 HK Equity,
HSI,2020-06-30,2313 HK Equity,
HSI,2020-06-30,2318 HK Equity,
HSI,2020-06-30,2319 HK Equity,
HSI,2020-06-30,2382 HK Equity,
HSI,2020-06-30,2388 HK Equity,
HSI,2020-06-30,2628 HK Equity,
HSI,2020-06-30,267 HK Equity,
HSI,2020-06-30,27 HK Equity,
HSI,2020-06-30,288 HK Equity,
HSI,2020-06-30,3 HK Equity,
HSI,2020-06-30,3328 HK Equity,
HSI,2020-06-30,386 HK Equity,
HSI,2020-06-30,388 HK Equity,
HSI,2020-06-30,3988 HK Equity,
HSI,2020-06-30,5 HK Equity,
HSI,2020-06-30,6 HK Equity,
HSI,2020-06-30,66 HK Equity,
HSI,2020-06-30,669 HK Equity,
HSI,2020-06-30,688 HK Equity,
HSI,2020-06-30,700 HK Equity,
HSI,2020-06-30,762 HK Equity,
HSI,2020-06-30,823 HK Equity,
HSI,2020-06-30,83 HK Equity,
HSI,2020-06-30,857 HK Equity,
HSI,2020-06-30,883 HK Equity,
HSI,2020-06-30,939 HK Equity,
HSI,2020-06-30,941 HK Equity,
HSI,2020-09-30,1 HK Equity,
HSI,2020-09-30,101 HK Equity,
HSI,2020-09-30,1038 HK Equity,
HSI,2020-09-30,1044 HK Equity,
HSI,2020-09-30,1093 HK Equity,
HSI,2020-09-30,11 HK Equity,
HSI,2020-09-30,1109 HK Equity,
HSI,2020-09-30,1113 HK Equity,
HSI,2020-09-30,1177 HK Equity,
HSI,2020-09-30,12 HK Equity,
HSI,2020-09-30,1299 HK Equity,
HSI,2020-09-30,1398 HK Equity,
HSI,2020-09-30,16 HK Equity,
HSI,2020-09-30,17 HK Equity,
HSI,2020-09-30,175 HK Equity,
HSI,2020-09-30,1810 HK Equity,
HSI,2020-09-30,19 HK Equity,
HSI,2020-09-30,1928 HK Equity,
HSI,2020-09-30,1997 HK Equity,
HSI,2020-09-30,2 HK Equity,
HSI,2020-09-30,2007 HK Equity,
HSI,2020-09-30,2018 HK Equity,
HSI,2020-09-30,2269 HK Equity,
HSI,2020-09-30,2313 HK Equity,
HSI,2020-09-30,2318 HK Equity,
HSI,2020-09-30,2319 HK Equity,
HSI,2020-09-30,2382 HK Equity,
HSI,2020-09-30,2388 HK Equity,
HSI,2020-09-30,2628 HK Equity,
HSI,2020-09-30,267 HK Equity,
HSI,2020-09-30,27 HK Equity,
HSI,2020-09-30,288 HK Equity,
HSI,2020-09-30,3 HK Equity,
HSI,2020-09-30,3328 HK Equity,
HSI,2020-09-30,386 HK Equity,
HSI,2020-09-30,388 HK Equity,
HSI,2020-09-30,3988 HK Equity,
HSI,2020-09-30,5 HK Equity,
HSI,2020-09-30,6 HK Equity,
HSI,2020-09-30,66 HK Equity,
HSI,2020-09-30,669 HK Equity,
HSI,2020-09-30,688 HK Equity,
HSI,2020-09-30,700 HK Equity,
HSI,2020-09-30,762 HK Equity,
HSI,2020-09-30,823 HK Equity,
HSI,2020-09-30,857 HK Equity,
HSI,2020-09-30,883 HK Equity,
HSI,2020-09-30,939 HK Equity,
HSI,2020-09-30,941 HK Equity,
HSI,2020-09-30,9988 HK Equity,
HSI,2020-12-31,1 HK Equity,
HSI,2020-12-31,101 HK Equity,
HSI,2020-12-31,1038 HK Equity,
HSI,2020-12-31,1044 HK Equity,
HSI,2020-12-31,1093 HK Equity,
HSI,2020-12-31,11 HK Equity,
HSI,2020-12-31,1109 HK Equity,
HSI,2020-12-31,1113 HK Equity,
HSI,2020-12-31,1177 HK Equity,
HSI,2020-12-31,12 HK Equity,
HSI,2020-12-31,1299 HK Equity,
HSI,2020-12-31,1398 HK Equity,
HSI,2020-12-31,16 HK Equity,
HSI,2020-12-31,17 HK Equity,
HSI,2020-12-31,175 HK Equity,
HSI,2020-12-31,1810 HK Equity,
HSI,2020-12-31,1876 HK Equity,
HSI,2020-12-31,1928 HK Equity,
HSI,2020-12-31,1997 HK Equity,
HSI,2020-12-31,2 HK Equity,
HSI,2020-12-31,2007 HK Equity,
HSI,2020-12-31,2018 HK Equity,
HSI,2020-12-31,2020 HK Equity,
HSI,2020-12-31,2269 HK Equity,
HSI,2020-12-31,2313 HK Equity,
HSI,2020-12-31,2318 HK Equity,
HSI,2020-12-31,2319 HK Equity,
HSI,2020-12-31,2382 HK Equity,
HSI,2020-12-31,2388 HK Equity,
HSI,2020-12-31,2628 HK Equity,
HSI,2020-12-31,267 HK Equity,
HSI,2020-12-31,27 HK Equity,
HSI,2020-12-31,288 HK Equity,
HSI,2020-12-31,3 HK Equity,
HSI,2020-12-31,3328 HK Equity,
HSI,2020-12-31,3690 HK Equity,
HSI,2020-12-31,386 HK Equity,
HSI,2020-12-31,388 HK Equity,
HSI,2020-12-31,3988 HK Equity,
HSI,2020-12-31,5 HK Equity,
HSI,2020-12-31,6 HK Equity,
HSI,2020-12-31,66 HK Equity,
HSI,2020-12-31,669 HK Equity,
HSI,2020-12-31,688 HK Equity,
HSI,2020-12-31,700 HK Equity,
HSI,2020-12-31,762 HK Equity,
HSI,2020-12-31,823 HK Equity,
HSI,2020-12-31,857 HK Equity,
HSI,2020-12-31,883 HK Equity,
HSI,2020-12-31,939 HK Equity,
HSI,2020-12-31,941 HK Equity,
HSI,2020-12-31,9988 HK Equity,
HSI,2021-03-31,1 HK Equity,
HSI,2021-03-31,101 HK Equity,
HSI,2021-03-31,1038 HK Equity,
HSI,2021-03-31,1044 HK Equity,
HSI,2021-03-31,1093 HK Equity,
HSI,2021-03-31,11 HK Equity,
HSI,2021-03-31,1109 HK Equity,
HSI,2021-03-31,1113 HK Equity,
HSI,2021-03-31,1177 HK Equity,
HSI,2021-03-31,12 HK Equity,
HSI,2021-03-31,1299 HK Equity,
HSI,2021-03-31,1398 HK Equity,
HSI,2021-03-31,16 HK Equity,
HSI,2021-03-31,17 HK Equity,
HSI,2021-03-31,175 HK Equity,
HSI,2021-03-31,1810 HK Equity,
HSI,2021-03-31,1876 HK Equity,
HSI,2021-03-31,1928 HK Equity,
HSI,2021-03-31,1997 HK Equity,
HSI,2021-03-31,2 HK Equity,
HSI,2021-03-31,2007 HK Equity,
HSI,2021-03-31,2018 HK Equity,
HSI,2021-03-31,2020 HK Equity,
HSI,2021-03-31,2269 HK Equity,
HSI,2021-03-31,2313 HK Equity,
HSI,2021-03-31,2318 HK Equity,
HSI,2021-03-31,2319 HK Equity,
HSI,2021-03-31,2382 HK Equity,
HSI,2021-03-31,2388 HK Equity,
HSI,2021-03-31,241 HK Equity,
HSI,2021-03-31,2628 HK Equity,
HSI,2021-03-31,267 HK Equity,
HSI,2021-03-31,27 HK Equity,
HSI,2021-03-31,288 HK Equity,
HSI,2021-03-31,3 HK Equity,
HSI,2021-03-31,3328 HK Equity,
HSI,2021-03-31,3690 HK Equity,
HSI,2021-03-31,386 HK Equity,
HSI,2021-03-31,388 HK Equity,
HSI,2021-03-31,3988 HK Equity,
HSI,2021-03-31,5 HK Equity,
HSI,2021-03-31,6 HK Equity,
HSI,2021-03-31,66 HK Equity,
HSI,2021-03-31,669 HK Equity,
HSI,2021-03-31,6862 HK Equity,
HSI,2021-03-31,688 HK Equity,
HSI,2021-03-31,700 HK Equity,
HSI,2021-03-31,762 HK Equity,
HSI,2021-03-31,823 HK Equity,
HSI,2021-03-31,857 HK Equity,
HSI,2021-03-31,883 HK Equity,
HSI,2021-03-31,939 HK Equity,
HSI,2021-03-31,941 HK Equity,
HSI,2021-03-31,960 HK Equity,
HSI,2021-03-31,9988 HK Equity,
HSI,2021-06-30,1 HK Equity,
HSI,2021-06-30,101 HK Equity,
HSI,2021-06-30,1038 HK Equity,
HSI,2021-06-30,1044 HK Equity,
HSI,2021-06-30,1093 HK Equity,
HSI,2021-06-30,11 HK Equity,
HSI,2021-06-30,1109 HK Equity,
HSI,2021-06-30,1113 HK Equity,
HSI,2021-06-30,1177 HK Equity,
HSI,2021-06-30,12 HK Equity,
HSI,2021-06-30,1211 HK Equity,
HSI,2021-06-30,1299 HK Equity,
HSI,2021-06-30,1398 HK Equity,
HSI,2021-06-30,16 HK Equity,
HSI,2021-06-30,17 HK Equity,
HSI,2021-06-30,175 HK Equity,
HSI,2021-06-30,1810 HK Equity,
HSI,2021-06-30,1876 HK Equity,
HSI,2021-06-30,1928 HK Equity,
HSI,2021-06-30,1997 HK Equity,
HSI,2021-06-30,2 HK Equity,
HSI,2021-06-30,2007 HK Equity,
HSI,2021-06-30,2018 HK Equity,
HSI,2021-06-30,2020 HK Equity,
HSI,2021-06-30,2269 HK Equity,
HSI,2021-06-30,2313 HK Equity,
HSI,2021-06-30,2318 HK Equity,
HSI,2021-06-30,2319 HK Equity,
HSI,2021-06-30,2382 HK Equity,
HSI,2021-06-30,2388 HK Equity,
HSI,2021-06-30,241 HK Equity,
HSI,2021-06-30,2628 HK Equity,
HSI,2021-06-30,267 HK Equity,
HSI,2021-06-30,27 HK Equity,
HSI,2021-06-30,288 HK Equity,
HSI,2021-06-30,3 HK Equity,
HSI,2021-06-30,3328 HK Equity,
HSI,2021-06-30,3690 HK Equity,
HSI,2021-06-30,386 HK Equity,
HSI,2021-06-30,388 HK Equity,
HSI,2021-06-30,3988 HK Equity,
HSI,2021-06-30,5 HK Equity,
HSI,2021-06-30,6 HK Equity,
HSI,2021-06-30,6098 HK Equity,
HSI,2021-06-30,66 HK Equity,
HSI,2021-06-30,669 HK Equity,
HSI,2021-06-30,6862 HK Equity,
HSI,2021-06-30,688 HK Equity,
HSI,2021-06-30,700 HK Equity,
HSI,2021-06-30,762 HK Equity,
HSI,2021-06-30,823 HK Equity,
HSI,2021-06-30,857 HK Equity,
HSI,2021-06-30,883 HK Equity,
HSI,2021-06-30,939 HK Equity,
HSI,2021-06-30,941 HK Equity,
HSI,2021-06-30,960 HK Equity,
HSI,2021-06-30,968 HK Equity,
HSI,2021-06-30,9988 HK Equity,
HSI,2021-09-30,1 HK Equity,
HSI,2021-09-30,101 HK Equity,
HSI,2021-09-30,1038 HK Equity,
HSI,2021-09-30,1044 HK Equity,
HSI,2021-09-30,1093 HK Equity,
HSI,2021-09-30,11 HK Equity,
HSI,2021-09-30,1109 HK Equity,
HSI,2021-09-30,1113 HK Equity,
HSI,2021-09-30,1177 HK Equity,
HSI,2021-09-30,12 HK Equity,
HSI,2021-09-30,1211 HK Equity,
HSI,2021-09-30,1299 HK Equity,
HSI,2021-09-30,1398 HK Equity,
HSI,2021-09-30,16 HK Equity,
HSI,2021-09-30,17 HK Equity,
HSI,2021-09-30,175 HK Equity,
HSI,2021-09-30,1810 HK Equity,
HSI,2021-09-30,1876 HK Equity,
HSI,2021-09-30,1928 HK Equity,
HSI,2021-09-30,1997 HK Equity,
HSI,2021-09-30,2 HK Equity,
HSI,2021-09-30,2007 HK Equity,
HSI,2021-09-30,2018 HK Equity,
HSI,2021-09-30,2020 HK Equity,
HSI,2021-09-30,2269 HK Equity,
HSI,2021-09-30,2313 HK Equity,
HSI,2021-09-30,2318 HK Equity,
HSI,2021-09-30,2319 HK Equity,
HSI,2021-09-30,2331 HK Equity,
HSI,2021-09-30,2382 HK Equity,
HSI,2021-09-30,2388 HK Equity,
HSI,2021-09-30,241 HK Equity,
HSI,2021-09-30,2628 HK Equity,
HSI,2021-09-30,267 HK Equity,
HSI,2021-09-30,27 HK Equity,
HSI,2021-09-30,288 HK Equity,
HSI,2021-09-30,3 HK Equity,
HSI,2021-09-30,3690 HK Equity,
HSI,2021-09-30,386 HK Equity,
HSI,2021-09-30,388 HK Equity,
HSI,2021-09-30,3968 HK Equity,
HSI,2021-09-30,3988 HK Equity,
HSI,2021-09-30,5 HK Equity,
HSI,2021-09-30,6 HK Equity,
HSI,2021-09-30,6098 HK Equity,
HSI,2021-09-30,66 HK Equity,
HSI,2021-09-30,669 HK Equity,
HSI,2021-09-30,6862 HK Equity,
HSI,2021-09-30,688 HK Equity,
HSI,2021-09-30,700 HK Equity,
HSI,2021-09-30,762 HK Equity,
HSI,2021-09-30,823 HK Equity,
HSI,2021-09-30,857 HK Equity,
HSI,2021-09-30,868 HK Equity,
HSI,2021-09-30,883 HK Equity,
HSI,2021-09-30,939 HK Equity,
HSI,2021-09-30,941 HK Equity,
HSI,2021-09-30,960 HK Equity,
HSI,2021-09-30,968 HK Equity,
HSI,2021-09-30,9988 HK Equity,
HSI,2021-12-31,1 HK Equity,
HSI,2021-12-31,101 HK Equity,
HSI,2021-12-31,1038 HK Equity,
HSI,2021-12-31,1044 HK Equity,
HSI,2021-12-31,1093 HK Equity,
HSI,2021-12-31,11 HK Equity,
HSI,2021-12-31,1109 HK Equity,
HSI,2021-12-31,1113 HK Equity,
HSI,2021-12-31,1177 HK Equity,
HSI,2021-12-31,12 HK Equity,
HSI,2021-12-31,1211 HK Equity,
HSI,2021-12-31,1299 HK Equity,
HSI,2021-12-31,1398 HK Equity,
HSI,2021-12-31,16 HK Equity,
HSI,2021-12-31,17 HK Equity,
HSI,2021-12-31,175 HK Equity,
HSI,2021-12-31,1810 HK Equity,
HSI,2021-12-31,1876 HK Equity,
HSI,2021-12-31,1928 HK Equity,
HSI,2021-12-31,1997 HK Equity,
HSI,2021-12-31,2 HK Equity,
HSI,2021-12-31,2007 HK Equity,
HSI,2021-12-31,2018 HK Equity,
HSI,2021-12-31,2020 HK Equity,
HSI,2021-12-31,2269 HK Equity,
HSI,2021-12-31,2313 HK Equity,
HSI,2021-12-31,2318 HK Equity,
HSI,2021-12-31,2319 HK Equity,
HSI,2021-12-31,2331 HK Equity,
HSI,2021-12-31,2382 HK Equity,
HSI,2021-12-31,2388 HK Equity,
HSI,2021-12-31,241 HK Equity,
HSI,2021-12-31,2628 HK Equity,
HSI,2021-12-31,267 HK Equity,
HSI,2021-12-31,2688 HK Equity,
HSI,2021-12-31,27 HK Equity,
HSI,2021-12-31,288 HK Equity,
HSI,2021-12-31,291 HK Equity,
HSI,2021-12-31,3 HK Equity,
HSI,2021-12-31,3690 HK Equity,
HSI,2021-12-31,386 HK Equity,
HSI,2021-12-31,388 HK Equity,
HSI,2021-12-31,3968 HK Equity,
HSI,2021-12-31,3988 HK Equity,
HSI,2021-12-31,5 HK Equity,
HSI,2021-12-31,6 HK Equity,
HSI,2021-12-31,6098 HK Equity,
HSI,2021-12-31,66 HK Equity,
HSI,2021-12-31,669 HK Equity,
HSI,2021-12-31,6862 HK Equity,
HSI,2021-12-31,688 HK Equity,
HSI,2021-12-31,700 HK Equity,
HSI,2021-12-31,762 HK Equity,
HSI,2021-12-31,823 HK Equity,
HSI,2021-12-31,857 HK Equity,
HSI,2021-12-31,868 HK Equity,
HSI,2021-12-31,883 HK Equity,
HSI,2021-12-31,939 HK Equity,
HSI,2021-12-31,941 HK Equity,
HSI,2021-12-31,960 HK Equity,
HSI,2021-12-31,9618 HK Equity,
HSI,2021-12-31,968 HK Equity,
HSI,2021-12-31,9988 HK Equity,
HSI,2021-12-31,9999 HK Equity,
HSI,2022-03-31,1 HK Equity,
HSI,2022-03-31,101 HK Equity,
HSI,2022-03-31,1038 HK Equity,
HSI,2022-03-31,1044 HK Equity,
HSI,2022-03-31,1093 HK Equity,
HSI,2022-03-31,11 HK Equity,
HSI,2022-03-31,1109 HK Equity,
HSI,2022-03-31,1113 HK Equity,
HSI,2022-03-31,1177 HK Equity,
HSI,2022-03-31,12 HK Equity,
HSI,2022-03-31,1211 HK Equity,
HSI,2022-03-31,1299 HK Equity,
HSI,2022-03-31,1398 HK Equity,
HSI,2022-03-31,16 HK Equity,
HSI,2022-03-31,17 HK Equity,
HSI,2022-03-31,175 HK Equity,
HSI,2022-03-31,1810 HK Equity,
HSI,2022-03-31,1876 HK Equity,
HSI,2022-03-31,1928 HK Equity,
HSI,2022-03-31,1997 HK Equity,
HSI,2022-03-31,2 HK Equity,
HSI,2022-03-31,2007 HK Equity,
HSI,2022-03-31,2018 HK Equity,
HSI,2022-03-31,2020 HK Equity,
HSI,2022-03-31,2269 HK Equity,
HSI,2022-03-31,2313 HK Equity,
HSI,2022-03-31,2318 HK Equity,
HSI,2022-03-31,2319 HK Equity,
HSI,2022-03-31,2331 HK Equity,
HSI,2022-03-31,2382 HK Equity,
HSI,2022-03-31,2388 HK Equity,
HSI,2022-03-31,241 HK Equity,
HSI,2022-03-31,2628 HK Equity,
HSI,2022-03-31,267 HK Equity,
HSI,2022-03-31,2688 HK Equity,
HSI,2022-03-31,27 HK Equity,
HSI,2022-03-31,288 HK Equity,
HSI,2022-03-31,291 HK Equity,
HSI,2022-03-31,3 HK Equity,
HSI,2022-03-31,3690 HK Equity,
HSI,2022-03-31,386 HK Equity,
HSI,2022-03-31,388 HK Equity,
HSI,2022-03-31,3968 HK Equity,
HSI,2022-03-31,3988 HK Equity,
HSI,2022-03-31,5 HK Equity,
HSI,2022-03-31,6 HK Equity,
HSI,2022-03-31,6098 HK Equity,
HSI,2022-03-31,66 HK Equity,
HSI,2022-03-31,669 HK Equity,
HSI,2022-03-31,6862 HK Equity,
HSI,2022-03-31,688 HK Equity,
HSI,2022-03-31,700 HK Equity,
HSI,2022-03-31,762 HK Equity,
HSI,2022-03-31,823 HK Equity,
HSI,2022-03-31,857 HK Equity,
HSI,2022-03-31,868 HK Equity,
HSI,2022-03-31,883 HK Equity,
HSI,2022-03-31,939 HK Equity,
HSI,2022-03-31,941 HK Equity,
HSI,2022-03-31,960 HK Equity,
HSI,2022-03-31,9618 HK Equity,
HSI,2022-03-31,9633 HK Equity,
HSI,2022-03-31,968 HK Equity,
HSI,2022-03-31,992 HK Equity,
HSI,2022-03-31,9988 HK Equity,
HSI,2022-03-31,9999 HK Equity,
HSI,2022-06-30,1 HK Equity,
HSI,2022-06-30,101 HK Equity,
HSI,2022-06-30,1038 HK Equity,
HSI,2022-06-30,1044 HK Equity,
HSI,2022-06-30,1093 HK Equity,
HSI,2022-06-30,11 HK Equity,
HSI,2022-06-30,1109 HK Equity,
HSI,2022-06-30,1113 HK Equity,
HSI,2022-06-30,1177 HK Equity,
HSI,2022-06-30,12 HK Equity,
HSI,2022-06-30,1211 HK Equity,
HSI,2022-06-30,1299 HK Equity,
HSI,2022-06-30,1378 HK Equity,
HSI,2022-06-30,1398 HK Equity,
HSI,2022-06-30,16 HK Equity,
HSI,2022-06-30,17 HK Equity,
HSI,2022-06-30,175 HK Equity,
HSI,2022-06-30,1810 HK Equity,
HSI,2022-06-30,1876 HK Equity,
HSI,2022-06-30,1928 HK Equity,
HSI,2022-06-30,1997 HK Equity,
HSI,2022-06-30,2 HK Equity,
HSI,2022-06-30,2007 HK Equity,
HSI,2022-06-30,2020 HK Equity,
HSI,2022-06-30,2269 HK Equity,
HSI,2022-06-30,2313 HK Equity,
HSI,2022-06-30,2318 HK Equity,
HSI,2022-06-30,2319 HK Equity,
HSI,2022-06-30,2331 HK Equity,
HSI,2022-06-30,2382 HK Equity,
HSI,2022-06-30,2388 HK Equity,
HSI,2022-06-30,241 HK Equity,
HSI,2022-06-30,2628 HK Equity,
HSI,2022-06-30,267 HK Equity,
HSI,2022-06-30,2688 HK Equity,
HSI,2022-06-30,27 HK Equity,
HSI,2022-06-30,288 HK Equity,
HSI,2022-06-30,291 HK Equity,
HSI,2022-06-30,3 HK Equity,
HSI,2022-06-30,316 HK Equity,
HSI,2022-06-30,3690 HK Equity,
HSI,2022-06-30,386 HK Equity,
HSI,2022-06-30,388 HK Equity,
HSI,2022-06-30,3968 HK Equity,
HSI,2022-06-30,3988 HK Equity,
HSI,2022-06-30,5 HK Equity,
HSI,2022-06-30,6 HK Equity,
HSI,2022-06-30,6098 HK Equity,
HSI,2022-06-30,66 HK Equity,
HSI,2022-06-30,669 HK Equity,
HSI,2022-06-30,6862 HK Equity,
HSI,2022-06-30,688 HK Equity,
HSI,2022-06-30,700 HK Equity,
HSI,2022-06-30,762 HK Equity,
HSI,2022-06-30,823 HK Equity,
HSI,2022-06-30,857 HK Equity,
HSI,2022-06-30,868 HK Equity,
HSI,2022-06-30,881 HK Equity,
HSI,2022-06-30,883 HK Equity,
HSI,2022-06-30,939 HK Equity,
HSI,2022-06-30,941 HK Equity,
HSI,2022-06-30,960 HK Equity,
HSI,2022-06-30,9618 HK Equity,
HSI,2022-06-30,9633 HK Equity,
HSI,2022-06-30,968 HK Equity,
HSI,2022-06-30,981 HK Equity,
HSI,2022-06-30,992 HK Equity,
HSI,2022-06-30,9988 HK Equity,
HSI,2022-06-30,9999 HK Equity,
HSI,2022-09-30,1 HK Equity,
HSI,2022-09-30,101 HK Equity,
HSI,2022-09-30,1038 HK Equity,
HSI,2022-09-30,1044 HK Equity,
HSI,2022-09-30,1088 HK Equity,
HSI,2022-09-30,1093 HK Equity,
HSI,2022-09-30,11 HK Equity,
HSI,2022-09-30,1109 HK Equity,
HSI,2022-09-30,1113 HK Equity,
HSI,2022-09-30,1177 HK Equity,
HSI,2022-09-30,12 HK Equity,
HSI,2022-09-30,1211 HK Equity,
HSI,2022-09-30,1299 HK Equity,
HSI,2022-09-30,1378 HK Equity,
HSI,2022-09-30,1398 HK Equity,
HSI,2022-09-30,16 HK Equity,
HSI,2022-09-30,17 HK Equity,
HSI,2022-09-30,175 HK Equity,
HSI,2022-09-30,1810 HK Equity,
HSI,2022-09-30,1876 HK Equity,
HSI,2022-09-30,1928 HK Equity,
HSI,2022-09-30,1929 HK Equity,
HSI,2022-09-30,1997 HK Equity,
HSI,2022-09-30,2 HK Equity,
HSI,2022-09-30,2007 HK Equity,
HSI,2022-09-30,2020 HK Equity,
HSI,2022-09-30,2269 HK Equity,
HSI,2022-09-30,2313 HK Equity,
HSI,2022-09-30,2318 HK Equity,
HSI,2022-09-30,2319 HK Equity,
HSI,2022-09-30,2331 HK Equity,
HSI,2022-09-30,2382 HK Equity,
HSI,2022-09-30,2388 HK Equity,
HSI,2022-09-30,241 HK Equity,
HSI,2022-09-30,2628 HK Equity,
HSI,2022-09-30,267 HK Equity,
HSI,2022-09-30,2688 HK Equity,
HSI,2022-09-30,27 HK Equity,
HSI,2022-09-30,288 HK Equity,
HSI,2022-09-30,291 HK Equity,
HSI,2022-09-30,3 HK Equity,
HSI,2022-09-30,316 HK Equity,
HSI,2022-09-30,3690 HK Equity,
HSI,2022-09-30,3692 HK Equity,
HSI,2022-09-30,386 HK Equity,
HSI,2022-09-30,388 HK Equity,
HSI,2022-09-30,3968 HK Equity,
HSI,2022-09-30,3988 HK Equity,
HSI,2022-09-30,5 HK Equity,
HSI,2022-09-30,6 HK Equity,
HSI,2022-09-30,6098 HK Equity,
HSI,2022-09-30,66 HK Equity,
HSI,2022-09-30,669 HK Equity,
HSI,2022-09-30,6862 HK Equity,
HSI,2022-09-30,688 HK Equity,
HSI,2022-09-30,700 HK Equity,
HSI,2022-09-30,762 HK Equity,
HSI,2022-09-30,823 HK Equity,
HSI,2022-09-30,857 HK Equity,
HSI,2022-09-30,868 HK Equity,
HSI,2022-09-30,881 HK Equity,
HSI,2022-09-30,883 HK Equity,
HSI,2022-09-30,939 HK Equity,
HSI,2022-09-30,941 HK Equity,
HSI,2022-09-30,960 HK Equity,
HSI,2022-09-30,9618 HK Equity,
HSI,2022-09-30,9633 HK Equity,
HSI,2022-09-30,968 HK Equity,
HSI,2022-09-30,981 HK Equity,
HSI,2022-09-30,9888 HK Equity,
HSI,2022-09-30,992 HK Equity,
HSI,2022-09-30,9988 HK Equity,
HSI,2022-09-30,9999 HK Equity,
HSI,2022-12-31,1 HK Equity,
HSI,2022-12-31,101 HK Equity,
HSI,2022-12-31,1038 HK Equity,
HSI,2022-12-31,1044 HK Equity,
HSI,2022-12-31,1088 HK Equity,
HSI,2022-12-31,1093 HK Equity,
HSI,2022-12-31,11 HK Equity,
HSI,2022-12-31,1109 HK Equity,
HSI,2022-12-31,1113 HK Equity,
HSI,2022-12-31,1177 HK Equity,
HSI,2022-12-31,12 HK Equity,
HSI,2022-12-31,1209 HK Equity,
HSI,2022-12-31,1211 HK Equity,
HSI,2022-12-31,1299 HK Equity,
HSI,2022-12-31,1378 HK Equity,
HSI,2022-12-31,1398 HK Equity,
HSI,2022-12-31,16 HK Equity,
HSI,2022-12-31,17 HK Equity,
HSI,2022-12-31,175 HK Equity,
HSI,2022-12-31,1810 HK Equity,
HSI,2022-12-31,1876 HK Equity,
HSI,2022-12-31,1928 HK Equity,
HSI,2022-12-31,1929 HK Equity,
HSI,2022-12-31,1997 HK Equity,
HSI,2022-12-31,2 HK Equity,
HSI,2022-12-31,2007 HK Equity,
HSI,2022-12-31,2020 HK Equity,
HSI,2022-12-31,2269 HK Equity,
HSI,2022-12-31,2313 HK Equity,
HSI,2022-12-31,2318 HK Equity,
HSI,2022-12-31,2319 HK Equity,
HSI,2022-12-31,2331 HK Equity,
HSI,2022-12-31,2382 HK Equity,
HSI,2022-12-31,2388 HK Equity,
HSI,2022-12-31,241 HK Equity,
HSI,2022-12-31,2628 HK Equity,
HSI,2022-12-31,267 HK Equity,
HSI,2022-12-31,2688 HK Equity,
HSI,2022-12-31,27 HK Equity,
HSI,2022-12-31,288 HK Equity,
HSI,2022-12-31,291 HK Equity,
HSI,2022-12-31,3 HK Equity,
HSI,2022-12-31,316 HK Equity,
HSI,2022-12-31,322 HK Equity,
HSI,2022-12-31,3690 HK Equity,
HSI,2022-12-31,3692 HK Equity,
HSI,2022-12-31,386 HK Equity,
HSI,2022-12-31,388 HK Equity,
HSI,2022-12-31,3968 HK Equity,
HSI,2022-12-31,3988 HK Equity,
HSI,2022-12-31,5 HK Equity,
HSI,2022-12-31,6 HK Equity,
HSI,2022-12-31,6098 HK Equity,
HSI,2022-12-31,66 HK Equity,
HSI,2022-12-31,669 HK Equity,
HSI,2022-12-31,6690 HK Equity,
HSI,2022-12-31,6862 HK Equity,
HSI,2022-12-31,688 HK Equity,
HSI,2022-12-31,700 HK Equity,
HSI,2022-12-31,762 HK Equity,
HSI,2022-12-31,823 HK Equity,
HSI,2022-12-31,857 HK Equity,
HSI,2022-12-31,868 HK Equity,
HSI,2022-12-31,881 HK Equity,
HSI,2022-12-31,883 HK Equity,
HSI,2022-12-31,939 HK Equity,
HSI,2022-12-31,941 HK Equity,
HSI,2022-12-31,960 HK Equity,
HSI,2022-12-31,9618 HK Equity,
HSI,2022-12-31,9633 HK Equity,
HSI,2022-12-31,9658 HK Equity,
HSI,2022-12-31,968 HK Equity,
HSI,2022-12-31,981 HK Equity,
HSI,2022-12-31,9888 HK Equity,
HSI,2022-12-31,992 HK Equity,
HSI,2022-12-31,9988 HK Equity,
HSI,2022-12-31,9999 HK Equity,
HSI,2023-03-31,1 HK Equity,
HSI,2023-03-31,101 HK Equity,
HSI,2023-03-31,1038 HK Equity,
HSI,2023-03-31,1044 HK Equity,
HSI,2023-03-31,1088 HK Equity,
HSI,2023-03-31,1093 HK Equity,
HSI,2023-03-31,11 HK Equity,
HSI,2023-03-31,1109 HK Equity,
HSI,2023-03-31,1113 HK Equity,
HSI,2023-03-31,1177 HK Equity,
HSI,2023-03-31,12 HK Equity,
HSI,2023-03-31,1209 HK Equity,
HSI,2023-03-31,1211 HK Equity,
HSI,2023-03-31,1299 HK Equity,
HSI,2023-03-31,1378 HK Equity,
HSI,2023-03-31,1398 HK Equity,
HSI,2023-03-31,16 HK Equity,
HSI,2023-03-31,17 HK Equity,
HSI,2023-03-31,175 HK Equity,
HSI,2023-03-31,1810 HK Equity,
HSI,2023-03-31,1876 HK Equity,
HSI,2023-03-31,1928 HK Equity,
HSI,2023-03-31,1929 HK Equity,
HSI,2023-03-31,1997 HK Equity,
HSI,2023-03-31,2 HK Equity,
HSI,2023-03-31,2007 HK Equity,
HSI,2023-03-31,2020 HK Equity,
HSI,2023-03-31,2269 HK Equity,
HSI,2023-03-31,2313 HK Equity,
HSI,2023-03-31,2318 HK Equity,
HSI,2023-03-31,2319 HK Equity,
HSI,2023-03-31,2331 HK Equity,
HSI,2023-03-31,2382 HK Equity,
HSI,2023-03-31,2388 HK Equity,
HSI,2023-03-31,241 HK Equity,
HSI,2023-03-31,2628 HK Equity,
HSI,2023-03-31,267 HK Equity,
HSI,2023-03-31,2688 HK Equity,
HSI,2023-03-31,27 HK Equity,
HSI,2023-03-31,288 HK Equity,
HSI,2023-03-31,291 HK Equity,
HSI,2023-03-31,3 HK Equity,
HSI,2023-03-31,316 HK Equity,
HSI,2023-03-31,322 HK Equity,
HSI,2023-03-31,3690 HK Equity,
HSI,2023-03-31,3692 HK Equity,
HSI,2023-03-31,386 HK Equity,
HSI,2023-03-31,388 HK Equity,
HSI,2023-03-31,3968 HK Equity,
HSI,2023-03-31,3988 HK Equity,
HSI,2023-03-31,5 HK Equity,
HSI,2023-03-31,6 HK Equity,
HSI,2023-03-31,6098 HK Equity,
HSI,2023-03-31,66 HK Equity,
HSI,2023-03-31,669 HK Equity,
HSI,2023-03-31,6690 HK Equity,
HSI,2023-03-31,6862 HK Equity,
HSI,2023-03-31,688 HK Equity,
HSI,2023-03-31,700 HK Equity,
HSI,2023-03-31,762 HK Equity,
HSI,2023-03-31,823 HK Equity,
HSI,2023-03-31,857 HK Equity,
HSI,2023-03-31,868 HK Equity,
HSI,2023-03-31,881 HK Equity,
HSI,2023-03-31,883 HK Equity,
HSI,2023-03-31,939 HK Equity,
HSI,2023-03-31,941 HK Equity,
HSI,2023-03-31,960 HK Equity,
HSI,2023-03-31,9618 HK Equity,
HSI,2023-03-31,9633 HK Equity,
HSI,2023-03-31,968 HK Equity,
HSI,2023-03-31,981 HK Equity,
HSI,2023-03-31,9888 HK Equity,
HSI,2023-03-31,992 HK Equity,
HSI,2023-03-31,9988 HK Equity,
HSI,2023-03-31,9999 HK Equity,
HSI,2023-06-30,1 HK Equity,
HSI,2023-06-30,101 HK Equity,
HSI,2023-06-30,1038 HK Equity,
HSI,2023-06-30,1044 HK Equity,
HSI,2023-06-30,1088 HK Equity,
HSI,2023-06-30,1093 HK Equity,
HSI,2023-06-30,11 HK Equity,
HSI,2023-06-30,1109 HK Equity,
HSI,2023-06-30,1113 HK Equity,
HSI,2023-06-30,1177 HK Equity,
HSI,2023-06-30,12 HK Equity,
HSI,2023-06-30,1209 HK Equity,
HSI,2023-06-30,1211 HK Equity,
HSI,2023-06-30,1299 HK Equity,
HSI,2023-06-30,1378 HK Equity,
HSI,2023-06-30,1398 HK Equity,
HSI,2023-06-30,16 HK Equity,
HSI,2023-06-30,17 HK Equity,
HSI,2023-06-30,175 HK Equity,
HSI,2023-06-30,1810 HK Equity,
HSI,2023-06-30,1876 HK Equity,
HSI,2023-06-30,1928 HK Equity,
HSI,2023-06-30,1929 HK Equity,
HSI,2023-06-30,1997 HK Equity,
HSI,2023-06-30,2 HK Equity,
HSI,2023-06-30,2007 HK Equity,
HSI,2023-06-30,2020 HK Equity,
HSI,2023-06-30,2269 HK Equity,
HSI,2023-06-30,2313 HK Equity,
HSI,2023-06-30,2318 HK Equity,
HSI,2023-06-30,2319 HK Equity,
HSI,2023-06-30,2331 HK Equity,
HSI,2023-06-30,2382 HK Equity,
HSI,2023-06-30,2388 HK Equity,
HSI,2023-06-30,241 HK Equity,
HSI,2023-06-30,2628 HK Equity,
HSI,2023-06-30,267 HK Equity,
HSI,2023-06-30,2688 HK Equity,
HSI,2023-06-30,27 HK Equity,
HSI,2023-06-30,288 HK Equity,
HSI,2023-06-30,2899 HK Equity,
HSI,2023-06-30,291 HK Equity,
HSI,2023-06-30,3 HK Equity,
HSI,2023-06-30,316 HK Equity,
HSI,2023-06-30,322 HK Equity,
HSI,2023-06-30,3690 HK Equity,
HSI,2023-06-30,3692 HK Equity,
HSI,2023-06-30,386 HK Equity,
HSI,2023-06-30,388 HK Equity,
HSI,2023-06-30,3968 HK Equity,
HSI,2023-06-30,3988 HK Equity,
HSI,2023-06-30,5 HK Equity,
HSI,2023-06-30,6 HK Equity,
HSI,2023-06-30,6098 HK Equity,
HSI,2023-06-30,66 HK Equity,
HSI,2023-06-30,6618 HK Equity,
HSI,2023-06-30,669 HK Equity,
HSI,2023-06-30,6690 HK Equity,
HSI,2023-06-30,6862 HK Equity,
HSI,2023-06-30,688 HK Equity,
HSI,2023-06-30,700 HK Equity,
HSI,2023-06-30,762 HK Equity,
HSI,2023-06-30,823 HK Equity,
HSI,2023-06-30,836 HK Equity,
HSI,2023-06-30,857 HK Equity,
HSI,2023-06-30,868 HK Equity,
HSI,2023-06-30,881 HK Equity,
HSI,2023-06-30,883 HK Equity,
HSI,2023-06-30,939 HK Equity,
HSI,2023-06-30,941 HK Equity,
HSI,2023-06-30,960 HK Equity,
HSI,2023-06-30,9618 HK Equity,
HSI,2023-06-30,9633 HK Equity,
HSI,2023-06-30,968 HK Equity,
HSI,2023-06-30,981 HK Equity,
HSI,2023-06-30,9888 HK Equity,
HSI,2023-06-30,992 HK Equity,
HSI,2023-06-30,9961 HK Equity,
HSI,2023-06-30,9988 HK Equity,
HSI,2023-06-30,9999 HK Equity,
HSI,2023-09-30,1 HK Equity,
HSI,2023-09-30,101 HK Equity,
HSI,2023-09-30,1038 HK Equity,
HSI,2023-09-30,1044 HK Equity,
HSI,2023-09-30,1088 HK Equity,
HSI,2023-09-30,1093 HK Equity,
HSI,2023-09-30,1099 HK Equity,
HSI,2023-09-30,11 HK Equity,
HSI,2023-09-30,1109 HK Equity,
HSI,2023-09-30,1113 HK Equity,
HSI,2023-09-30,1177 HK Equity,
HSI,2023-09-30,12 HK Equity,
HSI,2023-09-30,1209 HK Equity,
HSI,2023-09-30,1211 HK Equity,
HSI,2023-09-30,1299 HK Equity,
HSI,2023-09-30,1378 HK Equity,
HSI,2023-09-30,1398 HK Equity,
HSI,2023-09-30,16 HK Equity,
HSI,2023-09-30,17 HK Equity,
HSI,2023-09-30,175 HK Equity,
HSI,2023-09-30,1810 HK Equity,
HSI,2023-09-30,1876 HK Equity,
HSI,2023-09-30,1928 HK Equity,
HSI,2023-09-30,1929 HK Equity,
HSI,2023-09-30,1997 HK Equity,
HSI,2023-09-30,2 HK Equity,
HSI,2023-09-30,2020 HK Equity,
HSI,2023-09-30,2269 HK Equity,
HSI,2023-09-30,2313 HK Equity,
HSI,2023-09-30,2318 HK Equity,
HSI,2023-09-30,2319 HK Equity,
HSI,2023-09-30,2331 HK Equity,
HSI,2023-09-30,2382 HK Equity,
HSI,2023-09-30,2388 HK Equity,
HSI,2023-09-30,241 HK Equity,
HSI,2023-09-30,2628 HK Equity,
HSI,2023-09-30,267 HK Equity,
HSI,2023-09-30,2688 HK Equity,
HSI,2023-09-30,27 HK Equity,
HSI,2023-09-30,288 HK Equity,
HSI,2023-09-30,2899 HK Equity,
HSI,2023-09-30,291 HK Equity,
HSI,2023-09-30,3 HK Equity,
HSI,2023-09-30,316 HK Equity,
HSI,2023-09-30,322 HK Equity,
HSI,2023-09-30,3690 HK Equity,
HSI,2023-09-30,3692 HK Equity,
HSI,2023-09-30,386 HK Equity,
HSI,2023-09-30,388 HK Equity,
HSI,2023-09-30,3968 HK Equity,
HSI,2023-09-30,3988 HK Equity,
HSI,2023-09-30,5 HK Equity,
HSI,2023-09-30,6 HK Equity,
HSI,2023-09-30,6098 HK Equity,
HSI,2023-09-30,66 HK Equity,
HSI,2023-09-30,6618 HK Equity,
HSI,2023-09-30,669 HK Equity,
HSI,2023-09-30,6690 HK Equity,
HSI,2023-09-30,6862 HK Equity,
HSI,2023-09-30,688 HK Equity,
HSI,2023-09-30,700 HK Equity,
HSI,2023-09-30,762 HK Equity,
HSI,2023-09-30,823 HK Equity,
HSI,2023-09-30,836 HK Equity,
HSI,2023-09-30,857 HK Equity,
HSI,2023-09-30,868 HK Equity,
HSI,2023-09-30,881 HK Equity,
HSI,2023-09-30,883 HK Equity,
HSI,2023-09-30,939 HK Equity,
HSI,2023-09-30,941 HK Equity,
HSI,2023-09-30,960 HK Equity,
HSI,2023-09-30,9618 HK Equity,
HSI,2023-09-30,9633 HK Equity,
HSI,2023-09-30,968 HK Equity,
HSI,2023-09-30,981 HK Equity,
HSI,2023-09-30,9888 HK Equity,
HSI,2023-09-30,992 HK Equity,
HSI,2023-09-30,9961 HK Equity,
HSI,2023-09-30,9988 HK Equity,
HSI,2023-09-30,9999 HK Equity,
HSI,2023-12-31,1 HK Equity,
HSI,2023-12-31,101 HK Equity,
HSI,2023-12-31,1038 HK Equity,
HSI,2023-12-31,1044 HK Equity,
HSI,2023-12-31,1088 HK Equity,
HSI,2023-12-31,1093 HK Equity,
HSI,2023-12-31,1099 HK Equity,
HSI,2023-12-31,11 HK Equity,
HSI,2023-12-31,1109 HK Equity,
HSI,2023-12-31,1113 HK Equity,
HSI,2023-12-31,1177 HK Equity,
HSI,2023-12-31,12 HK Equity,
HSI,2023-12-31,1209 HK Equity,
HSI,2023-12-31,1211 HK Equity,
HSI,2023-12-31,1299 HK Equity,
HSI,2023-12-31,1378 HK Equity,
HSI,2023-12-31,1398 HK Equity,
HSI,2023-12-31,16 HK Equity,
HSI,2023-12-31,17 HK Equity,
HSI,2023-12-31,175 HK Equity,
HSI,2023-12-31,1810 HK Equity,
HSI,2023-12-31,1876 HK Equity,
HSI,2023-12-31,1928 HK Equity,
HSI,2023-12-31,1929 HK Equity,
HSI,2023-12-31,1997 HK Equity,
HSI,2023-12-31,2 HK Equity,
HSI,2023-12-31,2015 HK Equity,
HSI,2023-12-31,2020 HK Equity,
HSI,2023-12-31,2269 HK Equity,
HSI,2023-12-31,2313 HK Equity,
HSI,2023-12-31,2318 HK Equity,
HSI,2023-12-31,2319 HK Equity,
HSI,2023-12-31,2331 HK Equity,
HSI,2023-12-31,2359 HK Equity,
HSI,2023-12-31,2382 HK Equity,
HSI,2023-12-31,2388 HK Equity,
HSI,2023-12-31,241 HK Equity,
HSI,2023-12-31,2628 HK Equity,
HSI,2023-12-31,267 HK Equity,
HSI,2023-12-31,2688 HK Equity,
HSI,2023-12-31,27 HK Equity,
HSI,2023-12-31,288 HK Equity,
HSI,2023-12-31,2899 HK Equity,
HSI,2023-12-31,291 HK Equity,
HSI,2023-12-31,3 HK Equity,
HSI,2023-12-31,316 HK Equity,
HSI,2023-12-31,322 HK Equity,
HSI,2023-12-31,3690 HK Equity,
HSI,2023-12-31,3692 HK Equity,
HSI,2023-12-31,386 HK Equity,
HSI,2023-12-31,388 HK Equity,
HSI,2023-12-31,3968 HK Equity,
HSI,2023-12-31,3988 HK Equity,
HSI,2023-12-31,5 HK Equity,
HSI,2023-12-31,6 HK Equity,
HSI,2023-12-31,6098 HK Equity,
HSI,2023-12-31,66 HK Equity,
HSI,2023-12-31,6618 HK Equity,
HSI,2023-12-31,669 HK Equity,
HSI,2023-12-31,6690 HK Equity,
HSI,2023-12-31,6862 HK Equity,
HSI,2023-12-31,688 HK Equity,
HSI,2023-12-31,700 HK Equity,
HSI,2023-12-31,762 HK Equity,
HSI,2023-12-31,823 HK Equity,
HSI,2023-12-31,836 HK Equity,
HSI,2023-12-31,857 HK Equity,
HSI,2023-12-31,868 HK Equity,
HSI,2023-12-31,881 HK Equity,
HSI,2023-12-31,883 HK Equity,
HSI,2023-12-31,939 HK Equity,
HSI,2023-12-31,941 HK Equity,
HSI,2023-12-31,960 HK Equity,
HSI,2023-12-31,9618 HK Equity,
HSI,2023-12-31,9633 HK Equity,
HSI,2023-12-31,968 HK Equity,
HSI,2023-12-31,981 HK Equity,
HSI,2023-12-31,9888 HK Equity,
HSI,2023-12-31,992 HK Equity,
HSI,2023-12-31,9961 HK Equity,
HSI,2023-12-31,9988 HK Equity,
HSI,2023-12-31,9999 HK Equity,
HSI,2024-03-31,1 HK Equity,
HSI,2024-03-31,101 HK Equity,
HSI,2024-03-31,1038 HK Equity,
HSI,2024-03-31,1044 HK Equity,
HSI,2024-03-31,1088 HK Equity,
HSI,2024-03-31,1093 HK Equity,
HSI,2024-03-31,1099 HK Equity,
HSI,2024-03-31,11 HK Equity,
HSI,2024-03-31,1109 HK Equity,
HSI,2024-03-31,1113 HK Equity,
HSI,2024-03-31,1177 HK Equity,
HSI,2024-03-31,12 HK Equity,
HSI,2024-03-31,1209 HK Equity,
HSI,2024-03-31,1211 HK Equity,
HSI,2024-03-31,1299 HK Equity,
HSI,2024-03-31,1378 HK Equity,
HSI,2024-03-31,1398 HK Equity,
HSI,2024-03-31,16 HK Equity,
HSI,2024-03-31,17 HK Equity,
HSI,2024-03-31,175 HK Equity,
HSI,2024-03-31,1810 HK Equity,
HSI,2024-03-31,1876 HK Equity,
HSI,2024-03-31,1928 HK Equity,
HSI,2024-03-31,1929 HK Equity,
HSI,2024-03-31,1997 HK Equity,
HSI,2024-03-31,2 HK Equity,
HSI,2024-03-31,2015 HK Equity,
HSI,2024-03-31,2020 HK Equity,
HSI,2024-03-31,2269 HK Equity,
HSI,2024-03-31,2313 HK Equity,
HSI,2024-03-31,2318 HK Equity,
HSI,2024-03-31,2319 HK Equity,
HSI,2024-03-31,2331 HK Equity,
HSI,2024-03-31,2359 HK Equity,
HSI,2024-03-31,2382 HK Equity,
HSI,2024-03-31,2388 HK Equity,
HSI,2024-03-31,241 HK Equity,
HSI,2024-03-31,2628 HK Equity,
HSI,2024-03-31,267 HK Equity,
HSI,2024-03-31,2688 HK Equity,
HSI,2024-03-31,27 HK Equity,
HSI,2024-03-31,288 HK Equity,
HSI,2024-03-31,2899 HK Equity,
HSI,2024-03-31,291 HK Equity,
HSI,2024-03-31,3 HK Equity,
HSI,2024-03-31,316 HK Equity,
HSI,2024-03-31,322 HK Equity,
HSI,2024-03-31,3690 HK Equity,
HSI,2024-03-31,3692 HK Equity,
HSI,2024-03-31,386 HK Equity,
HSI,2024-03-31,388 HK Equity,
HSI,2024-03-31,3968 HK Equity,
HSI,2024-03-31,3988 HK Equity,
HSI,2024-03-31,5 HK Equity,
HSI,2024-03-31,6 HK Equity,
HSI,2024-03-31,6098 HK Equity,
HSI,2024-03-31,66 HK Equity,
HSI,2024-03-31,6618 HK Equity,
HSI,2024-03-31,669 HK Equity,
HSI,2024-03-31,6690 HK Equity,
HSI,2024-03-31,6862 HK Equity,
HSI,2024-03-31,688 HK Equity,
HSI,2024-03-31,700 HK Equity,
HSI,2024-03-31,762 HK Equity,
HSI,2024-03-31,823 HK Equity,
HSI,2024-03-31,836 HK Equity,
HSI,2024-03-31,857 HK Equity,
HSI,2024-03-31,868 HK Equity,
HSI,2024-03-31,881 HK Equity,
HSI,2024-03-31,883 HK Equity,
HSI,2024-03-31,939 HK Equity,
HSI,2024-03-31,941 HK Equity,
HSI,2024-03-31,960 HK Equity,
HSI,2024-03-31,9618 HK Equity,
HSI,2024-03-31,9633 HK Equity,
HSI,2024-03-31,968 HK Equity,
HSI,2024-03-31,981 HK Equity,
HSI,2024-03-31,9888 HK Equity,
HSI,2024-03-31,992 HK Equity,
HSI,2024-03-31,9961 HK Equity,
HSI,2024-03-31,9988 HK Equity,
HSI,2024-03-31,9999 HK Equity,
HSI,2024-06-30,1 HK Equity,
HSI,2024-06-30,101 HK Equity,
HSI,2024-06-30,1038 HK Equity,
HSI,2024-06-30,1044 HK Equity,
HSI,2024-06-30,1088 HK Equity,
HSI,2024-06-30,1093 HK Equity,
HSI,2024-06-30,1099 HK Equity,
HSI,2024-06-30,11 HK Equity,
HSI,2024-06-30,1109 HK Equity,
HSI,2024-06-30,1113 HK Equity,
HSI,2024-06-30,1177 HK Equity,
HSI,2024-06-30,12 HK Equity,
HSI,2024-06-30,1209 HK Equity,
HSI,2024-06-30,1211 HK Equity,
HSI,2024-06-30,1299 HK Equity,
HSI,2024-06-30,1378 HK Equity,
HSI,2024-06-30,1398 HK Equity,
HSI,2024-06-30,16 HK Equity,
HSI,2024-06-30,17 HK Equity,
HSI,2024-06-30,175 HK Equity,
HSI,2024-06-30,1810 HK Equity,
HSI,2024-06-30,1876 HK Equity,
HSI,2024-06-30,1928 HK Equity,
HSI,2024-06-30,1929 HK Equity,
HSI,2024-06-30,1997 HK Equity,
HSI,2024-06-30,2 HK Equity,
HSI,2024-06-30,2015 HK Equity,
HSI,2024-06-30,2020 HK Equity,
HSI,2024-06-30,2269 HK Equity,
HSI,2024-06-30,2313 HK Equity,
HSI,2024-06-30,2318 HK Equity,
HSI,2024-06-30,2319 HK Equity,
HSI,2024-06-30,2331 HK Equity,
HSI,2024-06-30,2359 HK Equity,
HSI,2024-06-30,2382 HK Equity,
HSI,2024-06-30,2388 HK Equity,
HSI,2024-06-30,241 HK Equity,
HSI,2024-06-30,2628 HK Equity,
HSI,2024-06-30,267 HK Equity,
HSI,2024-06-30,2688 HK Equity,
HSI,2024-06-30,27 HK Equity,
HSI,2024-06-30,285 HK Equity,
HSI,2024-06-30,288 HK Equity,
HSI,2024-06-30,2899 HK Equity,
HSI,2024-06-30,291 HK Equity,
HSI,2024-06-30,3 HK Equity,
HSI,2024-06-30,316 HK Equity,
HSI,2024-06-30,322 HK Equity,
HSI,2024-06-30,3690 HK Equity,
HSI,2024-06-30,3692 HK Equity,
HSI,2024-06-30,386 HK Equity,
HSI,2024-06-30,388 HK Equity,
HSI,2024-06-30,3968 HK Equity,
HSI,2024-06-30,3988 HK Equity,
HSI,2024-06-30,5 HK Equity,
HSI,2024-06-30,6 HK Equity,
HSI,2024-06-30,66 HK Equity,
HSI,2024-06-30,6618 HK Equity,
HSI,2024-06-30,669 HK Equity,
HSI,2024-06-30,6690 HK Equity,
HSI,2024-06-30,6862 HK Equity,
HSI,2024-06-30,688 HK Equity,
HSI,2024-06-30,700 HK Equity,
HSI,2024-06-30,762 HK Equity,
HSI,2024-06-30,823 HK Equity,
HSI,2024-06-30,836 HK Equity,
HSI,2024-06-30,857 HK Equity,
HSI,2024-06-30,868 HK Equity,
HSI,2024-06-30,881 HK Equity,
HSI,2024-06-30,883 HK Equity,
HSI,2024-06-30,939 HK Equity,
HSI,2024-06-30,941 HK Equity,
HSI,2024-06-30,960 HK Equity,
HSI,2024-06-30,9618 HK Equity,
HSI,2024-06-30,9633 HK Equity,
HSI,2024-06-30,968 HK Equity,
HSI,2024-06-30,981 HK Equity,
HSI,2024-06-30,9888 HK Equity,
HSI,2024-06-30,992 HK Equity,
HSI,2024-06-30,9961 HK Equity,
HSI,2024-06-30,9988 HK Equity,
HSI,2024-06-30,9999 HK Equity,
HSI,2024-09-30,1 HK Equity,
HSI,2024-09-30,101 HK Equity,
HSI,2024-09-30,1038 HK Equity,
HSI,2024-09-30,1044 HK Equity,
HSI,2024-09-30,1088 HK Equity,
HSI,2024-09-30,1093 HK Equity,
HSI,2024-09-30,1099 HK Equity,
HSI,2024-09-30,11 HK Equity,
HSI,2024-09-30,1109 HK Equity,
HSI,2024-09-30,1113 HK Equity,
HSI,2024-09-30,1177 HK Equity,
HSI,2024-09-30,12 HK Equity,
HSI,2024-09-30,1209 HK Equity,
HSI,2024-09-30,1211 HK Equity,
HSI,2024-09-30,1299 HK Equity,
HSI,2024-09-30,1378 HK Equity,
HSI,2024-09-30,1398 HK Equity,
HSI,2024-09-30,16 HK Equity,
HSI,2024-09-30,17 HK Equity,
HSI,2024-09-30,175 HK Equity,
HSI,2024-09-30,1810 HK Equity,
HSI,2024-09-30,1876 HK Equity,
HSI,2024-09-30,1928 HK Equity,
HSI,2024-09-30,1929 HK Equity,
HSI,2024-09-30,1997 HK Equity,
HSI,2024-09-30,2 HK Equity,
HSI,2024-09-30,2015 HK Equity,
HSI,2024-09-30,2020 HK Equity,
HSI,2024-09-30,2269 HK Equity,
HSI,2024-09-30,2313 HK Equity,
HSI,2024-09-30,2318 HK Equity,
HSI,2024-09-30,2319 HK Equity,
HSI,2024-09-30,2331 HK Equity,
HSI,2024-09-30,2359 HK Equity,
HSI,2024-09-30,2382 HK Equity,
HSI,2024-09-30,2388 HK Equity,
HSI,2024-09-30,241 HK Equity,
HSI,2024-09-30,2628 HK Equity,
HSI,2024-09-30,267 HK Equity,
HSI,2024-09-30,2688 HK Equity,
HSI,2024-09-30,27 HK Equity,
HSI,2024-09-30,285 HK Equity,
HSI,2024-09-30,288 HK Equity,
HSI,2024-09-30,2899 HK Equity,
HSI,2024-09-30,291 HK Equity,
HSI,2024-09-30,3 HK Equity,
HSI,2024-09-30,316 HK Equity,
HSI,2024-09-30,322 HK Equity,
HSI,2024-09-30,3690 HK Equity,
HSI,2024-09-30,3692 HK Equity,
HSI,2024-09-30,386 HK Equity,
HSI,2024-09-30,388 HK Equity,
HSI,2024-09-30,3968 HK Equity,
HSI,2024-09-30,3988 HK Equity,
HSI,2024-09-30,5 HK Equity,
HSI,2024-09-30,6 HK Equity,
HSI,2024-09-30,66 HK Equity,
HSI,2024-09-30,6618 HK Equity,
HSI,2024-09-30,669 HK Equity,
HSI,2024-09-30,6690 HK Equity,
HSI,2024-09-30,6862 HK Equity,
HSI,2024-09-30,688 HK Equity,
HSI,2024-09-30,700 HK Equity,
HSI,2024-09-30,762 HK Equity,
HSI,2024-09-30,823 HK Equity,
HSI,2024-09-30,836 HK Equity,
HSI,2024-09-30,857 HK Equity,
HSI,2024-09-30,868 HK Equity,
HSI,2024-09-30,881 HK Equity,
HSI,2024-09-30,883 HK Equity,
HSI,2024-09-30,939 HK Equity,
HSI,2024-09-30,941 HK Equity,
HSI,2024-09-30,960 HK Equity,
HSI,2024-09-30,9618 HK Equity,
HSI,2024-09-30,9633 HK Equity,
HSI,2024-09-30,968 HK Equity,
HSI,2024-09-30,981 HK Equity,
HSI,2024-09-30,9888 HK Equity,
HSI,2024-09-30,992 HK Equity,
HSI,2024-09-30,9961 HK Equity,
HSI,2024-09-30,9988 HK Equity,
HSI,2024-09-30,9999 HK Equity,
HSI,2024-12-31,1 HK Equity,
HSI,2024-12-31,101 HK Equity,
HSI,2024-12-31,1024 HK Equity,
HSI,2024-12-31,1038 HK Equity,
HSI,2024-12-31,1044 HK Equity,
HSI,2024-12-31,1088 HK Equity,
HSI,2024-12-31,1093 HK Equity,
HSI,2024-12-31,1099 HK Equity,
HSI,2024-12-31,11 HK Equity,
HSI,2024-12-31,1109 HK Equity,
HSI,2024-12-31,1113 HK Equity,
HSI,2024-12-31,1177 HK Equity,
HSI,2024-12-31,12 HK Equity,
HSI,2024-12-31,1209 HK Equity,
HSI,2024-12-31,1211 HK Equity,
HSI,2024-12-31,1299 HK Equity,
HSI,2024-12-31,1378 HK Equity,
HSI,2024-12-31,1398 HK Equity,
HSI,2024-12-31,16 HK Equity,
HSI,2024-12-31,175 HK Equity,
HSI,2024-12-31,1810 HK Equity,
HSI,2024-12-31,1876 HK Equity,
HSI,2024-12-31,1928 HK Equity,
HSI,2024-12-31,1929 HK Equity,
HSI,2024-12-31,1997 HK Equity,
HSI,2024-12-31,2 HK Equity,
HSI,2024-12-31,2015 HK Equity,
HSI,2024-12-31,2020 HK Equity,
HSI,2024-12-31,2269 HK Equity,
HSI,2024-12-31,2313 HK Equity,
HSI,2024-12-31,2318 HK Equity,
HSI,2024-12-31,2319 HK Equity,
HSI,2024-12-31,2331 HK Equity,
HSI,2024-12-31,2359 HK Equity,
HSI,2024-12-31,2382 HK Equity,
HSI,2024-12-31,2388 HK Equity,
HSI,2024-12-31,241 HK Equity,
HSI,2024-12-31,2628 HK Equity,
HSI,2024-12-31,267 HK Equity,
HSI,2024-12-31,2688 HK Equity,
HSI,2024-12-31,27 HK Equity,
HSI,2024-12-31,285 HK Equity,
HSI,2024-12-31,288 HK Equity,
HSI,2024-12-31,2899 HK Equity,
HSI,2024-12-31,291 HK Equity,
HSI,2024-12-31,3 HK Equity,
HSI,2024-12-31,316 HK Equity,
HSI,2024-12-31,322 HK Equity,
HSI,2024-12-31,3690 HK Equity,
HSI,2024-12-31,3692 HK Equity,
HSI,2024-12-31,386 HK Equity,
HSI,2024-12-31,388 HK Equity,
HSI,2024-12-31,3968 HK Equity,
HSI,2024-12-31,3988 HK Equity,
HSI,2024-12-31,5 HK Equity,
HSI,2024-12-31,6 HK Equity,
HSI,2024-12-31,66 HK Equity,
HSI,2024-12-31,6618 HK Equity,
HSI,2024-12-31,669 HK Equity,
HSI,2024-12-31,6690 HK Equity,
HSI,2024-12-31,6862 HK Equity,
HSI,2024-12-31,688 HK Equity,
HSI,2024-12-31,700 HK Equity,
HSI,2024-12-31,762 HK Equity,
HSI,2024-12-31,823 HK Equity,
HSI,2024-12-31,836 HK Equity,
HSI,2024-12-31,857 HK Equity,
HSI,2024-12-31,868 HK Equity,
HSI,2024-12-31,881 HK Equity,
HSI,2024-12-31,883 HK Equity,
HSI,2024-12-31,939 HK Equity,
HSI,2024-12-31,941 HK Equity,
HSI,2024-12-31,960 HK Equity,
HSI,2024-12-31,9618 HK Equity,
HSI,2024-12-31,9633 HK Equity,
HSI,2024-12-31,968 HK Equity,
HSI,2024-12-31,981 HK Equity,
HSI,2024-12-31,9888 HK Equity,
HSI,2024-12-31,9901 HK Equity,
HSI,2024-12-31,992 HK Equity,
HSI,2024-12-31,9961 HK Equity,
HSI,2024-12-31,9988 HK Equity,
HSI,2024-12-31,9999 HK Equity,
HSI,2025-03-31,1 HK Equity,
HSI,2025-03-31,101 HK Equity,
HSI,2025-03-31,1024 HK Equity,
HSI,2025-03-31,1038 HK Equity,
HSI,2025-03-31,1044 HK Equity,
HSI,2025-03-31,1088 HK Equity,
HSI,2025-03-31,1093 HK Equity,
HSI,2025-03-31,1099 HK Equity,
HSI,2025-03-31,11 HK Equity,
HSI,2025-03-31,1109 HK Equity,
HSI,2025-03-31,1113 HK Equity,
HSI,2025-03-31,1177 HK Equity,
HSI,2025-03-31,12 HK Equity,
HSI,2025-03-31,1209 HK Equity,
HSI,2025-03-31,1211 HK Equity,
HSI,2025-03-31,1299 HK Equity,
HSI,2025-03-31,1378 HK Equity,
HSI,2025-03-31,1398 HK Equity,
HSI,2025-03-31,16 HK Equity,
HSI,2025-03-31,175 HK Equity,
HSI,2025-03-31,1810 HK Equity,
HSI,2025-03-31,1876 HK Equity,
HSI,2025-03-31,1928 HK Equity,
HSI,2025-03-31,1929 HK Equity,
HSI,2025-03-31,1997 HK Equity,
HSI,2025-03-31,2 HK Equity,
HSI,2025-03-31,2015 HK Equity,
HSI,2025-03-31,2020 HK Equity,
HSI,2025-03-31,2269 HK Equity,
HSI,2025-03-31,2313 HK Equity,
HSI,2025-03-31,2318 HK Equity,
HSI,2025-03-31,2319 HK Equity,
HSI,2025-03-31,2331 HK Equity,
HSI,2025-03-31,2359 HK Equity,
HSI,2025-03-31,2382 HK Equity,
HSI,2025-03-31,2388 HK Equity,
HSI,2025-03-31,241 HK Equity,
HSI,2025-03-31,2628 HK Equity,
HSI,2025-03-31,267 HK Equity,
HSI,2025-03-31,2688 HK Equity,
HSI,2025-03-31,27 HK Equity,
HSI,2025-03-31,285 HK Equity,
HSI,2025-03-31,288 HK Equity,
HSI,2025-03-31,2899 HK Equity,
HSI,2025-03-31,291 HK Equity,
HSI,2025-03-31,3 HK Equity,
HSI,2025-03-31,316 HK Equity,
HSI,2025-03-31,322 HK Equity,
HSI,2025-03-31,3690 HK Equity,
HSI,2025-03-31,3692 HK Equity,
HSI,2025-03-31,386 HK Equity,
HSI,2025-03-31,388 HK Equity,
HSI,2025-03-31,3968 HK Equity,
HSI,2025-03-31,3988 HK Equity,
HSI,2025-03-31,5 HK Equity,
HSI,2025-03-31,6 HK Equity,
HSI,2025-03-31,66 HK Equity,
HSI,2025-03-31,6618 HK Equity,
HSI,2025-03-31,669 HK Equity,
HSI,2025-03-31,6690 HK Equity,
HSI,2025-03-31,6862 HK Equity,
HSI,2025-03-31,688 HK Equity,
HSI,2025-03-31,700 HK Equity,
HSI,2025-03-31,762 HK Equity,
HSI,2025-03-31,823 HK Equity,
HSI,2025-03-31,836 HK Equity,
HSI,2025-03-31,857 HK Equity,
HSI,2025-03-31,868 HK Equity,
HSI,2025-03-31,881 HK Equity,
HSI,2025-03-31,883 HK Equity,
HSI,2025-03-31,939 HK Equity,
HSI,2025-03-31,941 HK Equity,
HSI,2025-03-31,960 HK Equity,
HSI,2025-03-31,9618 HK Equity,
HSI,2025-03-31,9633 HK Equity,
HSI,2025-03-31,968 HK Equity,
HSI,2025-03-31,981 HK Equity,
HSI,2025-03-31,9888 HK Equity,
HSI,2025-03-31,9901 HK Equity,
HSI,2025-03-31,992 HK Equity,
HSI,2025-03-31,9961 HK Equity,
HSI,2025-03-31,9988 HK Equity,
HSI,2025-03-31,9999 HK Equity,
HSI,2025-06-30,1 HK Equity,
HSI,2025-06-30,101 HK Equity,
HSI,2025-06-30,1024 HK Equity,
HSI,2025-06-30,1038 HK Equity,
HSI,2025-06-30,1044 HK Equity,
HSI,2025-06-30,1088 HK Equity,
HSI,2025-06-30,1093 HK Equity,
HSI,2025-06-30,1099 HK Equity,
HSI,2025-06-30,11 HK Equity,
HSI,2025-06-30,1109 HK Equity,
HSI,2025-06-30,1113 HK Equity,
HSI,2025-06-30,1177 HK Equity,
HSI,2025-06-30,12 HK Equity,
HSI,2025-06-30,1209 HK Equity,
HSI,2025-06-30,1211 HK Equity,
HSI,2025-06-30,1299 HK Equity,
HSI,2025-06-30,1378 HK Equity,
HSI,2025-06-30,1398 HK Equity,
HSI,2025-06-30,16 HK Equity,
HSI,2025-06-30,175 HK Equity,
HSI,2025-06-30,1810 HK Equity,
HSI,2025-06-30,1876 HK Equity,
HSI,2025-06-30,1928 HK Equity,
HSI,2025-06-30,1929 HK Equity,
HSI,2025-06-30,1997 HK Equity,
HSI,2025-06-30,2 HK Equity,
HSI,2025-06-30,2015 HK Equity,
HSI,2025-06-30,2020 HK Equity,
HSI,2025-06-30,2057 HK Equity,
HSI,2025-06-30,2269 HK Equity,
HSI,2025-06-30,2313 HK Equity,
HSI,2025-06-30,2318 HK Equity,
HSI,2025-06-30,2319 HK Equity,
HSI,2025-06-30,2331 HK Equity,
HSI,2025-06-30,2359 HK Equity,
HSI,2025-06-30,2382 HK Equity,
HSI,2025-06-30,2388 HK Equity,
HSI,2025-06-30,241 HK Equity,
HSI,2025-06-30,2628 HK Equity,
HSI,2025-06-30,267 HK Equity,
HSI,2025-06-30,2688 HK Equity,
HSI,2025-06-30,27 HK Equity,
HSI,2025-06-30,285 HK Equity,
HSI,2025-06-30,288 HK Equity,
HSI,2025-06-30,2899 HK Equity,
HSI,2025-06-30,291 HK Equity,
HSI,2025-06-30,3 HK Equity,
HSI,2025-06-30,300 HK Equity,
HSI,2025-06-30,316 HK Equity,
HSI,2025-06-30,322 HK Equity,
HSI,2025-06-30,3690 HK Equity,
HSI,2025-06-30,3692 HK Equity,
HSI,2025-06-30,386 HK Equity,
HSI,2025-06-30,388 HK Equity,
HSI,2025-06-30,3968 HK Equity,
HSI,2025-06-30,3988 HK Equity,
HSI,2025-06-30,5 HK Equity,
HSI,2025-06-30,6 HK Equity,
HSI,2025-06-30,66 HK Equity,
HSI,2025-06-30,6618 HK Equity,
HSI,2025-06-30,669 HK Equity,
HSI,2025-06-30,6690 HK Equity,
HSI,2025-06-30,6862 HK Equity,
HSI,2025-06-30,688 HK Equity,
HSI,2025-06-30,700 HK Equity,
HSI,2025-06-30,762 HK Equity,
HSI,2025-06-30,823 HK Equity,
HSI,2025-06-30,836 HK Equity,
HSI,2025-06-30,857 HK Equity,
HSI,2025-06-30,868 HK Equity,
HSI,2025-06-30,881 HK Equity,
HSI,2025-06-30,883 HK Equity,
HSI,2025-06-30,939 HK Equity,
HSI,2025-06-30,941 HK Equity,
HSI,2025-06-30,960 HK Equity,
HSI,2025-06-30,9618 HK Equity,
HSI,2025-06-30,9633 HK Equity,
HSI,2025-06-30,968 HK Equity,
HSI,2025-06-30,981 HK Equity,
HSI,2025-06-30,9888 HK Equity,
HSI,2025-06-30,9901 HK Equity,
HSI,2025-06-30,992 HK Equity,
HSI,2025-06-30,9961 HK Equity,
HSI,2025-06-30,9988 HK Equity,
HSI,2025-06-30,9999 HK Equity,
HSI,2025-09-30,1 HK Equity,
HSI,2025-09-30,101 HK Equity,
HSI,2025-09-30,1024 HK Equity,
HSI,2025-09-30,1038 HK Equity,
HSI,2025-09-30,1044 HK Equity,
HSI,2025-09-30,1088 HK Equity,
HSI,2025-09-30,1093 HK Equity,
HSI,2025-09-30,1099 HK Equity,
HSI,2025-09-30,11 HK Equity,
HSI,2025-09-30,1109 HK Equity,
HSI,2025-09-30,1113 HK Equity,
HSI,2025-09-30,1177 HK Equity,
HSI,2025-09-30,12 HK Equity,
HSI,2025-09-30,1209 HK Equity,
HSI,2025-09-30,1211 HK Equity,
HSI,2025-09-30,1299 HK Equity,
HSI,2025-09-30,1378 HK Equity,
HSI,2025-09-30,1398 HK Equity,
HSI,2025-09-30,16 HK Equity,
HSI,2025-09-30,175 HK Equity,
HSI,2025-09-30,1810 HK Equity,
HSI,2025-09-30,1876 HK Equity,
HSI,2025-09-30,1928 HK Equity,
HSI,2025-09-30,1929 HK Equity,
HSI,2025-09-30,1997 HK Equity,
HSI,2025-09-30,2 HK Equity,
HSI,2025-09-30,2015 HK Equity,
HSI,2025-09-30,2020 HK Equity,
HSI,2025-09-30,2057 HK Equity,
HSI,2025-09-30,2269 HK Equity,
HSI,2025-09-30,2313 HK Equity,
HSI,2025-09-30,2318 HK Equity,
HSI,2025-09-30,2319 HK Equity,
HSI,2025-09-30,2331 HK Equity,
HSI,2025-09-30,2359 HK Equity,
HSI,2025-09-30,2382 HK Equity,
HSI,2025-09-30,2388 HK Equity,
HSI,2025-09-30,241 HK Equity,
HSI,2025-09-30,2618 HK Equity,
HSI,2025-09-30,2628 HK Equity,
HSI,2025-09-30,267 HK Equity,
HSI,2025-09-30,2688 HK Equity,
HSI,2025-09-30,27 HK Equity,
HSI,2025-09-30,285 HK Equity,
HSI,2025-09-30,288 HK Equity,
HSI,2025-09-30,2899 HK Equity,
HSI,2025-09-30,291 HK Equity,
HSI,2025-09-30,3 HK Equity,
HSI,2025-09-30,300 HK Equity,
HSI,2025-09-30,316 HK Equity,
HSI,2025-09-30,322 HK Equity,
HSI,2025-09-30,3690 HK Equity,
HSI,2025-09-30,3692 HK Equity,
HSI,2025-09-30,386 HK Equity,
HSI,2025-09-30,388 HK Equity,
HSI,2025-09-30,3968 HK Equity,
HSI,2025-09-30,3988 HK Equity,
HSI,2025-09-30,5 HK Equity,
HSI,2025-09-30,6 HK Equity,
HSI,2025-09-30,66 HK Equity,
HSI,2025-09-30,6618 HK Equity,
HSI,2025-09-30,669 HK Equity,
HSI,2025-09-30,6690 HK Equity,
HSI,2025-09-30,6862 HK Equity,
HSI,2025-09-30,688 HK Equity,
HSI,2025-09-30,700 HK Equity,
HSI,2025-09-30,728 HK Equity,
HSI,2025-09-30,762 HK Equity,
HSI,2025-09-30,823 HK Equity,
HSI,2025-09-30,836 HK Equity,
HSI,2025-09-30,857 HK Equity,
HSI,2025-09-30,868 HK Equity,
HSI,2025-09-30,881 HK Equity,
HSI,2025-09-30,883 HK Equity,
HSI,2025-09-30,939 HK Equity,
HSI,2025-09-30,941 HK Equity,
HSI,2025-09-30,960 HK Equity,
HSI,2025-09-30,9618 HK Equity,
HSI,2025-09-30,9633 HK Equity,
HSI,2025-09-30,968 HK Equity,
HSI,2025-09-30,981 HK Equity,
HSI,2025-09-30,9888 HK Equity,
HSI,2025-09-30,9901 HK Equity,
HSI,2025-09-30,992 HK Equity,
HSI,2025-09-30,9961 HK Equity,
HSI,2025-09-30,9988 HK Equity,
HSI,2025-09-30,9992 HK Equity,
HSI,2025-09-30,9999 HK Equity,
HSI,2025-12-31,1 HK Equity,
HSI,2025-12-31,101 HK Equity,
HSI,2025-12-31,1024 HK Equity,
HSI,2025-12-31,1038 HK Equity,
HSI,2025-12-31,1044 HK Equity,
HSI,2025-12-31,1088 HK Equity,
HSI,2025-12-31,1093 HK Equity,
HSI,2025-12-31,1099 HK Equity,
HSI,2025-12-31,11 HK Equity,
HSI,2025-12-31,1109 HK Equity,
HSI,2025-12-31,1113 HK Equity,
HSI,2025-12-31,1177 HK Equity,
HSI,2025-12-31,12 HK Equity,
HSI,2025-12-31,1209 HK Equity,
HSI,2025-12-31,1211 HK Equity,
HSI,2025-12-31,1299 HK Equity,
HSI,2025-12-31,1378 HK Equity,
HSI,2025-12-31,1398 HK Equity,
HSI,2025-12-31,16 HK Equity,
HSI,2025-12-31,175 HK Equity,
HSI,2025-12-31,1801 HK Equity,
HSI,2025-12-31,1810 HK Equity,
HSI,2025-12-31,1876 HK Equity,
HSI,2025-12-31,1928 HK Equity,
HSI,2025-12-31,1929 HK Equity,
HSI,2025-12-31,1997 HK Equity,
HSI,2025-12-31,2 HK Equity,
HSI,2025-12-31,2015 HK Equity,
HSI,2025-12-31,2020 HK Equity,
HSI,2025-12-31,2057 HK Equity,
HSI,2025-12-31,2269 HK Equity,
HSI,2025-12-31,2313 HK Equity,
HSI,2025-12-31,2318 HK Equity,
HSI,2025-12-31,2319 HK Equity,
HSI,2025-12-31,2331 HK Equity,
HSI,2025-12-31,2359 HK Equity,
HSI,2025-12-31,2382 HK Equity,
HSI,2025-12-31,2388 HK Equity,
HSI,2025-12-31,241 HK Equity,
HSI,2025-12-31,2618 HK Equity,
HSI,2025-12-31,2628 HK Equity,
HSI,2025-12-31,267 HK Equity,
HSI,2025-12-31,2688 HK Equity,
HSI,2025-12-31,27 HK Equity,
HSI,2025-12-31,285 HK Equity,
HSI,2025-12-31,288 HK Equity,
HSI,2025-12-31,2899 HK Equity,
HSI,2025-12-31,291 HK Equity,
HSI,2025-12-31,3 HK Equity,
HSI,2025-12-31,300 HK Equity,
HSI,2025-12-31,316 HK Equity,
HSI,2025-12-31,322 HK Equity,
HSI,2025-12-31,3690 HK Equity,
HSI,2025-12-31,3692 HK Equity,
HSI,2025-12-31,386 HK Equity,
HSI,2025-12-31,388 HK Equity,
HSI,2025-12-31,3968 HK Equity,
HSI,2025-12-31,3988 HK Equity,
HSI,2025-12-31,5 HK Equity,
HSI,2025-12-31,6 HK Equity,
HSI,2025-12-31,66 HK Equity,
HSI,2025-12-31,6618 HK Equity,
HSI,2025-12-31,669 HK Equity,
HSI,2025-12-31,6690 HK Equity,
HSI,2025-12-31,6862 HK Equity,
HSI,2025-12-31,688 HK Equity,
HSI,2025-12-31,700 HK Equity,
HSI,2025-12-31,728 HK Equity,
HSI,2025-12-31,762 HK Equity,
HSI,2025-12-31,823 HK Equity,
HSI,2025-12-31,836 HK Equity,
HSI,2025-12-31,857 HK Equity,
HSI,2025-12-31,868 HK Equity,
HSI,2025-12-31,881 HK Equity,
HSI,2025-12-31,883 HK Equity,
HSI,2025-12-31,939 HK Equity,
HSI,2025-12-31,941 HK Equity,
HSI,2025-12-31,960 HK Equity,
HSI,2025-12-31,9618 HK Equity,
HSI,2025-12-31,9633 HK Equity,
HSI,2025-12-31,968 HK Equity,
HSI,2025-12-31,981 HK Equity,
HSI,2025-12-31,9888 HK Equity,
HSI,2025-12-31,9901 HK Equity,
HSI,2025-12-31,992 HK Equity,
HSI,2025-12-31,9961 HK Equity,
HSI,2025-12-31,9988 HK Equity,
HSI,2025-12-31,9992 HK Equity,
HSI,2025-12-31,9999 HK Equity,
HSI,2026-03-31,1 HK Equity,
HSI,2026-03-31,101 HK Equity,
HSI,2026-03-31,1024 HK Equity,
HSI,2026-03-31,1038 HK Equity,
HSI,2026-03-31,1044 HK Equity,
HSI,2026-03-31,1088 HK Equity,
HSI,2026-03-31,1093 HK Equity,
HSI,2026-03-31,1099 HK Equity,
HSI,2026-03-31,1109 HK Equity,
HSI,2026-03-31,1113 HK Equity,
HSI,2026-03-31,1177 HK Equity,
HSI,2026-03-31,12 HK Equity,
HSI,2026-03-31,1209 HK Equity,
HSI,2026-03-31,1211 HK Equity,
HSI,2026-03-31,1299 HK Equity,
HSI,2026-03-31,1378 HK Equity,
HSI,2026-03-31,1398 HK Equity,
HSI,2026-03-31,16 HK Equity,
HSI,2026-03-31,175 HK Equity,
HSI,2026-03-31,1801 HK Equity,
HSI,2026-03-31,1810 HK Equity,
HSI,2026-03-31,1876 HK Equity,
HSI,2026-03-31,1928 HK Equity,
HSI,2026-03-31,1929 HK Equity,
HSI,2026-03-31,1997 HK Equity,
HSI,2026-03-31,2 HK Equity,
HSI,2026-03-31,2015 HK Equity,
HSI,2026-03-31,2020 HK Equity,
HSI,2026-03-31,2057 HK Equity,
HSI,2026-03-31,2269 HK Equity,
HSI,2026-03-31,2313 HK Equity,
HSI,2026-03-31,2318 HK Equity,
HSI,2026-03-31,2319 HK Equity,
HSI,2026-03-31,2331 HK Equity,
HSI,2026-03-31,2359 HK Equity,
HSI,2026-03-31,2382 HK Equity,
HSI,2026-03-31,2388 HK Equity,
HSI,2026-03-31,241 HK Equity,
HSI,2026-03-31,2618 HK Equity,
HSI,2026-03-31,2628 HK Equity,
HSI,2026-03-31,267 HK Equity,
HSI,2026-03-31,2688 HK Equity,
HSI,2026-03-31,27 HK Equity,
HSI,2026-03-31,285 HK Equity,
HSI,2026-03-31,288 HK Equity,
HSI,2026-03-31,2899 HK Equity,
HSI,2026-03-31,291 HK Equity,
HSI,2026-03-31,3 HK Equity,
HSI,2026-03-31,300 HK Equity,
HSI,2026-03-31,316 HK Equity,
HSI,2026-03-31,322 HK Equity,
HSI,2026-03-31,3690 HK Equity,
HSI,2026-03-31,3692 HK Equity,
HSI,2026-03-31,3750 HK Equity,
HSI,2026-03-31,386 HK Equity,
HSI,2026-03-31,388 HK Equity,
HSI,2026-03-31,3968 HK Equity,
HSI,2026-03-31,3988 HK Equity,
HSI,2026-03-31,3993 HK Equity,
HSI,2026-03-31,5 HK Equity,
HSI,2026-03-31,6 HK Equity,
HSI,2026-03-31,6181 HK Equity,
HSI,2026-03-31,66 HK Equity,
HSI,2026-03-31,6618 HK Equity,
HSI,2026-03-31,669 HK Equity,
HSI,2026-03-31,6690 HK Equity,
HSI,2026-03-31,6862 HK Equity,
HSI,2026-03-31,688 HK Equity,
HSI,2026-03-31,700 HK Equity,
HSI,2026-03-31,728 HK Equity,
HSI,2026-03-31,762 HK Equity,
HSI,2026-03-31,823 HK Equity,
HSI,2026-03-31,836 HK Equity,
HSI,2026-03-31,857 HK Equity,
HSI,2026-03-31,868 HK Equity,
HSI,2026-03-31,883 HK Equity,
HSI,2026-03-31,939 HK Equity,
HSI,2026-03-31,941 HK Equity,
HSI,2026-03-31,960 HK Equity,
HSI,2026-03-31,9618 HK Equity,
HSI,2026-03-31,9633 HK Equity,
HSI,2026-03-31,968 HK Equity,
HSI,2026-03-31,981 HK Equity,
HSI,2026-03-31,9888 HK Equity,
HSI,2026-03-31,9901 HK Equity,
HSI,2026-03-31,992 HK Equity,
HSI,2026-03-31,9961 HK Equity,
HSI,2026-03-31,9988 HK Equity,
HSI,2026-03-31,9992 HK Equity,
HSI,2026-03-31,9999 HK Equity,
HSI,2026-06-30,1 HK Equity,
HSI,2026-06-30,101 HK Equity,
HSI,2026-06-30,1024 HK Equity,
HSI,2026-06-30,1038 HK Equity,
HSI,2026-06-30,1044 HK Equity,
HSI,2026-06-30,1088 HK Equity,
HSI,2026-06-30,1093 HK Equity,
HSI,2026-06-30,1099 HK Equity,
HSI,2026-06-30,1109 HK Equity,
HSI,2026-06-30,1113 HK Equity,
HSI,2026-06-30,1177 HK Equity,
HSI,2026-06-30,12 HK Equity,
HSI,2026-06-30,1209 HK Equity,
HSI,2026-06-30,1211 HK Equity,
HSI,2026-06-30,1299 HK Equity,
HSI,2026-06-30,1378 HK Equity,
HSI,2026-06-30,1398 HK Equity,
HSI,2026-06-30,1519 HK Equity,
HSI,2026-06-30,16 HK Equity,
HSI,2026-06-30,175 HK Equity,
HSI,2026-06-30,1801 HK Equity,
HSI,2026-06-30,1810 HK Equity,
HSI,2026-06-30,1876 HK Equity,
HSI,2026-06-30,1928 HK Equity,
HSI,2026-06-30,1929 HK Equity,
HSI,2026-06-30,1997 HK Equity,
HSI,2026-06-30,2 HK Equity,
HSI,2026-06-30,2015 HK Equity,
HSI,2026-06-30,2020 HK Equity,
HSI,2026-06-30,2057 HK Equity,
HSI,2026-06-30,2269 HK Equity,
HSI,2026-06-30,2313 HK Equity,
HSI,2026-06-30,2318 HK Equity,
HSI,2026-06-30,2319 HK Equity,
HSI,2026-06-30,2331 HK Equity,
HSI,2026-06-30,2359 HK Equity,
HSI,2026-06-30,2382 HK Equity,
HSI,2026-06-30,2388 HK Equity,
HSI,2026-06-30,241 HK Equity,
HSI,2026-06-30,2600 HK Equity,
HSI,2026-06-30,2618 HK Equity,
HSI,2026-06-30,2628 HK Equity,
HSI,2026-06-30,267 HK Equity,
HSI,2026-06-30,2688 HK Equity,
HSI,2026-06-30,27 HK Equity,
HSI,2026-06-30,285 HK Equity,
HSI,2026-06-30,288 HK Equity,
HSI,2026-06-30,2899 HK Equity,
HSI,2026-06-30,291 HK Equity,
HSI,2026-06-30,3 HK Equity,
HSI,2026-06-30,300 HK Equity,
HSI,2026-06-30,316 HK Equity,
HSI,2026-06-30,322 HK Equity,
HSI,2026-06-30,3690 HK Equity,
HSI,2026-06-30,3692 HK Equity,
HSI,2026-06-30,3750 HK Equity,
HSI,2026-06-30,386 HK Equity,
HSI,2026-06-30,388 HK Equity,
HSI,2026-06-30,3968 HK Equity,
HSI,2026-06-30,3988 HK Equity,
HSI,2026-06-30,3993 HK Equity,
HSI,2026-06-30,5 HK Equity,
HSI,2026-06-30,6 HK Equity,
HSI,2026-06-30,6160 HK Equity,
HSI,2026-06-30,6181 HK Equity,
HSI,2026-06-30,66 HK Equity,
HSI,2026-06-30,6618 HK Equity,
HSI,2026-06-30,669 HK Equity,
HSI,2026-06-30,6690 HK Equity,
HSI,2026-06-30,6862 HK Equity,
HSI,2026-06-30,688 HK Equity,
HSI,2026-06-30,700 HK Equity,
HSI,2026-06-30,728 HK Equity,
HSI,2026-06-30,762 HK Equity,
HSI,2026-06-30,823 HK Equity,
HSI,2026-06-30,836 HK Equity,
HSI,2026-06-30,857 HK Equity,
HSI,2026-06-30,868 HK Equity,
HSI,2026-06-30,883 HK Equity,
HSI,2026-06-30,939 HK Equity,
HSI,2026-06-30,941 HK Equity,
HSI,2026-06-30,960 HK Equity,
HSI,2026-06-30,9618 HK Equity,
HSI,2026-06-30,9633 HK Equity,
HSI,2026-06-30,968 HK Equity,
HSI,2026-06-30,981 HK Equity,
HSI,2026-06-30,9888 HK Equity,
HSI,2026-06-30,9901 HK Equity,
HSI,2026-06-30,992 HK Equity,
HSI,2026-06-30,9961 HK Equity,
HSI,2026-06-30,9988 HK Equity,
HSI,2026-06-30,9992 HK Equity,
HSI,2026-06-30,9999 HK Equity,
HSI,2026-09-30,1 HK Equity,
HSI,2026-09-30,101 HK Equity,
HSI,2026-09-30,1024 HK Equity,
HSI,2026-09-30,1038 HK Equity,
HSI,2026-09-30,1044 HK Equity,
HSI,2026-09-30,1088 HK Equity,
HSI,2026-09-30,1093 HK Equity,
HSI,2026-09-30,1099 HK Equity,
HSI,2026-09-30,1109 HK Equity,
HSI,2026-09-30,1113 HK Equity,
HSI,2026-09-30,1177 HK Equity,
HSI,2026-09-30,12 HK Equity,
HSI,2026-09-30,1209 HK Equity,
HSI,2026-09-30,1211 HK Equity,
HSI,2026-09-30,1299 HK Equity,
HSI,2026-09-30,1347 HK Equity,
HSI,2026-09-30,1378 HK Equity,
HSI,2026-09-30,1398 HK Equity,
HSI,2026-09-30,1519 HK Equity,
HSI,2026-09-30,16 HK Equity,
HSI,2026-09-30,175 HK Equity,
HSI,2026-09-30,1801 HK Equity,
HSI,2026-09-30,1810 HK Equity,
HSI,2026-09-30,1876 HK Equity,
HSI,2026-09-30,1928 HK Equity,
HSI,2026-09-30,1929 HK Equity,
HSI,2026-09-30,1997 HK Equity,
HSI,2026-09-30,2 HK Equity,
HSI,2026-09-30,2015 HK Equity,
HSI,2026-09-30,2020 HK Equity,
HSI,2026-09-30,2057 HK Equity,
HSI,2026-09-30,2269 HK Equity,
HSI,2026-09-30,2313 HK Equity,
HSI,2026-09-30,2318 HK Equity,
HSI,2026-09-30,2319 HK Equity,
HSI,2026-09-30,2331 HK Equity,
HSI,2026-09-30,2338 HK Equity,
HSI,2026-09-30,2359 HK Equity,
HSI,2026-09-30,2382 HK Equity,
HSI,2026-09-30,2388 HK Equity,
HSI,2026-09-30,241 HK Equity,
HSI,2026-09-30,2600 HK Equity,
HSI,2026-09-30,2618 HK Equity,
HSI,2026-09-30,2628 HK Equity,
HSI,2026-09-30,267 HK Equity,
HSI,2026-09-30,2688 HK Equity,
HSI,2026-09-30,27 HK Equity,
HSI,2026-09-30,285 HK Equity,
HSI,2026-09-30,288 HK Equity,
HSI,2026-09-30,2899 HK Equity,
HSI,2026-09-30,291 HK Equity,
HSI,2026-09-30,3 HK Equity,
HSI,2026-09-30,300 HK Equity,
HSI,2026-09-30,316 HK Equity,
HSI,2026-09-30,322 HK Equity,
HSI,2026-09-30,3690 HK Equity,
HSI,2026-09-30,3692 HK Equity,
HSI,2026-09-30,3750 HK Equity,
HSI,2026-09-30,386 HK Equity,
HSI,2026-09-30,388 HK Equity,
HSI,2026-09-30,3968 HK Equity,
HSI,2026-09-30,3988 HK Equity,
HSI,2026-09-30,3993 HK Equity,
HSI,2026-09-30,5 HK Equity,
HSI,2026-09-30,6 HK Equity,
HSI,2026-09-30,6160 HK Equity,
HSI,2026-09-30,6181 HK Equity,
HSI,2026-09-30,66 HK Equity,
HSI,2026-09-30,6618 HK Equity,
HSI,2026-09-30,669 HK Equity,
HSI,2026-09-30,6690 HK Equity,
HSI,2026-09-30,6862 HK Equity,
HSI,2026-09-30,688 HK Equity,
HSI,2026-09-30,700 HK Equity,
HSI,2026-09-30,728 HK Equity,
HSI,2026-09-30,762 HK Equity,
HSI,2026-09-30,823 HK Equity,
HSI,2026-09-30,836 HK Equity,
HSI,2026-09-30,857 HK Equity,
HSI,2026-09-30,868 HK Equity,
HSI,2026-09-30,883 HK Equity,
HSI,2026-09-30,939 HK Equity,
HSI,2026-09-30,941 HK Equity,
HSI,2026-09-30,960 HK Equity,
HSI,2026-09-30,9618 HK Equity,
HSI,2026-09-30,9633 HK Equity,
HSI,2026-09-30,968 HK Equity,
HSI,2026-09-30,981 HK Equity,
HSI,2026-09-30,9888 HK Equity,
HSI,2026-09-30,9901 HK Equity,
HSI,2026-09-30,992 HK Equity,
HSI,2026-09-30,9961 HK Equity,
HSI,2026-09-30,9988 HK Equity,
HSI,2026-09-30,9992 HK Equity,
HSI,2026-09-30,9999 HK Equity,
HSCEI,2016-03-31,1088 HK Equity,
HSCEI,2016-03-31,1099 HK Equity,
HSCEI,2016-03-31,1211 HK Equity,
HSCEI,2016-03-31,1288 HK Equity,
HSCEI,2016-03-31,1336 HK Equity,
HSCEI,2016-03-31,1339 HK Equity,
HSCEI,2016-03-31,1359 HK Equity,
HSCEI,2016-03-31,1398 HK Equity,
HSCEI,2016-03-31,168 HK Equity,
HSCEI,2016-03-31,1766 HK Equity,
HSCEI,2016-03-31,1776 HK Equity,
HSCEI,2016-03-31,1800 HK Equity,
HSCEI,2016-03-31,1816 HK Equity,
HSCEI,2016-03-31,1988 HK Equity,
HSCEI,2016-03-31,2202 HK Equity,
HSCEI,2016-03-31,2318 HK Equity,
HSCEI,2016-03-31,2328 HK Equity,
HSCEI,2016-03-31,2333 HK Equity,
HSCEI,2016-03-31,2601 HK Equity,
HSCEI,2016-03-31,2628 HK Equity,
HSCEI,2016-03-31,2883 HK Equity,
HSCEI,2016-03-31,3323 HK Equity,
HSCEI,2016-03-31,3328 HK Equity,
HSCEI,2016-03-31,3699 HK Equity,
HSCEI,2016-03-31,386 HK Equity,
HSCEI,2016-03-31,390 HK Equity,
HSCEI,2016-03-31,3968 HK Equity,
HSCEI,2016-03-31,3988 HK Equity,
HSCEI,2016-03-31,489 HK Equity,
HSCEI,2016-03-31,6030 HK Equity,
HSCEI,2016-03-31,6837 HK Equity,
HSCEI,2016-03-31,6886 HK Equity,
HSCEI,2016-03-31,728 HK Equity,
HSCEI,2016-03-31,753 HK Equity,
HSCEI,2016-03-31,857 HK Equity,
HSCEI,2016-03-31,902 HK Equity,
HSCEI,2016-03-31,914 HK Equity,
HSCEI,2016-03-31,916 HK Equity,
HSCEI,2016-03-31,939 HK Equity,
HSCEI,2016-03-31,998 HK Equity,
HSCEI,2016-06-30,1088 HK Equity,
HSCEI,2016-06-30,1099 HK Equity,
HSCEI,2016-06-30,1211 HK Equity,
HSCEI,2016-06-30,1288 HK Equity,
HSCEI,2016-06-30,1336 HK Equity,
HSCEI,2016-06-30,1339 HK Equity,
HSCEI,2016-06-30,1359 HK Equity,
HSCEI,2016-06-30,1398 HK Equity,
HSCEI,2016-06-30,168 HK Equity,
HSCEI,2016-06-30,1766 HK Equity,
HSCEI,2016-06-30,1776 HK Equity,
HSCEI,2016-06-30,1800 HK Equity,
HSCEI,2016-06-30,1816 HK Equity,
HSCEI,2016-06-30,1988 HK Equity,
HSCEI,2016-06-30,2202 HK Equity,
HSCEI,2016-06-30,2318 HK Equity,
HSCEI,2016-06-30,2328 HK Equity,
HSCEI,2016-06-30,2333 HK Equity,
HSCEI,2016-06-30,2601 HK Equity,
HSCEI,2016-06-30,2628 HK Equity,
HSCEI,2016-06-30,2883 HK Equity,
HSCEI,2016-06-30,3323 HK Equity,
HSCEI,2016-06-30,3328 HK Equity,
HSCEI,2016-06-30,3699 HK Equity,
HSCEI,2016-06-30,386 HK Equity,
HSCEI,2016-06-30,390 HK Equity,
HSCEI,2016-06-30,3968 HK Equity,
HSCEI,2016-06-30,3988 HK Equity,
HSCEI,2016-06-30,489 HK Equity,
HSCEI,2016-06-30,6030 HK Equity,
HSCEI,2016-06-30,6837 HK Equity,
HSCEI,2016-06-30,6886 HK Equity,
HSCEI,2016-06-30,728 HK Equity,
HSCEI,2016-06-30,753 HK Equity,
HSCEI,2016-06-30,857 HK Equity,
HSCEI,2016-06-30,902 HK Equity,
HSCEI,2016-06-30,914 HK Equity,
HSCEI,2016-06-30,916 HK Equity,
HSCEI,2016-06-30,939 HK Equity,
HSCEI,2016-06-30,998 HK Equity,
HSCEI,2016-09-30,1088 HK Equity,
HSCEI,2016-09-30,1099 HK Equity,
HSCEI,2016-09-30,1211 HK Equity,
HSCEI,2016-09-30,1288 HK Equity,
HSCEI,2016-09-30,1336 HK Equity,
HSCEI,2016-09-30,1339 HK Equity,
HSCEI,2016-09-30,1359 HK Equity,
HSCEI,2016-09-30,1398 HK Equity,
HSCEI,2016-09-30,168 HK Equity,
HSCEI,2016-09-30,1766 HK Equity,
HSCEI,2016-09-30,1776 HK Equity,
HSCEI,2016-09-30,1800 HK Equity,
HSCEI,2016-09-30,1816 HK Equity,
HSCEI,2016-09-30,1988 HK Equity,
HSCEI,2016-09-30,2202 HK Equity,
HSCEI,2016-09-30,2318 HK Equity,
HSCEI,2016-09-30,2328 HK Equity,
HSCEI,2016-09-30,2333 HK Equity,
HSCEI,2016-09-30,2601 HK Equity,
HSCEI,2016-09-30,2628 HK Equity,
HSCEI,2016-09-30,2883 HK Equity,
HSCEI,2016-09-30,3328 HK Equity,
HSCEI,2016-09-30,386 HK Equity,
HSCEI,2016-09-30,3898 HK Equity,
HSCEI,2016-09-30,390 HK Equity,
HSCEI,2016-09-30,3968 HK Equity,
HSCEI,2016-09-30,3988 HK Equity,
HSCEI,2016-09-30,489 HK Equity,
HSCEI,2016-09-30,6030 HK Equity,
HSCEI,2016-09-30,6837 HK Equity,
HSCEI,2016-09-30,6881 HK Equity,
HSCEI,2016-09-30,6886 HK Equity,
HSCEI,2016-09-30,728 HK Equity,
HSCEI,2016-09-30,753 HK Equity,
HSCEI,2016-09-30,857 HK Equity,
HSCEI,2016-09-30,902 HK Equity,
HSCEI,2016-09-30,914 HK Equity,
HSCEI,2016-09-30,916 HK Equity,
HSCEI,2016-09-30,939 HK Equity,
HSCEI,2016-09-30,998 HK Equity,
HSCEI,2016-12-31,1088 HK Equity,
HSCEI,2016-12-31,1099 HK Equity,
HSCEI,2016-12-31,1186 HK Equity,
HSCEI,2016-12-31,1211 HK Equity,
HSCEI,2016-12-31,1288 HK Equity,
HSCEI,2016-12-31,1336 HK Equity,
HSCEI,2016-12-31,1339 HK Equity,
HSCEI,2016-12-31,1359 HK Equity,
HSCEI,2016-12-31,1398 HK Equity,
HSCEI,2016-12-31,168 HK Equity,
HSCEI,2016-12-31,1766 HK Equity,
HSCEI,2016-12-31,1776 HK Equity,
HSCEI,2016-12-31,1800 HK Equity,
HSCEI,2016-12-31,1816 HK Equity,
HSCEI,2016-12-31,1988 HK Equity,
HSCEI,2016-12-31,2202 HK Equity,
HSCEI,2016-12-31,2318 HK Equity,
HSCEI,2016-12-31,2328 HK Equity,
HSCEI,2016-12-31,2333 HK Equity,
HSCEI,2016-12-31,2601 HK Equity,
HSCEI,2016-12-31,2628 HK Equity,
HSCEI,2016-12-31,3328 HK Equity,
HSCEI,2016-12-31,386 HK Equity,
HSCEI,2016-12-31,3898 HK Equity,
HSCEI,2016-12-31,390 HK Equity,
HSCEI,2016-12-31,3968 HK Equity,
HSCEI,2016-12-31,3988 HK Equity,
HSCEI,2016-12-31,489 HK Equity,
HSCEI,2016-12-31,6030 HK Equity,
HSCEI,2016-12-31,6837 HK Equity,
HSCEI,2016-12-31,6881 HK Equity,
HSCEI,2016-12-31,6886 HK Equity,
HSCEI,2016-12-31,728 HK Equity,
HSCEI,2016-12-31,753 HK Equity,
HSCEI,2016-12-31,857 HK Equity,
HSCEI,2016-12-31,902 HK Equity,
HSCEI,2016-12-31,914 HK Equity,
HSCEI,2016-12-31,916 HK Equity,
HSCEI,2016-12-31,939 HK Equity,
HSCEI,2016-12-31,998 HK Equity,
HSCEI,2017-03-31,1088 HK Equity,
HSCEI,2017-03-31,1099 HK Equity,
HSCEI,2017-03-31,1186 HK Equity,
HSCEI,2017-03-31,1211 HK Equity,
HSCEI,2017-03-31,1288 HK Equity,
HSCEI,2017-03-31,1336 HK Equity,
HSCEI,2017-03-31,1339 HK Equity,
HSCEI,2017-03-31,1359 HK Equity,
HSCEI,2017-03-31,1398 HK Equity,
HSCEI,2017-03-31,1658 HK Equity,
HSCEI,2017-03-31,1766 HK Equity,
HSCEI,2017-03-31,1776 HK Equity,
HSCEI,2017-03-31,1800 HK Equity,
HSCEI,2017-03-31,1816 HK Equity,
HSCEI,2017-03-31,1988 HK Equity,
HSCEI,2017-03-31,2202 HK Equity,
HSCEI,2017-03-31,2318 HK Equity,
HSCEI,2017-03-31,2328 HK Equity,
HSCEI,2017-03-31,2333 HK Equity,
HSCEI,2017-03-31,2601 HK Equity,
HSCEI,2017-03-31,2628 HK Equity,
HSCEI,2017-03-31,3328 HK Equity,
HSCEI,2017-03-31,386 HK Equity,
HSCEI,2017-03-31,3898 HK Equity,
HSCEI,2017-03-31,390 HK Equity,
HSCEI,2017-03-31,3968 HK Equity,
HSCEI,2017-03-31,3988 HK Equity,
HSCEI,2017-03-31,489 HK Equity,
HSCEI,2017-03-31,6030 HK Equity,
HSCEI,2017-03-31,6837 HK Equity,
HSCEI,2017-03-31,6881 HK Equity,
HSCEI,2017-03-31,6886 HK Equity,
HSCEI,2017-03-31,728 HK Equity,
HSCEI,2017-03-31,753 HK Equity,
HSCEI,2017-03-31,857 HK Equity,
HSCEI,2017-03-31,902 HK Equity,
HSCEI,2017-03-31,914 HK Equity,
HSCEI,2017-03-31,916 HK Equity,
HSCEI,2017-03-31,939 HK Equity,
HSCEI,2017-03-31,998 HK Equity,
HSCEI,2017-06-30,1088 HK Equity,
HSCEI,2017-06-30,1099 HK Equity,
HSCEI,2017-06-30,1186 HK Equity,
HSCEI,2017-06-30,1211 HK Equity,
HSCEI,2017-06-30,1288 HK Equity,
HSCEI,2017-06-30,1336 HK Equity,
HSCEI,2017-06-30,1339 HK Equity,
HSCEI,2017-06-30,1359 HK Equity,
HSCEI,2017-06-30,1398 HK Equity,
HSCEI,2017-06-30,1658 HK Equity,
HSCEI,2017-06-30,1766 HK Equity,
HSCEI,2017-06-30,1776 HK Equity,
HSCEI,2017-06-30,1800 HK Equity,
HSCEI,2017-06-30,1816 HK Equity,
HSCEI,2017-06-30,1988 HK Equity,
HSCEI,2017-06-30,2202 HK Equity,
HSCEI,2017-06-30,2318 HK Equity,
HSCEI,2017-06-30,2328 HK Equity,
HSCEI,2017-06-30,2333 HK Equity,
HSCEI,2017-06-30,2601 HK Equity,
HSCEI,2017-06-30,2628 HK Equity,
HSCEI,2017-06-30,3328 HK Equity,
HSCEI,2017-06-30,386 HK Equity,
HSCEI,2017-06-30,3898 HK Equity,
HSCEI,2017-06-30,390 HK Equity,
HSCEI,2017-06-30,3968 HK Equity,
HSCEI,2017-06-30,3988 HK Equity,
HSCEI,2017-06-30,489 HK Equity,
HSCEI,2017-06-30,6030 HK Equity,
HSCEI,2017-06-30,6837 HK Equity,
HSCEI,2017-06-30,6881 HK Equity,
HSCEI,2017-06-30,6886 HK Equity,
HSCEI,2017-06-30,728 HK Equity,
HSCEI,2017-06-30,753 HK Equity,
HSCEI,2017-06-30,857 HK Equity,
HSCEI,2017-06-30,902 HK Equity,
HSCEI,2017-06-30,914 HK Equity,
HSCEI,2017-06-30,916 HK Equity,
HSCEI,2017-06-30,939 HK Equity,
HSCEI,2017-06-30,998 HK Equity,
HSCEI,2017-09-30,1088 HK Equity,
HSCEI,2017-09-30,1099 HK Equity,
HSCEI,2017-09-30,1186 HK Equity,
HSCEI,2017-09-30,1211 HK Equity,
HSCEI,2017-09-30,1288 HK Equity,
HSCEI,2017-09-30,1336 HK Equity,
HSCEI,2017-09-30,1339 HK Equity,
HSCEI,2017-09-30,1359 HK Equity,
HSCEI,2017-09-30,1398 HK Equity,
HSCEI,2017-09-30,1658 HK Equity,
HSCEI,2017-09-30,1766 HK Equity,
HSCEI,2017-09-30,1776 HK Equity,
HSCEI,2017-09-30,1800 HK Equity,
HSCEI,2017-09-30,1816 HK Equity,
HSCEI,2017-09-30,1988 HK Equity,
HSCEI,2017-09-30,2202 HK Equity,
HSCEI,2017-09-30,2318 HK Equity,
HSCEI,2017-09-30,2328 HK Equity,
HSCEI,2017-09-30,2333 HK Equity,
HSCEI,2017-09-30,2601 HK Equity,
HSCEI,2017-09-30,2628 HK Equity,
HSCEI,2017-09-30,3328 HK Equity,
HSCEI,2017-09-30,386 HK Equity,
HSCEI,2017-09-30,3898 HK Equity,
HSCEI,2017-09-30,390 HK Equity,
HSCEI,2017-09-30,3968 HK Equity,
HSCEI,2017-09-30,3988 HK Equity,
HSCEI,2017-09-30,489 HK Equity,
HSCEI,2017-09-30,6030 HK Equity,
HSCEI,2017-09-30,6837 HK Equity,
HSCEI,2017-09-30,6881 HK Equity,
HSCEI,2017-09-30,6886 HK Equity,
HSCEI,2017-09-30,728 HK Equity,
HSCEI,2017-09-30,753 HK Equity,
HSCEI,2017-09-30,857 HK Equity,
HSCEI,2017-09-30,902 HK Equity,
HSCEI,2017-09-30,914 HK Equity,
HSCEI,2017-09-30,916 HK Equity,
HSCEI,2017-09-30,939 HK Equity,
HSCEI,2017-09-30,998 HK Equity,
HSCEI,2017-12-31,1088 HK Equity,
HSCEI,2017-12-31,1099 HK Equity,
HSCEI,2017-12-31,1186 HK Equity,
HSCEI,2017-12-31,1211 HK Equity,
HSCEI,2017-12-31,1288 HK Equity,
HSCEI,2017-12-31,1336 HK Equity,
HSCEI,2017-12-31,1339 HK Equity,
HSCEI,2017-12-31,1359 HK Equity,
HSCEI,2017-12-31,1398 HK Equity,
HSCEI,2017-12-31,1658 HK Equity,
HSCEI,2017-12-31,1766 HK Equity,
HSCEI,2017-12-31,1776 HK Equity,
HSCEI,2017-12-31,1800 HK Equity,
HSCEI,2017-12-31,1816 HK Equity,
HSCEI,2017-12-31,1988 HK Equity,
HSCEI,2017-12-31,2202 HK Equity,
HSCEI,2017-12-31,2238 HK Equity,
HSCEI,2017-12-31,2318 HK Equity,
HSCEI,2017-12-31,2328 HK Equity,
HSCEI,2017-12-31,2333 HK Equity,
HSCEI,2017-12-31,2601 HK Equity,
HSCEI,2017-12-31,2628 HK Equity,
HSCEI,2017-12-31,3328 HK Equity,
HSCEI,2017-12-31,386 HK Equity,
HSCEI,2017-12-31,3898 HK Equity,
HSCEI,2017-12-31,390 HK Equity,
HSCEI,2017-12-31,3968 HK Equity,
HSCEI,2017-12-31,3988 HK Equity,
HSCEI,2017-12-31,489 HK Equity,
HSCEI,2017-12-31,6030 HK Equity,
HSCEI,2017-12-31,6837 HK Equity,
HSCEI,2017-12-31,6881 HK Equity,
HSCEI,2017-12-31,6886 HK Equity,
HSCEI,2017-12-31,728 HK Equity,
HSCEI,2017-12-31,753 HK Equity,
HSCEI,2017-12-31,857 HK Equity,
HSCEI,2017-12-31,902 HK Equity,
HSCEI,2017-12-31,914 HK Equity,
HSCEI,2017-12-31,939 HK Equity,
HSCEI,2017-12-31,998 HK Equity,
HSCEI,2018-03-31,1044 HK Equity,
HSCEI,2018-03-31,1088 HK Equity,
HSCEI,2018-03-31,1093 HK Equity,
HSCEI,2018-03-31,1099 HK Equity,
HSCEI,2018-03-31,1109 HK Equity,
HSCEI,2018-03-31,1211 HK Equity,
HSCEI,2018-03-31,1288 HK Equity,
HSCEI,2018-03-31,1336 HK Equity,
HSCEI,2018-03-31,1339 HK Equity,
HSCEI,2018-03-31,1359 HK Equity,
HSCEI,2018-03-31,1398 HK Equity,
HSCEI,2018-03-31,1658 HK Equity,
HSCEI,2018-03-31,1766 HK Equity,
HSCEI,2018-03-31,1776 HK Equity,
HSCEI,2018-03-31,1800 HK Equity,
HSCEI,2018-03-31,1816 HK Equity,
HSCEI,2018-03-31,1988 HK Equity,
HSCEI,2018-03-31,2202 HK Equity,
HSCEI,2018-03-31,2238 HK Equity,
HSCEI,2018-03-31,2313 HK Equity,
HSCEI,2018-03-31,2318 HK Equity,
HSCEI,2018-03-31,2328 HK Equity,
HSCEI,2018-03-31,2333 HK Equity,
HSCEI,2018-03-31,2601 HK Equity,
HSCEI,2018-03-31,2628 HK Equity,
HSCEI,2018-03-31,267 HK Equity,
HSCEI,2018-03-31,270 HK Equity,
HSCEI,2018-03-31,3328 HK Equity,
HSCEI,2018-03-31,384 HK Equity,
HSCEI,2018-03-31,386 HK Equity,
HSCEI,2018-03-31,3898 HK Equity,
HSCEI,2018-03-31,390 HK Equity,
HSCEI,2018-03-31,3968 HK Equity,
HSCEI,2018-03-31,3988 HK Equity,
HSCEI,2018-03-31,489 HK Equity,
HSCEI,2018-03-31,6030 HK Equity,
HSCEI,2018-03-31,6060 HK Equity,
HSCEI,2018-03-31,6837 HK Equity,
HSCEI,2018-03-31,6881 HK Equity,
HSCEI,2018-03-31,6886 HK Equity,
HSCEI,2018-03-31,700 HK Equity,
HSCEI,2018-03-31,728 HK Equity,
HSCEI,2018-03-31,753 HK Equity,
HSCEI,2018-03-31,857 HK Equity,
HSCEI,2018-03-31,883 HK Equity,
HSCEI,2018-03-31,902 HK Equity,
HSCEI,2018-03-31,914 HK Equity,
HSCEI,2018-03-31,939 HK Equity,
HSCEI,2018-03-31,941 HK Equity,
HSCEI,2018-03-31,998 HK Equity,
HSCEI,2018-06-30,1044 HK Equity,
HSCEI,2018-06-30,1088 HK Equity,
HSCEI,2018-06-30,1093 HK Equity,
HSCEI,2018-06-30,1099 HK Equity,
HSCEI,2018-06-30,1109 HK Equity,
HSCEI,2018-06-30,1211 HK Equity,
HSCEI,2018-06-30,1288 HK Equity,
HSCEI,2018-06-30,1336 HK Equity,
HSCEI,2018-06-30,1339 HK Equity,
HSCEI,2018-06-30,1359 HK Equity,
HSCEI,2018-06-30,1398 HK Equity,
HSCEI,2018-06-30,1658 HK Equity,
HSCEI,2018-06-30,1766 HK Equity,
HSCEI,2018-06-30,1776 HK Equity,
HSCEI,2018-06-30,1800 HK Equity,
HSCEI,2018-06-30,1816 HK Equity,
HSCEI,2018-06-30,1988 HK Equity,
HSCEI,2018-06-30,2202 HK Equity,
HSCEI,2018-06-30,2238 HK Equity,
HSCEI,2018-06-30,2313 HK Equity,
HSCEI,2018-06-30,2318 HK Equity,
HSCEI,2018-06-30,2328 HK Equity,
HSCEI,2018-06-30,2333 HK Equity,
HSCEI,2018-06-30,2601 HK Equity,
HSCEI,2018-06-30,2628 HK Equity,
HSCEI,2018-06-30,267 HK Equity,
HSCEI,2018-06-30,270 HK Equity,
HSCEI,2018-06-30,2799 HK Equity,
HSCEI,2018-06-30,3328 HK Equity,
HSCEI,2018-06-30,384 HK Equity,
HSCEI,2018-06-30,386 HK Equity,
HSCEI,2018-06-30,390 HK Equity,
HSCEI,2018-06-30,3968 HK Equity,
HSCEI,2018-06-30,3988 HK Equity,
HSCEI,2018-06-30,489 HK Equity,
HSCEI,2018-06-30,6030 HK Equity,
HSCEI,2018-06-30,6060 HK Equity,
HSCEI,2018-06-30,6837 HK Equity,
HSCEI,2018-06-30,6881 HK Equity,
HSCEI,2018-06-30,6886 HK Equity,
HSCEI,2018-06-30,700 HK Equity,
HSCEI,2018-06-30,728 HK Equity,
HSCEI,2018-06-30,753 HK Equity,
HSCEI,2018-06-30,857 HK Equity,
HSCEI,2018-06-30,883 HK Equity,
HSCEI,2018-06-30,902 HK Equity,
HSCEI,2018-06-30,914 HK Equity,
HSCEI,2018-06-30,939 HK Equity,
HSCEI,2018-06-30,941 HK Equity,
HSCEI,2018-06-30,998 HK Equity,
HSCEI,2018-09-30,1044 HK Equity,
HSCEI,2018-09-30,1088 HK Equity,
HSCEI,2018-09-30,1093 HK Equity,
HSCEI,2018-09-30,1099 HK Equity,
HSCEI,2018-09-30,1109 HK Equity,
HSCEI,2018-09-30,1211 HK Equity,
HSCEI,2018-09-30,1288 HK Equity,
HSCEI,2018-09-30,1336 HK Equity,
HSCEI,2018-09-30,1339 HK Equity,
HSCEI,2018-09-30,1359 HK Equity,
HSCEI,2018-09-30,1398 HK Equity,
HSCEI,2018-09-30,1658 HK Equity,
HSCEI,2018-09-30,1766 HK Equity,
HSCEI,2018-09-30,1776 HK Equity,
HSCEI,2018-09-30,1800 HK Equity,
HSCEI,2018-09-30,1816 HK Equity,
HSCEI,2018-09-30,1988 HK Equity,
HSCEI,2018-09-30,2202 HK Equity,
HSCEI,2018-09-30,2238 HK Equity,
HSCEI,2018-09-30,2313 HK Equity,
HSCEI,2018-09-30,2318 HK Equity,
HSCEI,2018-09-30,2328 HK Equity,
HSCEI,2018-09-30,2333 HK Equity,
HSCEI,2018-09-30,2601 HK Equity,
HSCEI,2018-09-30,2628 HK Equity,
HSCEI,2018-09-30,267 HK Equity,
HSCEI,2018-09-30,270 HK Equity,
HSCEI,2018-09-30,2799 HK Equity,
HSCEI,2018-09-30,3328 HK Equity,
HSCEI,2018-09-30,384 HK Equity,
HSCEI,2018-09-30,386 HK Equity,
HSCEI,2018-09-30,390 HK Equity,
HSCEI,2018-09-30,3968 HK Equity,
HSCEI,2018-09-30,3988 HK Equity,
HSCEI,2018-09-30,489 HK Equity,
HSCEI,2018-09-30,6030 HK Equity,
HSCEI,2018-09-30,6060 HK Equity,
HSCEI,2018-09-30,6837 HK Equity,
HSCEI,2018-09-30,6881 HK Equity,
HSCEI,2018-09-30,6886 HK Equity,
HSCEI,2018-09-30,700 HK Equity,
HSCEI,2018-09-30,728 HK Equity,
HSCEI,2018-09-30,753 HK Equity,
HSCEI,2018-09-30,857 HK Equity,
HSCEI,2018-09-30,883 HK Equity,
HSCEI,2018-09-30,902 HK Equity,
HSCEI,2018-09-30,914 HK Equity,
HSCEI,2018-09-30,939 HK Equity,
HSCEI,2018-09-30,941 HK Equity,
HSCEI,2018-09-30,998 HK Equity,
HSCEI,2018-12-31,1044 HK Equity,
HSCEI,2018-12-31,1088 HK Equity,
HSCEI,2018-12-31,1093 HK Equity,
HSCEI,2018-12-31,1099 HK Equity,
HSCEI,2018-12-31,1109 HK Equity,
HSCEI,2018-12-31,1211 HK Equity,
HSCEI,2018-12-31,1288 HK Equity,
HSCEI,2018-12-31,1336 HK Equity,
HSCEI,2018-12-31,1339 HK Equity,
HSCEI,2018-12-31,1359 HK Equity,
HSCEI,2018-12-31,1398 HK Equity,
HSCEI,2018-12-31,1658 HK Equity,
HSCEI,2018-12-31,1766 HK Equity,
HSCEI,2018-12-31,1776 HK Equity,
HSCEI,2018-12-31,1800 HK Equity,
HSCEI,2018-12-31,1816 HK Equity,
HSCEI,2018-12-31,1988 HK Equity,
HSCEI,2018-12-31,2202 HK Equity,
HSCEI,2018-12-31,2238 HK Equity,
HSCEI,2018-12-31,2313 HK Equity,
HSCEI,2018-12-31,2318 HK Equity,
HSCEI,2018-12-31,2328 HK Equity,
HSCEI,2018-12-31,2333 HK Equity,
HSCEI,2018-12-31,2601 HK Equity,
HSCEI,2018-12-31,2628 HK Equity,
HSCEI,2018-12-31,267 HK Equity,
HSCEI,2018-12-31,270 HK Equity,
HSCEI,2018-12-31,2799 HK Equity,
HSCEI,2018-12-31,3328 HK Equity,
HSCEI,2018-12-31,384 HK Equity,
HSCEI,2018-12-31,386 HK Equity,
HSCEI,2018-12-31,390 HK Equity,
HSCEI,2018-12-31,3968 HK Equity,
HSCEI,2018-12-31,3988 HK Equity,
HSCEI,2018-12-31,489 HK Equity,
HSCEI,2018-12-31,6030 HK Equity,
HSCEI,2018-12-31,6060 HK Equity,
HSCEI,2018-12-31,6837 HK Equity,
HSCEI,2018-12-31,6886 HK Equity,
HSCEI,2018-12-31,700 HK Equity,
HSCEI,2018-12-31,728 HK Equity,
HSCEI,2018-12-31,753 HK Equity,
HSCEI,2018-12-31,788 HK Equity,
HSCEI,2018-12-31,857 HK Equity,
HSCEI,2018-12-31,883 HK Equity,
HSCEI,2018-12-31,902 HK Equity,
HSCEI,2018-12-31,914 HK Equity,
HSCEI,2018-12-31,939 HK Equity,
HSCEI,2018-12-31,941 HK Equity,
HSCEI,2018-12-31,998 HK Equity,
HSCEI,2019-03-31,1044 HK Equity,
HSCEI,2019-03-31,1088 HK Equity,
HSCEI,2019-03-31,1093 HK Equity,
HSCEI,2019-03-31,1099 HK Equity,
HSCEI,2019-03-31,1109 HK Equity,
HSCEI,2019-03-31,1211 HK Equity,
HSCEI,2019-03-31,1288 HK Equity,
HSCEI,2019-03-31,1336 HK Equity,
HSCEI,2019-03-31,1339 HK Equity,
HSCEI,2019-03-31,1359 HK Equity,
HSCEI,2019-03-31,1398 HK Equity,
HSCEI,2019-03-31,1658 HK Equity,
HSCEI,2019-03-31,1766 HK Equity,
HSCEI,2019-03-31,1776 HK Equity,
HSCEI,2019-03-31,1800 HK Equity,
HSCEI,2019-03-31,1816 HK Equity,
HSCEI,2019-03-31,1988 HK Equity,
HSCEI,2019-03-31,2202 HK Equity,
HSCEI,2019-03-31,2238 HK Equity,
HSCEI,2019-03-31,2313 HK Equity,
HSCEI,2019-03-31,2318 HK Equity,
HSCEI,2019-03-31,2328 HK Equity,
HSCEI,2019-03-31,2333 HK Equity,
HSCEI,2019-03-31,2601 HK Equity,
HSCEI,2019-03-31,2628 HK Equity,
HSCEI,2019-03-31,267 HK Equity,
HSCEI,2019-03-31,270 HK Equity,
HSCEI,2019-03-31,2799 HK Equity,
HSCEI,2019-03-31,3323 HK Equity,
HSCEI,2019-03-31,3328 HK Equity,
HSCEI,2019-03-31,384 HK Equity,
HSCEI,2019-03-31,386 HK Equity,
HSCEI,2019-03-31,390 HK Equity,
HSCEI,2019-03-31,3968 HK Equity,
HSCEI,2019-03-31,3988 HK Equity,
HSCEI,2019-03-31,489 HK Equity,
HSCEI,2019-03-31,6030 HK Equity,
HSCEI,2019-03-31,6837 HK Equity,
HSCEI,2019-03-31,6886 HK Equity,
HSCEI,2019-03-31,700 HK Equity,
HSCEI,2019-03-31,728 HK Equity,
HSCEI,2019-03-31,753 HK Equity,
HSCEI,2019-03-31,788 HK Equity,
HSCEI,2019-03-31,857 HK Equity,
HSCEI,2019-03-31,883 HK Equity,
HSCEI,2019-03-31,902 HK Equity,
HSCEI,2019-03-31,914 HK Equity,
HSCEI,2019-03-31,939 HK Equity,
HSCEI,2019-03-31,941 HK Equity,
HSCEI,2019-03-31,998 HK Equity,
HSCEI,2019-06-30,1044 HK Equity,
HSCEI,2019-06-30,1088 HK Equity,
HSCEI,2019-06-30,1093 HK Equity,
HSCEI,2019-06-30,1099 HK Equity,
HSCEI,2019-06-30,1109 HK Equity,
HSCEI,2019-06-30,1211 HK Equity,
HSCEI,2019-06-30,1288 HK Equity,
HSCEI,2019-06-30,1336 HK Equity,
HSCEI,2019-06-30,1339 HK Equity,
HSCEI,2019-06-30,1359 HK Equity,
HSCEI,2019-06-30,1398 HK Equity,
HSCEI,2019-06-30,1658 HK Equity,
HSCEI,2019-06-30,1766 HK Equity,
HSCEI,2019-06-30,1800 HK Equity,
HSCEI,2019-06-30,1988 HK Equity,
HSCEI,2019-06-30,2007 HK Equity,
HSCEI,2019-06-30,2020 HK Equity,
HSCEI,2019-06-30,2202 HK Equity,
HSCEI,2019-06-30,2238 HK Equity,
HSCEI,2019-06-30,2313 HK Equity,
HSCEI,2019-06-30,2318 HK Equity,
HSCEI,2019-06-30,2328 HK Equity,
HSCEI,2019-06-30,2601 HK Equity,
HSCEI,2019-06-30,2628 HK Equity,
HSCEI,2019-06-30,267 HK Equity,
HSCEI,2019-06-30,2688 HK Equity,
HSCEI,2019-06-30,270 HK Equity,
HSCEI,2019-06-30,2799 HK Equity,
HSCEI,2019-06-30,291 HK Equity,
HSCEI,2019-06-30,3323 HK Equity,
HSCEI,2019-06-30,3328 HK Equity,
HSCEI,2019-06-30,384 HK Equity,
HSCEI,2019-06-30,386 HK Equity,
HSCEI,2019-06-30,390 HK Equity,
HSCEI,2019-06-30,3968 HK Equity,
HSCEI,2019-06-30,3988 HK Equity,
HSCEI,2019-06-30,489 HK Equity,
HSCEI,2019-06-30,6030 HK Equity,
HSCEI,2019-06-30,6837 HK Equity,
HSCEI,2019-06-30,6886 HK Equity,
HSCEI,2019-06-30,700 HK Equity,
HSCEI,2019-06-30,728 HK Equity,
HSCEI,2019-06-30,788 HK Equity,
HSCEI,2019-06-30,857 HK Equity,
HSCEI,2019-06-30,883 HK Equity,
HSCEI,2019-06-30,914 HK Equity,
HSCEI,2019-06-30,939 HK Equity,
HSCEI,2019-06-30,941 HK Equity,
HSCEI,2019-06-30,960 HK Equity,
HSCEI,2019-06-30,998 HK Equity,
HSCEI,2019-09-30,1044 HK Equity,
HSCEI,2019-09-30,1088 HK Equity,
HSCEI,2019-09-30,1093 HK Equity,
HSCEI,2019-09-30,1099 HK Equity,
HSCEI,2019-09-30,1109 HK Equity,
HSCEI,2019-09-30,1211 HK Equity,
HSCEI,2019-09-30,1288 HK Equity,
HSCEI,2019-09-30,1336 HK Equity,
HSCEI,2019-09-30,1339 HK Equity,
HSCEI,2019-09-30,1398 HK Equity,
HSCEI,2019-09-30,151 HK Equity,
HSCEI,2019-09-30,1658 HK Equity,
HSCEI,2019-09-30,175 HK Equity,
HSCEI,2019-09-30,1766 HK Equity,
HSCEI,2019-09-30,1800 HK Equity,
HSCEI,2019-09-30,1918 HK Equity,
HSCEI,2019-09-30,1988 HK Equity,
HSCEI,2019-09-30,2007 HK Equity,
HSCEI,2019-09-30,2020 HK Equity,
HSCEI,2019-09-30,2202 HK Equity,
HSCEI,2019-09-30,2313 HK Equity,
HSCEI,2019-09-30,2318 HK Equity,
HSCEI,2019-09-30,2328 HK Equity,
HSCEI,2019-09-30,2601 HK Equity,
HSCEI,2019-09-30,2628 HK Equity,
HSCEI,2019-09-30,267 HK Equity,
HSCEI,2019-09-30,2688 HK Equity,
HSCEI,2019-09-30,270 HK Equity,
HSCEI,2019-09-30,291 HK Equity,
HSCEI,2019-09-30,3323 HK Equity,
HSCEI,2019-09-30,3328 HK Equity,
HSCEI,2019-09-30,384 HK Equity,
HSCEI,2019-09-30,386 HK Equity,
HSCEI,2019-09-30,390 HK Equity,
HSCEI,2019-09-30,3968 HK Equity,
HSCEI,2019-09-30,3988 HK Equity,
HSCEI,2019-09-30,6030 HK Equity,
HSCEI,2019-09-30,656 HK Equity,
HSCEI,2019-09-30,6837 HK Equity,
HSCEI,2019-09-30,700 HK Equity,
HSCEI,2019-09-30,728 HK Equity,
HSCEI,2019-09-30,788 HK Equity,
HSCEI,2019-09-30,857 HK Equity,
HSCEI,2019-09-30,883 HK Equity,
HSCEI,2019-09-30,914 HK Equity,
HSCEI,2019-09-30,939 HK Equity,
HSCEI,2019-09-30,941 HK Equity,
HSCEI,2019-09-30,960 HK Equity,
HSCEI,2019-09-30,966 HK Equity,
HSCEI,2019-09-30,998 HK Equity,
HSCEI,2019-12-31,1044 HK Equity,
HSCEI,2019-12-31,1088 HK Equity,
HSCEI,2019-12-31,1093 HK Equity,
HSCEI,2019-12-31,1099 HK Equity,
HSCEI,2019-12-31,1109 HK Equity,
HSCEI,2019-12-31,1177 HK Equity,
HSCEI,2019-12-31,1193 HK Equity,
HSCEI,2019-12-31,1211 HK Equity,
HSCEI,2019-12-31,1288 HK Equity,
HSCEI,2019-12-31,1336 HK Equity,
HSCEI,2019-12-31,1339 HK Equity,
HSCEI,2019-12-31,1398 HK Equity,
HSCEI,2019-12-31,151 HK Equity,
HSCEI,2019-12-31,1658 HK Equity,
HSCEI,2019-12-31,175 HK Equity,
HSCEI,2019-12-31,1766 HK Equity,
HSCEI,2019-12-31,1800 HK Equity,
HSCEI,2019-12-31,1918 HK Equity,
HSCEI,2019-12-31,1988 HK Equity,
HSCEI,2019-12-31,2007 HK Equity,
HSCEI,2019-12-31,2020 HK Equity,
HSCEI,2019-12-31,2202 HK Equity,
HSCEI,2019-12-31,2313 HK Equity,
HSCEI,2019-12-31,2318 HK Equity,
HSCEI,2019-12-31,2328 HK Equity,
HSCEI,2019-12-31,2601 HK Equity,
HSCEI,2019-12-31,2628 HK Equity,
HSCEI,2019-12-31,267 HK Equity,
HSCEI,2019-12-31,2688 HK Equity,
HSCEI,2019-12-31,270 HK Equity,
HSCEI,2019-12-31,291 HK Equity,
HSCEI,2019-12-31,3328 HK Equity,
HSCEI,2019-12-31,384 HK Equity,
HSCEI,2019-12-31,386 HK Equity,
HSCEI,2019-12-31,3968 HK Equity,
HSCEI,2019-12-31,3988 HK Equity,
HSCEI,2019-12-31,6030 HK Equity,
HSCEI,2019-12-31,656 HK Equity,
HSCEI,2019-12-31,6837 HK Equity,
HSCEI,2019-12-31,700 HK Equity,
HSCEI,2019-12-31,728 HK Equity,
HSCEI,2019-12-31,788 HK Equity,
HSCEI,2019-12-31,857 HK Equity,
HSCEI,2019-12-31,883 HK Equity,
HSCEI,2019-12-31,914 HK Equity,
HSCEI,2019-12-31,939 HK Equity,
HSCEI,2019-12-31,941 HK Equity,
HSCEI,2019-12-31,960 HK Equity,
HSCEI,2019-12-31,966 HK Equity,
HSCEI,2019-12-31,998 HK Equity,
HSCEI,2020-03-31,1044 HK Equity,
HSCEI,2020-03-31,1088 HK Equity,
HSCEI,2020-03-31,1093 HK Equity,
HSCEI,2020-03-31,1099 HK Equity,
HSCEI,2020-03-31,1109 HK Equity,
HSCEI,2020-03-31,1177 HK Equity,
HSCEI,2020-03-31,1193 HK Equity,
HSCEI,2020-03-31,1211 HK Equity,
HSCEI,2020-03-31,1288 HK Equity,
HSCEI,2020-03-31,1336 HK Equity,
HSCEI,2020-03-31,1398 HK Equity,
HSCEI,2020-03-31,151 HK Equity,
HSCEI,2020-03-31,1658 HK Equity,
HSCEI,2020-03-31,175 HK Equity,
HSCEI,2020-03-31,1800 HK Equity,
HSCEI,2020-03-31,1918 HK Equity,
HSCEI,2020-03-31,1988 HK Equity,
HSCEI,2020-03-31,2007 HK Equity,
HSCEI,2020-03-31,2020 HK Equity,
HSCEI,2020-03-31,2202 HK Equity,
HSCEI,2020-03-31,2313 HK Equity,
HSCEI,2020-03-31,2318 HK Equity,
HSCEI,2020-03-31,2328 HK Equity,
HSCEI,2020-03-31,2382 HK Equity,
HSCEI,2020-03-31,2601 HK Equity,
HSCEI,2020-03-31,2628 HK Equity,
HSCEI,2020-03-31,267 HK Equity,
HSCEI,2020-03-31,2688 HK Equity,
HSCEI,2020-03-31,270 HK Equity,
HSCEI,2020-03-31,291 HK Equity,
HSCEI,2020-03-31,3328 HK Equity,
HSCEI,2020-03-31,384 HK Equity,
HSCEI,2020-03-31,386 HK Equity,
HSCEI,2020-03-31,3968 HK Equity,
HSCEI,2020-03-31,3988 HK Equity,
HSCEI,2020-03-31,586 HK Equity,
HSCEI,2020-03-31,6030 HK Equity,
HSCEI,2020-03-31,656 HK Equity,
HSCEI,2020-03-31,6837 HK Equity,
HSCEI,2020-03-31,700 HK Equity,
HSCEI,2020-03-31,728 HK Equity,
HSCEI,2020-03-31,788 HK Equity,
HSCEI,2020-03-31,857 HK Equity,
HSCEI,2020-03-31,883 HK Equity,
HSCEI,2020-03-31,914 HK Equity,
HSCEI,2020-03-31,939 HK Equity,
HSCEI,2020-03-31,941 HK Equity,
HSCEI,2020-03-31,960 HK Equity,
HSCEI,2020-03-31,966 HK Equity,
HSCEI,2020-03-31,998 HK Equity,
HSCEI,2020-06-30,1044 HK Equity,
HSCEI,2020-06-30,1088 HK Equity,
HSCEI,2020-06-30,1093 HK Equity,
HSCEI,2020-06-30,1099 HK Equity,
HSCEI,2020-06-30,1109 HK Equity,
HSCEI,2020-06-30,1177 HK Equity,
HSCEI,2020-06-30,1193 HK Equity,
HSCEI,2020-06-30,1211 HK Equity,
HSCEI,2020-06-30,1288 HK Equity,
HSCEI,2020-06-30,1398 HK Equity,
HSCEI,2020-06-30,151 HK Equity,
HSCEI,2020-06-30,1658 HK Equity,
HSCEI,2020-06-30,175 HK Equity,
HSCEI,2020-06-30,1918 HK Equity,
HSCEI,2020-06-30,1988 HK Equity,
HSCEI,2020-06-30,2007 HK Equity,
HSCEI,2020-06-30,2020 HK Equity,
HSCEI,2020-06-30,2202 HK Equity,
HSCEI,2020-06-30,2313 HK Equity,
HSCEI,2020-06-30,2318 HK Equity,
HSCEI,2020-06-30,2319 HK Equity,
HSCEI,2020-06-30,2328 HK Equity,
HSCEI,2020-06-30,2382 HK Equity,
HSCEI,2020-06-30,2601 HK Equity,
HSCEI,2020-06-30,2628 HK Equity,
HSCEI,2020-06-30,267 HK Equity,
HSCEI,2020-06-30,2688 HK Equity,
HSCEI,2020-06-30,270 HK Equity,
HSCEI,2020-06-30,291 HK Equity,
HSCEI,2020-06-30,3328 HK Equity,
HSCEI,2020-06-30,384 HK Equity,
HSCEI,2020-06-30,386 HK Equity,
HSCEI,2020-06-30,3968 HK Equity,
HSCEI,2020-06-30,3988 HK Equity,
HSCEI,2020-06-30,586 HK Equity,
HSCEI,2020-06-30,6030 HK Equity,
HSCEI,2020-06-30,656 HK Equity,
HSCEI,2020-06-30,700 HK Equity,
HSCEI,2020-06-30,728 HK Equity,
HSCEI,2020-06-30,762 HK Equity,
HSCEI,2020-06-30,788 HK Equity,
HSCEI,2020-06-30,813 HK Equity,
HSCEI,2020-06-30,857 HK Equity,
HSCEI,2020-06-30,883 HK Equity,
HSCEI,2020-06-30,914 HK Equity,
HSCEI,2020-06-30,939 HK Equity,
HSCEI,2020-06-30,941 HK Equity,
HSCEI,2020-06-30,960 HK Equity,
HSCEI,2020-06-30,966 HK Equity,
HSCEI,2020-06-30,998 HK Equity,
HSCEI,2020-09-30,1044 HK Equity,
HSCEI,2020-09-30,1088 HK Equity,
HSCEI,2020-09-30,1093 HK Equity,
HSCEI,2020-09-30,1109 HK Equity,
HSCEI,2020-09-30,1177 HK Equity,
HSCEI,2020-09-30,1193 HK Equity,
HSCEI,2020-09-30,1288 HK Equity,
HSCEI,2020-09-30,1398 HK Equity,
HSCEI,2020-09-30,151 HK Equity,
HSCEI,2020-09-30,1658 HK Equity,
HSCEI,2020-09-30,175 HK Equity,
HSCEI,2020-09-30,1810 HK Equity,
HSCEI,2020-09-30,1918 HK Equity,
HSCEI,2020-09-30,1988 HK Equity,
HSCEI,2020-09-30,2007 HK Equity,
HSCEI,2020-09-30,2020 HK Equity,
HSCEI,2020-09-30,2202 HK Equity,
HSCEI,2020-09-30,2313 HK Equity,
HSCEI,2020-09-30,2318 HK Equity,
HSCEI,2020-09-30,2319 HK Equity,
HSCEI,2020-09-30,2328 HK Equity,
HSCEI,2020-09-30,2382 HK Equity,
HSCEI,2020-09-30,2601 HK Equity,
HSCEI,2020-09-30,2628 HK Equity,
HSCEI,2020-09-30,267 HK Equity,
HSCEI,2020-09-30,2688 HK Equity,
HSCEI,2020-09-30,270 HK Equity,
HSCEI,2020-09-30,291 HK Equity,
HSCEI,2020-09-30,3328 HK Equity,
HSCEI,2020-09-30,3690 HK Equity,
HSCEI,2020-09-30,384 HK Equity,
HSCEI,2020-09-30,386 HK Equity,
HSCEI,2020-09-30,3968 HK Equity,
HSCEI,2020-09-30,3988 HK Equity,
HSCEI,2020-09-30,586 HK Equity,
HSCEI,2020-09-30,656 HK Equity,
HSCEI,2020-09-30,700 HK Equity,
HSCEI,2020-09-30,728 HK Equity,
HSCEI,2020-09-30,762 HK Equity,
HSCEI,2020-09-30,788 HK Equity,
HSCEI,2020-09-30,813 HK Equity,
HSCEI,2020-09-30,857 HK Equity,
HSCEI,2020-09-30,883 HK Equity,
HSCEI,2020-09-30,914 HK Equity,
HSCEI,2020-09-30,939 HK Equity,
HSCEI,2020-09-30,941 HK Equity,
HSCEI,2020-09-30,960 HK Equity,
HSCEI,2020-09-30,966 HK Equity,
HSCEI,2020-09-30,998 HK Equity,
HSCEI,2020-09-30,9988 HK Equity,
HSCEI,2020-12-31,1044 HK Equity,
HSCEI,2020-12-31,1093 HK Equity,
HSCEI,2020-12-31,1109 HK Equity,
HSCEI,2020-12-31,1177 HK Equity,
HSCEI,2020-12-31,1193 HK Equity,
HSCEI,2020-12-31,1288 HK Equity,
HSCEI,2020-12-31,1398 HK Equity,
HSCEI,2020-12-31,1658 HK Equity,
HSCEI,2020-12-31,175 HK Equity,
HSCEI,2020-12-31,1810 HK Equity,
HSCEI,2020-12-31,1918 HK Equity,
HSCEI,2020-12-31,2007 HK Equity,
HSCEI,2020-12-31,2020 HK Equity,
HSCEI,2020-12-31,2313 HK Equity,
HSCEI,2020-12-31,2318 HK Equity,
HSCEI,2020-12-31,2319 HK Equity,
HSCEI,2020-12-31,2382 HK Equity,
HSCEI,2020-12-31,241 HK Equity,
HSCEI,2020-12-31,2601 HK Equity,
HSCEI,2020-12-31,2628 HK Equity,
HSCEI,2020-12-31,267 HK Equity,
HSCEI,2020-12-31,2688 HK Equity,
HSCEI,2020-12-31,270 HK Equity,
HSCEI,2020-12-31,291 HK Equity,
HSCEI,2020-12-31,3328 HK Equity,
HSCEI,2020-12-31,3333 HK Equity,
HSCEI,2020-12-31,3690 HK Equity,
HSCEI,2020-12-31,3692 HK Equity,
HSCEI,2020-12-31,384 HK Equity,
HSCEI,2020-12-31,386 HK Equity,
HSCEI,2020-12-31,3968 HK Equity,
HSCEI,2020-12-31,3988 HK Equity,
HSCEI,2020-12-31,586 HK Equity,
HSCEI,2020-12-31,6186 HK Equity,
HSCEI,2020-12-31,6618 HK Equity,
HSCEI,2020-12-31,6862 HK Equity,
HSCEI,2020-12-31,688 HK Equity,
HSCEI,2020-12-31,700 HK Equity,
HSCEI,2020-12-31,762 HK Equity,
HSCEI,2020-12-31,788 HK Equity,
HSCEI,2020-12-31,813 HK Equity,
HSCEI,2020-12-31,857 HK Equity,
HSCEI,2020-12-31,883 HK Equity,
HSCEI,2020-12-31,914 HK Equity,
HSCEI,2020-12-31,939 HK Equity,
HSCEI,2020-12-31,941 HK Equity,
HSCEI,2020-12-31,960 HK Equity,
HSCEI,2020-12-31,9618 HK Equity,
HSCEI,2020-12-31,981 HK Equity,
HSCEI,2020-12-31,9988 HK Equity,
HSCEI,2020-12-31,9999 HK Equity,
HSCEI,2021-03-31,1024 HK Equity,
HSCEI,2021-03-31,1093 HK Equity,
HSCEI,2021-03-31,1109 HK Equity,
HSCEI,2021-03-31,1177 HK Equity,
HSCEI,2021-03-31,1288 HK Equity,
HSCEI,2021-03-31,1398 HK Equity,
HSCEI,2021-03-31,1658 HK Equity,
HSCEI,2021-03-31,175 HK Equity,
HSCEI,2021-03-31,1810 HK Equity,
HSCEI,2021-03-31,1918 HK Equity,
HSCEI,2021-03-31,2007 HK Equity,
HSCEI,2021-03-31,2020 HK Equity,
HSCEI,2021-03-31,2313 HK Equity,
HSCEI,2021-03-31,2318 HK Equity,
HSCEI,2021-03-31,2319 HK Equity,
HSCEI,2021-03-31,2382 HK Equity,
HSCEI,2021-03-31,241 HK Equity,
HSCEI,2021-03-31,2601 HK Equity,
HSCEI,2021-03-31,2628 HK Equity,
HSCEI,2021-03-31,267 HK Equity,
HSCEI,2021-03-31,2688 HK Equity,
HSCEI,2021-03-31,270 HK Equity,
HSCEI,2021-03-31,291 HK Equity,
HSCEI,2021-03-31,3328 HK Equity,
HSCEI,2021-03-31,3333 HK Equity,
HSCEI,2021-03-31,3690 HK Equity,
HSCEI,2021-03-31,3692 HK Equity,
HSCEI,2021-03-31,384 HK Equity,
HSCEI,2021-03-31,386 HK Equity,
HSCEI,2021-03-31,3968 HK Equity,
HSCEI,2021-03-31,3988 HK Equity,
HSCEI,2021-03-31,6098 HK Equity,
HSCEI,2021-03-31,6186 HK Equity,
HSCEI,2021-03-31,6618 HK Equity,
HSCEI,2021-03-31,6862 HK Equity,
HSCEI,2021-03-31,688 HK Equity,
HSCEI,2021-03-31,700 HK Equity,
HSCEI,2021-03-31,762 HK Equity,
HSCEI,2021-03-31,788 HK Equity,
HSCEI,2021-03-31,813 HK Equity,
HSCEI,2021-03-31,883 HK Equity,
HSCEI,2021-03-31,914 HK Equity,
HSCEI,2021-03-31,939 HK Equity,
HSCEI,2021-03-31,941 HK Equity,
HSCEI,2021-03-31,960 HK Equity,
HSCEI,2021-03-31,9618 HK Equity,
HSCEI,2021-03-31,9633 HK Equity,
HSCEI,2021-03-31,981 HK Equity,
HSCEI,2021-03-31,9988 HK Equity,
HSCEI,2021-03-31,9999 HK Equity,
HSCEI,2021-06-30,1024 HK Equity,
HSCEI,2021-06-30,1093 HK Equity,
HSCEI,2021-06-30,1109 HK Equity,
HSCEI,2021-06-30,1177 HK Equity,
HSCEI,2021-06-30,1211 HK Equity,
HSCEI,2021-06-30,1288 HK Equity,
HSCEI,2021-06-30,1398 HK Equity,
HSCEI,2021-06-30,1658 HK Equity,
HSCEI,2021-06-30,175 HK Equity,
HSCEI,2021-06-30,1810 HK Equity,
HSCEI,2021-06-30,1918 HK Equity,
HSCEI,2021-06-30,2007 HK Equity,
HSCEI,2021-06-30,2020 HK Equity,
HSCEI,2021-06-30,2313 HK Equity,
HSCEI,2021-06-30,2318 HK Equity,
HSCEI,2021-06-30,2319 HK Equity,
HSCEI,2021-06-30,2382 HK Equity,
HSCEI,2021-06-30,241 HK Equity,
HSCEI,2021-06-30,2601 HK Equity,
HSCEI,2021-06-30,2628 HK Equity,
HSCEI,2021-06-30,267 HK Equity,
HSCEI,2021-06-30,2688 HK Equity,
HSCEI,2021-06-30,291 HK Equity,
HSCEI,2021-06-30,3328 HK Equity,
HSCEI,2021-06-30,3333 HK Equity,
HSCEI,2021-06-30,3690 HK Equity,
HSCEI,2021-06-30,3692 HK Equity,
HSCEI,2021-06-30,384 HK Equity,
HSCEI,2021-06-30,386 HK Equity,
HSCEI,2021-06-30,3968 HK Equity,
HSCEI,2021-06-30,3988 HK Equity,
HSCEI,2021-06-30,6098 HK Equity,
HSCEI,2021-06-30,6186 HK Equity,
HSCEI,2021-06-30,6618 HK Equity,
HSCEI,2021-06-30,6666 HK Equity,
HSCEI,2021-06-30,6862 HK Equity,
HSCEI,2021-06-30,688 HK Equity,
HSCEI,2021-06-30,700 HK Equity,
HSCEI,2021-06-30,813 HK Equity,
HSCEI,2021-06-30,883 HK Equity,
HSCEI,2021-06-30,914 HK Equity,
HSCEI,2021-06-30,939 HK Equity,
HSCEI,2021-06-30,941 HK Equity,
HSCEI,2021-06-30,960 HK Equity,
HSCEI,2021-06-30,9618 HK Equity,
HSCEI,2021-06-30,9633 HK Equity,
HSCEI,2021-06-30,981 HK Equity,
HSCEI,2021-06-30,9888 HK Equity,
HSCEI,2021-06-30,9988 HK Equity,
HSCEI,2021-06-30,9999 HK Equity,
HSCEI,2021-09-30,1024 HK Equity,
HSCEI,2021-09-30,1093 HK Equity,
HSCEI,2021-09-30,1109 HK Equity,
HSCEI,2021-09-30,1177 HK Equity,
HSCEI,2021-09-30,1211 HK Equity,
HSCEI,2021-09-30,1288 HK Equity,
HSCEI,2021-09-30,1398 HK Equity,
HSCEI,2021-09-30,1658 HK Equity,
HSCEI,2021-09-30,175 HK Equity,
HSCEI,2021-09-30,1810 HK Equity,
HSCEI,2021-09-30,1918 HK Equity,
HSCEI,2021-09-30,2007 HK Equity,
HSCEI,2021-09-30,2020 HK Equity,
HSCEI,2021-09-30,2313 HK Equity,
HSCEI,2021-09-30,2318 HK Equity,
HSCEI,2021-09-30,2319 HK Equity,
HSCEI,2021-09-30,2331 HK Equity,
HSCEI,2021-09-30,2382 HK Equity,
HSCEI,2021-09-30,241 HK Equity,
HSCEI,2021-09-30,2601 HK Equity,
HSCEI,2021-09-30,2618 HK Equity,
HSCEI,2021-09-30,2628 HK Equity,
HSCEI,2021-09-30,267 HK Equity,
HSCEI,2021-09-30,2688 HK Equity,
HSCEI,2021-09-30,291 HK Equity,
HSCEI,2021-09-30,3328 HK Equity,
HSCEI,2021-09-30,3333 HK Equity,
HSCEI,2021-09-30,3690 HK Equity,
HSCEI,2021-09-30,3692 HK Equity,
HSCEI,2021-09-30,384 HK Equity,
HSCEI,2021-09-30,386 HK Equity,
HSCEI,2021-09-30,3968 HK Equity,
HSCEI,2021-09-30,3988 HK Equity,
HSCEI,2021-09-30,6098 HK Equity,
HSCEI,2021-09-30,6186 HK Equity,
HSCEI,2021-09-30,6618 HK Equity,
HSCEI,2021-09-30,6666 HK Equity,
HSCEI,2021-09-30,6862 HK Equity,
HSCEI,2021-09-30,688 HK Equity,
HSCEI,2021-09-30,700 HK Equity,
HSCEI,2021-09-30,883 HK Equity,
HSCEI,2021-09-30,939 HK Equity,
HSCEI,2021-09-30,941 HK Equity,
HSCEI,2021-09-30,960 HK Equity,
HSCEI,2021-09-30,9618 HK Equity,
HSCEI,2021-09-30,9633 HK Equity,
HSCEI,2021-09-30,981 HK Equity,
HSCEI,2021-09-30,9888 HK Equity,
HSCEI,2021-09-30,9988 HK Equity,
HSCEI,2021-09-30,9999 HK Equity,
HSCEI,2021-12-31,1024 HK Equity,
HSCEI,2021-12-31,1093 HK Equity,
HSCEI,2021-12-31,1109 HK Equity,
HSCEI,2021-12-31,1177 HK Equity,
HSCEI,2021-12-31,1211 HK Equity,
HSCEI,2021-12-31,1288 HK Equity,
HSCEI,2021-12-31,1398 HK Equity,
HSCEI,2021-12-31,1658 HK Equity,
HSCEI,2021-12-31,175 HK Equity,
HSCEI,2021-12-31,1801 HK Equity,
HSCEI,2021-12-31,1810 HK Equity,
HSCEI,2021-12-31,1918 HK Equity,
HSCEI,2021-12-31,2007 HK Equity,
HSCEI,2021-12-31,2020 HK Equity,
HSCEI,2021-12-31,2313 HK Equity,
HSCEI,2021-12-31,2318 HK Equity,
HSCEI,2021-12-31,2319 HK Equity,
HSCEI,2021-12-31,2331 HK Equity,
HSCEI,2021-12-31,2382 HK Equity,
HSCEI,2021-12-31,241 HK Equity,
HSCEI,2021-12-31,2601 HK Equity,
HSCEI,2021-12-31,2618 HK Equity,
HSCEI,2021-12-31,2628 HK Equity,
HSCEI,2021-12-31,267 HK Equity,
HSCEI,2021-12-31,2688 HK Equity,
HSCEI,2021-12-31,291 HK Equity,
HSCEI,2021-12-31,3328 HK Equity,
HSCEI,2021-12-31,3690 HK Equity,
HSCEI,2021-12-31,3692 HK Equity,
HSCEI,2021-12-31,384 HK Equity,
HSCEI,2021-12-31,386 HK Equity,
HSCEI,2021-12-31,3968 HK Equity,
HSCEI,2021-12-31,3988 HK Equity,
HSCEI,2021-12-31,6098 HK Equity,
HSCEI,2021-12-31,6186 HK Equity,
HSCEI,2021-12-31,6618 HK Equity,
HSCEI,2021-12-31,6666 HK Equity,
HSCEI,2021-12-31,6862 HK Equity,
HSCEI,2021-12-31,688 HK Equity,
HSCEI,2021-12-31,700 HK Equity,
HSCEI,2021-12-31,883 HK Equity,
HSCEI,2021-12-31,939 HK Equity,
HSCEI,2021-12-31,941 HK Equity,
HSCEI,2021-12-31,960 HK Equity,
HSCEI,2021-12-31,9618 HK Equity,
HSCEI,2021-12-31,9633 HK Equity,
HSCEI,2021-12-31,981 HK Equity,
HSCEI,2021-12-31,9888 HK Equity,
HSCEI,2021-12-31,9988 HK Equity,
HSCEI,2021-12-31,9999 HK Equity,
HSCEI,2022-03-31,1024 HK Equity,
HSCEI,2022-03-31,1093 HK Equity,
HSCEI,2022-03-31,1109 HK Equity,
HSCEI,2022-03-31,1177 HK Equity,
HSCEI,2022-03-31,1211 HK Equity,
HSCEI,2022-03-31,1288 HK Equity,
HSCEI,2022-03-31,1398 HK Equity,
HSCEI,2022-03-31,1658 HK Equity,
HSCEI,2022-03-31,175 HK Equity,
HSCEI,2022-03-31,1801 HK Equity,
HSCEI,2022-03-31,1810 HK Equity,
HSCEI,2022-03-31,1918 HK Equity,
HSCEI,2022-03-31,2007 HK Equity,
HSCEI,2022-03-31,2020 HK Equity,
HSCEI,2022-03-31,2313 HK Equity,
HSCEI,2022-03-31,2318 HK Equity,
HSCEI,2022-03-31,2319 HK Equity,
HSCEI,2022-03-31,2331 HK Equity,
HSCEI,2022-03-31,2382 HK Equity,
HSCEI,2022-03-31,241 HK Equity,
HSCEI,2022-03-31,2601 HK Equity,
HSCEI,2022-03-31,2618 HK Equity,
HSCEI,2022-03-31,2628 HK Equity,
HSCEI,2022-03-31,267 HK Equity,
HSCEI,2022-03-31,2688 HK Equity,
HSCEI,2022-03-31,291 HK Equity,
HSCEI,2022-03-31,3328 HK Equity,
HSCEI,2022-03-31,3690 HK Equity,
HSCEI,2022-03-31,3692 HK Equity,
HSCEI,2022-03-31,384 HK Equity,
HSCEI,2022-03-31,386 HK Equity,
HSCEI,2022-03-31,3968 HK Equity,
HSCEI,2022-03-31,3988 HK Equity,
HSCEI,2022-03-31,6098 HK Equity,
HSCEI,2022-03-31,6186 HK Equity,
HSCEI,2022-03-31,6618 HK Equity,
HSCEI,2022-03-31,6862 HK Equity,
HSCEI,2022-03-31,688 HK Equity,
HSCEI,2022-03-31,700 HK Equity,
HSCEI,2022-03-31,883 HK Equity,
HSCEI,2022-03-31,939 HK Equity,
HSCEI,2022-03-31,941 HK Equity,
HSCEI,2022-03-31,960 HK Equity,
HSCEI,2022-03-31,9618 HK Equity,
HSCEI,2022-03-31,9633 HK Equity,
HSCEI,2022-03-31,968 HK Equity,
HSCEI,2022-03-31,981 HK Equity,
HSCEI,2022-03-31,9888 HK Equity,
HSCEI,2022-03-31,9988 HK Equity,
HSCEI,2022-03-31,9999 HK Equity,
HSCEI,2022-06-30,1024 HK Equity,
HSCEI,2022-06-30,1093 HK Equity,
HSCEI,2022-06-30,1109 HK Equity,
HSCEI,2022-06-30,1177 HK Equity,
HSCEI,2022-06-30,1211 HK Equity,
HSCEI,2022-06-30,1288 HK Equity,
HSCEI,2022-06-30,1398 HK Equity,
HSCEI,2022-06-30,1658 HK Equity,
HSCEI,2022-06-30,175 HK Equity,
HSCEI,2022-06-30,1801 HK Equity,
HSCEI,2022-06-30,1810 HK Equity,
HSCEI,2022-06-30,1918 HK Equity,
HSCEI,2022-06-30,2007 HK Equity,
HSCEI,2022-06-30,2020 HK Equity,
HSCEI,2022-06-30,2313 HK Equity,
HSCEI,2022-06-30,2318 HK Equity,
HSCEI,2022-06-30,2319 HK Equity,
HSCEI,2022-06-30,2331 HK Equity,
HSCEI,2022-06-30,2382 HK Equity,
HSCEI,2022-06-30,241 HK Equity,
HSCEI,2022-06-30,2601 HK Equity,
HSCEI,2022-06-30,2618 HK Equity,
HSCEI,2022-06-30,2628 HK Equity,
HSCEI,2022-06-30,267 HK Equity,
HSCEI,2022-06-30,2688 HK Equity,
HSCEI,2022-06-30,291 HK Equity,
HSCEI,2022-06-30,3328 HK Equity,
HSCEI,2022-06-30,3690 HK Equity,
HSCEI,2022-06-30,384 HK Equity,
HSCEI,2022-06-30,386 HK Equity,
HSCEI,2022-06-30,3968 HK Equity,
HSCEI,2022-06-30,3988 HK Equity,
HSCEI,2022-06-30,6098 HK Equity,
HSCEI,2022-06-30,6186 HK Equity,
HSCEI,2022-06-30,6618 HK Equity,
HSCEI,2022-06-30,6862 HK Equity,
HSCEI,2022-06-30,688 HK Equity,
HSCEI,2022-06-30,700 HK Equity,
HSCEI,2022-06-30,883 HK Equity,
HSCEI,2022-06-30,939 HK Equity,
HSCEI,2022-06-30,941 HK Equity,
HSCEI,2022-06-30,960 HK Equity,
HSCEI,2022-06-30,9618 HK Equity,
HSCEI,2022-06-30,9633 HK Equity,
HSCEI,2022-06-30,968 HK Equity,
HSCEI,2022-06-30,981 HK Equity,
HSCEI,2022-06-30,9888 HK Equity,
HSCEI,2022-06-30,992 HK Equity,
HSCEI,2022-06-30,9988 HK Equity,
HSCEI,2022-06-30,9999 HK Equity,
HSCEI,2022-09-30,1024 HK Equity,
HSCEI,2022-09-30,1093 HK Equity,
HSCEI,2022-09-30,1109 HK Equity,
HSCEI,2022-09-30,1177 HK Equity,
HSCEI,2022-09-30,1211 HK Equity,
HSCEI,2022-09-30,1288 HK Equity,
HSCEI,2022-09-30,1398 HK Equity,
HSCEI,2022-09-30,1658 HK Equity,
HSCEI,2022-09-30,175 HK Equity,
HSCEI,2022-09-30,1801 HK Equity,
HSCEI,2022-09-30,1810 HK Equity,
HSCEI,2022-09-30,20 HK Equity,
HSCEI,2022-09-30,2007 HK Equity,
HSCEI,2022-09-30,2020 HK Equity,
HSCEI,2022-09-30,2313 HK Equity,
HSCEI,2022-09-30,2318 HK Equity,
HSCEI,2022-09-30,2319 HK Equity,
HSCEI,2022-09-30,2331 HK Equity,
HSCEI,2022-09-30,2382 HK Equity,
HSCEI,2022-09-30,241 HK Equity,
HSCEI,2022-09-30,2618 HK Equity,
HSCEI,2022-09-30,2628 HK Equity,
HSCEI,2022-09-30,267 HK Equity,
HSCEI,2022-09-30,2688 HK Equity,
HSCEI,2022-09-30,291 HK Equity,
HSCEI,2022-09-30,3328 HK Equity,
HSCEI,2022-09-30,3690 HK Equity,
HSCEI,2022-09-30,384 HK Equity,
HSCEI,2022-09-30,386 HK Equity,
HSCEI,2022-09-30,3968 HK Equity,
HSCEI,2022-09-30,3988 HK Equity,
HSCEI,2022-09-30,6098 HK Equity,
HSCEI,2022-09-30,6186 HK Equity,
HSCEI,2022-09-30,6618 HK Equity,
HSCEI,2022-09-30,6862 HK Equity,
HSCEI,2022-09-30,688 HK Equity,
HSCEI,2022-09-30,700 HK Equity,
HSCEI,2022-09-30,883 HK Equity,
HSCEI,2022-09-30,939 HK Equity,
HSCEI,2022-09-30,941 HK Equity,
HSCEI,2022-09-30,960 HK Equity,
HSCEI,2022-09-30,9618 HK Equity,
HSCEI,2022-09-30,9626 HK Equity,
HSCEI,2022-09-30,9633 HK Equity,
HSCEI,2022-09-30,968 HK Equity,
HSCEI,2022-09-30,981 HK Equity,
HSCEI,2022-09-30,9888 HK Equity,
HSCEI,2022-09-30,992 HK Equity,
HSCEI,2022-09-30,9988 HK Equity,
HSCEI,2022-09-30,9999 HK Equity,
HSCEI,2022-12-31,1024 HK Equity,
HSCEI,2022-12-31,1093 HK Equity,
HSCEI,2022-12-31,1109 HK Equity,
HSCEI,2022-12-31,1177 HK Equity,
HSCEI,2022-12-31,1211 HK Equity,
HSCEI,2022-12-31,1288 HK Equity,
HSCEI,2022-12-31,1398 HK Equity,
HSCEI,2022-12-31,1658 HK Equity,
HSCEI,2022-12-31,175 HK Equity,
HSCEI,2022-12-31,1810 HK Equity,
HSCEI,2022-12-31,20 HK Equity,
HSCEI,2022-12-31,2007 HK Equity,
HSCEI,2022-12-31,2015 HK Equity,
HSCEI,2022-12-31,2020 HK Equity,
HSCEI,2022-12-31,2313 HK Equity,
HSCEI,2022-12-31,2318 HK Equity,
HSCEI,2022-12-31,2319 HK Equity,
HSCEI,2022-12-31,2331 HK Equity,
HSCEI,2022-12-31,2382 HK Equity,
HSCEI,2022-12-31,2618 HK Equity,
HSCEI,2022-12-31,2628 HK Equity,
HSCEI,2022-12-31,267 HK Equity,
HSCEI,2022-12-31,2688 HK Equity,
HSCEI,2022-12-31,291 HK Equity,
HSCEI,2022-12-31,3328 HK Equity,
HSCEI,2022-12-31,3690 HK Equity,
HSCEI,2022-12-31,386 HK Equity,
HSCEI,2022-12-31,3968 HK Equity,
HSCEI,2022-12-31,3988 HK Equity,
HSCEI,2022-12-31,6098 HK Equity,
HSCEI,2022-12-31,6186 HK Equity,
HSCEI,2022-12-31,6618 HK Equity,
HSCEI,2022-12-31,6690 HK Equity,
HSCEI,2022-12-31,6862 HK Equity,
HSCEI,2022-12-31,688 HK Equity,
HSCEI,2022-12-31,700 HK Equity,
HSCEI,2022-12-31,857 HK Equity,
HSCEI,2022-12-31,881 HK Equity,
HSCEI,2022-12-31,883 HK Equity,
HSCEI,2022-12-31,939 HK Equity,
HSCEI,2022-12-31,941 HK Equity,
HSCEI,2022-12-31,960 HK Equity,
HSCEI,2022-12-31,9618 HK Equity,
HSCEI,2022-12-31,9633 HK Equity,
HSCEI,2022-12-31,9658 HK Equity,
HSCEI,2022-12-31,968 HK Equity,
HSCEI,2022-12-31,981 HK Equity,
HSCEI,2022-12-31,9888 HK Equity,
HSCEI,2022-12-31,992 HK Equity,
HSCEI,2022-12-31,9988 HK Equity,
HSCEI,2022-12-31,9999 HK Equity,
HSCEI,2023-03-31,1024 HK Equity,
HSCEI,2023-03-31,1093 HK Equity,
HSCEI,2023-03-31,1109 HK Equity,
HSCEI,2023-03-31,1177 HK Equity,
HSCEI,2023-03-31,1211 HK Equity,
HSCEI,2023-03-31,1288 HK Equity,
HSCEI,2023-03-31,1398 HK Equity,
HSCEI,2023-03-31,1658 HK Equity,
HSCEI,2023-03-31,175 HK Equity,
HSCEI,2023-03-31,1810 HK Equity,
HSCEI,2023-03-31,20 HK Equity,
HSCEI,2023-03-31,2007 HK Equity,
HSCEI,2023-03-31,2015 HK Equity,
HSCEI,2023-03-31,2020 HK Equity,
HSCEI,2023-03-31,2313 HK Equity,
HSCEI,2023-03-31,2318 HK Equity,
HSCEI,2023-03-31,2319 HK Equity,
HSCEI,2023-03-31,2331 HK Equity,
HSCEI,2023-03-31,2382 HK Equity,
HSCEI,2023-03-31,2618 HK Equity,
HSCEI,2023-03-31,2628 HK Equity,
HSCEI,2023-03-31,267 HK Equity,
HSCEI,2023-03-31,2688 HK Equity,
HSCEI,2023-03-31,291 HK Equity,
HSCEI,2023-03-31,3328 HK Equity,
HSCEI,2023-03-31,3690 HK Equity,
HSCEI,2023-03-31,386 HK Equity,
HSCEI,2023-03-31,3968 HK Equity,
HSCEI,2023-03-31,3988 HK Equity,
HSCEI,2023-03-31,6098 HK Equity,
HSCEI,2023-03-31,6618 HK Equity,
HSCEI,2023-03-31,6690 HK Equity,
HSCEI,2023-03-31,6862 HK Equity,
HSCEI,2023-03-31,688 HK Equity,
HSCEI,2023-03-31,700 HK Equity,
HSCEI,2023-03-31,857 HK Equity,
HSCEI,2023-03-31,881 HK Equity,
HSCEI,2023-03-31,883 HK Equity,
HSCEI,2023-03-31,939 HK Equity,
HSCEI,2023-03-31,941 HK Equity,
HSCEI,2023-03-31,960 HK Equity,
HSCEI,2023-03-31,9618 HK Equity,
HSCEI,2023-03-31,9633 HK Equity,
HSCEI,2023-03-31,968 HK Equity,
HSCEI,2023-03-31,981 HK Equity,
HSCEI,2023-03-31,9868 HK Equity,
HSCEI,2023-03-31,9888 HK Equity,
HSCEI,2023-03-31,992 HK Equity,
HSCEI,2023-03-31,9988 HK Equity,
HSCEI,2023-03-31,9999 HK Equity,
HSCEI,2023-06-30,1024 HK Equity,
HSCEI,2023-06-30,1088 HK Equity,
HSCEI,2023-06-30,1093 HK Equity,
HSCEI,2023-06-30,1109 HK Equity,
HSCEI,2023-06-30,1177 HK Equity,
HSCEI,2023-06-30,1211 HK Equity,
HSCEI,2023-06-30,1288 HK Equity,
HSCEI,2023-06-30,1398 HK Equity,
HSCEI,2023-06-30,1658 HK Equity,
HSCEI,2023-06-30,175 HK Equity,
HSCEI,2023-06-30,1810 HK Equity,
HSCEI,2023-06-30,20 HK Equity,
HSCEI,2023-06-30,2015 HK Equity,
HSCEI,2023-06-30,2020 HK Equity,
HSCEI,2023-06-30,2313 HK Equity,
HSCEI,2023-06-30,2318 HK Equity,
HSCEI,2023-06-30,2319 HK Equity,
HSCEI,2023-06-30,2331 HK Equity,
HSCEI,2023-06-30,2382 HK Equity,
HSCEI,2023-06-30,2618 HK Equity,
HSCEI,2023-06-30,2628 HK Equity,
HSCEI,2023-06-30,267 HK Equity,
HSCEI,2023-06-30,2688 HK Equity,
HSCEI,2023-06-30,291 HK Equity,
HSCEI,2023-06-30,3328 HK Equity,
HSCEI,2023-06-30,3690 HK Equity,
HSCEI,2023-06-30,386 HK Equity,
HSCEI,2023-06-30,3968 HK Equity,
HSCEI,2023-06-30,3988 HK Equity,
HSCEI,2023-06-30,6098 HK Equity,
HSCEI,2023-06-30,6618 HK Equity,
HSCEI,2023-06-30,6690 HK Equity,
HSCEI,2023-06-30,6862 HK Equity,
HSCEI,2023-06-30,688 HK Equity,
HSCEI,2023-06-30,700 HK Equity,
HSCEI,2023-06-30,857 HK Equity,
HSCEI,2023-06-30,881 HK Equity,
HSCEI,2023-06-30,883 HK Equity,
HSCEI,2023-06-30,939 HK Equity,
HSCEI,2023-06-30,941 HK Equity,
HSCEI,2023-06-30,960 HK Equity,
HSCEI,2023-06-30,9618 HK Equity,
HSCEI,2023-06-30,9633 HK Equity,
HSCEI,2023-06-30,968 HK Equity,
HSCEI,2023-06-30,981 HK Equity,
HSCEI,2023-06-30,9868 HK Equity,
HSCEI,2023-06-30,9888 HK Equity,
HSCEI,2023-06-30,992 HK Equity,
HSCEI,2023-06-30,9988 HK Equity,
HSCEI,2023-06-30,9999 HK Equity,
HSCEI,2023-09-30,1024 HK Equity,
HSCEI,2023-09-30,1088 HK Equity,
HSCEI,2023-09-30,1093 HK Equity,
HSCEI,2023-09-30,1109 HK Equity,
HSCEI,2023-09-30,1177 HK Equity,
HSCEI,2023-09-30,1211 HK Equity,
HSCEI,2023-09-30,1288 HK Equity,
HSCEI,2023-09-30,1398 HK Equity,
HSCEI,2023-09-30,1658 HK Equity,
HSCEI,2023-09-30,175 HK Equity,
HSCEI,2023-09-30,1810 HK Equity,
HSCEI,2023-09-30,20 HK Equity,
HSCEI,2023-09-30,2015 HK Equity,
HSCEI,2023-09-30,2020 HK Equity,
HSCEI,2023-09-30,2313 HK Equity,
HSCEI,2023-09-30,2318 HK Equity,
HSCEI,2023-09-30,2319 HK Equity,
HSCEI,2023-09-30,2331 HK Equity,
HSCEI,2023-09-30,2382 HK Equity,
HSCEI,2023-09-30,2618 HK Equity,
HSCEI,2023-09-30,2628 HK Equity,
HSCEI,2023-09-30,267 HK Equity,
HSCEI,2023-09-30,2688 HK Equity,
HSCEI,2023-09-30,291 HK Equity,
HSCEI,2023-09-30,3328 HK Equity,
HSCEI,2023-09-30,3690 HK Equity,
HSCEI,2023-09-30,386 HK Equity,
HSCEI,2023-09-30,3968 HK Equity,
HSCEI,2023-09-30,3988 HK Equity,
HSCEI,2023-09-30,6618 HK Equity,
HSCEI,2023-09-30,6690 HK Equity,
HSCEI,2023-09-30,6862 HK Equity,
HSCEI,2023-09-30,688 HK Equity,
HSCEI,2023-09-30,700 HK Equity,
HSCEI,2023-09-30,857 HK Equity,
HSCEI,2023-09-30,881 HK Equity,
HSCEI,2023-09-30,883 HK Equity,
HSCEI,2023-09-30,939 HK Equity,
HSCEI,2023-09-30,941 HK Equity,
HSCEI,2023-09-30,960 HK Equity,
HSCEI,2023-09-30,9618 HK Equity,
HSCEI,2023-09-30,9633 HK Equity,
HSCEI,2023-09-30,968 HK Equity,
HSCEI,2023-09-30,981 HK Equity,
HSCEI,2023-09-30,9868 HK Equity,
HSCEI,2023-09-30,9888 HK Equity,
HSCEI,2023-09-30,992 HK Equity,
HSCEI,2023-09-30,9961 HK Equity,
HSCEI,2023-09-30,9988 HK Equity,
HSCEI,2023-09-30,9999 HK Equity,
HSCEI,2023-12-31,1024 HK Equity,
HSCEI,2023-12-31,1088 HK Equity,
HSCEI,2023-12-31,1093 HK Equity,
HSCEI,2023-12-31,1109 HK Equity,
HSCEI,2023-12-31,1177 HK Equity,
HSCEI,2023-12-31,1211 HK Equity,
HSCEI,2023-12-31,1288 HK Equity,
HSCEI,2023-12-31,1398 HK Equity,
HSCEI,2023-12-31,1658 HK Equity,
HSCEI,2023-12-31,175 HK Equity,
HSCEI,2023-12-31,1810 HK Equity,
HSCEI,2023-12-31,20 HK Equity,
HSCEI,2023-12-31,2015 HK Equity,
HSCEI,2023-12-31,2020 HK Equity,
HSCEI,2023-12-31,2313 HK Equity,
HSCEI,2023-12-31,2318 HK Equity,
HSCEI,2023-12-31,2319 HK Equity,
HSCEI,2023-12-31,2331 HK Equity,
HSCEI,2023-12-31,2382 HK Equity,
HSCEI,2023-12-31,2618 HK Equity,
HSCEI,2023-12-31,2628 HK Equity,
HSCEI,2023-12-31,267 HK Equity,
HSCEI,2023-12-31,2688 HK Equity,
HSCEI,2023-12-31,291 HK Equity,
HSCEI,2023-12-31,3328 HK Equity,
HSCEI,2023-12-31,3690 HK Equity,
HSCEI,2023-12-31,386 HK Equity,
HSCEI,2023-12-31,3968 HK Equity,
HSCEI,2023-12-31,3988 HK Equity,
HSCEI,2023-12-31,6618 HK Equity,
HSCEI,2023-12-31,6690 HK Equity,
HSCEI,2023-12-31,6862 HK Equity,
HSCEI,2023-12-31,688 HK Equity,
HSCEI,2023-12-31,700 HK Equity,
HSCEI,2023-12-31,857 HK Equity,
HSCEI,2023-12-31,881 HK Equity,
HSCEI,2023-12-31,883 HK Equity,
HSCEI,2023-12-31,939 HK Equity,
HSCEI,2023-12-31,941 HK Equity,
HSCEI,2023-12-31,960 HK Equity,
HSCEI,2023-12-31,9618 HK Equity,
HSCEI,2023-12-31,9633 HK Equity,
HSCEI,2023-12-31,968 HK Equity,
HSCEI,2023-12-31,981 HK Equity,
HSCEI,2023-12-31,9868 HK Equity,
HSCEI,2023-12-31,9888 HK Equity,
HSCEI,2023-12-31,992 HK Equity,
HSCEI,2023-12-31,9961 HK Equity,
HSCEI,2023-12-31,9988 HK Equity,
HSCEI,2023-12-31,9999 HK Equity,
HSCEI,2024-03-31,1024 HK Equity,
HSCEI,2024-03-31,1088 HK Equity,
HSCEI,2024-03-31,1093 HK Equity,
HSCEI,2024-03-31,1109 HK Equity,
HSCEI,2024-03-31,1177 HK Equity,
HSCEI,2024-03-31,1211 HK Equity,
HSCEI,2024-03-31,1288 HK Equity,
HSCEI,2024-03-31,1398 HK Equity,
HSCEI,2024-03-31,1658 HK Equity,
HSCEI,2024-03-31,175 HK Equity,
HSCEI,2024-03-31,1810 HK Equity,
HSCEI,2024-03-31,20 HK Equity,
HSCEI,2024-03-31,2015 HK Equity,
HSCEI,2024-03-31,2020 HK Equity,
HSCEI,2024-03-31,2313 HK Equity,
HSCEI,2024-03-31,2318 HK Equity,
HSCEI,2024-03-31,2319 HK Equity,
HSCEI,2024-03-31,2331 HK Equity,
HSCEI,2024-03-31,2382 HK Equity,
HSCEI,2024-03-31,2618 HK Equity,
HSCEI,2024-03-31,2628 HK Equity,
HSCEI,2024-03-31,267 HK Equity,
HSCEI,2024-03-31,2688 HK Equity,
HSCEI,2024-03-31,291 HK Equity,
HSCEI,2024-03-31,3328 HK Equity,
HSCEI,2024-03-31,3690 HK Equity,
HSCEI,2024-03-31,386 HK Equity,
HSCEI,2024-03-31,3968 HK Equity,
HSCEI,2024-03-31,3988 HK Equity,
HSCEI,2024-03-31,6618 HK Equity,
HSCEI,2024-03-31,6690 HK Equity,
HSCEI,2024-03-31,6862 HK Equity,
HSCEI,2024-03-31,688 HK Equity,
HSCEI,2024-03-31,700 HK Equity,
HSCEI,2024-03-31,762 HK Equity,
HSCEI,2024-03-31,857 HK Equity,
HSCEI,2024-03-31,883 HK Equity,
HSCEI,2024-03-31,939 HK Equity,
HSCEI,2024-03-31,941 HK Equity,
HSCEI,2024-03-31,960 HK Equity,
HSCEI,2024-03-31,9618 HK Equity,
HSCEI,2024-03-31,9633 HK Equity,
HSCEI,2024-03-31,968 HK Equity,
HSCEI,2024-03-31,981 HK Equity,
HSCEI,2024-03-31,9868 HK Equity,
HSCEI,2024-03-31,9888 HK Equity,
HSCEI,2024-03-31,992 HK Equity,
HSCEI,2024-03-31,9961 HK Equity,
HSCEI,2024-03-31,9988 HK Equity,
HSCEI,2024-03-31,9999 HK Equity,
HSCEI,2024-06-30,1024 HK Equity,
HSCEI,2024-06-30,1088 HK Equity,
HSCEI,2024-06-30,1093 HK Equity,
HSCEI,2024-06-30,1109 HK Equity,
HSCEI,2024-06-30,1177 HK Equity,
HSCEI,2024-06-30,1211 HK Equity,
HSCEI,2024-06-30,1288 HK Equity,
HSCEI,2024-06-30,1398 HK Equity,
HSCEI,2024-06-30,1658 HK Equity,
HSCEI,2024-06-30,175 HK Equity,
HSCEI,2024-06-30,1810 HK Equity,
HSCEI,2024-06-30,20 HK Equity,
HSCEI,2024-06-30,2015 HK Equity,
HSCEI,2024-06-30,2020 HK Equity,
HSCEI,2024-06-30,2313 HK Equity,
HSCEI,2024-06-30,2318 HK Equity,
HSCEI,2024-06-30,2319 HK Equity,
HSCEI,2024-06-30,2331 HK Equity,
HSCEI,2024-06-30,2382 HK Equity,
HSCEI,2024-06-30,2618 HK Equity,
HSCEI,2024-06-30,2628 HK Equity,
HSCEI,2024-06-30,267 HK Equity,
HSCEI,2024-06-30,2688 HK Equity,
HSCEI,2024-06-30,2899 HK Equity,
HSCEI,2024-06-30,291 HK Equity,
HSCEI,2024-06-30,3328 HK Equity,
HSCEI,2024-06-30,3690 HK Equity,
HSCEI,2024-06-30,386 HK Equity,
HSCEI,2024-06-30,3968 HK Equity,
HSCEI,2024-06-30,3988 HK Equity,
HSCEI,2024-06-30,6618 HK Equity,
HSCEI,2024-06-30,6690 HK Equity,
HSCEI,2024-06-30,6862 HK Equity,
HSCEI,2024-06-30,688 HK Equity,
HSCEI,2024-06-30,700 HK Equity,
HSCEI,2024-06-30,762 HK Equity,
HSCEI,2024-06-30,857 HK Equity,
HSCEI,2024-06-30,883 HK Equity,
HSCEI,2024-06-30,939 HK Equity,
HSCEI,2024-06-30,941 HK Equity,
HSCEI,2024-06-30,960 HK Equity,
HSCEI,2024-06-30,9618 HK Equity,
HSCEI,2024-06-30,9633 HK Equity,
HSCEI,2024-06-30,981 HK Equity,
HSCEI,2024-06-30,9868 HK Equity,
HSCEI,2024-06-30,9888 HK Equity,
HSCEI,2024-06-30,992 HK Equity,
HSCEI,2024-06-30,9961 HK Equity,
HSCEI,2024-06-30,9988 HK Equity,
HSCEI,2024-06-30,9999 HK Equity,
HSCEI,2024-09-30,1024 HK Equity,
HSCEI,2024-09-30,1088 HK Equity,
HSCEI,2024-09-30,1093 HK Equity,
HSCEI,2024-09-30,1109 HK Equity,
HSCEI,2024-09-30,1177 HK Equity,
HSCEI,2024-09-30,1211 HK Equity,
HSCEI,2024-09-30,1288 HK Equity,
HSCEI,2024-09-30,1398 HK Equity,
HSCEI,2024-09-30,1519 HK Equity,
HSCEI,2024-09-30,1658 HK Equity,
HSCEI,2024-09-30,175 HK Equity,
HSCEI,2024-09-30,1810 HK Equity,
HSCEI,2024-09-30,2015 HK Equity,
HSCEI,2024-09-30,2020 HK Equity,
HSCEI,2024-09-30,2313 HK Equity,
HSCEI,2024-09-30,2318 HK Equity,
HSCEI,2024-09-30,2319 HK Equity,
HSCEI,2024-09-30,2331 HK Equity,
HSCEI,2024-09-30,2382 HK Equity,
HSCEI,2024-09-30,2628 HK Equity,
HSCEI,2024-09-30,267 HK Equity,
HSCEI,2024-09-30,2688 HK Equity,
HSCEI,2024-09-30,2899 HK Equity,
HSCEI,2024-09-30,291 HK Equity,
HSCEI,2024-09-30,3328 HK Equity,
HSCEI,2024-09-30,3690 HK Equity,
HSCEI,2024-09-30,386 HK Equity,
HSCEI,2024-09-30,3968 HK Equity,
HSCEI,2024-09-30,3988 HK Equity,
HSCEI,2024-09-30,6618 HK Equity,
HSCEI,2024-09-30,6690 HK Equity,
HSCEI,2024-09-30,6862 HK Equity,
HSCEI,2024-09-30,688 HK Equity,
HSCEI,2024-09-30,700 HK Equity,
HSCEI,2024-09-30,762 HK Equity,
HSCEI,2024-09-30,857 HK Equity,
HSCEI,2024-09-30,883 HK Equity,
HSCEI,2024-09-30,939 HK Equity,
HSCEI,2024-09-30,941 HK Equity,
HSCEI,2024-09-30,960 HK Equity,
HSCEI,2024-09-30,9618 HK Equity,
HSCEI,2024-09-30,9633 HK Equity,
HSCEI,2024-09-30,981 HK Equity,
HSCEI,2024-09-30,9868 HK Equity,
HSCEI,2024-09-30,9888 HK Equity,
HSCEI,2024-09-30,9901 HK Equity,
HSCEI,2024-09-30,992 HK Equity,
HSCEI,2024-09-30,9961 HK Equity,
HSCEI,2024-09-30,9988 HK Equity,
HSCEI,2024-09-30,9999 HK Equity,
HSCEI,2024-12-31,1024 HK Equity,
HSCEI,2024-12-31,1088 HK Equity,
HSCEI,2024-12-31,1093 HK Equity,
HSCEI,2024-12-31,1109 HK Equity,
HSCEI,2024-12-31,1177 HK Equity,
HSCEI,2024-12-31,1211 HK Equity,
HSCEI,2024-12-31,1288 HK Equity,
HSCEI,2024-12-31,1398 HK Equity,
HSCEI,2024-12-31,1519 HK Equity,
HSCEI,2024-12-31,1658 HK Equity,
HSCEI,2024-12-31,175 HK Equity,
HSCEI,2024-12-31,1810 HK Equity,
HSCEI,2024-12-31,2015 HK Equity,
HSCEI,2024-12-31,2020 HK Equity,
HSCEI,2024-12-31,2313 HK Equity,
HSCEI,2024-12-31,2318 HK Equity,
HSCEI,2024-12-31,2319 HK Equity,
HSCEI,2024-12-31,2328 HK Equity,
HSCEI,2024-12-31,2331 HK Equity,
HSCEI,2024-12-31,2382 HK Equity,
HSCEI,2024-12-31,2628 HK Equity,
HSCEI,2024-12-31,267 HK Equity,
HSCEI,2024-12-31,2688 HK Equity,
HSCEI,2024-12-31,2899 HK Equity,
HSCEI,2024-12-31,291 HK Equity,
HSCEI,2024-12-31,3328 HK Equity,
HSCEI,2024-12-31,3690 HK Equity,
HSCEI,2024-12-31,386 HK Equity,
HSCEI,2024-12-31,3968 HK Equity,
HSCEI,2024-12-31,3988 HK Equity,
HSCEI,2024-12-31,6618 HK Equity,
HSCEI,2024-12-31,6690 HK Equity,
HSCEI,2024-12-31,6862 HK Equity,
HSCEI,2024-12-31,688 HK Equity,
HSCEI,2024-12-31,700 HK Equity,
HSCEI,2024-12-31,762 HK Equity,
HSCEI,2024-12-31,857 HK Equity,
HSCEI,2024-12-31,883 HK Equity,
HSCEI,2024-12-31,939 HK Equity,
HSCEI,2024-12-31,941 HK Equity,
HSCEI,2024-12-31,9618 HK Equity,
HSCEI,2024-12-31,9633 HK Equity,
HSCEI,2024-12-31,981 HK Equity,
HSCEI,2024-12-31,9868 HK Equity,
HSCEI,2024-12-31,9888 HK Equity,
HSCEI,2024-12-31,9901 HK Equity,
HSCEI,2024-12-31,992 HK Equity,
HSCEI,2024-12-31,9961 HK Equity,
HSCEI,2024-12-31,9988 HK Equity,
HSCEI,2024-12-31,9999 HK Equity,
HSCEI,2025-03-31,1024 HK Equity,
HSCEI,2025-03-31,1088 HK Equity,
HSCEI,2025-03-31,1093 HK Equity,
HSCEI,2025-03-31,1109 HK Equity,
HSCEI,2025-03-31,1211 HK Equity,
HSCEI,2025-03-31,1288 HK Equity,
HSCEI,2025-03-31,1398 HK Equity,
HSCEI,2025-03-31,1519 HK Equity,
HSCEI,2025-03-31,1658 HK Equity,
HSCEI,2025-03-31,175 HK Equity,
HSCEI,2025-03-31,1810 HK Equity,
HSCEI,2025-03-31,2015 HK Equity,
HSCEI,2025-03-31,2020 HK Equity,
HSCEI,2025-03-31,2057 HK Equity,
HSCEI,2025-03-31,2313 HK Equity,
HSCEI,2025-03-31,2318 HK Equity,
HSCEI,2025-03-31,2319 HK Equity,
HSCEI,2025-03-31,2328 HK Equity,
HSCEI,2025-03-31,2382 HK Equity,
HSCEI,2025-03-31,2628 HK Equity,
HSCEI,2025-03-31,267 HK Equity,
HSCEI,2025-03-31,2688 HK Equity,
HSCEI,2025-03-31,2899 HK Equity,
HSCEI,2025-03-31,291 HK Equity,
HSCEI,2025-03-31,3328 HK Equity,
HSCEI,2025-03-31,3690 HK Equity,
HSCEI,2025-03-31,386 HK Equity,
HSCEI,2025-03-31,3968 HK Equity,
HSCEI,2025-03-31,3988 HK Equity,
HSCEI,2025-03-31,6160 HK Equity,
HSCEI,2025-03-31,6618 HK Equity,
HSCEI,2025-03-31,6690 HK Equity,
HSCEI,2025-03-31,6862 HK Equity,
HSCEI,2025-03-31,688 HK Equity,
HSCEI,2025-03-31,700 HK Equity,
HSCEI,2025-03-31,762 HK Equity,
HSCEI,2025-03-31,857 HK Equity,
HSCEI,2025-03-31,883 HK Equity,
HSCEI,2025-03-31,939 HK Equity,
HSCEI,2025-03-31,941 HK Equity,
HSCEI,2025-03-31,9618 HK Equity,
HSCEI,2025-03-31,9633 HK Equity,
HSCEI,2025-03-31,981 HK Equity,
HSCEI,2025-03-31,9868 HK Equity,
HSCEI,2025-03-31,9888 HK Equity,
HSCEI,2025-03-31,9901 HK Equity,
HSCEI,2025-03-31,992 HK Equity,
HSCEI,2025-03-31,9961 HK Equity,
HSCEI,2025-03-31,9988 HK Equity,
HSCEI,2025-03-31,9999 HK Equity,
HSCEI,2025-06-30,1024 HK Equity,
HSCEI,2025-06-30,1088 HK Equity,
HSCEI,2025-06-30,1093 HK Equity,
HSCEI,2025-06-30,1109 HK Equity,
HSCEI,2025-06-30,1211 HK Equity,
HSCEI,2025-06-30,1288 HK Equity,
HSCEI,2025-06-30,1398 HK Equity,
HSCEI,2025-06-30,1519 HK Equity,
HSCEI,2025-06-30,1658 HK Equity,
HSCEI,2025-06-30,175 HK Equity,
HSCEI,2025-06-30,1810 HK Equity,
HSCEI,2025-06-30,2015 HK Equity,
HSCEI,2025-06-30,2020 HK Equity,
HSCEI,2025-06-30,2057 HK Equity,
HSCEI,2025-06-30,2313 HK Equity,
HSCEI,2025-06-30,2318 HK Equity,
HSCEI,2025-06-30,2319 HK Equity,
HSCEI,2025-06-30,2328 HK Equity,
HSCEI,2025-06-30,2382 HK Equity,
HSCEI,2025-06-30,2628 HK Equity,
HSCEI,2025-06-30,267 HK Equity,
HSCEI,2025-06-30,2688 HK Equity,
HSCEI,2025-06-30,2899 HK Equity,
HSCEI,2025-06-30,291 HK Equity,
HSCEI,2025-06-30,3328 HK Equity,
HSCEI,2025-06-30,3690 HK Equity,
HSCEI,2025-06-30,386 HK Equity,
HSCEI,2025-06-30,3968 HK Equity,
HSCEI,2025-06-30,3988 HK Equity,
HSCEI,2025-06-30,6160 HK Equity,
HSCEI,2025-06-30,6618 HK Equity,
HSCEI,2025-06-30,6690 HK Equity,
HSCEI,2025-06-30,6862 HK Equity,
HSCEI,2025-06-30,688 HK Equity,
HSCEI,2025-06-30,700 HK Equity,
HSCEI,2025-06-30,762 HK Equity,
HSCEI,2025-06-30,857 HK Equity,
HSCEI,2025-06-30,883 HK Equity,
HSCEI,2025-06-30,939 HK Equity,
HSCEI,2025-06-30,941 HK Equity,
HSCEI,2025-06-30,9618 HK Equity,
HSCEI,2025-06-30,9633 HK Equity,
HSCEI,2025-06-30,981 HK Equity,
HSCEI,2025-06-30,9868 HK Equity,
HSCEI,2025-06-30,9888 HK Equity,
HSCEI,2025-06-30,9901 HK Equity,
HSCEI,2025-06-30,992 HK Equity,
HSCEI,2025-06-30,9961 HK Equity,
HSCEI,2025-06-30,9988 HK Equity,
HSCEI,2025-06-30,9999 HK Equity,
HSCEI,2025-09-30,1024 HK Equity,
HSCEI,2025-09-30,1088 HK Equity,
HSCEI,2025-09-30,1093 HK Equity,
HSCEI,2025-09-30,1109 HK Equity,
HSCEI,2025-09-30,1211 HK Equity,
HSCEI,2025-09-30,1288 HK Equity,
HSCEI,2025-09-30,1398 HK Equity,
HSCEI,2025-09-30,1658 HK Equity,
HSCEI,2025-09-30,175 HK Equity,
HSCEI,2025-09-30,1810 HK Equity,
HSCEI,2025-09-30,2015 HK Equity,
HSCEI,2025-09-30,2020 HK Equity,
HSCEI,2025-09-30,2057 HK Equity,
HSCEI,2025-09-30,2313 HK Equity,
HSCEI,2025-09-30,2318 HK Equity,
HSCEI,2025-09-30,2319 HK Equity,
HSCEI,2025-09-30,2328 HK Equity,
HSCEI,2025-09-30,2382 HK Equity,
HSCEI,2025-09-30,2628 HK Equity,
HSCEI,2025-09-30,267 HK Equity,
HSCEI,2025-09-30,2688 HK Equity,
HSCEI,2025-09-30,2899 HK Equity,
HSCEI,2025-09-30,291 HK Equity,
HSCEI,2025-09-30,3328 HK Equity,
HSCEI,2025-09-30,3690 HK Equity,
HSCEI,2025-09-30,386 HK Equity,
HSCEI,2025-09-30,3968 HK Equity,
HSCEI,2025-09-30,3988 HK Equity,
HSCEI,2025-09-30,6160 HK Equity,
HSCEI,2025-09-30,6618 HK Equity,
HSCEI,2025-09-30,6690 HK Equity,
HSCEI,2025-09-30,6862 HK Equity,
HSCEI,2025-09-30,688 HK Equity,
HSCEI,2025-09-30,700 HK Equity,
HSCEI,2025-09-30,762 HK Equity,
HSCEI,2025-09-30,857 HK Equity,
HSCEI,2025-09-30,883 HK Equity,
HSCEI,2025-09-30,939 HK Equity,
HSCEI,2025-09-30,941 HK Equity,
HSCEI,2025-09-30,9618 HK Equity,
HSCEI,2025-09-30,9633 HK Equity,
HSCEI,2025-09-30,981 HK Equity,
HSCEI,2025-09-30,9868 HK Equity,
HSCEI,2025-09-30,9888 HK Equity,
HSCEI,2025-09-30,9901 HK Equity,
HSCEI,2025-09-30,992 HK Equity,
HSCEI,2025-09-30,9961 HK Equity,
HSCEI,2025-09-30,9988 HK Equity,
HSCEI,2025-09-30,9992 HK Equity,
HSCEI,2025-09-30,9999 HK Equity,
HSCEI,2025-12-31,1024 HK Equity,
HSCEI,2025-12-31,1088 HK Equity,
HSCEI,2025-12-31,1093 HK Equity,
HSCEI,2025-12-31,1109 HK Equity,
HSCEI,2025-12-31,1211 HK Equity,
HSCEI,2025-12-31,1288 HK Equity,
HSCEI,2025-12-31,1378 HK Equity,
HSCEI,2025-12-31,1398 HK Equity,
HSCEI,2025-12-31,1658 HK Equity,
HSCEI,2025-12-31,175 HK Equity,
HSCEI,2025-12-31,1801 HK Equity,
HSCEI,2025-12-31,1810 HK Equity,
HSCEI,2025-12-31,2015 HK Equity,
HSCEI,2025-12-31,2020 HK Equity,
HSCEI,2025-12-31,2057 HK Equity,
HSCEI,2025-12-31,2313 HK Equity,
HSCEI,2025-12-31,2318 HK Equity,
HSCEI,2025-12-31,2319 HK Equity,
HSCEI,2025-12-31,2328 HK Equity,
HSCEI,2025-12-31,2382 HK Equity,
HSCEI,2025-12-31,2628 HK Equity,
HSCEI,2025-12-31,267 HK Equity,
HSCEI,2025-12-31,2899 HK Equity,
HSCEI,2025-12-31,291 HK Equity,
HSCEI,2025-12-31,3328 HK Equity,
HSCEI,2025-12-31,3690 HK Equity,
HSCEI,2025-12-31,386 HK Equity,
HSCEI,2025-12-31,3968 HK Equity,
HSCEI,2025-12-31,3988 HK Equity,
HSCEI,2025-12-31,6160 HK Equity,
HSCEI,2025-12-31,6618 HK Equity,
HSCEI,2025-12-31,6690 HK Equity,
HSCEI,2025-12-31,688 HK Equity,
HSCEI,2025-12-31,700 HK Equity,
HSCEI,2025-12-31,762 HK Equity,
HSCEI,2025-12-31,857 HK Equity,
HSCEI,2025-12-31,883 HK Equity,
HSCEI,2025-12-31,939 HK Equity,
HSCEI,2025-12-31,941 HK Equity,
HSCEI,2025-12-31,9618 HK Equity,
HSCEI,2025-12-31,9633 HK Equity,
HSCEI,2025-12-31,981 HK Equity,
HSCEI,2025-12-31,9868 HK Equity,
HSCEI,2025-12-31,9888 HK Equity,
HSCEI,2025-12-31,992 HK Equity,
HSCEI,2025-12-31,9961 HK Equity,
HSCEI,2025-12-31,9987 HK Equity,
HSCEI,2025-12-31,9988 HK Equity,
HSCEI,2025-12-31,9992 HK Equity,
HSCEI,2025-12-31,9999 HK Equity,
HSCEI,2026-03-31,1024 HK Equity,
HSCEI,2026-03-31,1088 HK Equity,
HSCEI,2026-03-31,1093 HK Equity,
HSCEI,2026-03-31,1109 HK Equity,
HSCEI,2026-03-31,1211 HK Equity,
HSCEI,2026-03-31,1288 HK Equity,
HSCEI,2026-03-31,1378 HK Equity,
HSCEI,2026-03-31,1398 HK Equity,
HSCEI,2026-03-31,1658 HK Equity,
HSCEI,2026-03-31,175 HK Equity,
HSCEI,2026-03-31,1801 HK Equity,
HSCEI,2026-03-31,1810 HK Equity,
HSCEI,2026-03-31,2015 HK Equity,
HSCEI,2026-03-31,2020 HK Equity,
HSCEI,2026-03-31,2057 HK Equity,
HSCEI,2026-03-31,2313 HK Equity,
HSCEI,2026-03-31,2318 HK Equity,
HSCEI,2026-03-31,2328 HK Equity,
HSCEI,2026-03-31,2382 HK Equity,
HSCEI,2026-03-31,2423 HK Equity,
HSCEI,2026-03-31,2628 HK Equity,
HSCEI,2026-03-31,267 HK Equity,
HSCEI,2026-03-31,2899 HK Equity,
HSCEI,2026-03-31,3328 HK Equity,
HSCEI,2026-03-31,3690 HK Equity,
HSCEI,2026-03-31,386 HK Equity,
HSCEI,2026-03-31,3968 HK Equity,
HSCEI,2026-03-31,3988 HK Equity,
HSCEI,2026-03-31,6160 HK Equity,
HSCEI,2026-03-31,6618 HK Equity,
HSCEI,2026-03-31,6690 HK Equity,
HSCEI,2026-03-31,688 HK Equity,
HSCEI,2026-03-31,700 HK Equity,
HSCEI,2026-03-31,762 HK Equity,
HSCEI,2026-03-31,857 HK Equity,
HSCEI,2026-03-31,883 HK Equity,
HSCEI,2026-03-31,939 HK Equity,
HSCEI,2026-03-31,941 HK Equity,
HSCEI,2026-03-31,9618 HK Equity,
HSCEI,2026-03-31,9633 HK Equity,
HSCEI,2026-03-31,9660 HK Equity,
HSCEI,2026-03-31,981 HK Equity,
HSCEI,2026-03-31,9868 HK Equity,
HSCEI,2026-03-31,9888 HK Equity,
HSCEI,2026-03-31,992 HK Equity,
HSCEI,2026-03-31,9961 HK Equity,
HSCEI,2026-03-31,9987 HK Equity,
HSCEI,2026-03-31,9988 HK Equity,
HSCEI,2026-03-31,9992 HK Equity,
HSCEI,2026-03-31,9999 HK Equity,
HSCEI,2026-06-30,1024 HK Equity,
HSCEI,2026-06-30,1088 HK Equity,
HSCEI,2026-06-30,1093 HK Equity,
HSCEI,2026-06-30,1109 HK Equity,
HSCEI,2026-06-30,1211 HK Equity,
HSCEI,2026-06-30,1288 HK Equity,
HSCEI,2026-06-30,1378 HK Equity,
HSCEI,2026-06-30,1398 HK Equity,
HSCEI,2026-06-30,1658 HK Equity,
HSCEI,2026-06-30,175 HK Equity,
HSCEI,2026-06-30,1801 HK Equity,
HSCEI,2026-06-30,1810 HK Equity,
HSCEI,2026-06-30,2015 HK Equity,
HSCEI,2026-06-30,2020 HK Equity,
HSCEI,2026-06-30,2057 HK Equity,
HSCEI,2026-06-30,2313 HK Equity,
HSCEI,2026-06-30,2318 HK Equity,
HSCEI,2026-06-30,2328 HK Equity,
HSCEI,2026-06-30,2423 HK Equity,
HSCEI,2026-06-30,2628 HK Equity,
HSCEI,2026-06-30,267 HK Equity,
HSCEI,2026-06-30,2899 HK Equity,
HSCEI,2026-06-30,3328 HK Equity,
HSCEI,2026-06-30,3690 HK Equity,
HSCEI,2026-06-30,3692 HK Equity,
HSCEI,2026-06-30,386 HK Equity,
HSCEI,2026-06-30,3968 HK Equity,
HSCEI,2026-06-30,3988 HK Equity,
HSCEI,2026-06-30,6160 HK Equity,
HSCEI,2026-06-30,6618 HK Equity,
HSCEI,2026-06-30,688 HK Equity,
HSCEI,2026-06-30,700 HK Equity,
HSCEI,2026-06-30,762 HK Equity,
HSCEI,2026-06-30,857 HK Equity,
HSCEI,2026-06-30,883 HK Equity,
HSCEI,2026-06-30,939 HK Equity,
HSCEI,2026-06-30,941 HK Equity,
HSCEI,2026-06-30,9618 HK Equity,
HSCEI,2026-06-30,9633 HK Equity,
HSCEI,2026-06-30,9660 HK Equity,
HSCEI,2026-06-30,981 HK Equity,
HSCEI,2026-06-30,9868 HK Equity,
HSCEI,2026-06-30,9888 HK Equity,
HSCEI,2026-06-30,992 HK Equity,
HSCEI,2026-06-30,9926 HK Equity,
HSCEI,2026-06-30,9961 HK Equity,
HSCEI,2026-06-30,9987 HK Equity,
HSCEI,2026-06-30,9988 HK Equity,
HSCEI,2026-06-30,9992 HK Equity,
HSCEI,2026-06-30,9999 HK Equity,
HSCEI,2026-09-30,1024 HK Equity,
HSCEI,2026-09-30,1088 HK Equity,
HSCEI,2026-09-30,1093 HK Equity,
HSCEI,2026-09-30,1109 HK Equity,
HSCEI,2026-09-30,1211 HK Equity,
HSCEI,2026-09-30,1288 HK Equity,
HSCEI,2026-09-30,1378 HK Equity,
HSCEI,2026-09-30,1398 HK Equity,
HSCEI,2026-09-30,1658 HK Equity,
HSCEI,2026-09-30,175 HK Equity,
HSCEI,2026-09-30,1801 HK Equity,
HSCEI,2026-09-30,1810 HK Equity,
HSCEI,2026-09-30,2015 HK Equity,
HSCEI,2026-09-30,2020 HK Equity,
HSCEI,2026-09-30,2057 HK Equity,
HSCEI,2026-09-30,2313 HK Equity,
HSCEI,2026-09-30,2318 HK Equity,
HSCEI,2026-09-30,2328 HK Equity,
HSCEI,2026-09-30,2423 HK Equity,
HSCEI,2026-09-30,2628 HK Equity,
HSCEI,2026-09-30,267 HK Equity,
HSCEI,2026-09-30,2899 HK Equity,
HSCEI,2026-09-30,3328 HK Equity,
HSCEI,2026-09-30,3690 HK Equity,
HSCEI,2026-09-30,3692 HK Equity,
HSCEI,2026-09-30,386 HK Equity,
HSCEI,2026-09-30,3968 HK Equity,
HSCEI,2026-09-30,3988 HK Equity,
HSCEI,2026-09-30,6160 HK Equity,
HSCEI,2026-09-30,6618 HK Equity,
HSCEI,2026-09-30,688 HK Equity,
HSCEI,2026-09-30,700 HK Equity,
HSCEI,2026-09-30,762 HK Equity,
HSCEI,2026-09-30,857 HK Equity,
HSCEI,2026-09-30,883 HK Equity,
HSCEI,2026-09-30,939 HK Equity,
HSCEI,2026-09-30,941 HK Equity,
HSCEI,2026-09-30,9618 HK Equity,
HSCEI,2026-09-30,9633 HK Equity,
HSCEI,2026-09-30,9660 HK Equity,
HSCEI,2026-09-30,981 HK Equity,
HSCEI,2026-09-30,9868 HK Equity,
HSCEI,2026-09-30,9888 HK Equity,
HSCEI,2026-09-30,992 HK Equity,
HSCEI,2026-09-30,9926 HK Equity,
HSCEI,2026-09-30,9961 HK Equity,
HSCEI,2026-09-30,9987 HK Equity,
HSCEI,2026-09-30,9988 HK Equity,
HSCEI,2026-09-30,9992 HK Equity,
HSCEI,2026-09-30,9999 HK Equity,
HSTECH,2016-03-31,#N/A Field Not Applicable Equity,
HSTECH,2016-06-30,#N/A Field Not Applicable Equity,
HSTECH,2016-09-30,#N/A Field Not Applicable Equity,
HSTECH,2016-12-31,#N/A Field Not Applicable Equity,
HSTECH,2017-03-31,#N/A Field Not Applicable Equity,
HSTECH,2017-06-30,#N/A Field Not Applicable Equity,
HSTECH,2017-09-30,#N/A Field Not Applicable Equity,
HSTECH,2017-12-31,#N/A Field Not Applicable Equity,
HSTECH,2018-03-31,#N/A Field Not Applicable Equity,
HSTECH,2018-06-30,#N/A Field Not Applicable Equity,
HSTECH,2018-09-30,#N/A Field Not Applicable Equity,
HSTECH,2018-12-31,#N/A Field Not Applicable Equity,
HSTECH,2019-03-31,#N/A Field Not Applicable Equity,
HSTECH,2019-06-30,#N/A Field Not Applicable Equity,
HSTECH,2019-09-30,#N/A Field Not Applicable Equity,
HSTECH,2019-12-31,#N/A Field Not Applicable Equity,
HSTECH,2020-03-31,#N/A Field Not Applicable Equity,
HSTECH,2020-06-30,#N/A Field Not Applicable Equity,
HSTECH,2020-09-30,1347 HK Equity,
HSTECH,2020-09-30,136 HK Equity,
HSTECH,2020-09-30,1478 HK Equity,
HSTECH,2020-09-30,1797 HK Equity,
HSTECH,2020-09-30,1810 HK Equity,
HSTECH,2020-09-30,1833 HK Equity,
HSTECH,2020-09-30,1896 HK Equity,
HSTECH,2020-09-30,2013 HK Equity,
HSTECH,2020-09-30,2018 HK Equity,
HSTECH,2020-09-30,2382 HK Equity,
HSTECH,2020-09-30,2400 HK Equity,
HSTECH,2020-09-30,241 HK Equity,
HSTECH,2020-09-30,268 HK Equity,
HSTECH,2020-09-30,285 HK Equity,
HSTECH,2020-09-30,2858 HK Equity,
HSTECH,2020-09-30,3690 HK Equity,
HSTECH,2020-09-30,3888 HK Equity,
HSTECH,2020-09-30,522 HK Equity,
HSTECH,2020-09-30,6060 HK Equity,
HSTECH,2020-09-30,6088 HK Equity,
HSTECH,2020-09-30,700 HK Equity,
HSTECH,2020-09-30,763 HK Equity,
HSTECH,2020-09-30,772 HK Equity,
HSTECH,2020-09-30,777 HK Equity,
HSTECH,2020-09-30,780 HK Equity,
HSTECH,2020-09-30,9618 HK Equity,
HSTECH,2020-09-30,981 HK Equity,
HSTECH,2020-09-30,992 HK Equity,
HSTECH,2020-09-30,9988 HK Equity,
HSTECH,2020-09-30,9999 HK Equity,
HSTECH,2020-12-31,1347 HK Equity,
HSTECH,2020-12-31,1478 HK Equity,
HSTECH,2020-12-31,1797 HK Equity,
HSTECH,2020-12-31,1810 HK Equity,
HSTECH,2020-12-31,1833 HK Equity,
HSTECH,2020-12-31,1896 HK Equity,
HSTECH,2020-12-31,2013 HK Equity,
HSTECH,2020-12-31,2018 HK Equity,
HSTECH,2020-12-31,2382 HK Equity,
HSTECH,2020-12-31,2400 HK Equity,
HSTECH,2020-12-31,241 HK Equity,
HSTECH,2020-12-31,268 HK Equity,
HSTECH,2020-12-31,285 HK Equity,
HSTECH,2020-12-31,2858 HK Equity,
HSTECH,2020-12-31,3690 HK Equity,
HSTECH,2020-12-31,3888 HK Equity,
HSTECH,2020-12-31,522 HK Equity,
HSTECH,2020-12-31,6060 HK Equity,
HSTECH,2020-12-31,6088 HK Equity,
HSTECH,2020-12-31,6618 HK Equity,
HSTECH,2020-12-31,700 HK Equity,
HSTECH,2020-12-31,763 HK Equity,
HSTECH,2020-12-31,772 HK Equity,
HSTECH,2020-12-31,780 HK Equity,
HSTECH,2020-12-31,909 HK Equity,
HSTECH,2020-12-31,9618 HK Equity,
HSTECH,2020-12-31,981 HK Equity,
HSTECH,2020-12-31,992 HK Equity,
HSTECH,2020-12-31,9988 HK Equity,
HSTECH,2020-12-31,9990 HK Equity,
HSTECH,2020-12-31,9999 HK Equity,
HSTECH,2021-03-31,1024 HK Equity,
HSTECH,2021-03-31,1347 HK Equity,
HSTECH,2021-03-31,1797 HK Equity,
HSTECH,2021-03-31,1810 HK Equity,
HSTECH,2021-03-31,1833 HK Equity,
HSTECH,2021-03-31,2013 HK Equity,
HSTECH,2021-03-31,2018 HK Equity,
HSTECH,2021-03-31,2382 HK Equity,
HSTECH,2021-03-31,241 HK Equity,
HSTECH,2021-03-31,268 HK Equity,
HSTECH,2021-03-31,285 HK Equity,
HSTECH,2021-03-31,3690 HK Equity,
HSTECH,2021-03-31,3888 HK Equity,
HSTECH,2021-03-31,522 HK Equity,
HSTECH,2021-03-31,6060 HK Equity,
HSTECH,2021-03-31,6088 HK Equity,
HSTECH,2021-03-31,6618 HK Equity,
HSTECH,2021-03-31,6690 HK Equity,
HSTECH,2021-03-31,700 HK Equity,
HSTECH,2021-03-31,763 HK Equity,
HSTECH,2021-03-31,772 HK Equity,
HSTECH,2021-03-31,780 HK Equity,
HSTECH,2021-03-31,909 HK Equity,
HSTECH,2021-03-31,9618 HK Equity,
HSTECH,2021-03-31,9698 HK Equity,
HSTECH,2021-03-31,981 HK Equity,
HSTECH,2021-03-31,992 HK Equity,
HSTECH,2021-03-31,9988 HK Equity,
HSTECH,2021-03-31,9990 HK Equity,
HSTECH,2021-03-31,9999 HK Equity,
HSTECH,2021-06-30,1024 HK Equity,
HSTECH,2021-06-30,1347 HK Equity,
HSTECH,2021-06-30,1797 HK Equity,
HSTECH,2021-06-30,1810 HK Equity,
HSTECH,2021-06-30,1833 HK Equity,
HSTECH,2021-06-30,2013 HK Equity,
HSTECH,2021-06-30,2018 HK Equity,
HSTECH,2021-06-30,2382 HK Equity,
HSTECH,2021-06-30,241 HK Equity,
HSTECH,2021-06-30,2518 HK Equity,
HSTECH,2021-06-30,268 HK Equity,
HSTECH,2021-06-30,285 HK Equity,
HSTECH,2021-06-30,3690 HK Equity,
HSTECH,2021-06-30,3888 HK Equity,
HSTECH,2021-06-30,522 HK Equity,
HSTECH,2021-06-30,6060 HK Equity,
HSTECH,2021-06-30,6618 HK Equity,
HSTECH,2021-06-30,6690 HK Equity,
HSTECH,2021-06-30,700 HK Equity,
HSTECH,2021-06-30,772 HK Equity,
HSTECH,2021-06-30,780 HK Equity,
HSTECH,2021-06-30,909 HK Equity,
HSTECH,2021-06-30,9618 HK Equity,
HSTECH,2021-06-30,9626 HK Equity,
HSTECH,2021-06-30,9698 HK Equity,
HSTECH,2021-06-30,981 HK Equity,
HSTECH,2021-06-30,9888 HK Equity,
HSTECH,2021-06-30,992 HK Equity,
HSTECH,2021-06-30,9988 HK Equity,
HSTECH,2021-06-30,9999 HK Equity,
HSTECH,2021-09-30,1024 HK Equity,
HSTECH,2021-09-30,1347 HK Equity,
HSTECH,2021-09-30,1810 HK Equity,
HSTECH,2021-09-30,1833 HK Equity,
HSTECH,2021-09-30,2013 HK Equity,
HSTECH,2021-09-30,2018 HK Equity,
HSTECH,2021-09-30,2382 HK Equity,
HSTECH,2021-09-30,241 HK Equity,
HSTECH,2021-09-30,2518 HK Equity,
HSTECH,2021-09-30,268 HK Equity,
HSTECH,2021-09-30,285 HK Equity,
HSTECH,2021-09-30,3690 HK Equity,
HSTECH,2021-09-30,3888 HK Equity,
HSTECH,2021-09-30,522 HK Equity,
HSTECH,2021-09-30,6060 HK Equity,
HSTECH,2021-09-30,6618 HK Equity,
HSTECH,2021-09-30,6690 HK Equity,
HSTECH,2021-09-30,700 HK Equity,
HSTECH,2021-09-30,772 HK Equity,
HSTECH,2021-09-30,780 HK Equity,
HSTECH,2021-09-30,909 HK Equity,
HSTECH,2021-09-30,9618 HK Equity,
HSTECH,2021-09-30,9626 HK Equity,
HSTECH,2021-09-30,9698 HK Equity,
HSTECH,2021-09-30,981 HK Equity,
HSTECH,2021-09-30,9888 HK Equity,
HSTECH,2021-09-30,992 HK Equity,
HSTECH,2021-09-30,9961 HK Equity,
HSTECH,2021-09-30,9988 HK Equity,
HSTECH,2021-09-30,9999 HK Equity,
HSTECH,2021-12-31,1024 HK Equity,
HSTECH,2021-12-31,1347 HK Equity,
HSTECH,2021-12-31,1810 HK Equity,
HSTECH,2021-12-31,1833 HK Equity,
HSTECH,2021-12-31,2013 HK Equity,
HSTECH,2021-12-31,2018 HK Equity,
HSTECH,2021-12-31,2382 HK Equity,
HSTECH,2021-12-31,241 HK Equity,
HSTECH,2021-12-31,2518 HK Equity,
HSTECH,2021-12-31,268 HK Equity,
HSTECH,2021-12-31,285 HK Equity,
HSTECH,2021-12-31,3690 HK Equity,
HSTECH,2021-12-31,3888 HK Equity,
HSTECH,2021-12-31,522 HK Equity,
HSTECH,2021-12-31,6060 HK Equity,
HSTECH,2021-12-31,6618 HK Equity,
HSTECH,2021-12-31,6690 HK Equity,
HSTECH,2021-12-31,700 HK Equity,
HSTECH,2021-12-31,772 HK Equity,
HSTECH,2021-12-31,780 HK Equity,
HSTECH,2021-12-31,909 HK Equity,
HSTECH,2021-12-31,9618 HK Equity,
HSTECH,2021-12-31,9626 HK Equity,
HSTECH,2021-12-31,9698 HK Equity,
HSTECH,2021-12-31,981 HK Equity,
HSTECH,2021-12-31,9888 HK Equity,
HSTECH,2021-12-31,992 HK Equity,
HSTECH,2021-12-31,9961 HK Equity,
HSTECH,2021-12-31,9988 HK Equity,
HSTECH,2021-12-31,9999 HK Equity,
HSTECH,2022-03-31,1024 HK Equity,
HSTECH,2022-03-31,1347 HK Equity,
HSTECH,2022-03-31,1810 HK Equity,
HSTECH,2022-03-31,1833 HK Equity,
HSTECH,2022-03-31,20 HK Equity,
HSTECH,2022-03-31,2015 HK Equity,
HSTECH,2022-03-31,2018 HK Equity,
HSTECH,2022-03-31,2382 HK Equity,
HSTECH,2022-03-31,241 HK Equity,
HSTECH,2022-03-31,268 HK Equity,
HSTECH,2022-03-31,285 HK Equity,
HSTECH,2022-03-31,3690 HK Equity,
HSTECH,2022-03-31,3888 HK Equity,
HSTECH,2022-03-31,522 HK Equity,
HSTECH,2022-03-31,6060 HK Equity,
HSTECH,2022-03-31,6618 HK Equity,
HSTECH,2022-03-31,6690 HK Equity,
HSTECH,2022-03-31,700 HK Equity,
HSTECH,2022-03-31,772 HK Equity,
HSTECH,2022-03-31,909 HK Equity,
HSTECH,2022-03-31,9618 HK Equity,
HSTECH,2022-03-31,9626 HK Equity,
HSTECH,2022-03-31,9698 HK Equity,
HSTECH,2022-03-31,981 HK Equity,
HSTECH,2022-03-31,9868 HK Equity,
HSTECH,2022-03-31,9888 HK Equity,
HSTECH,2022-03-31,992 HK Equity,
HSTECH,2022-03-31,9961 HK Equity,
HSTECH,2022-03-31,9988 HK Equity,
HSTECH,2022-03-31,9999 HK Equity,
HSTECH,2022-06-30,1024 HK Equity,
HSTECH,2022-06-30,1347 HK Equity,
HSTECH,2022-06-30,1810 HK Equity,
HSTECH,2022-06-30,1833 HK Equity,
HSTECH,2022-06-30,20 HK Equity,
HSTECH,2022-06-30,2015 HK Equity,
HSTECH,2022-06-30,2018 HK Equity,
HSTECH,2022-06-30,2382 HK Equity,
HSTECH,2022-06-30,241 HK Equity,
HSTECH,2022-06-30,268 HK Equity,
HSTECH,2022-06-30,285 HK Equity,
HSTECH,2022-06-30,3690 HK Equity,
HSTECH,2022-06-30,3888 HK Equity,
HSTECH,2022-06-30,6060 HK Equity,
HSTECH,2022-06-30,6618 HK Equity,
HSTECH,2022-06-30,6690 HK Equity,
HSTECH,2022-06-30,700 HK Equity,
HSTECH,2022-06-30,772 HK Equity,
HSTECH,2022-06-30,909 HK Equity,
HSTECH,2022-06-30,9618 HK Equity,
HSTECH,2022-06-30,9626 HK Equity,
HSTECH,2022-06-30,9698 HK Equity,
HSTECH,2022-06-30,981 HK Equity,
HSTECH,2022-06-30,9866 HK Equity,
HSTECH,2022-06-30,9868 HK Equity,
HSTECH,2022-06-30,9888 HK Equity,
HSTECH,2022-06-30,992 HK Equity,
HSTECH,2022-06-30,9961 HK Equity,
HSTECH,2022-06-30,9988 HK Equity,
HSTECH,2022-06-30,9999 HK Equity,
HSTECH,2022-09-30,1024 HK Equity,
HSTECH,2022-09-30,1347 HK Equity,
HSTECH,2022-09-30,1810 HK Equity,
HSTECH,2022-09-30,1833 HK Equity,
HSTECH,2022-09-30,20 HK Equity,
HSTECH,2022-09-30,2015 HK Equity,
HSTECH,2022-09-30,2018 HK Equity,
HSTECH,2022-09-30,2382 HK Equity,
HSTECH,2022-09-30,241 HK Equity,
HSTECH,2022-09-30,268 HK Equity,
HSTECH,2022-09-30,285 HK Equity,
HSTECH,2022-09-30,3690 HK Equity,
HSTECH,2022-09-30,3888 HK Equity,
HSTECH,2022-09-30,6060 HK Equity,
HSTECH,2022-09-30,6618 HK Equity,
HSTECH,2022-09-30,6690 HK Equity,
HSTECH,2022-09-30,700 HK Equity,
HSTECH,2022-09-30,772 HK Equity,
HSTECH,2022-09-30,909 HK Equity,
HSTECH,2022-09-30,9618 HK Equity,
HSTECH,2022-09-30,9626 HK Equity,
HSTECH,2022-09-30,9698 HK Equity,
HSTECH,2022-09-30,981 HK Equity,
HSTECH,2022-09-30,9866 HK Equity,
HSTECH,2022-09-30,9868 HK Equity,
HSTECH,2022-09-30,9888 HK Equity,
HSTECH,2022-09-30,992 HK Equity,
HSTECH,2022-09-30,9961 HK Equity,
HSTECH,2022-09-30,9988 HK Equity,
HSTECH,2022-09-30,9999 HK Equity,
HSTECH,2022-12-31,1024 HK Equity,
HSTECH,2022-12-31,1347 HK Equity,
HSTECH,2022-12-31,1810 HK Equity,
HSTECH,2022-12-31,1833 HK Equity,
HSTECH,2022-12-31,20 HK Equity,
HSTECH,2022-12-31,2015 HK Equity,
HSTECH,2022-12-31,2018 HK Equity,
HSTECH,2022-12-31,2382 HK Equity,
HSTECH,2022-12-31,241 HK Equity,
HSTECH,2022-12-31,268 HK Equity,
HSTECH,2022-12-31,285 HK Equity,
HSTECH,2022-12-31,3690 HK Equity,
HSTECH,2022-12-31,3888 HK Equity,
HSTECH,2022-12-31,6060 HK Equity,
HSTECH,2022-12-31,6618 HK Equity,
HSTECH,2022-12-31,6690 HK Equity,
HSTECH,2022-12-31,700 HK Equity,
HSTECH,2022-12-31,772 HK Equity,
HSTECH,2022-12-31,909 HK Equity,
HSTECH,2022-12-31,9618 HK Equity,
HSTECH,2022-12-31,9626 HK Equity,
HSTECH,2022-12-31,9698 HK Equity,
HSTECH,2022-12-31,981 HK Equity,
HSTECH,2022-12-31,9866 HK Equity,
HSTECH,2022-12-31,9868 HK Equity,
HSTECH,2022-12-31,9888 HK Equity,
HSTECH,2022-12-31,992 HK Equity,
HSTECH,2022-12-31,9961 HK Equity,
HSTECH,2022-12-31,9988 HK Equity,
HSTECH,2022-12-31,9999 HK Equity,
HSTECH,2023-03-31,1024 HK Equity,
HSTECH,2023-03-31,1347 HK Equity,
HSTECH,2023-03-31,1810 HK Equity,
HSTECH,2023-03-31,1833 HK Equity,
HSTECH,2023-03-31,20 HK Equity,
HSTECH,2023-03-31,2015 HK Equity,
HSTECH,2023-03-31,2018 HK Equity,
HSTECH,2023-03-31,2382 HK Equity,
HSTECH,2023-03-31,241 HK Equity,
HSTECH,2023-03-31,268 HK Equity,
HSTECH,2023-03-31,285 HK Equity,
HSTECH,2023-03-31,3690 HK Equity,
HSTECH,2023-03-31,3888 HK Equity,
HSTECH,2023-03-31,6060 HK Equity,
HSTECH,2023-03-31,6618 HK Equity,
HSTECH,2023-03-31,6690 HK Equity,
HSTECH,2023-03-31,700 HK Equity,
HSTECH,2023-03-31,772 HK Equity,
HSTECH,2023-03-31,9618 HK Equity,
HSTECH,2023-03-31,9626 HK Equity,
HSTECH,2023-03-31,9698 HK Equity,
HSTECH,2023-03-31,981 HK Equity,
HSTECH,2023-03-31,9866 HK Equity,
HSTECH,2023-03-31,9868 HK Equity,
HSTECH,2023-03-31,9888 HK Equity,
HSTECH,2023-03-31,9898 HK Equity,
HSTECH,2023-03-31,992 HK Equity,
HSTECH,2023-03-31,9961 HK Equity,
HSTECH,2023-03-31,9988 HK Equity,
HSTECH,2023-03-31,9999 HK Equity,
HSTECH,2023-06-30,1024 HK Equity,
HSTECH,2023-06-30,1347 HK Equity,
HSTECH,2023-06-30,1810 HK Equity,
HSTECH,2023-06-30,1833 HK Equity,
HSTECH,2023-06-30,20 HK Equity,
HSTECH,2023-06-30,2015 HK Equity,
HSTECH,2023-06-30,2018 HK Equity,
HSTECH,2023-06-30,2382 HK Equity,
HSTECH,2023-06-30,241 HK Equity,
HSTECH,2023-06-30,268 HK Equity,
HSTECH,2023-06-30,285 HK Equity,
HSTECH,2023-06-30,3690 HK Equity,
HSTECH,2023-06-30,3888 HK Equity,
HSTECH,2023-06-30,6060 HK Equity,
HSTECH,2023-06-30,6618 HK Equity,
HSTECH,2023-06-30,6690 HK Equity,
HSTECH,2023-06-30,700 HK Equity,
HSTECH,2023-06-30,772 HK Equity,
HSTECH,2023-06-30,9618 HK Equity,
HSTECH,2023-06-30,9626 HK Equity,
HSTECH,2023-06-30,9698 HK Equity,
HSTECH,2023-06-30,981 HK Equity,
HSTECH,2023-06-30,9866 HK Equity,
HSTECH,2023-06-30,9868 HK Equity,
HSTECH,2023-06-30,9888 HK Equity,
HSTECH,2023-06-30,9898 HK Equity,
HSTECH,2023-06-30,992 HK Equity,
HSTECH,2023-06-30,9961 HK Equity,
HSTECH,2023-06-30,9988 HK Equity,
HSTECH,2023-06-30,9999 HK Equity,
HSTECH,2023-09-30,1024 HK Equity,
HSTECH,2023-09-30,1347 HK Equity,
HSTECH,2023-09-30,1797 HK Equity,
HSTECH,2023-09-30,1810 HK Equity,
HSTECH,2023-09-30,1833 HK Equity,
HSTECH,2023-09-30,20 HK Equity,
HSTECH,2023-09-30,2015 HK Equity,
HSTECH,2023-09-30,2382 HK Equity,
HSTECH,2023-09-30,241 HK Equity,
HSTECH,2023-09-30,268 HK Equity,
HSTECH,2023-09-30,285 HK Equity,
HSTECH,2023-09-30,3690 HK Equity,
HSTECH,2023-09-30,3888 HK Equity,
HSTECH,2023-09-30,6060 HK Equity,
HSTECH,2023-09-30,6618 HK Equity,
HSTECH,2023-09-30,6690 HK Equity,
HSTECH,2023-09-30,700 HK Equity,
HSTECH,2023-09-30,772 HK Equity,
HSTECH,2023-09-30,9618 HK Equity,
HSTECH,2023-09-30,9626 HK Equity,
HSTECH,2023-09-30,9698 HK Equity,
HSTECH,2023-09-30,981 HK Equity,
HSTECH,2023-09-30,9866 HK Equity,
HSTECH,2023-09-30,9868 HK Equity,
HSTECH,2023-09-30,9888 HK Equity,
HSTECH,2023-09-30,9898 HK Equity,
HSTECH,2023-09-30,992 HK Equity,
HSTECH,2023-09-30,9961 HK Equity,
HSTECH,2023-09-30,9988 HK Equity,
HSTECH,2023-09-30,9999 HK Equity,
HSTECH,2023-12-31,1024 HK Equity,
HSTECH,2023-12-31,1347 HK Equity,
HSTECH,2023-12-31,1797 HK Equity,
HSTECH,2023-12-31,1810 HK Equity,
HSTECH,2023-12-31,1833 HK Equity,
HSTECH,2023-12-31,20 HK Equity,
HSTECH,2023-12-31,2015 HK Equity,
HSTECH,2023-12-31,2382 HK Equity,
HSTECH,2023-12-31,241 HK Equity,
HSTECH,2023-12-31,268 HK Equity,
HSTECH,2023-12-31,285 HK Equity,
HSTECH,2023-12-31,3690 HK Equity,
HSTECH,2023-12-31,3888 HK Equity,
HSTECH,2023-12-31,6060 HK Equity,
HSTECH,2023-12-31,6618 HK Equity,
HSTECH,2023-12-31,6690 HK Equity,
HSTECH,2023-12-31,700 HK Equity,
HSTECH,2023-12-31,772 HK Equity,
HSTECH,2023-12-31,9618 HK Equity,
HSTECH,2023-12-31,9626 HK Equity,
HSTECH,2023-12-31,9698 HK Equity,
HSTECH,2023-12-31,981 HK Equity,
HSTECH,2023-12-31,9866 HK Equity,
HSTECH,2023-12-31,9868 HK Equity,
HSTECH,2023-12-31,9888 HK Equity,
HSTECH,2023-12-31,9898 HK Equity,
HSTECH,2023-12-31,992 HK Equity,
HSTECH,2023-12-31,9961 HK Equity,
HSTECH,2023-12-31,9988 HK Equity,
HSTECH,2023-12-31,9999 HK Equity,
HSTECH,2024-03-31,1024 HK Equity,
HSTECH,2024-03-31,1347 HK Equity,
HSTECH,2024-03-31,1797 HK Equity,
HSTECH,2024-03-31,1810 HK Equity,
HSTECH,2024-03-31,1833 HK Equity,
HSTECH,2024-03-31,20 HK Equity,
HSTECH,2024-03-31,2015 HK Equity,
HSTECH,2024-03-31,2382 HK Equity,
HSTECH,2024-03-31,241 HK Equity,
HSTECH,2024-03-31,268 HK Equity,
HSTECH,2024-03-31,285 HK Equity,
HSTECH,2024-03-31,3690 HK Equity,
HSTECH,2024-03-31,3888 HK Equity,
HSTECH,2024-03-31,6060 HK Equity,
HSTECH,2024-03-31,6618 HK Equity,
HSTECH,2024-03-31,6690 HK Equity,
HSTECH,2024-03-31,700 HK Equity,
HSTECH,2024-03-31,772 HK Equity,
HSTECH,2024-03-31,780 HK Equity,
HSTECH,2024-03-31,9618 HK Equity,
HSTECH,2024-03-31,9626 HK Equity,
HSTECH,2024-03-31,981 HK Equity,
HSTECH,2024-03-31,9866 HK Equity,
HSTECH,2024-03-31,9868 HK Equity,
HSTECH,2024-03-31,9888 HK Equity,
HSTECH,2024-03-31,9898 HK Equity,
HSTECH,2024-03-31,992 HK Equity,
HSTECH,2024-03-31,9961 HK Equity,
HSTECH,2024-03-31,9988 HK Equity,
HSTECH,2024-03-31,9999 HK Equity,
HSTECH,2024-06-30,1024 HK Equity,
HSTECH,2024-06-30,1347 HK Equity,
HSTECH,2024-06-30,1797 HK Equity,
HSTECH,2024-06-30,1810 HK Equity,
HSTECH,2024-06-30,1833 HK Equity,
HSTECH,2024-06-30,20 HK Equity,
HSTECH,2024-06-30,2015 HK Equity,
HSTECH,2024-06-30,2382 HK Equity,
HSTECH,2024-06-30,241 HK Equity,
HSTECH,2024-06-30,268 HK Equity,
HSTECH,2024-06-30,285 HK Equity,
HSTECH,2024-06-30,3690 HK Equity,
HSTECH,2024-06-30,3888 HK Equity,
HSTECH,2024-06-30,6060 HK Equity,
HSTECH,2024-06-30,6618 HK Equity,
HSTECH,2024-06-30,6690 HK Equity,
HSTECH,2024-06-30,700 HK Equity,
HSTECH,2024-06-30,772 HK Equity,
HSTECH,2024-06-30,780 HK Equity,
HSTECH,2024-06-30,9618 HK Equity,
HSTECH,2024-06-30,9626 HK Equity,
HSTECH,2024-06-30,981 HK Equity,
HSTECH,2024-06-30,9866 HK Equity,
HSTECH,2024-06-30,9868 HK Equity,
HSTECH,2024-06-30,9888 HK Equity,
HSTECH,2024-06-30,9898 HK Equity,
HSTECH,2024-06-30,992 HK Equity,
HSTECH,2024-06-30,9961 HK Equity,
HSTECH,2024-06-30,9988 HK Equity,
HSTECH,2024-06-30,9999 HK Equity,
HSTECH,2024-09-30,1024 HK Equity,
HSTECH,2024-09-30,1347 HK Equity,
HSTECH,2024-09-30,1797 HK Equity,
HSTECH,2024-09-30,1810 HK Equity,
HSTECH,2024-09-30,20 HK Equity,
HSTECH,2024-09-30,2015 HK Equity,
HSTECH,2024-09-30,2382 HK Equity,
HSTECH,2024-09-30,241 HK Equity,
HSTECH,2024-09-30,268 HK Equity,
HSTECH,2024-09-30,285 HK Equity,
HSTECH,2024-09-30,3690 HK Equity,
HSTECH,2024-09-30,3888 HK Equity,
HSTECH,2024-09-30,522 HK Equity,
HSTECH,2024-09-30,6060 HK Equity,
HSTECH,2024-09-30,6618 HK Equity,
HSTECH,2024-09-30,6690 HK Equity,
HSTECH,2024-09-30,700 HK Equity,
HSTECH,2024-09-30,772 HK Equity,
HSTECH,2024-09-30,780 HK Equity,
HSTECH,2024-09-30,9618 HK Equity,
HSTECH,2024-09-30,9626 HK Equity,
HSTECH,2024-09-30,981 HK Equity,
HSTECH,2024-09-30,9866 HK Equity,
HSTECH,2024-09-30,9868 HK Equity,
HSTECH,2024-09-30,9888 HK Equity,
HSTECH,2024-09-30,9898 HK Equity,
HSTECH,2024-09-30,992 HK Equity,
HSTECH,2024-09-30,9961 HK Equity,
HSTECH,2024-09-30,9988 HK Equity,
HSTECH,2024-09-30,9999 HK Equity,
HSTECH,2024-12-31,1024 HK Equity,
HSTECH,2024-12-31,1347 HK Equity,
HSTECH,2024-12-31,1797 HK Equity,
HSTECH,2024-12-31,1810 HK Equity,
HSTECH,2024-12-31,20 HK Equity,
HSTECH,2024-12-31,2015 HK Equity,
HSTECH,2024-12-31,2382 HK Equity,
HSTECH,2024-12-31,241 HK Equity,
HSTECH,2024-12-31,268 HK Equity,
HSTECH,2024-12-31,285 HK Equity,
HSTECH,2024-12-31,300 HK Equity,
HSTECH,2024-12-31,3690 HK Equity,
HSTECH,2024-12-31,3888 HK Equity,
HSTECH,2024-12-31,522 HK Equity,
HSTECH,2024-12-31,6060 HK Equity,
HSTECH,2024-12-31,6618 HK Equity,
HSTECH,2024-12-31,6690 HK Equity,
HSTECH,2024-12-31,700 HK Equity,
HSTECH,2024-12-31,772 HK Equity,
HSTECH,2024-12-31,780 HK Equity,
HSTECH,2024-12-31,9618 HK Equity,
HSTECH,2024-12-31,9626 HK Equity,
HSTECH,2024-12-31,981 HK Equity,
HSTECH,2024-12-31,9866 HK Equity,
HSTECH,2024-12-31,9868 HK Equity,
HSTECH,2024-12-31,9888 HK Equity,
HSTECH,2024-12-31,992 HK Equity,
HSTECH,2024-12-31,9961 HK Equity,
HSTECH,2024-12-31,9988 HK Equity,
HSTECH,2024-12-31,9999 HK Equity,
HSTECH,2025-03-31,1024 HK Equity,
HSTECH,2025-03-31,1347 HK Equity,
HSTECH,2025-03-31,1698 HK Equity,
HSTECH,2025-03-31,1810 HK Equity,
HSTECH,2025-03-31,20 HK Equity,
HSTECH,2025-03-31,2015 HK Equity,
HSTECH,2025-03-31,2382 HK Equity,
HSTECH,2025-03-31,241 HK Equity,
HSTECH,2025-03-31,268 HK Equity,
HSTECH,2025-03-31,285 HK Equity,
HSTECH,2025-03-31,300 HK Equity,
HSTECH,2025-03-31,3690 HK Equity,
HSTECH,2025-03-31,3888 HK Equity,
HSTECH,2025-03-31,522 HK Equity,
HSTECH,2025-03-31,6618 HK Equity,
HSTECH,2025-03-31,6690 HK Equity,
HSTECH,2025-03-31,700 HK Equity,
HSTECH,2025-03-31,772 HK Equity,
HSTECH,2025-03-31,780 HK Equity,
HSTECH,2025-03-31,9618 HK Equity,
HSTECH,2025-03-31,9626 HK Equity,
HSTECH,2025-03-31,9660 HK Equity,
HSTECH,2025-03-31,981 HK Equity,
HSTECH,2025-03-31,9866 HK Equity,
HSTECH,2025-03-31,9868 HK Equity,
HSTECH,2025-03-31,9888 HK Equity,
HSTECH,2025-03-31,992 HK Equity,
HSTECH,2025-03-31,9961 HK Equity,
HSTECH,2025-03-31,9988 HK Equity,
HSTECH,2025-03-31,9999 HK Equity,
HSTECH,2025-06-30,1024 HK Equity,
HSTECH,2025-06-30,1211 HK Equity,
HSTECH,2025-06-30,1347 HK Equity,
HSTECH,2025-06-30,1698 HK Equity,
HSTECH,2025-06-30,1810 HK Equity,
HSTECH,2025-06-30,20 HK Equity,
HSTECH,2025-06-30,2015 HK Equity,
HSTECH,2025-06-30,2382 HK Equity,
HSTECH,2025-06-30,241 HK Equity,
HSTECH,2025-06-30,268 HK Equity,
HSTECH,2025-06-30,285 HK Equity,
HSTECH,2025-06-30,300 HK Equity,
HSTECH,2025-06-30,3690 HK Equity,
HSTECH,2025-06-30,3888 HK Equity,
HSTECH,2025-06-30,522 HK Equity,
HSTECH,2025-06-30,6618 HK Equity,
HSTECH,2025-06-30,6690 HK Equity,
HSTECH,2025-06-30,700 HK Equity,
HSTECH,2025-06-30,780 HK Equity,
HSTECH,2025-06-30,9618 HK Equity,
HSTECH,2025-06-30,9626 HK Equity,
HSTECH,2025-06-30,9660 HK Equity,
HSTECH,2025-06-30,981 HK Equity,
HSTECH,2025-06-30,9866 HK Equity,
HSTECH,2025-06-30,9868 HK Equity,
HSTECH,2025-06-30,9888 HK Equity,
HSTECH,2025-06-30,992 HK Equity,
HSTECH,2025-06-30,9961 HK Equity,
HSTECH,2025-06-30,9988 HK Equity,
HSTECH,2025-06-30,9999 HK Equity,
HSTECH,2025-09-30,1024 HK Equity,
HSTECH,2025-09-30,1211 HK Equity,
HSTECH,2025-09-30,1347 HK Equity,
HSTECH,2025-09-30,1698 HK Equity,
HSTECH,2025-09-30,1810 HK Equity,
HSTECH,2025-09-30,20 HK Equity,
HSTECH,2025-09-30,2015 HK Equity,
HSTECH,2025-09-30,2382 HK Equity,
HSTECH,2025-09-30,241 HK Equity,
HSTECH,2025-09-30,268 HK Equity,
HSTECH,2025-09-30,285 HK Equity,
HSTECH,2025-09-30,300 HK Equity,
HSTECH,2025-09-30,3690 HK Equity,
HSTECH,2025-09-30,3888 HK Equity,
HSTECH,2025-09-30,522 HK Equity,
HSTECH,2025-09-30,6618 HK Equity,
HSTECH,2025-09-30,6690 HK Equity,
HSTECH,2025-09-30,700 HK Equity,
HSTECH,2025-09-30,780 HK Equity,
HSTECH,2025-09-30,9618 HK Equity,
HSTECH,2025-09-30,9626 HK Equity,
HSTECH,2025-09-30,9660 HK Equity,
HSTECH,2025-09-30,981 HK Equity,
HSTECH,2025-09-30,9866 HK Equity,
HSTECH,2025-09-30,9868 HK Equity,
HSTECH,2025-09-30,9888 HK Equity,
HSTECH,2025-09-30,992 HK Equity,
HSTECH,2025-09-30,9961 HK Equity,
HSTECH,2025-09-30,9988 HK Equity,
HSTECH,2025-09-30,9999 HK Equity,
HSTECH,2025-12-31,1024 HK Equity,
HSTECH,2025-12-31,1211 HK Equity,
HSTECH,2025-12-31,1347 HK Equity,
HSTECH,2025-12-31,1698 HK Equity,
HSTECH,2025-12-31,1810 HK Equity,
HSTECH,2025-12-31,20 HK Equity,
HSTECH,2025-12-31,2015 HK Equity,
HSTECH,2025-12-31,2382 HK Equity,
HSTECH,2025-12-31,241 HK Equity,
HSTECH,2025-12-31,268 HK Equity,
HSTECH,2025-12-31,285 HK Equity,
HSTECH,2025-12-31,300 HK Equity,
HSTECH,2025-12-31,3690 HK Equity,
HSTECH,2025-12-31,3888 HK Equity,
HSTECH,2025-12-31,6618 HK Equity,
HSTECH,2025-12-31,6690 HK Equity,
HSTECH,2025-12-31,700 HK Equity,
HSTECH,2025-12-31,780 HK Equity,
HSTECH,2025-12-31,9618 HK Equity,
HSTECH,2025-12-31,9626 HK Equity,
HSTECH,2025-12-31,9660 HK Equity,
HSTECH,2025-12-31,981 HK Equity,
HSTECH,2025-12-31,9863 HK Equity,
HSTECH,2025-12-31,9866 HK Equity,
HSTECH,2025-12-31,9868 HK Equity,
HSTECH,2025-12-31,9888 HK Equity,
HSTECH,2025-12-31,992 HK Equity,
HSTECH,2025-12-31,9961 HK Equity,
HSTECH,2025-12-31,9988 HK Equity,
HSTECH,2025-12-31,9999 HK Equity,
HSTECH,2026-03-31,1024 HK Equity,
HSTECH,2026-03-31,1211 HK Equity,
HSTECH,2026-03-31,1347 HK Equity,
HSTECH,2026-03-31,1698 HK Equity,
HSTECH,2026-03-31,1810 HK Equity,
HSTECH,2026-03-31,20 HK Equity,
HSTECH,2026-03-31,2015 HK Equity,
HSTECH,2026-03-31,2382 HK Equity,
HSTECH,2026-03-31,241 HK Equity,
HSTECH,2026-03-31,268 HK Equity,
HSTECH,2026-03-31,285 HK Equity,
HSTECH,2026-03-31,300 HK Equity,
HSTECH,2026-03-31,3690 HK Equity,
HSTECH,2026-03-31,3888 HK Equity,
HSTECH,2026-03-31,6618 HK Equity,
HSTECH,2026-03-31,6690 HK Equity,
HSTECH,2026-03-31,700 HK Equity,
HSTECH,2026-03-31,780 HK Equity,
HSTECH,2026-03-31,9618 HK Equity,
HSTECH,2026-03-31,9626 HK Equity,
HSTECH,2026-03-31,9660 HK Equity,
HSTECH,2026-03-31,981 HK Equity,
HSTECH,2026-03-31,9863 HK Equity,
HSTECH,2026-03-31,9866 HK Equity,
HSTECH,2026-03-31,9868 HK Equity,
HSTECH,2026-03-31,9888 HK Equity,
HSTECH,2026-03-31,992 HK Equity,
HSTECH,2026-03-31,9961 HK Equity,
HSTECH,2026-03-31,9988 HK Equity,
HSTECH,2026-03-31,9999 HK Equity,
HSTECH,2026-06-30,100 HK Equity,
HSTECH,2026-06-30,1024 HK Equity,
HSTECH,2026-06-30,1211 HK Equity,
HSTECH,2026-06-30,1347 HK Equity,
HSTECH,2026-06-30,1698 HK Equity,
HSTECH,2026-06-30,1810 HK Equity,
HSTECH,2026-06-30,20 HK Equity,
HSTECH,2026-06-30,2015 HK Equity,
HSTECH,2026-06-30,2382 HK Equity,
HSTECH,2026-06-30,241 HK Equity,
HSTECH,2026-06-30,2513 HK Equity,
HSTECH,2026-06-30,285 HK Equity,
HSTECH,2026-06-30,300 HK Equity,
HSTECH,2026-06-30,3690 HK Equity,
HSTECH,2026-06-30,6618 HK Equity,
HSTECH,2026-06-30,6690 HK Equity,
HSTECH,2026-06-30,700 HK Equity,
HSTECH,2026-06-30,780 HK Equity,
HSTECH,2026-06-30,9618 HK Equity,
HSTECH,2026-06-30,9626 HK Equity,
HSTECH,2026-06-30,9660 HK Equity,
HSTECH,2026-06-30,981 HK Equity,
HSTECH,2026-06-30,9863 HK Equity,
HSTECH,2026-06-30,9866 HK Equity,
HSTECH,2026-06-30,9868 HK Equity,
HSTECH,2026-06-30,9888 HK Equity,
HSTECH,2026-06-30,992 HK Equity,
HSTECH,2026-06-30,9961 HK Equity,
HSTECH,2026-06-30,9988 HK Equity,
HSTECH,2026-06-30,9999 HK Equity,
HSTECH,2026-09-30,100 HK Equity,
HSTECH,2026-09-30,1024 HK Equity,
HSTECH,2026-09-30,1211 HK Equity,
HSTECH,2026-09-30,1347 HK Equity,
HSTECH,2026-09-30,1698 HK Equity,
HSTECH,2026-09-30,1810 HK Equity,
HSTECH,2026-09-30,20 HK Equity,
HSTECH,2026-09-30,2015 HK Equity,
HSTECH,2026-09-30,2382 HK Equity,
HSTECH,2026-09-30,241 HK Equity,
HSTECH,2026-09-30,2513 HK Equity,
HSTECH,2026-09-30,285 HK Equity,
HSTECH,2026-09-30,300 HK Equity,
HSTECH,2026-09-30,3690 HK Equity,
HSTECH,2026-09-30,6618 HK Equity,
HSTECH,2026-09-30,6690 HK Equity,
HSTECH,2026-09-30,700 HK Equity,
HSTECH,2026-09-30,9618 HK Equity,
HSTECH,2026-09-30,9626 HK Equity,
HSTECH,2026-09-30,9660 HK Equity,
HSTECH,2026-09-30,981 HK Equity,
HSTECH,2026-09-30,9863 HK Equity,
HSTECH,2026-09-30,9866 HK Equity,
HSTECH,2026-09-30,9868 HK Equity,
HSTECH,2026-09-30,9888 HK Equity,
HSTECH,2026-09-30,9903 HK Equity,
HSTECH,2026-09-30,992 HK Equity,
HSTECH,2026-09-30,9961 HK Equity,
HSTECH,2026-09-30,9988 HK Equity,
HSTECH,2026-09-30,9999 HK Equity,
