date,AUDUSD Curncy,BDIY Index,CL1 Comdty,CNCPIYOY Index,CNGDPYOY Index,CO1 Comdty,CPI YOY Index,CPMINDX Index,DXY Curncy,EURUSD Curncy,FDTR Index,GBPUSD Curncy,GC1 Comdty,GCNY10YR Index,HG1 Comdty,HIHD01M Index,HIHD03M Index,HKCPIY Index,HKGDYOY Index,HKUERATE Index,HSAHP Index,HSCEI Index,HSCI Index,HSI Index,HSTECH Index,LF98TRUU Index,LUACTRUU Index,MXEF Index,MXWO Index,NAPMPMI Index,NDX Index,NG1 Comdty,NKY Index,SHCOMP Index,SHSZ300 Index,SI1 Comdty,SPX Index,USDCNH Curncy,USDCNY Curncy,USDHKD Curncy,USDJPY Curncy,USGG10YR Index,USGG2YR Index,USGG30YR Index,USURTOT Index,VHSI Index,VIX Index
2016-01-01,0.7303,,,,,,,,98.683,1.0856,0.5,1.4746,,,,,,,,,,,,,,,,794.21,1662.79,,,,,,,,,6.5697,,7.7503,120.55,2.2694,1.0477,3.0158,,,
2016-01-04,0.7191,473.0,36.76,,,37.22,,,98.869,1.0831,0.5,1.4716,1075.2,,207.95,0.22499,0.395,,,,136.36,9311.18,2933.81,21327.12,3192.45,1543.44,2572.39,767.77,1630.89,,4497.86,2.334,18450.98,3296.258,3469.07,13.841,2012.66,6.6301,6.5335,7.7515,119.44,2.2428,1.0358,2.9872,,23.3,20.7
2016-01-05,0.7161,468.0,35.97,,,36.42,,,99.404,1.0748,0.5,1.4675,1078.4,2.93,209.55,0.22321,0.395,,,,137.87,9223.01,2916.5,21188.72,3182.63,1548.48,2571.36,768.46,1630.64,,4484.18,2.325,18374.0,3287.71,3478.78,13.971,2016.71,6.6449,6.5159,7.7516,119.06,2.2357,1.0139,2.9951,,23.25,19.34
2016-01-06,0.7072,467.0,33.97,,,34.23,,,99.181,1.0781,0.5,1.463,1091.9,2.93,208.8,0.22179,0.39429,,,,140.99,9137.79,2893.18,20980.81,3178.15,1548.38,2583.04,759.81,1610.17,,4443.98,2.267,18191.32,3361.84,3539.81,13.976,1990.26,6.6964,6.5559,7.7526,118.47,2.1702,0.976,2.9375,,24.94,20.59
2016-01-07,0.7012,445.0,33.27,,,33.75,,,98.219,1.0932,0.5,1.4618,1107.8,2.9,202.2,0.22036,0.395,,,,138.85,8753.97,2792.52,20333.34,3030.56,1542.36,2582.2,738.86,1576.32,,4305.73,2.382,17767.34,3125.002,3294.38,14.344,1943.09,6.6823,6.5929,7.7583,117.67,2.1455,0.948,2.9258,,28.87,24.99
2016-01-08,0.6953,429.0,33.16,,,33.55,,,98.54,1.0922,0.5,1.4517,1097.9,2.87,202.2,0.22493,0.39556,,,,140.46,8845.89,2806.71,20453.71,3080.95,1544.04,2585.65,740.07,1561.47,,4270.78,2.472,17697.96,3186.412,3361.56,13.918,1922.03,6.6831,6.5948,7.7633,117.26,2.1156,0.9318,2.9094,,26.98,27.01
2016-01-11,0.6995,415.0,31.41,,,31.55,,,98.725,1.0859,0.5,1.4543,1096.2,2.86,197.25,0.22707,0.39929,,,,140.41,8505.16,2718.74,19888.5,2945.66,1539.82,2579.56,723.36,1557.59,,4283.55,2.396,,3016.704,3192.45,13.866,1923.67,6.5855,6.5711,7.7639,117.76,2.1754,0.9317,2.9682,,30.84,24.3
2016-01-12,0.6986,402.0,30.44,,,30.86,,,98.974,1.0858,0.5,1.4448,1085.2,2.83,195.9,0.22921,0.40643,,,,141.84,8439.31,2700.02,19711.76,2897.84,1536.94,2588.38,723.21,1561.68,,4333.72,2.257,17218.96,3022.861,3215.71,13.751,1938.68,6.578,6.5729,7.7629,117.65,2.1032,0.9235,2.8815,,29.9,22.47
2016-01-13,0.6955,394.0,30.48,,,30.31,,,98.933,1.0877,0.5,1.4407,1087.1,2.83,195.6,0.22636,0.40571,,,,139.05,8494.49,2725.43,19934.88,2908.94,1530.43,2591.14,729.56,1544.28,,4183.12,2.269,17715.63,2949.597,3155.88,14.156,1890.28,6.5672,6.5754,7.7618,117.68,2.0927,0.9073,2.8822,,27.6,25.22
2016-01-14,0.6985,383.0,31.2,,,31.03,,,99.089,1.0865,0.5,1.4413,1073.6,2.77,197.6,0.22564,0.405,,,,140.73,8459.63,2708.48,19817.41,2904.34,1521.9,2577.26,723.15,1549.06,,4272.97,2.139,17240.95,3007.649,3221.57,13.748,1921.84,6.6021,6.59,7.7825,118.06,2.0874,0.8911,2.8869,,28.15,23.95
2016-01-15,0.6864,373.0,29.42,,,28.94,,,98.956,1.0916,0.5,1.4258,1090.7,2.78,194.35,0.22799,0.415,,,,140.72,8236.28,2665.04,19520.77,2836.13,1504.69,2582.32,709.19,1521.0,,4141.08,2.1,17147.11,2900.97,3118.73,13.896,1880.33,6.6139,6.5849,7.795,116.98,2.0347,0.85,2.814,,29.41,27.02
2016-01-18,0.6866,369.0,,,,28.55,,,98.956,1.0892,0.5,1.4243,,2.82,,0.26752,0.44871,,,,142.49,8134.81,2628.05,19237.45,2809.75,,,703.41,1514.05,,,,16955.57,2913.837,3130.73,,,6.5848,6.5788,7.7986,117.32,2.0347,0.85,2.814,,31.4,
2016-01-19,0.6909,363.0,28.46,,,28.76,,,98.991,1.0908,0.5,1.4158,1089.1,2.81,197.75,0.27693,0.47029,,,,141.93,8377.8,2686.04,19635.81,2919.41,1505.9,2579.31,714.37,1520.49,,4147.08,2.091,17048.37,3007.739,3223.13,14.121,1881.33,6.5906,6.5786,7.8191,117.64,2.0556,0.87,2.8262,,27.51,26.05
2016-01-20,0.6908,358.0,26.55,,,27.88,,,99.091,1.089,0.5,1.4192,1106.2,2.85,195.95,0.31,0.55047,,,,146.62,8015.44,2585.83,18886.3,2804.06,1484.43,2576.03,692.76,1491.73,,4136.28,2.118,16416.19,2976.694,3174.38,14.16,1859.33,6.6032,6.5784,7.8177,116.94,1.9824,0.8212,2.753,,34.18,27.59
2016-01-21,0.6999,355.0,29.53,,,29.25,,,99.056,1.0874,0.5,1.4221,1098.2,2.84,199.65,0.348,0.62679,,,,146.99,7835.64,2527.19,18542.15,2720.06,1491.81,2567.28,688.52,1497.87,,4142.6,2.138,16017.26,2880.482,3081.35,14.094,1868.99,6.6034,6.58,7.8182,117.7,2.0311,0.8331,2.8109,,37.99,26.69
2016-01-22,0.7002,354.0,32.19,,,32.18,,,99.574,1.0796,0.5,1.4265,1096.3,2.84,200.25,0.38643,0.69293,,,,142.87,8104.98,2600.34,19080.51,2831.96,1506.55,2569.53,710.66,1536.79,,4259.77,2.139,16958.53,2916.563,3113.46,14.057,1906.9,6.6136,6.5788,7.7967,118.78,2.0519,0.8691,2.8238,,33.3,22.34
2016-01-25,0.6955,354.0,30.34,,,30.5,,,99.36,1.0849,0.5,1.4249,1105.3,2.89,199.8,0.38286,0.69686,,,,141.93,8173.11,2636.78,19340.14,2885.59,1509.98,2571.36,716.08,1521.15,,4196.53,2.158,17110.91,2938.515,3128.89,14.254,1877.08,6.6095,6.5793,7.7947,118.3,2.0012,0.8567,2.7844,,30.76,24.15
2016-01-26,0.7005,345.0,31.45,,,31.8,,,99.087,1.087,0.5,1.435,1120.2,2.89,203.75,0.39043,0.69257,,,,139.19,7895.16,2566.85,18860.8,2815.78,1511.83,2572.4,708.33,1535.76,,4233.85,2.18,16708.9,2749.785,2940.51,14.564,1903.63,6.6119,6.5826,7.795,118.42,1.9942,0.8401,2.7844,,33.78,22.5
2016-01-27,0.7027,337.0,32.3,,,33.1,,,98.902,1.0893,0.5,1.4234,1115.8,2.94,206.4,0.385,0.69143,,,,137.96,7959.51,2588.3,19052.45,2813.18,1514.49,2570.32,715.98,1531.38,,4128.86,2.189,17163.92,2735.558,2930.35,14.459,1882.95,6.6178,6.578,7.7958,118.68,1.9993,0.833,2.801,,32.21,23.11
2016-01-28,0.7084,325.0,33.22,,,33.89,,,98.51,1.094,0.5,1.4362,1115.6,2.94,205.15,0.38714,0.68757,,,,134.32,8028.58,2602.76,19195.83,2783.51,1518.29,2570.23,722.23,1532.68,,4186.06,2.182,17041.45,2655.661,2853.76,14.232,1893.36,6.615,6.5753,7.7926,118.82,1.9784,0.8172,2.7851,,30.12,22.42
2016-01-29,0.7084,317.0,33.62,,,34.74,,,99.606,1.0831,0.5,1.4244,1116.4,2.89,206.7,0.38429,0.68543,,,,134.02,8241.36,2665.0,19683.11,2877.51,1523.69,2578.84,742.37,1562.18,,4279.17,2.298,17518.3,2737.6,2946.09,14.243,1940.24,6.5936,6.576,7.7863,121.14,1.9209,0.7737,2.7438,,26.5,20.2
2016-01-31,,,,1.8,,,1.4,49.4,,,,,,,,,,2.5,,3.4,,,,,,,,,,47.6,,,,,,,,,,,,,,,4.8,,
2016-02-01,0.7114,314.0,31.62,,,34.24,,,99.009,1.0888,0.5,1.4433,1127.9,2.87,205.55,0.38286,0.68543,,,,132.99,8144.85,2655.53,19595.5,2913.91,1520.83,2570.02,742.74,1566.56,,4286.56,2.152,17865.23,2688.854,2901.05,14.343,1939.38,6.6203,6.5784,7.7782,120.99,1.9486,0.7975,2.7618,,25.82,19.98
2016-02-02,0.7039,310.0,29.88,,,32.72,,,98.872,1.0919,0.5,1.441,1127.3,2.87,205.5,0.37607,0.67507,,,,136.15,8058.83,2641.91,19446.84,2948.16,1513.18,2582.9,728.71,1538.92,,4193.1,2.025,17750.68,2749.57,2961.33,14.289,1903.03,6.6276,6.5798,7.7986,119.97,1.8448,0.7183,2.656,,24.8,21.98
2016-02-03,0.7169,303.0,32.28,,,35.04,,,97.288,1.1105,0.5,1.4603,1141.3,2.95,209.5,0.37571,0.67464,,,,138.62,7858.31,2579.06,18991.59,2859.72,1509.81,2576.48,721.65,1540.87,,4171.97,2.038,17191.25,2739.247,2948.64,14.734,1912.53,6.6106,6.577,7.7961,117.9,1.8861,0.7223,2.7126,,27.91,21.65
2016-02-04,0.7201,298.0,31.72,,,34.46,,,96.474,1.1209,0.5,1.4589,1157.6,2.92,213.15,0.37107,0.6715,,,,137.75,7974.4,2602.05,19183.09,2881.75,1511.45,2578.91,739.55,1548.86,,4167.77,1.972,17044.99,2781.023,2984.76,14.85,1915.45,6.5756,6.5696,7.7894,116.78,1.8395,0.6984,2.6757,,27.31,21.84
2016-02-05,0.7067,297.0,30.89,,,34.06,,,97.031,1.1158,0.5,1.4503,1157.8,2.89,210.3,0.36893,0.66936,,,,135.93,8054.87,2613.37,19288.17,2877.95,1506.58,2581.82,739.61,1523.87,,4024.47,2.063,16819.59,2763.492,2963.79,14.778,1880.05,6.5672,6.5743,7.7921,116.87,1.8357,0.7221,2.6683,,29.04,23.38
2016-02-08,0.7087,293.0,29.69,,,32.88,,,96.57,1.1193,0.5,1.4433,1197.9,,209.05,,,,,,,,,,,1488.09,2593.68,734.13,1498.54,,3960.67,2.14,17004.3,,,15.426,1853.44,6.5727,,7.7921,115.85,1.7483,0.6662,2.5764,,,26.0
2016-02-09,0.707,291.0,27.94,,,30.32,,,96.071,1.1293,0.5,1.4472,1198.7,,203.95,,,,,,,,,,,1480.64,2586.69,729.88,1488.54,,3947.8,2.098,16085.44,,,15.449,1852.21,6.5655,,7.7979,115.11,1.726,0.6901,2.5493,,,26.54
2016-02-10,0.7095,290.0,27.45,,,30.84,,,95.888,1.1292,0.5,1.4522,1194.7,,202.7,,,,,,,,,,,1485.45,2591.39,730.58,1486.76,,3966.28,2.046,15713.39,,,15.282,1851.86,6.546,,7.7934,113.35,1.6681,0.686,2.4872,,,26.29
2016-02-11,0.7109,290.0,26.21,,,30.06,,,95.562,1.1323,0.5,1.4477,1247.9,,200.65,0.36893,0.66973,,,,142.84,7657.92,2513.43,18545.8,2786.21,1468.74,2588.83,713.04,1468.9,,3962.22,1.994,,,,15.794,1829.08,6.5295,,7.7906,112.42,1.6591,0.6499,2.4977,,34.63,28.14
2016-02-12,0.7112,291.0,29.44,,,33.36,,,95.94,1.1256,0.5,1.4503,1239.1,,202.9,0.36464,0.66864,,,,146.0,7505.37,2480.02,18319.58,2752.31,1477.2,2573.29,711.24,1486.45,,4019.19,1.966,14952.61,,,15.79,1864.78,6.5084,,7.7891,113.25,1.7481,0.7137,2.604,,36.02,25.4
2016-02-15,0.7139,295.0,,,,33.39,,,95.94,1.1156,0.5,1.4435,,2.88,,0.3625,0.66864,,,,139.91,7863.84,2565.36,18918.14,2817.38,,,726.86,1503.96,,,,16022.58,2746.196,2946.71,,,6.5,6.4962,7.7849,114.6,1.7481,0.7137,2.604,,32.23,
2016-02-16,0.7111,301.0,29.04,,,32.18,,,96.868,1.1144,0.5,1.4306,1207.9,2.88,205.1,0.3675,0.66864,,,,140.23,8028.34,2596.83,19122.08,2868.15,1485.51,2572.61,731.4,1519.94,,4104.33,1.903,16054.43,2836.571,3037.04,15.334,1895.58,6.5192,6.5169,7.7913,114.07,1.7723,0.7197,2.6393,,30.37,24.11
2016-02-17,0.7185,307.0,30.66,,,34.5,,,96.786,1.1128,0.5,1.4294,1211.1,2.87,207.55,0.36964,0.66793,,,,142.63,7928.76,2574.59,18924.57,2844.92,1497.43,2567.32,735.78,1544.32,,4199.1,1.942,15836.36,2867.338,3063.32,15.377,1926.82,6.5249,6.5285,7.786,114.1,1.819,0.7419,2.6875,,31.85,22.31
2016-02-18,0.7157,313.0,30.77,,,34.28,,,96.951,1.1107,0.5,1.4337,1226.1,2.88,207.35,0.3515,0.64864,,,,138.36,8166.47,2638.96,19363.08,2955.5,1503.8,2582.72,746.24,1543.51,,4151.49,1.852,16196.8,2862.893,3053.7,15.432,1917.83,6.5228,6.5182,7.7816,113.24,1.7396,0.6933,2.6086,,28.61,21.64
2016-02-19,0.7148,315.0,29.64,,,33.01,,,96.6,1.113,0.5,1.4406,1230.4,2.87,207.65,0.34257,0.63579,,,,138.78,8112.57,2632.24,19285.5,2986.78,1500.02,2584.88,740.98,1538.17,,4164.09,1.804,15967.17,2860.021,3051.59,15.373,1917.78,6.5244,6.5223,7.7756,112.63,1.7449,0.7418,2.6048,,27.78,20.53
2016-02-22,0.7227,316.0,31.48,,,34.69,,,97.379,1.103,0.5,1.415,1209.5,2.89,211.5,0.34293,0.63436,,,,140.13,8221.37,2654.09,19464.09,2982.09,1507.82,2586.05,749.42,1558.02,,4231.27,1.821,16111.05,2927.175,3118.87,15.184,1945.5,6.5282,6.5218,7.7712,112.92,1.7518,0.75,2.604,,26.19,19.38
2016-02-23,0.7202,318.0,31.87,,,33.27,,,97.481,1.102,0.5,1.4022,1222.3,2.89,210.55,0.31586,0.62157,,,,138.9,8170.62,2644.15,19414.78,2967.0,1507.94,2591.52,744.76,1540.7,,4162.54,1.782,16052.05,2903.331,3089.36,15.24,1921.27,6.5336,6.5272,7.7678,112.1,1.7225,0.7337,2.5789,,26.7,20.98
2016-02-24,0.7196,322.0,32.15,,,34.41,,,97.458,1.1013,0.5,1.3927,1238.7,2.89,209.6,0.29321,0.60543,,,,141.1,8061.71,2617.52,19192.45,2936.8,1504.04,2590.07,736.53,1534.69,,4200.66,1.778,15915.79,2928.896,3109.55,15.297,1929.8,6.535,6.5317,7.7691,112.18,1.7484,0.7539,2.6056,,27.58,20.72
2016-02-25,0.7236,325.0,33.07,,,35.29,,,97.287,1.1018,0.5,1.3962,1238.2,2.9,206.65,0.27793,0.5995,,,,137.44,7871.94,2570.23,18888.75,2866.09,1512.65,2600.64,735.35,1553.9,,4241.06,1.711,16140.34,2741.245,2918.75,15.17,1951.7,6.5352,6.5335,7.7726,113.0,1.7157,0.7264,2.5941,,28.89,19.11
2016-02-26,0.7126,327.0,32.78,,,35.1,,,98.148,1.0934,0.5,1.3871,1220.4,2.91,211.8,0.26579,0.59119,,,,136.31,8034.3,2630.02,19364.15,2947.24,1523.78,2593.08,740.02,1554.47,,4235.62,1.791,16188.41,2767.21,2948.03,14.689,1948.05,6.5462,6.5404,7.777,114.0,1.7623,0.7934,2.6363,,26.61,19.81
2016-02-29,0.7141,329.0,33.75,2.3,,35.97,1.0,49.0,98.211,1.0873,0.5,1.3917,1234.4,2.9,212.85,0.26864,0.59079,3.0,,3.4,137.07,7916.34,2597.82,19111.93,2923.63,1532.4,2599.67,740.33,1547.17,49.2,4201.12,1.711,16026.76,2687.979,2877.47,14.896,1932.23,6.5521,6.552,7.7762,112.69,1.7347,0.7737,2.6156,4.9,27.85,20.55
2016-03-01,0.7175,332.0,34.4,,,36.81,,,98.352,1.0868,0.5,1.3952,1230.8,2.89,214.15,0.2565,0.58103,,,,136.13,8068.29,2638.14,19407.46,2975.93,1545.98,2588.83,752.92,1575.31,,4333.61,1.742,16085.51,2733.17,2930.69,14.733,1978.35,6.5485,6.5521,7.7717,114.01,1.8249,0.8391,2.6978,,26.0,17.7
2016-03-02,0.7295,335.0,34.66,,,36.93,,,98.214,1.0868,0.5,1.4078,1241.8,2.9,217.75,0.24643,0.57886,,,,135.3,8374.09,2720.28,20003.49,3071.35,1555.62,2593.11,769.1,1588.08,,4334.39,1.678,16746.55,2849.681,3051.33,15.003,1986.45,6.5468,6.551,7.7739,113.48,1.8406,0.8412,2.6845,,25.16,17.09
2016-03-03,0.7352,342.0,34.57,,,37.07,,,97.592,1.0957,0.5,1.4178,1258.2,2.92,220.45,0.245,0.57765,,,,135.76,8390.79,2713.79,19941.76,3038.94,1560.62,2600.36,780.19,1598.26,,4325.86,1.639,16960.16,2859.758,3058.42,15.131,1993.4,6.5223,6.5347,7.7682,113.69,1.8337,0.8452,2.658,,24.88,16.7
2016-03-04,0.7439,349.0,35.92,,,38.72,,,97.34,1.1005,0.5,1.4229,1270.7,2.92,227.1,0.24036,0.57554,,,,136.8,8557.69,2750.4,20176.7,3062.16,1571.69,2597.54,790.97,1608.04,,4329.0,1.666,17014.78,2874.147,3093.89,15.681,1999.99,6.5028,6.508,7.7624,113.74,1.8741,0.8616,2.6947,,23.74,16.86
2016-03-07,0.7469,354.0,37.9,,,40.84,,,97.071,1.1014,0.5,1.4265,1264.0,,228.05,0.24429,0.57571,,,,135.4,8626.31,2752.01,20159.72,3071.69,1576.75,2601.46,795.18,1607.63,,4303.33,1.69,16911.32,2897.34,3104.84,15.623,2001.76,6.5098,6.5168,7.7639,113.46,1.9057,0.9057,2.7057,,23.98,17.35
2016-03-08,0.7439,366.0,36.5,,,39.65,,,97.209,1.1011,0.5,1.4215,1262.9,2.95,221.85,0.23757,0.57156,,,,137.92,8505.22,2729.11,20011.58,3043.6,1575.33,2614.44,788.09,1593.66,,4265.51,1.712,16783.15,2901.387,3107.67,15.384,1979.26,6.5083,6.5047,7.7667,112.62,1.8287,0.8659,2.6348,,24.67,18.67
2016-03-09,0.7486,376.0,38.29,,,41.07,,,97.173,1.0999,0.5,1.4217,1257.4,2.94,223.0,0.23446,0.56857,,,,138.54,8441.48,2719.72,19996.26,3010.19,1572.44,2607.91,787.69,1598.47,,4293.23,1.752,16642.2,2862.556,3071.91,15.355,1989.26,6.5119,6.513,7.7664,113.35,1.876,0.8901,2.662,,24.37,18.34
2016-03-10,0.7454,384.0,37.84,,,40.05,,,96.066,1.1177,0.5,1.4281,1272.8,2.92,221.75,0.23375,0.56857,,,,135.86,8420.14,2714.12,19984.42,2974.74,1577.75,2608.39,790.74,1597.09,,4286.97,1.788,16852.35,2804.725,3013.15,15.546,1989.57,6.5048,6.5085,7.7623,113.19,1.9323,0.9265,2.6947,,23.95,18.05
2016-03-11,0.7565,388.0,38.5,,,40.39,,,96.172,1.1156,0.5,1.4382,1259.4,2.89,223.85,0.23304,0.56786,,,,135.17,8561.37,2748.54,20199.6,3014.77,1590.08,2610.92,800.91,1626.17,,4361.83,1.822,16938.87,2810.308,3018.28,15.607,2022.19,6.4819,6.4945,7.7593,113.86,1.9839,0.9554,2.7532,,22.74,16.5
2016-03-14,0.7515,393.0,37.18,,,39.53,,,96.624,1.1103,0.5,1.4302,1245.1,2.88,223.7,0.23054,0.56568,,,,133.94,8686.27,2781.85,20435.34,3042.24,1594.14,2622.6,803.45,1627.5,,4367.33,1.819,17233.75,2859.499,3065.69,15.518,2019.64,6.4939,6.5,7.7589,113.82,1.9592,0.9557,2.7318,,21.81,16.92
2016-03-15,0.7457,396.0,36.34,,,38.74,,,96.633,1.1109,0.5,1.4151,1231.0,2.89,223.1,0.22875,0.56516,,,,135.66,8605.63,2759.62,20288.77,3040.67,1589.12,2624.46,790.68,1619.16,,4367.08,1.851,17117.07,2864.368,3074.78,15.255,2015.93,6.5118,6.5145,7.7612,113.18,1.9699,0.9641,2.731,,21.35,16.84
2016-03-16,0.7553,393.0,38.46,,,40.33,,,95.89,1.1224,0.5,1.4259,1229.8,2.88,223.15,0.22714,0.56514,,,,137.71,8571.36,2748.38,20257.7,3041.7,1586.96,2628.15,791.18,1621.47,,4404.2,1.868,16974.45,2870.43,3090.03,15.214,2027.22,6.4853,6.522,7.7584,112.56,1.9081,0.855,2.7105,,21.65,14.99
2016-03-17,0.7649,392.0,40.2,,,41.54,,,94.76,1.1318,0.5,1.4482,1265.0,2.87,228.9,0.22429,0.5576,,,,135.44,8773.83,2788.89,20503.81,3112.71,1597.11,2637.1,816.9,1643.0,,4400.26,1.936,16936.38,2904.832,3124.2,16.022,2040.59,6.4561,6.4773,7.7551,111.39,1.8958,0.8633,2.6854,,20.21,14.44
2016-03-18,0.7608,395.0,39.44,,,41.2,,,95.086,1.127,0.5,1.4476,1254.3,2.88,227.95,0.225,0.55732,,,,134.63,8883.01,2817.29,20671.63,3158.0,1606.54,2646.14,826.75,1645.57,,4410.83,1.907,16724.81,2955.15,3171.96,15.806,2049.58,6.4645,6.4716,7.755,111.55,1.8732,0.8353,2.6753,,20.05,14.02
2016-03-21,0.7578,398.0,39.91,,,41.54,,,95.288,1.1241,0.5,1.4369,1244.2,2.88,228.95,0.22857,0.56,,,,135.28,8928.65,2830.59,20684.15,3222.85,1609.14,2640.42,829.06,1643.68,,4426.98,1.828,,3018.802,3249.44,15.841,2051.6,6.4854,6.4845,7.7528,111.95,1.9155,0.872,2.7169,,19.99,13.79
2016-03-22,0.7622,398.0,41.45,,,41.79,,,95.648,1.1217,0.5,1.4208,1248.6,2.89,228.45,0.22929,0.56248,,,,134.51,8900.19,2826.13,20666.75,3228.43,1607.16,2644.22,830.51,1643.58,,4437.62,1.863,17048.55,2999.363,3225.79,15.877,2049.8,6.4939,6.4902,7.7533,112.37,1.9403,0.8865,2.7224,,20.78,14.17
2016-03-23,0.7532,401.0,39.79,,,40.47,,,96.046,1.1181,0.5,1.4117,1224.0,2.89,223.05,0.22786,0.55974,,,,135.04,8873.33,2817.29,20615.23,3215.34,1604.76,2657.8,821.71,1631.27,,4402.56,1.794,17000.98,3009.96,3236.09,15.263,2036.71,6.5071,6.5066,7.7545,112.38,1.8786,0.852,2.6582,,20.04,14.94
2016-03-24,0.7528,406.0,39.46,,,40.44,,,96.142,1.1174,0.5,1.4153,1221.6,2.87,222.45,0.23054,0.56214,,,,135.03,8701.13,2783.27,20345.61,3198.53,1595.02,2651.6,813.61,1622.21,,4405.53,1.806,16892.33,2960.97,3181.85,15.191,2035.94,6.5232,6.5147,7.7586,112.9,1.9,0.8689,2.673,,20.97,14.74
2016-03-25,0.7507,,,,,,,,96.273,1.1167,0.5,1.4132,,2.85,,,,,,,135.61,,,,,,,812.32,1623.71,,,,17002.75,2979.434,3197.82,,,6.5258,6.516,7.7574,113.08,1.9,0.8689,2.673,,,
2016-03-28,0.7545,,39.39,,,40.27,,,95.943,1.1196,0.5,1.4254,1220.1,2.88,224.15,,,,,,134.49,,,,,1593.75,2656.12,813.04,1627.63,,4398.06,1.848,17134.37,2957.82,3169.73,15.194,2037.05,6.5175,6.5075,7.7574,113.45,1.886,0.865,2.6567,,,15.24
2016-03-29,0.7627,409.0,38.28,,,39.14,,,95.16,1.1291,0.5,1.4384,1235.8,2.88,220.85,0.22911,0.55929,,,,133.5,8726.93,2784.18,20366.3,3178.93,1588.66,2664.92,814.83,1635.87,,4467.72,1.903,17103.53,2919.832,3135.41,15.237,2055.01,6.4929,6.5078,7.7556,112.7,1.8035,0.7843,2.5996,,21.61,13.82
2016-03-30,0.7671,414.0,38.32,,,39.26,,,94.841,1.1338,0.5,1.4378,1226.9,2.89,219.0,0.23054,0.56125,,,,133.83,8979.41,2841.49,20803.39,3224.31,1596.51,2662.77,833.98,1652.89,,4490.88,1.996,16878.96,3000.645,3216.28,15.211,2063.95,6.4766,6.4683,7.7535,112.43,1.8228,0.7567,2.6528,,19.94,13.56
2016-03-31,0.7657,429.0,38.34,2.3,6.8,39.6,0.9,50.2,94.586,1.138,0.5,1.436,1234.2,2.89,218.3,0.22839,0.55911,2.9,1.1,3.4,133.66,9003.25,2844.78,20776.7,3241.03,1600.51,2671.78,836.8,1648.12,51.0,4483.66,1.959,16758.67,3003.915,3218.09,15.464,2059.74,6.4639,6.4536,7.7572,112.57,1.7687,0.7211,2.6119,5.0,20.45,13.95
2016-04-01,0.7677,450.0,36.79,,,38.67,,,94.619,1.1391,0.5,1.4227,1222.2,2.88,216.3,0.22768,0.55624,,,,136.67,8842.86,2808.87,20498.92,3209.42,1600.35,2670.59,826.19,1640.14,,4532.08,1.956,16164.16,3009.53,3221.89,15.046,2072.78,6.4714,6.4818,7.7543,111.69,1.7705,0.7224,2.5997,,22.11,13.1
2016-04-04,0.7605,471.0,35.7,,,37.69,,,94.51,1.1391,0.5,1.4264,1218.0,,214.05,,,,,,,,,,,1603.23,2674.95,826.78,1640.75,,4511.7,1.998,16123.27,,,14.944,2066.13,6.472,,7.7546,111.34,1.7618,0.7361,2.5966,,,14.12
2016-04-05,0.7543,487.0,35.89,,,37.87,,,94.631,1.1384,0.5,1.4161,1228.4,2.89,213.8,0.22929,0.55643,,,,139.72,8679.04,2772.43,20177.0,3176.77,1599.09,2684.66,812.97,1618.53,,4470.75,1.954,15732.82,3053.065,3264.49,15.116,2045.17,6.4854,6.4771,7.757,110.34,1.7201,0.72,2.5442,,23.62,15.42
2016-04-06,0.7599,500.0,37.75,,,39.84,,,94.43,1.1399,0.5,1.4123,1222.5,2.89,214.35,0.22214,0.55554,,,,138.97,8668.63,2777.31,20206.67,3223.88,1604.33,2680.71,809.03,1633.41,,4543.78,1.911,15715.36,3050.592,3257.53,15.054,2066.66,6.4822,6.4809,7.7565,109.79,1.7549,0.7317,2.5844,,22.29,14.09
2016-04-07,0.7505,517.0,37.26,,,39.43,,,94.482,1.1378,0.5,1.4056,1236.2,2.91,207.65,0.22429,0.55643,,,,137.8,8647.33,2784.66,20266.05,3225.96,1603.26,2693.05,809.29,1621.66,,4475.29,2.018,15749.84,3008.42,3209.29,15.158,2041.91,6.4865,6.4625,7.7613,108.21,1.6889,0.6878,2.5149,,21.6,16.16
2016-04-08,0.7556,539.0,39.72,,,41.94,,,94.235,1.1399,0.5,1.4128,1242.5,2.91,208.7,0.225,0.55787,,,,136.03,8704.81,2794.95,20370.4,3215.62,1607.6,2685.98,816.82,1632.2,,4474.93,1.99,15821.52,2984.958,3185.73,15.384,2047.6,6.479,6.4636,7.7581,108.07,1.7167,0.695,2.5525,,21.28,15.36
2016-04-11,0.7595,555.0,40.36,,,42.83,,,93.95,1.1408,0.5,1.4239,1256.7,2.93,209.05,0.22643,0.55696,,,,135.97,8807.06,2812.57,20440.81,3247.36,1611.15,2687.16,824.01,1632.14,,4458.71,1.912,15751.13,3033.957,3230.1,15.976,2041.99,6.4691,6.4592,7.7547,107.94,1.7254,0.6987,2.5616,,20.63,16.26
2016-04-12,0.7684,560.0,42.17,,,44.69,,,93.959,1.1386,0.5,1.4275,1259.4,2.92,214.7,0.22571,0.55696,,,,135.39,8841.86,2821.97,20504.44,3281.22,1616.95,2680.96,830.88,1644.22,,4496.04,2.004,15928.79,3023.647,3218.45,16.222,2061.72,6.474,6.4645,7.7544,108.54,1.7761,0.7385,2.5989,,20.1,14.85
2016-04-13,0.7653,567.0,41.76,,,44.18,,,94.744,1.1274,0.5,1.4204,1246.8,2.94,216.8,0.22643,0.55603,,,,132.22,9191.49,2904.22,21158.71,3329.2,1628.2,2688.5,844.15,1666.17,,4554.72,2.036,16381.22,3066.638,3261.38,16.325,2082.42,6.4848,6.4784,7.7561,109.34,1.7639,0.7464,2.5837,,20.39,13.84
2016-04-14,0.7695,597.0,41.5,,,43.84,,,94.902,1.1268,0.5,1.4155,1225.0,2.95,217.1,0.22857,0.54857,,,,131.53,9237.9,2923.23,21337.81,3337.42,1632.44,2687.79,845.45,1671.96,,4554.63,1.97,16911.05,3082.362,3275.83,16.173,2082.78,6.4928,6.4826,7.7565,109.4,1.7919,0.7663,2.6005,,20.63,13.72
2016-04-15,0.7725,635.0,40.36,,,43.1,,,94.696,1.1284,0.5,1.4202,1233.1,2.94,215.3,0.22857,0.5475,,,,131.9,9214.98,2922.11,21316.47,3352.19,1632.58,2695.27,846.7,1670.47,,4543.16,1.902,16848.03,3078.116,3272.21,16.313,2080.73,6.486,6.4755,7.7559,108.76,1.7518,0.7335,2.5593,,19.83,13.62
2016-04-18,0.775,659.0,39.78,,,42.91,,,94.49,1.1313,0.5,1.4278,1233.6,2.92,216.45,0.22857,0.54777,,,,132.3,9090.85,2899.03,21161.5,3351.24,1632.49,2692.09,843.68,1675.32,,4569.32,1.94,16275.95,3033.66,3228.45,16.253,2094.34,6.4841,6.4752,7.7551,108.82,1.7711,0.7414,2.5799,,20.46,13.35
2016-04-19,0.7813,671.0,41.08,,,44.03,,,93.976,1.1358,0.5,1.4398,1253.0,2.91,222.35,0.22714,0.54321,,,,130.58,9244.45,2935.61,21436.21,3371.82,1642.83,2696.44,852.73,1692.91,,4537.09,2.088,16874.44,3042.823,3238.3,16.972,2100.8,6.4686,6.46,7.7548,109.21,1.7851,0.7574,2.5936,,19.68,13.24
2016-04-20,0.7794,669.0,42.63,,,45.8,,,94.492,1.1297,0.5,1.4332,1253.2,2.93,223.8,0.22786,0.5425,,,,131.32,9134.42,2903.43,21236.31,3307.23,1649.86,2689.85,849.45,1695.05,,4540.44,2.069,16906.54,2972.584,3181.03,17.135,2102.4,6.4817,6.4684,7.7556,109.84,1.845,0.7937,2.6538,,20.17,13.28
2016-04-21,0.7738,670.0,43.18,,,44.53,,,94.599,1.1288,0.5,1.4323,1249.0,2.95,225.1,0.22929,0.54607,,,,129.27,9248.4,2948.42,21622.25,3343.83,1651.02,2691.83,853.69,1690.45,,4540.8,2.068,17363.62,2952.891,3160.6,17.09,2091.48,6.4877,6.4823,7.7578,109.46,1.861,0.8058,2.6842,,19.82,13.95
2016-04-22,0.7708,688.0,43.73,,,45.11,,,95.116,1.1222,0.5,1.4403,1228.7,2.95,226.45,0.22857,0.54536,,,,130.95,9120.91,2925.0,21467.04,3335.98,1650.56,2692.31,845.21,1686.17,,4474.19,2.14,17572.49,2959.24,3174.9,16.9,2091.58,6.5043,6.4995,7.7573,111.79,1.8878,0.8178,2.707,,19.99,13.22
2016-04-25,0.7715,690.0,42.64,,,44.48,,,94.842,1.1268,0.5,1.4482,1238.9,2.95,225.25,0.22714,0.5475,,,,132.34,8986.33,2900.54,21304.44,3341.54,1649.12,2690.67,839.2,1682.68,,4474.13,2.063,17439.3,2946.67,3162.03,17.009,2087.79,6.5062,6.4928,7.7559,111.2,1.9128,0.8299,2.7332,,20.49,14.08
2016-04-26,0.7749,704.0,44.04,,,45.74,,,94.573,1.1297,0.5,1.4582,1242.2,2.94,224.2,0.23,0.54794,,,,132.53,9016.12,2907.27,21407.27,3305.65,1651.67,2687.78,842.63,1685.65,,4452.97,2.032,17353.28,2964.7,3179.16,17.11,2091.7,6.5027,6.4935,7.7554,111.31,1.9271,0.8608,2.7539,,20.24,13.96
2016-04-27,0.7591,715.0,45.33,,,47.18,,,94.387,1.1322,0.5,1.4543,1249.2,2.94,221.65,0.22643,0.54679,,,,131.62,9037.48,2900.37,21361.6,3296.73,1656.36,2700.26,843.17,1685.95,,4416.64,1.995,17290.49,2953.671,3165.92,17.289,2095.15,6.5045,6.498,7.756,111.46,1.8508,0.8173,2.7008,,20.51,13.77
2016-04-28,0.7625,710.0,46.03,,,48.14,,,93.761,1.1352,0.5,1.4609,1266.4,2.91,222.45,0.22214,0.54607,,,,131.37,9060.93,2902.07,21388.03,3315.17,1663.75,2703.17,844.06,1677.34,,4363.99,2.078,16666.05,2945.588,3160.58,17.553,2075.81,6.4839,6.4759,7.7579,108.11,1.8243,0.7816,2.6796,,20.15,15.22
2016-04-29,0.7603,703.0,45.92,,,48.13,,,93.082,1.1451,0.5,1.4612,1290.5,2.92,227.9,0.22714,0.54536,,,,132.41,8939.47,2867.32,21067.05,3275.92,1663.17,2708.36,840.19,1670.8,,4341.3,2.178,,2938.324,3156.75,17.789,2065.3,6.4869,6.478,7.7572,106.5,1.8333,0.7816,2.6781,,20.78,15.7
2016-04-30,,,,2.3,,,1.1,50.1,,,,,,,,,,2.7,,3.4,,,,,,,,,,51.3,,,,,,,,,,,,,,,5.1,,
2016-05-02,0.7667,,44.78,,,45.83,,,92.626,1.1534,0.5,1.4673,1295.8,,226.15,,,,,,,,,,,1663.38,2700.32,835.57,1675.64,,4381.3,2.042,16147.38,,,17.656,2081.43,6.4798,,7.7585,106.41,1.8723,0.7896,2.7245,,,14.68
2016-05-03,0.7485,682.0,43.65,,,44.97,,,92.944,1.1496,0.5,1.4535,1291.8,2.91,221.45,0.22571,0.54679,,,,136.46,8748.7,2823.04,20676.94,3228.89,1657.39,2709.57,821.09,1658.64,,4341.39,2.086,,2992.643,3213.54,17.474,2063.37,6.5036,6.4945,7.7623,106.6,1.7963,0.754,2.6578,,22.48,15.6
2016-05-04,0.7457,652.0,43.78,,,44.62,,,93.179,1.1487,0.5,1.4496,1274.4,2.91,218.3,0.22714,0.54821,,,,136.47,8697.37,2806.69,20525.83,3218.41,1653.52,2709.22,813.52,1644.01,,4312.01,2.141,,2991.272,3209.46,17.277,2051.12,6.5171,6.5101,7.7626,107.01,1.7752,0.7381,2.6322,,22.54,16.05
2016-05-05,0.7465,642.0,44.32,,,45.01,,,93.78,1.1405,0.5,1.4485,1272.3,2.91,215.1,0.22643,0.54464,,,,137.57,8626.73,2792.77,20449.82,3186.94,1652.99,2715.07,809.46,1641.16,,4309.48,2.076,,2997.842,3213.92,17.302,2050.63,6.5195,6.5102,7.762,107.26,1.7453,0.7182,2.6029,,22.08,15.91
2016-05-06,0.7366,631.0,44.66,,,45.37,,,93.888,1.1404,0.5,1.4427,1294.0,2.93,215.1,0.22714,0.54464,,,,137.44,8471.7,2745.17,20109.87,3103.36,1647.61,2707.99,805.34,1643.19,,4330.17,2.101,16106.72,2913.248,3130.35,17.507,2057.14,6.5194,6.496,7.7618,107.12,1.7789,0.734,2.6276,,22.39,14.72
2016-05-09,0.7316,616.0,43.44,,,43.63,,,94.128,1.1383,0.5,1.4407,1266.6,2.92,210.4,0.22714,0.54321,,,,135.55,8450.72,2745.08,20156.81,3097.0,1647.29,2709.34,800.91,1642.89,,4341.23,2.098,16216.03,2832.113,3065.62,17.07,2058.69,6.5411,6.5169,7.764,108.32,1.7507,0.706,2.6083,,21.84,14.57
2016-05-10,0.7363,594.0,44.66,,,45.52,,,94.29,1.1372,0.5,1.4442,1264.8,2.91,209.0,0.22714,0.54464,,,,134.95,8486.16,2753.49,20242.68,3084.26,1651.06,2710.79,806.91,1662.31,,4402.04,2.158,16565.19,2832.591,3069.11,17.075,2084.39,6.5367,6.5208,7.762,109.27,1.7613,0.722,2.6122,,20.62,13.63
2016-05-11,0.7375,579.0,46.23,,,47.6,,,93.823,1.1426,0.5,1.4448,1275.5,2.91,210.1,0.21768,0.5321,,,,136.15,8443.67,2740.5,20055.29,3125.12,1655.67,2715.88,807.97,1653.38,,4361.03,2.173,16579.01,2837.037,3082.81,17.302,2064.46,6.5278,6.4985,7.7607,108.41,1.7367,0.7279,2.5807,,20.36,14.69
2016-05-12,0.7325,579.0,46.7,,,48.08,,,94.15,1.1377,0.5,1.4451,1271.2,,207.3,0.20714,0.52929,,,,137.19,8413.72,2723.35,19915.46,3113.94,1656.32,2708.43,806.68,1649.91,,4342.81,2.155,16646.34,2835.862,3090.14,17.087,2064.11,6.5486,6.5167,7.7598,109.02,1.7516,0.754,2.5983,,20.86,14.41
2016-05-13,0.7271,600.0,46.21,,,47.83,,,94.608,1.1309,0.5,1.4365,1272.7,,207.5,0.20808,0.52268,,,,138.76,8301.39,2693.28,19719.29,3088.54,1655.06,2718.37,796.07,1635.92,,4326.53,2.096,16412.21,2827.109,3074.94,17.115,2046.61,6.5561,6.532,7.764,108.63,1.7001,0.7459,2.5486,,22.25,15.04
2016-05-16,0.7289,613.0,47.72,,,48.97,,,94.572,1.1321,0.5,1.4402,1274.2,,209.1,0.20786,0.51679,,,,138.71,8312.61,2713.27,19883.95,3111.53,1658.42,2709.36,797.43,1648.49,,4380.48,2.029,16466.4,2850.862,3095.31,17.142,2066.66,6.549,6.5205,7.7637,109.03,1.7533,0.7863,2.5956,,22.75,14.68
2016-05-17,0.7325,643.0,48.31,,,49.28,,,94.548,1.1313,0.5,1.4463,1276.9,,209.2,0.20286,0.51438,,,,136.85,8425.78,2746.14,20118.8,3140.63,1660.69,2709.56,801.64,1641.63,,4322.56,2.048,16652.8,2843.684,3086.02,17.235,2047.21,6.5475,6.5204,7.7627,109.14,1.7723,0.8309,2.5994,,21.85,15.57
2016-05-18,0.7229,642.0,48.19,,,48.93,,,95.08,1.1216,0.5,1.4599,1274.4,,208.15,0.20143,0.51107,,,,138.73,8301.01,2709.75,19826.41,3108.27,1660.47,2688.63,794.22,1641.15,,4338.23,2.001,16644.69,2807.514,3068.04,17.12,2047.63,6.5784,6.5386,7.7649,110.19,1.8538,0.8918,2.6595,,23.09,15.95
2016-05-19,0.7228,634.0,48.16,,,48.81,,,95.287,1.1203,0.5,1.4611,1254.8,2.96,206.3,0.19929,0.51321,,,,139.4,8243.2,2691.05,19694.33,3094.45,1653.69,2695.91,781.84,1627.61,,4315.58,2.039,16646.66,2806.906,3062.5,16.479,2040.04,6.5627,6.5495,7.7674,109.96,1.8487,0.8819,2.6417,,22.46,16.33
2016-05-20,0.7222,625.0,47.75,,,48.72,,,95.334,1.1224,0.5,1.4502,1252.9,2.95,205.85,0.20071,0.51491,,,,138.88,8303.58,2704.62,19852.2,3060.86,1658.37,2694.1,785.26,1639.85,,4362.9,2.062,16736.35,2825.483,3078.22,16.519,2052.32,6.5645,6.549,7.7691,110.15,1.8384,0.8763,2.6286,,21.92,15.2
2016-05-23,0.7224,624.0,48.08,,,48.35,,,95.231,1.122,0.5,1.4484,1251.5,,205.75,0.19786,0.51268,,,,138.62,8308.21,2700.21,19809.03,3080.82,1660.15,2695.14,788.9,1635.62,,4355.1,2.055,16654.6,2843.645,3087.22,16.41,2048.04,6.5618,6.5557,7.7678,109.24,1.835,0.8969,2.6232,,21.98,15.82
2016-05-24,0.7183,618.0,48.62,,,48.61,,,95.571,1.1141,0.5,1.4636,1229.2,2.96,206.95,0.19929,0.51482,,,,137.91,8306.56,2701.38,19830.43,3089.42,1664.3,2693.31,787.99,1654.36,,4444.3,1.98,16498.76,2821.666,3063.56,16.238,2076.06,6.5663,6.5571,7.7687,109.99,1.8629,0.9094,2.644,,21.36,14.42
2016-05-25,0.7198,605.0,49.56,,,49.74,,,95.354,1.1155,0.5,1.4697,1223.8,2.95,210.5,0.20071,0.51554,,,,134.52,8536.38,2761.0,20368.05,3122.6,1668.99,2694.26,799.68,1668.87,,4476.43,1.992,16757.35,2815.086,3059.23,16.255,2090.54,6.5654,6.558,7.7657,110.19,1.8664,0.9185,2.6634,,21.03,13.9
2016-05-26,0.7226,601.0,49.48,,,49.59,,,95.168,1.1194,0.5,1.467,1220.4,2.96,210.65,0.20071,0.51482,,,,134.99,8526.19,2764.83,20397.11,3117.75,1671.06,2705.83,802.93,1672.12,,4487.96,1.963,16772.46,2822.443,3064.21,16.338,2090.1,6.5585,6.5585,7.7667,109.76,1.8282,0.8671,2.6409,,20.8,13.43
2016-05-27,0.7182,606.0,49.33,,,49.32,,,95.521,1.1115,0.5,1.4623,1213.8,2.96,211.4,0.19929,0.51768,,,,133.75,8595.28,2789.25,20576.77,3165.76,1671.15,2704.26,808.29,1676.07,,4512.54,2.169,16834.84,2821.046,3062.5,16.269,2099.06,6.5762,6.5655,7.7662,110.31,1.851,0.9086,2.6464,,21.32,13.12
2016-05-30,0.7183,,,,,49.76,,,95.521,1.1138,0.5,1.464,,2.97,,0.20911,0.53446,,,,133.51,8624.76,2798.26,20629.39,3216.39,,,807.66,1676.84,,,,17068.02,2822.451,3066.71,,,6.5904,6.5833,7.7695,111.12,1.851,0.9086,2.6464,,21.96,
2016-05-31,0.7234,612.0,49.1,2.0,,49.69,1.0,50.1,95.891,1.1132,0.5,1.4483,1214.8,2.97,209.55,0.23321,0.53786,2.6,,3.4,135.53,8704.9,2826.28,20815.09,3239.42,1673.44,2706.27,807.45,1674.61,51.4,4523.89,2.288,17234.98,2916.616,3169.56,15.994,2096.96,6.5865,6.5854,7.7712,110.73,1.8458,0.877,2.6479,4.8,21.77,14.19
2016-06-01,0.7257,612.0,49.01,,,49.72,,,95.455,1.1188,0.5,1.4416,1211.9,3.0,207.3,0.2325,0.53839,,,,134.88,8708.29,2818.29,20760.98,3244.85,1670.03,2704.25,807.22,1672.86,,4520.07,2.381,16955.73,2913.508,3160.55,15.927,2099.33,6.5869,6.58,7.7709,109.54,1.8354,0.8988,2.6164,,21.49,14.2
2016-06-02,0.7229,606.0,49.17,,,50.04,,,95.564,1.1151,0.5,1.4423,1209.8,3.02,207.0,0.23321,0.53625,,,,134.42,8756.38,2827.87,20859.22,3257.31,1672.0,2710.75,809.34,1673.77,,4531.35,2.405,16562.55,2925.23,3167.1,16.025,2105.26,6.5877,6.5845,7.7702,108.87,1.7989,0.8869,2.5805,,21.22,13.63
2016-06-03,0.7367,610.0,48.62,,,49.64,,,94.029,1.1367,0.5,1.4518,1240.1,3.01,211.3,0.22464,0.53393,,,,133.84,8809.81,2840.59,20947.24,3275.37,1673.9,2727.6,816.18,1678.58,,4509.79,2.398,16642.23,2938.682,3189.33,16.365,2099.13,6.5421,6.5492,7.7683,106.53,1.7004,0.7716,2.5097,,20.95,13.47
2016-06-06,0.7366,607.0,49.69,,,50.55,,,93.902,1.1355,0.5,1.4442,1244.6,,211.75,0.22321,0.5325,,,,133.43,8865.35,2852.04,21030.22,3286.78,1680.34,2724.9,823.26,1686.39,,4523.63,2.466,16580.03,2934.098,3178.79,16.447,2109.41,6.5663,6.5637,7.7676,107.56,1.7367,0.7953,2.557,,20.88,13.65
2016-06-07,0.7459,606.0,50.36,,,51.44,,,93.828,1.1358,0.5,1.4545,1244.4,3.01,205.1,0.2275,0.53464,,,,131.12,9004.3,2894.22,21328.24,3359.18,1686.29,2729.24,835.9,1694.29,,4513.09,2.474,16675.45,2936.045,3177.05,16.394,2112.13,6.576,6.5715,7.7657,107.37,1.7177,0.7833,2.5419,,20.06,14.05
2016-06-08,0.7471,610.0,51.23,,,52.51,,,93.59,1.1395,0.5,1.4504,1259.8,3.02,206.15,0.22786,0.53393,,,,130.64,9027.82,2883.58,21297.88,3308.9,1692.93,2733.57,842.38,1699.29,,4520.63,2.468,16830.92,2927.159,3163.99,16.985,2119.12,6.5666,6.5624,7.7603,106.99,1.7022,0.7752,2.5082,,19.56,14.08
2016-06-09,0.7431,611.0,50.56,,,51.95,,,93.953,1.1316,0.5,1.4458,1270.2,,203.9,,,,,,,,,,,1692.72,2739.69,837.03,1688.66,,4512.69,2.617,16668.41,,,17.268,2115.48,6.5847,,7.7616,107.1,1.6867,0.767,2.4873,,,14.64
2016-06-10,0.7373,610.0,49.07,,,50.54,,,94.571,1.1251,0.5,1.4257,1273.4,,203.05,0.23,0.53786,,,,134.18,8831.97,2839.48,21042.64,3233.9,1690.31,2743.66,823.82,1665.22,,4461.05,2.556,16601.36,,,17.33,2096.07,6.6044,,7.7626,106.97,1.6404,0.7265,2.4511,,20.62,17.03
2016-06-13,0.7387,609.0,48.88,,,50.35,,,94.362,1.1292,0.5,1.427,1284.4,3.0,205.35,0.23268,0.53971,,,,133.85,8619.92,2770.98,20512.99,3154.99,1688.04,2744.15,809.46,1645.64,,4422.76,2.585,16019.18,2833.071,3066.34,17.443,2079.06,6.5972,6.5857,7.7631,106.26,1.6096,0.7143,2.4262,,24.69,20.97
2016-06-14,0.7358,608.0,48.49,,,49.83,,,94.928,1.1207,0.5,1.4114,1285.6,2.96,204.05,0.22786,0.53389,,,,134.69,8583.09,2755.62,20387.53,3152.06,1679.62,2739.07,803.06,1630.45,,4424.91,2.604,15859.0,2842.189,3075.98,17.424,2075.32,6.6066,6.597,7.7602,106.11,1.613,0.7221,2.4233,,26.32,20.5
2016-06-15,0.7407,604.0,48.01,,,48.97,,,94.61,1.126,0.5,1.4204,1285.8,2.96,209.1,0.22643,0.53027,,,,134.95,8609.59,2770.52,20467.52,3209.56,1679.78,2742.25,808.19,1633.8,,4409.51,2.595,15919.58,2887.21,3116.37,17.503,2071.5,6.5945,6.5818,7.76,106.01,1.572,0.6696,2.4065,,25.09,20.14
2016-06-16,0.7363,598.0,46.21,,,47.19,,,94.569,1.1225,0.5,1.4203,1296.1,2.96,204.8,0.22429,0.53071,,,,137.0,8409.81,2719.05,20038.42,3151.92,1673.59,2746.91,799.78,1628.13,,4424.23,2.58,15434.14,2872.817,3094.67,17.607,2077.99,6.5977,6.5915,7.7592,104.26,1.5788,0.6854,2.3963,,26.64,19.37
2016-06-17,0.7387,587.0,47.98,,,49.17,,,94.206,1.1277,0.5,1.4358,1292.5,2.95,205.1,0.22048,0.52714,,,,135.93,8485.87,2740.4,20169.98,3172.17,1676.93,2738.74,806.22,1635.78,,4374.38,2.623,15599.66,2885.105,3110.36,17.411,2071.22,6.5973,6.587,7.7606,104.16,1.6078,0.6927,2.4196,,25.33,19.41
2016-06-20,0.7457,582.0,49.37,,,50.65,,,93.611,1.1314,0.5,1.4698,1290.0,2.96,209.3,0.22071,0.53,,,,133.98,8639.51,2779.93,20510.2,3191.94,1686.81,2737.78,821.17,1664.14,,4400.16,2.747,15965.3,2888.809,3112.67,17.514,2083.25,6.5901,6.582,7.7608,103.94,1.6886,0.7451,2.4955,,24.23,18.37
2016-06-21,0.745,580.0,48.85,,,50.62,,,94.017,1.1242,0.5,1.4652,1270.5,2.96,211.6,0.22429,0.52893,,,,133.25,8704.4,2799.23,20668.44,3216.79,1687.87,2735.23,825.35,1668.78,,4413.4,2.768,16169.11,2878.557,3106.32,17.319,2088.9,6.5935,6.591,7.7597,104.75,1.7059,0.763,2.5119,,23.76,18.48
2016-06-22,0.7501,585.0,49.13,,,49.88,,,93.716,1.1296,0.5,1.4707,1268.0,2.96,213.55,0.22357,0.53,,,,132.92,8763.11,2819.22,20795.12,3260.17,1690.75,2738.0,829.33,1667.91,,4404.73,2.677,16065.72,2905.55,3133.96,17.312,2085.45,6.582,6.5784,7.7587,104.41,1.6852,0.7433,2.4999,,24.52,21.17
2016-06-23,0.7613,596.0,50.11,,,50.91,,,93.529,1.1385,0.5,1.4877,1261.2,2.94,216.25,0.22643,0.53036,,,,132.48,8785.07,2824.63,20868.34,3241.83,1695.23,2732.61,835.43,1691.76,,4467.48,2.698,16238.35,2891.96,3117.32,17.353,2113.32,6.5859,6.5807,7.7576,106.16,1.7458,0.7788,2.5547,,24.94,17.25
2016-06-24,0.7466,609.0,47.64,,,48.41,,,95.448,1.1117,0.5,1.3679,1320.0,2.93,211.05,0.22857,0.53143,,,,133.35,8530.1,2748.03,20259.13,3171.17,1685.9,2744.94,805.87,1608.79,,4285.7,2.662,14952.02,2854.286,3077.16,17.789,2037.41,6.6366,6.6218,7.7614,102.22,1.5599,0.627,2.4101,,28.2,25.76
2016-06-27,0.733,616.0,46.33,,,47.16,,,96.544,1.1025,0.5,1.3225,1322.5,2.86,212.2,0.25554,0.55982,,,,133.01,8567.21,2745.16,20227.3,3162.12,1673.37,2764.28,794.56,1571.76,,4201.06,2.716,15309.21,2895.703,3120.54,17.744,2000.54,6.6822,6.6474,7.7612,102.0,1.4377,0.5935,2.2644,,25.25,23.85
2016-06-28,0.7386,627.0,47.85,,,48.58,,,96.245,1.1065,0.5,1.3344,1315.3,2.86,217.05,0.25304,0.56161,,,,133.59,8536.16,2736.88,20172.46,3138.13,1674.23,2766.1,805.24,1599.12,,4290.47,2.917,15323.14,2912.557,3136.4,17.843,2036.09,6.6845,6.6481,7.7591,102.75,1.4664,0.6132,2.2749,,24.73,18.75
2016-06-29,0.7451,640.0,49.88,,,50.61,,,95.769,1.1125,0.5,1.3429,1326.9,2.88,218.35,0.25125,0.56518,,,,134.09,8571.44,2768.7,20436.12,3171.67,1683.42,2768.82,821.82,1634.41,,4364.74,2.863,15566.83,2931.592,3151.39,18.362,2070.77,6.6545,6.6368,7.7594,102.83,1.5155,0.6368,2.3187,,22.35,16.64
2016-06-30,0.7451,660.0,48.33,1.9,6.7,49.68,1.0,50.0,96.143,1.1106,0.5,1.3311,1320.6,2.86,219.45,0.25518,0.56875,2.4,1.8,3.4,131.69,8712.89,2815.02,20794.37,3197.36,1688.84,2767.19,834.1,1653.23,52.2,4417.7,2.924,15575.92,2929.606,3153.92,18.582,2098.86,6.6712,6.648,7.7591,103.2,1.4697,0.5817,2.2847,4.9,21.72,15.63
2016-07-01,0.7498,677.0,48.99,,,50.35,,,95.649,1.1136,0.5,1.3267,1339.0,2.86,221.5,,,,,,131.63,,,,,1695.47,2778.15,839.25,1660.26,,4437.44,2.987,15682.48,2932.476,3154.2,19.544,2102.95,6.678,6.6599,7.7586,102.52,1.4441,0.5893,2.2253,,,14.77
2016-07-04,0.7538,688.0,,,,50.1,,,95.649,1.1154,0.5,1.3287,,2.83,,0.24946,0.56661,,,,131.79,8802.35,2848.48,21059.2,3205.69,,,843.42,1660.88,,,,15775.8,2988.604,3204.7,,,6.6746,6.6653,7.7587,102.56,1.4441,0.5893,2.2253,,21.23,
2016-07-05,0.7463,692.0,46.6,,,47.96,,,96.166,1.1076,0.5,1.3022,1358.7,2.85,218.15,0.24179,0.55857,,,,133.98,8643.31,2810.14,20750.72,3171.21,1698.51,2798.57,831.68,1645.54,,4410.75,2.764,15669.33,3006.392,3207.38,19.866,2088.55,6.6889,6.686,7.7587,101.74,1.375,0.5497,2.1545,,21.6,15.58
2016-07-06,0.752,694.0,47.43,,,48.8,,,96.053,1.11,0.5,1.2931,1367.1,2.86,215.15,0.24143,0.55429,,,,135.23,8503.14,2777.97,20495.29,3130.85,1700.01,2794.96,819.19,1640.74,,4444.7,2.786,15378.99,3017.293,3216.8,20.16,2099.73,6.6968,6.6886,7.7581,101.32,1.3682,0.5773,2.1375,,22.9,14.96
2016-07-07,0.7479,699.0,45.14,,,46.4,,,96.328,1.1063,0.5,1.2908,1362.1,2.84,212.25,0.24036,0.55357,,,,134.09,8600.99,2804.43,20706.92,3147.39,1704.66,2800.97,826.99,1643.93,,4459.58,2.777,15276.24,3016.847,3209.95,19.798,2097.9,6.7009,6.682,7.7583,100.77,1.385,0.5892,2.1348,,21.51,14.76
2016-07-08,0.7569,703.0,45.41,,,46.76,,,96.302,1.1051,0.5,1.2954,1358.4,2.82,211.85,0.24054,0.5525,,,,132.97,8534.79,2789.87,20564.17,3154.38,1712.28,2808.98,828.84,1662.32,,4528.36,2.801,15106.98,2988.094,3192.28,20.058,2129.9,6.7035,6.6908,7.7579,100.54,1.3579,0.605,2.0983,,21.81,13.2
2016-07-11,0.7532,704.0,44.76,,,46.25,,,96.571,1.1058,0.5,1.2998,1356.6,2.84,214.7,0.24214,0.54679,,,,131.02,8703.0,2830.7,20880.5,3166.86,1722.11,2804.0,846.73,1676.15,,4554.71,2.702,15708.82,2994.917,3203.33,20.264,2137.16,6.7053,6.696,7.758,102.8,1.4303,0.653,2.1394,,20.92,13.54
2016-07-12,0.7623,711.0,46.8,,,48.47,,,96.441,1.1061,0.5,1.3247,1335.3,2.85,221.1,0.24429,0.55357,,,,131.46,8855.31,2874.16,21224.74,3225.42,1732.33,2795.7,854.08,1690.69,,4577.61,2.734,16095.65,3049.381,3273.18,20.13,2152.14,6.6968,6.6885,7.758,104.69,1.51,0.6891,2.2237,,19.95,13.55
2016-07-13,0.7608,726.0,44.75,,,46.26,,,96.216,1.109,0.5,1.3147,1343.6,2.86,223.8,0.24339,0.555,,,,130.82,8909.06,2885.7,21322.37,3229.96,1731.8,2806.5,856.36,1694.38,,4565.77,2.737,16231.43,3060.689,3282.87,20.37,2152.43,6.6899,6.6887,7.7566,104.49,1.4743,0.6651,2.1721,,19.62,13.04
2016-07-14,0.7632,738.0,45.68,,,47.37,,,96.077,1.112,0.5,1.3343,1332.2,2.86,224.1,0.23946,0.55286,,,,129.13,9010.1,2910.85,21561.06,3263.09,1734.73,2795.94,865.93,1703.22,,4596.49,2.727,16385.89,3054.018,3276.76,20.281,2163.75,6.6924,6.6835,7.7536,105.35,1.5356,0.6732,2.2523,,19.24,12.82
2016-07-15,0.7578,745.0,45.95,,,47.61,,,96.58,1.1035,0.5,1.3192,1327.4,2.85,223.05,0.24232,0.55714,,,,128.86,9049.66,2922.96,21659.25,3260.59,1735.66,2785.76,867.84,1700.57,,4589.83,2.756,16497.85,3054.296,3276.28,20.125,2161.74,6.7104,6.6935,7.754,104.88,1.5509,0.6674,2.2655,,18.82,12.67
2016-07-18,0.7591,748.0,45.24,,,46.96,,,96.562,1.1075,0.5,1.3255,1329.3,2.84,223.4,0.24161,0.555,,,,128.07,9090.95,2936.61,21803.18,3274.02,1736.12,2787.69,870.13,1703.93,,4619.68,2.722,,3043.564,3262.02,20.044,2166.89,6.7107,6.7045,7.7544,106.16,1.5818,0.6897,2.2944,,19.48,12.44
2016-07-19,0.7504,746.0,44.65,,,46.66,,,97.063,1.1021,0.5,1.3111,1332.3,2.84,226.15,0.24161,0.55607,,,,128.91,8988.79,2920.99,21673.2,3270.48,1736.57,2792.57,868.12,1698.72,,4603.28,2.728,16723.31,3036.598,3248.23,19.975,2163.78,6.7105,6.6963,7.7557,106.12,1.5526,0.6898,2.2669,,19.33,11.97
2016-07-20,0.7478,736.0,44.94,,,47.17,,,97.201,1.1015,0.5,1.3208,1319.3,2.82,225.2,0.23982,0.55251,,,,127.92,9023.11,2945.46,21882.48,3311.76,1737.82,2789.58,870.76,1707.32,,4657.2,2.658,16681.89,3027.899,3237.61,19.582,2173.02,6.6785,6.6778,7.7559,106.89,1.5801,0.7101,2.2979,,18.89,11.77
2016-07-21,0.7495,726.0,44.75,,,46.2,,,97.0,1.1026,0.5,1.3233,1331.0,2.81,225.6,0.23946,0.55214,,,,128.11,9057.08,2962.09,22000.49,3360.03,1739.64,2793.59,871.17,1705.4,,4647.02,2.692,16810.22,3039.009,3252.52,19.784,2165.17,6.6769,6.6755,7.7562,105.82,1.556,0.6778,2.2908,,18.57,12.74
2016-07-22,0.7462,718.0,44.19,,,45.69,,,97.467,1.0977,0.5,1.3109,1323.4,2.81,223.4,0.23589,0.55214,,,,127.64,9031.93,2954.4,21964.27,3368.08,1740.5,2794.13,869.3,1706.97,,4666.07,2.777,16627.25,3012.816,3225.16,19.657,2175.03,6.6826,6.6795,7.7577,106.13,1.5663,0.7025,2.283,,18.18,12.02
2016-07-25,0.747,709.0,43.13,,,44.72,,,97.286,1.0995,0.5,1.314,1319.5,2.83,221.6,0.23732,0.54814,,,,127.52,9034.76,2958.28,21993.44,3352.64,1741.08,2793.24,869.1,1703.94,,4665.93,2.747,16620.29,3015.828,3230.89,19.615,2168.48,6.6883,6.6799,7.7569,105.81,1.5731,0.7332,2.2872,,18.03,12.87
2016-07-26,0.7502,696.0,42.92,,,44.87,,,97.156,1.0986,0.5,1.313,1320.8,2.82,222.5,0.23946,0.55929,,,,128.32,9062.25,2972.66,22129.73,3340.39,1738.62,2792.4,870.72,1705.99,,4672.11,2.712,16383.04,3050.166,3269.59,19.655,2169.18,6.6799,6.672,7.7571,104.66,1.5611,0.7539,2.283,,18.02,13.05
2016-07-27,0.7491,679.0,41.92,,,43.47,,,97.053,1.1058,0.5,1.3223,1326.7,2.82,218.5,0.24196,0.56107,,,,127.42,9115.29,2980.24,22218.99,3357.75,1737.66,2800.06,874.05,1706.35,,4702.89,2.672,16664.82,2991.999,3218.24,19.965,2166.58,6.6715,6.67,7.7567,105.4,1.4976,0.7184,2.211,,18.45,12.83
2016-07-28,0.7503,665.0,41.14,,,42.7,,,96.739,1.1077,0.5,1.3164,1332.3,2.81,220.9,0.24339,0.55893,,,,127.37,9082.85,2975.41,22174.34,3364.25,1736.34,2798.9,875.52,1707.59,,4721.41,2.873,16476.84,2994.324,3221.14,20.192,2170.06,6.6612,6.6576,7.7562,105.27,1.5044,0.7066,2.2318,,18.36,12.72
2016-07-29,0.7596,656.0,41.6,,,42.46,,,95.53,1.1174,0.5,1.323,1349.0,2.8,222.15,0.23982,0.5575,,,,128.83,8958.97,2935.56,21891.37,3318.24,1734.5,2807.62,873.47,1721.79,,4730.23,2.876,16569.27,2979.339,3203.93,20.347,2173.6,6.6307,6.635,7.7575,102.06,1.4531,0.6554,2.1827,,18.27,11.87
2016-07-31,,,,1.8,,,0.8,49.9,,,,,,,,,,2.3,,3.4,,,,,,,,,,52.7,,,,,,,,,,,,,,,4.8,,
2016-08-01,0.7536,650.0,40.06,,,42.14,,,95.713,1.1163,0.5,1.3179,1351.4,2.81,219.95,0.24339,0.55821,,,,126.65,9129.2,2968.01,22129.14,3356.39,1734.36,2797.84,882.55,1717.67,,4756.04,2.771,16635.77,2953.385,3176.81,20.5,2170.84,6.646,6.6439,7.7609,102.39,1.5214,0.6848,2.2695,,17.86,12.44
2016-08-02,0.7609,645.0,39.51,,,41.8,,,95.064,1.1224,0.5,1.3357,1364.4,2.791,220.9,,,,,,126.93,,,,,1730.59,2787.29,876.77,1706.52,,4719.21,2.733,16391.45,2971.279,3189.05,20.701,2157.03,6.6327,6.6272,7.761,100.89,1.5558,0.6788,2.3069,,,13.37
2016-08-03,0.7588,641.0,40.83,,,43.1,,,95.563,1.1149,0.5,1.3325,1356.1,2.786,219.85,0.24411,0.56439,,,,128.92,8978.33,2929.18,21739.12,3365.28,1730.81,2786.01,868.18,1703.43,,4734.33,2.839,16083.11,2978.461,3193.51,20.471,2163.79,6.6436,6.6342,7.7588,101.24,1.542,0.6668,2.2963,,18.67,12.86
2016-08-04,0.7628,636.0,41.93,,,44.29,,,95.758,1.113,0.5,1.3107,1358.8,2.786,217.4,0.24411,0.56107,,,,128.26,9004.62,2945.28,21832.23,3381.77,1735.6,2795.84,876.04,1707.69,,4743.81,2.834,16254.89,2982.426,3201.29,20.443,2164.25,6.6465,6.6418,7.7565,101.22,1.5008,0.643,2.254,,18.19,12.42
2016-08-05,0.7619,636.0,41.8,,,44.27,,,96.194,1.1086,0.5,1.3073,1336.4,2.766,215.4,0.23839,0.55964,,,,126.71,9131.52,2983.32,22146.09,3434.11,1740.61,2785.47,885.52,1716.65,,4791.21,2.772,16254.45,2976.696,3205.11,19.817,2182.87,6.666,6.6603,7.7551,101.82,1.5885,0.7221,2.314,,17.67,11.39
2016-08-08,0.7651,636.0,43.02,,,45.39,,,96.401,1.1088,0.5,1.304,1333.4,,216.5,0.24411,0.56179,,,,125.16,9276.56,3029.86,22494.76,3533.66,1744.85,2789.87,895.53,1719.91,,4784.74,2.748,16650.57,3004.277,3234.18,19.805,2180.89,6.6685,6.6614,7.757,102.45,1.592,0.726,2.309,,17.19,11.5
2016-08-09,0.7673,631.0,42.77,,,44.98,,,96.183,1.1117,0.5,1.3003,1339.0,2.755,215.0,0.24339,0.56321,,,,125.51,9301.17,3030.77,22465.61,3508.09,1751.0,2799.61,899.79,1728.52,,4795.75,2.615,16764.97,3025.681,3256.98,19.85,2181.74,6.6618,6.6557,7.7566,101.88,1.547,0.71,2.2617,,16.85,11.66
2016-08-10,0.7703,638.0,41.71,,,44.05,,,95.65,1.1176,0.5,1.301,1344.3,2.717,217.1,0.24221,0.56375,,,,125.5,9315.5,3031.99,22492.43,3493.82,1753.39,2807.78,902.99,1727.49,,4783.39,2.561,16735.12,3018.746,3243.34,20.17,2175.49,6.6427,6.636,7.7564,101.29,1.5074,0.682,2.2274,,16.66,12.05
2016-08-11,0.7699,653.0,43.49,,,46.04,,,95.857,1.1137,0.5,1.2956,1342.5,2.704,219.1,0.24357,0.56232,,,,124.19,9423.34,3046.88,22580.55,3530.83,1754.67,2795.42,907.6,1735.8,,4803.31,2.551,,3002.637,3233.36,20.02,2185.79,6.6428,6.6337,7.7566,101.96,1.5593,0.742,2.2722,,16.75,11.68
2016-08-12,0.7652,671.0,44.49,,,46.97,,,95.722,1.1162,0.5,1.292,1335.8,2.675,214.0,0.24429,0.56375,,,,125.24,9554.85,3070.16,22766.91,3564.44,1755.97,2807.14,910.08,1736.1,,4807.08,2.586,16919.92,3050.668,3294.23,19.703,2184.05,6.652,6.6362,7.7562,101.3,1.5135,0.7057,2.2306,,16.72,11.55
2016-08-15,0.7674,681.0,45.74,,,48.35,,,95.629,1.1184,0.5,1.288,1340.3,2.656,215.15,0.24214,0.56375,,,,126.47,9708.89,3093.85,22932.51,3573.18,1758.89,2800.97,915.86,1739.43,,4827.12,2.59,16869.56,3125.195,3393.42,19.847,2190.15,6.6466,6.638,7.7556,101.26,1.5576,0.7258,2.2825,,17.09,11.81
2016-08-16,0.7695,687.0,46.58,,,49.23,,,94.791,1.1279,0.5,1.3046,1350.5,2.68,217.2,0.24192,0.56607,,,,125.47,9707.99,3093.88,22910.84,3640.7,1761.78,2799.26,915.6,1730.94,,4797.19,2.617,16596.51,3110.037,3378.25,19.874,2178.15,6.6303,6.6253,7.754,100.31,1.5746,0.7459,2.2978,,17.13,12.64
2016-08-17,0.7655,685.0,46.79,,,49.85,,,94.718,1.1289,0.5,1.3042,1342.7,2.702,215.2,0.24567,0.56696,,,,125.95,9641.76,3081.64,22799.78,3595.52,1763.09,2804.48,909.67,1731.64,,4805.45,2.619,16745.64,3109.555,3373.05,19.648,2182.22,6.6353,6.6343,7.7544,100.28,1.5491,0.7257,2.2594,,17.06,12.19
2016-08-18,0.7686,682.0,48.22,,,50.89,,,94.157,1.1354,0.5,1.3168,1351.2,2.698,216.75,0.24482,0.56661,,,,125.27,9654.69,3109.01,23023.16,3659.53,1764.78,2810.12,916.4,1736.83,,4808.68,2.674,16486.01,3104.114,3364.49,19.74,2187.02,6.6339,6.6312,7.7534,99.89,1.5356,0.7014,2.2601,,17.23,11.43
2016-08-19,0.7627,683.0,48.52,,,50.88,,,94.511,1.1325,0.5,1.3075,1340.4,2.715,216.7,0.245,0.56589,,,,125.76,9606.17,3096.99,22937.22,3669.07,1765.21,2804.67,910.34,1731.85,,4806.14,2.584,16545.82,3108.102,3365.02,19.317,2183.87,6.6561,6.6532,7.7533,100.22,1.5781,0.7459,2.2869,,17.06,11.34
2016-08-22,0.7626,687.0,47.05,,,49.16,,,94.519,1.132,0.5,1.3137,1337.7,2.697,214.0,0.24643,0.57018,,,,125.14,9602.65,3101.32,22997.91,3686.08,1766.51,2813.69,904.22,1732.61,,4808.56,2.679,16598.19,3084.805,3336.79,18.859,2182.64,6.6612,6.6507,7.7531,100.33,1.5424,0.7378,2.2371,,17.21,12.27
2016-08-23,0.7615,692.0,48.1,,,49.96,,,94.539,1.1305,0.5,1.3198,1340.6,2.744,211.5,0.24482,0.56754,,,,126.03,9586.99,3095.29,22998.93,3635.94,1768.02,2814.21,906.5,1738.55,,4818.48,2.761,16497.36,3089.706,3341.83,18.922,2186.9,6.6578,6.6409,7.7533,100.24,1.5458,0.7418,2.2292,,16.94,12.38
2016-08-24,0.7613,706.0,46.77,,,49.05,,,94.786,1.1264,0.5,1.3232,1324.4,2.781,207.65,0.24339,0.56399,,,,126.23,9507.09,3079.37,22820.78,3616.67,1768.95,2814.03,896.75,1731.17,,4783.48,2.796,16597.3,3085.88,3329.86,18.556,2175.44,6.6721,6.659,7.7537,100.45,1.5611,0.7618,2.2471,,17.57,13.45
2016-08-25,0.7618,718.0,47.33,,,49.67,,,94.772,1.1285,0.5,1.3192,1320.1,2.773,207.65,0.24411,0.56321,,,,126.02,9504.78,3073.1,22814.95,3583.67,1769.25,2810.12,898.1,1727.3,,4775.43,2.846,16555.95,3068.329,3308.97,18.489,2172.47,6.6685,6.6595,7.755,100.53,1.5731,0.7894,2.263,,17.14,13.63
2016-08-26,0.7564,720.0,47.64,,,49.92,,,95.566,1.1198,0.5,1.3137,1321.5,2.744,207.85,0.24692,0.56536,,,,124.96,9550.04,3089.27,22909.54,3647.42,1769.63,2800.98,901.39,1726.08,,4783.69,2.871,16360.71,3070.309,3307.09,18.651,2169.04,6.6933,6.6695,7.757,101.84,1.6296,0.8428,2.2869,,17.04,13.65
2016-08-29,0.7569,,46.98,,,49.26,,,95.58,1.1189,0.5,1.3106,1322.9,2.777,207.45,0.24643,0.57006,,,,125.28,9497.82,3080.25,22821.34,3672.58,1770.86,2815.66,895.97,1725.57,,4791.09,2.853,16737.49,3070.027,3307.78,18.768,2180.38,6.6897,6.683,7.7561,101.92,1.5595,0.8052,2.2142,,17.13,12.94
2016-08-30,0.7509,715.0,46.35,,,48.37,,,96.054,1.1143,0.5,1.308,1313.0,2.814,206.9,0.24535,0.56839,,,,124.23,9597.25,3109.45,23016.11,3761.44,1771.86,2813.48,898.92,1723.65,,4776.0,2.827,16725.36,3074.677,3311.99,18.577,2176.12,6.694,6.6807,7.7575,102.96,1.5663,0.7973,2.2292,,16.66,13.12
2016-08-31,0.7517,711.0,44.7,1.3,,47.04,1.1,50.4,96.022,1.1158,0.5,1.3138,1307.9,2.808,206.95,0.24357,0.57054,4.3,,3.4,125.4,9541.8,3100.73,22976.88,3713.08,1770.79,2813.12,893.68,1719.52,49.8,4771.06,2.887,16887.4,3085.491,3327.79,18.622,2170.95,6.6915,6.6793,7.757,103.43,1.58,0.8053,2.232,4.9,16.1,13.42
2016-09-01,0.7551,712.0,43.16,,,45.45,,,95.653,1.1197,0.5,1.3268,1313.6,2.799,206.85,0.24446,0.56786,,,,123.94,9606.08,3119.04,23162.34,3699.18,1770.02,2812.47,891.08,1723.55,,4783.94,2.792,16926.84,3063.305,3301.58,18.857,2170.86,6.6858,6.675,7.7578,103.23,1.5681,0.7816,2.2299,,15.79,13.48
2016-09-02,0.7573,720.0,44.44,,,46.83,,,95.844,1.1156,0.5,1.3294,1323.2,2.787,207.15,0.24589,0.57143,,,,123.27,9686.88,3134.81,23266.7,3730.87,1771.03,2806.6,899.61,1734.6,,4798.74,2.792,16925.68,3067.352,3314.11,19.276,2179.98,6.6984,6.6805,7.7553,103.92,1.6024,0.7858,2.2782,,16.25,11.98
2016-09-05,0.7582,724.0,,,,47.63,,,95.844,1.1147,0.5,1.3304,,2.798,,0.24929,0.57143,,,,121.64,9830.57,3188.2,23649.55,3771.82,,,909.6,1737.39,,,,17037.63,3072.095,3319.68,,,6.6915,6.6771,7.7553,103.43,1.6024,0.7858,2.2782,,16.22,
2016-09-06,0.7687,745.0,44.83,,,47.26,,,94.823,1.1255,0.5,1.344,1350.4,2.813,208.4,0.24714,0.57071,,,,120.26,9938.39,3215.67,23787.68,3848.98,1774.61,2816.21,923.45,1745.89,,4829.51,2.717,17081.98,3090.713,3342.63,20.049,2186.48,6.6753,6.67,7.7553,102.02,1.534,0.7281,2.2241,,16.02,12.02
2016-09-07,0.7673,773.0,45.5,,,47.98,,,94.956,1.1239,0.5,1.3341,1345.3,2.82,209.3,0.24589,0.565,,,,120.59,9970.19,3207.31,23741.81,3813.98,1776.5,2815.28,926.04,1747.47,,4831.86,2.676,17012.44,3091.928,3340.82,19.759,2186.16,6.6714,6.6625,7.7558,101.74,1.5391,0.734,2.2349,,15.9,11.94
2016-09-08,0.7643,792.0,47.62,,,49.99,,,95.027,1.126,0.5,1.3295,1337.8,2.818,209.6,0.24802,0.57143,,,,120.1,10008.21,3229.99,23919.34,3852.8,1777.67,2798.66,927.29,1744.44,,4804.0,2.806,16958.77,3095.954,3339.56,19.591,2181.3,6.6801,6.668,7.7571,102.49,1.599,0.7699,2.3036,,15.94,12.51
2016-09-09,0.7541,804.0,45.88,,,48.01,,,95.336,1.1233,0.5,1.3267,1330.7,2.81,208.85,0.25212,0.58036,,,,118.79,10057.97,3249.17,24099.7,3829.14,1771.5,2786.61,909.32,1707.94,,4681.54,2.797,16965.76,3078.855,3318.04,19.282,2127.81,6.6959,6.685,7.7571,102.69,1.6749,0.7821,2.3946,,16.5,17.5
2016-09-12,0.7566,804.0,46.29,,,48.32,,,95.095,1.1235,0.5,1.3337,1321.6,2.801,209.6,0.25143,0.58072,,,,122.04,9654.08,3141.93,23290.6,3678.67,1768.58,2783.75,889.41,1715.76,,4764.65,2.915,16672.92,3021.977,3262.6,18.915,2159.04,6.6851,6.6802,7.7581,101.85,1.6629,0.7701,2.3909,,20.12,15.16
2016-09-13,0.7464,796.0,44.9,,,47.1,,,95.633,1.122,0.5,1.3193,1319.6,2.773,209.55,0.26893,0.58526,,,,122.6,9571.06,3132.31,23215.76,3685.11,1761.52,2771.34,886.01,1694.83,,4722.85,2.909,16729.04,3023.51,3260.33,18.89,2127.02,6.6905,6.6795,7.7584,102.56,1.7271,0.7982,2.4634,,19.38,17.85
2016-09-14,0.7469,756.0,43.58,,,45.85,,,95.327,1.125,0.5,1.3235,1322.0,2.773,214.8,0.27471,0.58999,,,,121.99,9542.52,3128.01,23190.64,3715.46,1761.5,2778.6,885.14,1692.53,,4746.06,2.889,16614.24,3002.849,3238.73,18.982,2125.77,6.6673,6.6747,7.7582,102.43,1.6976,0.758,2.4497,,19.63,18.14
2016-09-15,0.7515,764.0,43.91,,,46.59,,,95.288,1.1244,0.5,1.3239,1314.0,,215.2,0.27643,0.59219,,,,121.01,9595.73,3150.17,23335.59,3790.57,1762.09,2777.05,888.98,1704.84,,4819.9,2.927,16405.01,,,18.959,2147.26,6.65,,7.7586,102.1,1.6907,0.7258,2.4627,,19.39,16.3
2016-09-16,0.7491,800.0,43.03,,,45.77,,,96.108,1.1155,0.5,1.3002,1306.2,,215.15,,,,,,,,,,,1761.09,2778.17,885.45,1696.31,,4818.05,2.948,16519.29,,,18.781,2139.16,6.6537,,7.7586,102.29,1.6926,0.7621,2.4452,,,15.37
2016-09-19,0.7534,836.0,43.3,,,45.95,,,95.841,1.1175,0.5,1.303,1313.8,2.767,214.9,0.27607,0.59482,,,,120.25,9747.75,3177.54,23550.45,3810.14,1763.11,2781.21,897.68,1703.08,,4796.07,2.934,,3026.051,3263.12,19.206,2139.12,6.666,6.6685,7.7579,101.93,1.7118,0.7784,2.4551,,19.0,15.53
2016-09-20,0.7556,865.0,43.44,,,45.88,,,96.019,1.1151,0.5,1.2988,1314.0,2.754,215.55,0.27607,0.59411,,,,119.72,9751.44,3176.97,23530.86,3795.6,1763.72,2784.77,898.82,1703.23,,4805.22,3.047,16492.15,3022.999,3257.4,19.195,2139.76,6.682,6.672,7.7571,101.7,1.6892,0.7743,2.4316,,18.92,15.92
2016-09-21,0.7624,903.0,45.34,,,46.83,,,95.66,1.1189,0.5,1.3032,1327.2,2.765,214.5,0.275,0.59125,,,,118.97,9849.06,3196.82,23669.9,3841.35,1765.27,2789.89,905.65,1721.69,,4853.75,3.057,16807.62,3025.874,3266.64,19.686,2163.12,6.6699,6.6688,7.7554,100.32,1.6511,0.7744,2.3738,,18.48,13.3
2016-09-22,0.7643,937.0,46.32,,,47.65,,,95.448,1.1208,0.5,1.3078,1340.7,2.758,218.75,0.26896,0.58714,,,,119.51,9893.8,3209.98,23759.8,3849.93,1774.31,2799.93,920.92,1740.55,,4891.36,2.99,,3042.313,3291.12,20.02,2177.18,6.6824,6.6648,7.7555,100.76,1.6183,0.7703,2.3353,,17.21,12.02
2016-09-23,0.7623,941.0,44.48,,,45.89,,,95.477,1.1226,0.5,1.2966,1337.5,2.742,219.25,0.26968,0.58786,,,,120.32,9796.01,3198.55,23686.48,3822.43,1775.58,2804.52,917.5,1729.7,,4858.91,2.955,16754.02,3033.896,3275.67,19.733,2164.69,6.6794,6.6694,7.7567,101.02,1.6184,0.754,2.3471,,16.55,12.29
2016-09-26,0.7636,934.0,45.93,,,47.35,,,95.297,1.1254,0.5,1.2975,1339.8,2.729,219.0,0.27375,0.59071,,,,120.8,9629.35,3144.97,23317.92,3704.9,1774.56,2807.66,905.49,1714.85,,4817.17,2.997,16544.56,2980.429,3220.28,19.516,2146.1,6.6832,6.6689,7.7553,100.33,1.5839,0.7336,2.3205,,17.81,14.5
2016-09-27,0.7667,930.0,44.67,,,45.97,,,95.435,1.1215,0.5,1.3023,1326.0,2.734,216.15,0.2725,0.59286,,,,120.04,9746.56,3175.29,23571.9,3755.78,1773.65,2813.65,911.13,1719.88,,4866.71,2.996,16683.93,2998.172,3240.75,19.087,2159.93,6.6841,6.6701,7.7551,100.43,1.5564,0.7421,2.2774,,17.58,13.1
2016-09-28,0.7692,912.0,47.05,,,48.69,,,95.431,1.1217,0.5,1.3019,1319.4,2.74,217.95,0.27413,0.59071,,,,119.92,9719.84,3176.72,23619.65,3756.23,1776.65,2812.18,912.19,1725.63,,4875.27,2.952,16465.4,2987.858,3230.89,19.044,2171.37,6.684,6.6751,7.7538,100.69,1.5719,0.7559,2.2913,,17.53,12.39
2016-09-29,0.7636,888.0,47.83,,,49.24,,,95.535,1.1222,0.5,1.2968,1321.7,2.746,219.0,0.27074,0.59,,,,119.46,9794.33,3194.22,23739.47,3800.98,1780.23,2815.75,913.39,1719.77,,4838.3,2.959,16693.71,2998.483,3244.39,19.188,2151.13,6.6711,6.6672,7.7558,101.03,1.5599,0.7342,2.2767,,17.02,14.02
2016-09-30,0.7664,875.0,48.24,1.9,6.7,49.06,1.5,50.4,95.463,1.1235,0.5,1.2972,1313.3,2.736,221.05,0.28786,0.59214,2.7,2.3,3.4,121.94,9581.93,3137.14,23297.15,3726.91,1782.59,2806.15,903.46,1725.67,51.1,4875.7,2.906,16449.84,3004.703,3253.28,19.214,2168.27,6.677,6.6718,7.7564,101.35,1.5944,0.7619,2.3154,5.0,19.97,13.29
2016-10-03,0.7675,864.0,48.81,,,50.89,,,95.695,1.1211,0.5,1.2842,1309.0,,219.2,0.28738,0.59321,,,,120.57,9683.37,3175.27,23584.43,3799.18,1785.19,2805.59,911.61,1722.82,,4866.63,2.923,16598.67,,,18.868,2161.2,6.6783,,7.7558,101.65,1.6221,0.7916,2.3397,,18.41,13.57
2016-10-04,0.762,860.0,48.69,,,50.87,,,96.169,1.1204,0.5,1.2728,1266.3,,216.7,0.27216,0.59357,,,,119.72,9756.77,3192.2,23689.44,3811.54,1787.17,2794.71,915.61,1717.82,,4859.47,2.964,16735.65,,,17.775,2150.49,6.6939,,7.7561,102.9,1.6864,0.8215,2.4098,,17.39,13.63
2016-10-05,0.7622,869.0,49.83,,,51.86,,,96.125,1.1205,0.5,1.2749,1265.2,,216.45,0.27036,0.59286,,,,119.18,9811.18,3203.17,23788.31,3821.33,1788.71,2791.33,915.26,1721.14,,4877.75,3.041,16819.24,,,17.695,2159.73,6.699,,7.7573,103.5,1.7021,0.8316,2.4234,,17.43,12.99
2016-10-06,0.7585,915.0,50.44,,,52.51,,,96.765,1.1151,0.5,1.2616,1249.8,,215.55,0.27295,0.59214,,,,117.81,9947.1,3223.24,23952.5,3841.25,1789.76,2790.6,917.04,1718.4,,4873.92,3.049,16899.1,,,17.345,2160.77,6.7073,,7.7573,103.95,1.7372,0.8496,2.4538,,17.23,12.84
2016-10-07,0.7582,921.0,49.81,,,51.93,,,96.632,1.1201,0.5,1.2434,1248.9,,216.35,0.27486,0.59732,,,,118.12,9923.82,3209.7,23851.82,3823.89,1790.63,2792.94,914.81,1712.4,,4864.52,3.193,16860.09,,,17.38,2153.74,6.708,,7.7584,102.98,1.7181,0.8301,2.4508,,17.73,13.48
2016-10-10,0.7607,922.0,51.35,,,53.14,,,96.929,1.1139,0.5,1.2362,1257.5,2.683,219.75,,,,,,119.06,,,,,,,918.68,1719.29,,4893.77,3.275,,3048.143,3293.87,17.659,2163.66,6.7171,6.7074,7.7585,103.61,1.7181,0.8301,2.4508,,,13.38
2016-10-11,0.7539,922.0,50.79,,,52.41,,,97.69,1.1054,0.5,1.2123,1253.0,2.705,218.55,0.28,0.60107,,,,120.47,9804.47,3179.78,23549.52,3788.38,1791.62,2790.76,905.57,1700.33,,4821.91,3.237,17024.76,3065.25,3306.56,17.509,2136.73,6.7297,6.722,7.7586,103.51,1.7638,0.8664,2.5014,,18.38,15.36
2016-10-12,0.7562,906.0,50.18,,,51.81,,,97.966,1.1007,0.5,1.2204,1251.1,2.725,217.65,0.28107,0.59746,,,,121.54,9673.2,3158.19,23407.05,3776.94,1791.75,2788.94,902.74,1695.54,,4819.64,3.21,16840.0,3058.498,3300.01,17.505,2139.18,6.7254,6.7195,7.7573,104.21,1.7692,0.8585,2.4991,,18.5,15.91
2016-10-13,0.7569,885.0,50.44,,,52.03,,,97.516,1.1056,0.5,1.2254,1255.0,2.717,212.2,0.28107,0.59357,,,,123.26,9496.85,3111.99,23031.3,3714.7,1789.89,2797.62,890.65,1689.62,,4803.1,3.341,16774.24,3061.346,3302.65,17.458,2132.55,6.7342,6.7274,7.7571,103.71,1.7411,0.8345,2.4768,,19.74,16.69
2016-10-14,0.7618,892.0,50.35,,,51.95,,,98.019,1.0972,0.5,1.2191,1253.1,2.708,211.05,0.27768,0.59429,,,,122.3,9601.4,3135.19,23233.31,3743.82,1792.36,2789.67,897.03,1693.71,,4808.48,3.285,16856.37,3063.809,3305.85,17.441,2132.98,6.7376,6.7283,7.7586,104.18,1.7977,0.8348,2.5583,,18.32,16.12
2016-10-17,0.7629,894.0,49.94,,,51.52,,,97.888,1.1,0.5,1.2183,1254.4,2.705,210.7,0.27857,0.59286,,,,121.85,9541.08,3114.97,23037.54,3703.81,1793.53,2796.35,894.71,1687.84,,4796.17,3.244,16900.12,3041.167,3277.88,17.474,2126.5,6.7474,6.7375,7.7587,103.89,1.766,0.8147,2.5216,,19.33,16.21
2016-10-18,0.7666,890.0,50.29,,,51.68,,,97.895,1.0981,0.5,1.2298,1260.8,2.708,210.55,0.27732,0.59679,,,,121.27,9720.2,3163.67,23394.39,3787.53,1796.33,2800.84,908.55,1701.1,,4839.72,3.263,16963.61,3083.875,3321.33,17.638,2139.6,6.7436,6.7409,7.7593,103.87,1.7379,0.7986,2.5054,,18.5,15.28
2016-10-19,0.7722,872.0,51.6,,,52.67,,,97.92,1.0974,0.5,1.2285,1267.9,2.679,210.35,0.27768,0.59464,,,,121.98,9641.22,3155.28,23304.97,3783.76,1800.45,2802.7,913.35,1706.74,,4836.61,3.17,16998.91,3084.719,3316.24,17.663,2144.29,6.7406,6.7378,7.7575,103.44,1.7432,0.7946,2.5069,,18.2,14.41
2016-10-20,0.7627,849.0,50.43,,,51.38,,,98.315,1.0929,0.5,1.2254,1265.6,2.664,209.6,0.28791,0.60107,,,,121.24,9686.38,3164.43,23374.4,3806.46,1802.4,2803.58,913.38,1704.04,,4832.71,3.141,17235.5,3084.458,3318.6,17.549,2141.34,6.7479,6.7449,7.7582,103.95,1.7556,0.819,2.5039,,17.19,13.75
2016-10-21,0.7608,842.0,50.85,,,51.78,,,98.695,1.0884,0.5,1.2234,1265.9,2.657,208.85,,,,,,121.53,,,,,1802.76,2803.76,911.24,1701.16,,4851.86,2.993,17184.59,3090.941,3327.74,17.493,2141.16,6.7704,6.767,7.7585,103.8,1.7347,0.8234,2.4846,,,13.34
2016-10-24,0.7611,831.0,50.52,,,51.46,,,98.756,1.0882,0.5,1.2238,1262.0,2.689,209.3,0.29143,0.60857,,,,120.78,9852.9,3197.49,23604.08,3808.9,1804.54,2800.14,918.4,1706.24,,4909.97,2.831,17234.42,3128.247,3367.58,17.604,2151.33,6.7829,6.7752,7.7574,104.18,1.7647,0.8399,2.5171,,16.68,13.02
2016-10-25,0.7646,813.0,49.96,,,50.79,,,98.719,1.0889,0.5,1.2188,1271.9,2.711,213.85,0.29589,0.60857,,,,120.56,9837.7,3192.22,23565.11,3813.7,1804.82,2800.56,918.25,1701.2,,4891.46,2.774,17365.25,3131.939,3367.45,17.78,2143.16,6.7756,6.7804,7.7566,104.22,1.756,0.8523,2.4985,,16.4,13.46
2016-10-26,0.7651,802.0,49.18,,,49.98,,,98.629,1.0908,0.5,1.2247,1264.8,2.744,214.55,0.30607,0.61554,,,,121.43,9698.85,3159.28,23325.43,3788.54,1801.42,2792.6,910.58,1699.92,,4860.59,2.731,17391.84,3116.312,3354.8,17.626,2139.43,6.7847,6.7711,7.7573,104.47,1.7931,0.8685,2.5412,,17.07,14.24
2016-10-27,0.7589,798.0,49.72,,,50.47,,,98.888,1.0897,0.5,1.2164,1267.9,2.716,216.35,0.31982,0.62214,,,,121.91,9608.91,3136.08,23132.35,3762.94,1797.74,2783.03,905.31,1694.66,,4836.45,2.764,17336.42,3112.35,3345.7,17.639,2133.04,6.7952,6.7835,7.7552,105.29,1.8536,0.8863,2.6138,,17.63,15.36
2016-10-28,0.7599,834.0,48.7,,,49.71,,,98.348,1.0985,0.5,1.2185,1276.8,2.712,219.35,0.32625,0.62863,,,,123.14,9515.32,3110.24,22954.81,3753.06,1794.25,2781.25,903.5,1690.96,,4805.59,3.105,17446.41,3104.271,3340.13,17.796,2126.41,6.7848,6.7789,7.755,104.74,1.8468,0.8526,2.6154,,18.51,16.19
2016-10-31,0.7609,857.0,46.86,2.1,,48.3,1.6,51.2,98.445,1.0981,0.5,1.2242,1273.1,2.744,220.5,0.33929,0.62275,1.2,,3.4,122.72,9559.39,3103.37,22934.54,3713.24,1789.47,2783.32,905.09,1690.92,51.8,4801.27,3.026,17425.02,3100.492,3336.28,17.796,2126.15,6.7777,6.7758,7.7552,104.82,1.8255,0.8409,2.5798,4.9,18.84,17.06
2016-11-01,0.7652,838.0,46.67,,,48.14,,,97.699,1.1055,0.5,1.2243,1288.0,2.73,222.9,0.35286,0.63357,,,,121.64,9706.2,3131.72,23147.07,3768.98,1780.55,2783.69,902.58,1683.96,,4766.94,2.902,17442.4,3122.436,3359.05,18.418,2111.72,6.7733,6.7657,7.755,104.15,1.8274,0.8311,2.5774,,18.39,18.56
2016-11-02,0.7661,834.0,45.34,,,46.86,,,97.398,1.1098,0.5,1.2304,1308.2,2.74,223.05,0.35679,0.6325,,,,122.99,9519.87,3086.17,22810.5,3726.91,1776.32,2783.97,890.21,1672.83,,4726.91,2.792,17134.68,3102.732,3333.35,18.693,2097.94,6.7679,6.757,7.7553,103.3,1.8025,0.8174,2.5672,,20.95,19.32
2016-11-03,0.7682,849.0,44.66,,,46.35,,,97.157,1.1105,0.5,1.2461,1303.3,2.733,224.9,0.3525,0.63107,,,,124.54,9482.01,3070.44,22683.51,3709.02,1776.24,2780.94,884.93,1667.03,,4679.1,2.769,,3128.936,3365.09,18.416,2088.66,6.7702,6.765,7.7551,102.98,1.8115,0.8055,2.6004,,21.5,22.08
2016-11-04,0.7673,855.0,44.07,,,45.58,,,97.065,1.1141,0.5,1.2517,1304.5,2.731,226.5,0.36107,0.63464,,,,124.05,9491.51,3065.51,22642.62,3720.66,1774.49,2784.88,880.12,1660.12,,4660.46,2.767,16905.36,3125.317,3354.17,18.371,2085.18,6.7728,6.7564,7.7559,103.12,1.7762,0.7838,2.561,,22.65,22.51
2016-11-07,0.7728,870.0,44.89,,,46.15,,,97.781,1.1041,0.5,1.2396,1279.4,2.755,230.95,0.36679,0.64025,,,,122.68,9608.24,3092.64,22801.4,3752.29,1782.59,2781.44,894.77,1685.62,,4773.73,2.816,17177.21,3133.333,3356.59,18.151,2131.52,6.7938,6.7766,7.7553,104.46,1.8261,0.8178,2.6021,,21.55,18.71
2016-11-08,0.7762,911.0,44.98,,,46.04,,,97.861,1.1026,0.5,1.2379,1274.5,2.768,238.0,0.36731,0.64786,,,,122.36,9659.85,3106.56,22909.47,3766.29,1782.64,2777.18,902.45,1691.74,,4804.92,2.633,17171.38,3147.887,3371.12,18.356,2139.56,6.7979,6.7869,7.7547,105.16,1.8547,0.8539,2.6156,,21.55,18.74
2016-11-09,0.7635,954.0,45.27,,,46.36,,,98.504,1.091,0.5,1.2406,1273.5,2.761,245.95,0.36471,0.64221,,,,125.05,9378.66,3046.38,22415.19,3716.81,1779.05,2741.57,880.15,1696.46,,4825.18,2.69,16251.54,3128.37,3353.05,18.378,2163.26,6.8341,6.7915,7.7558,105.67,2.0571,0.8901,2.8456,,21.77,14.38
2016-11-10,0.7613,974.0,44.66,,,45.84,,,98.785,1.0893,0.5,1.2555,1266.4,2.811,255.1,0.36778,0.65,,,,123.72,9545.85,3105.13,22839.11,3834.42,1772.87,2739.64,875.63,1701.29,,4747.03,2.632,17344.42,3171.282,3390.61,18.737,2167.48,6.8301,6.8059,7.7562,106.83,2.1501,0.9151,2.9549,,17.65,14.74
2016-11-11,0.7546,1045.0,43.41,,,44.75,,,99.06,1.0855,0.5,1.2596,1224.3,2.836,250.9,0.37214,0.65071,,,,125.31,9433.37,3068.36,22531.09,3779.16,,,849.1,1696.99,,4751.95,2.619,17374.79,3196.043,3417.22,17.382,2164.45,6.8226,6.812,7.7584,106.65,2.1501,0.9151,2.935,,19.57,14.17
2016-11-14,0.7554,1065.0,43.32,,,44.43,,,100.11,1.0737,0.5,1.249,1221.7,2.884,252.1,0.37054,0.65429,,,,126.8,9342.87,3026.56,22222.22,3703.81,1756.51,2722.05,838.96,1692.31,,4702.05,2.749,17672.62,3210.371,3430.25,16.893,2164.2,6.8556,6.86,7.7584,108.42,2.2614,1.0023,3.0117,,20.5,14.48
2016-11-15,0.7559,1084.0,45.81,,,46.95,,,100.23,1.0722,0.5,1.2457,1224.5,2.858,250.5,0.37036,0.65071,,,,125.66,9398.1,3038.59,22323.91,3670.61,1765.75,2722.75,841.49,1701.82,,4764.47,2.709,17668.15,3206.986,3429.87,17.043,2180.39,6.873,6.859,7.7577,109.2,2.2189,0.9926,2.9555,,19.2,13.37
2016-11-16,0.748,1145.0,45.57,,,46.63,,,100.41,1.0691,0.5,1.2443,1223.9,2.893,246.75,0.37134,0.65571,,,,125.63,9362.54,3041.14,22280.53,3709.01,1766.84,2726.49,847.15,1698.41,,4792.27,2.764,17862.21,3205.057,3429.59,16.927,2176.94,6.8896,6.8804,7.7577,109.08,2.2225,1.0051,2.9221,,18.75,13.72
2016-11-17,0.7406,1231.0,45.42,,,46.49,,,100.89,1.0626,0.5,1.2417,1216.9,2.902,249.1,0.36886,0.65269,,,,126.15,9326.54,3035.77,22262.88,3701.25,1769.41,2717.38,847.19,1706.98,,4826.59,2.703,17862.63,3208.452,3436.54,16.772,2187.12,6.9044,6.8781,7.7573,110.12,2.3026,1.0461,3.0117,,18.27,13.35
2016-11-18,0.7338,1257.0,45.69,,,46.86,,,101.21,1.0588,0.5,1.2342,1208.7,2.901,246.75,0.375,0.65595,,,,125.12,9349.31,3048.21,22344.21,3760.09,1767.14,2706.45,844.53,1697.35,,4808.04,2.843,17967.41,3192.856,3417.46,16.624,2181.9,6.9054,6.8864,7.7567,110.91,2.3548,1.0678,3.0296,,17.44,12.85
2016-11-21,0.7369,1240.0,47.49,,,48.9,,,101.05,1.063,0.5,1.2494,1209.8,2.885,251.5,0.37571,0.65536,,,,125.27,9444.71,3051.09,22357.78,3757.35,1770.22,2706.87,847.4,1710.49,,4859.0,2.95,18106.02,3218.148,3441.11,16.521,2198.18,6.9048,6.8928,7.756,110.82,2.3154,1.0683,2.9924,,17.45,12.42
2016-11-22,0.7402,1232.0,48.03,,,49.12,,,101.04,1.0627,0.5,1.2423,1211.2,2.885,254.45,0.37357,0.65679,,,,123.93,9651.45,3089.91,22678.07,3764.09,1775.66,2708.77,857.45,1713.07,,4873.84,2.982,18162.94,3248.352,3468.36,16.632,2202.94,6.912,6.89,7.7557,111.14,2.3119,1.0871,2.9996,,16.67,12.41
2016-11-23,0.7385,1224.0,47.96,,,48.95,,,101.7,1.0553,0.5,1.2443,1189.3,2.865,260.75,0.37454,0.65643,,,,123.6,9665.99,3087.71,22676.69,3755.92,1775.93,2705.01,855.92,1709.71,,4853.86,3.026,,3241.137,3474.73,16.391,2204.72,6.9545,6.919,7.7567,112.52,2.3498,1.1228,3.0207,,16.48,12.43
2016-11-24,0.7408,1201.0,,,,49.0,,,101.7,1.0554,0.5,1.2451,,2.859,,0.37643,0.66143,,,,123.09,9678.77,3081.19,22608.49,3733.43,,,852.02,1713.27,,,,18333.41,3241.736,3488.74,,,6.9477,6.9219,7.7562,113.33,2.3498,1.1228,3.0207,,16.97,
2016-11-25,0.7443,1181.0,46.06,,,47.24,,,101.49,1.0589,0.5,1.2477,1178.4,2.874,266.8,0.38071,0.65857,,,,123.18,9790.23,3095.94,22723.45,3722.66,1776.11,2703.4,855.78,1720.84,,4870.02,3.085,18381.22,3261.938,3521.3,16.47,2213.35,6.9465,6.9191,7.7558,113.22,2.3572,1.1168,3.0045,,16.72,12.34
2016-11-28,0.7482,1184.0,47.08,,,48.24,,,101.33,1.0614,0.5,1.2416,1190.8,2.883,265.65,0.38929,0.65643,,,,122.85,9875.54,3114.61,22830.57,3797.17,1779.3,2711.64,863.17,1712.98,,4857.02,3.232,18356.89,3277.0,3535.08,16.583,2201.72,6.9275,6.9153,7.7567,111.94,2.3124,1.099,2.9755,,17.25,13.15
2016-11-29,0.7484,1202.0,45.23,,,46.38,,,100.93,1.065,0.5,1.2493,1187.9,2.992,259.5,0.39714,0.67429,,,,124.4,9846.21,3101.98,22737.07,3778.62,1778.32,2716.96,858.47,1715.42,,4873.21,3.315,18307.04,3282.924,3564.04,16.661,2204.66,6.9136,6.9047,7.7565,112.38,2.291,1.0871,2.9459,,17.46,12.9
2016-11-30,0.7385,1204.0,49.44,2.2,,50.47,1.7,51.7,101.5,1.0589,0.5,1.2506,1170.8,2.953,262.15,0.43786,0.68779,1.2,,3.4,123.3,9838.06,3110.02,22789.77,3781.0,1780.98,2708.65,862.83,1712.09,53.2,4810.81,3.352,18308.48,3250.035,3538.0,16.406,2198.81,6.9162,6.8894,7.7565,114.46,2.3809,1.113,3.0337,4.7,16.87,13.33
2016-12-01,0.7415,1196.0,51.06,,,53.94,,,101.04,1.0661,0.5,1.2591,1166.9,3.013,263.15,0.46196,0.69407,,,,123.06,9892.31,3117.56,22878.23,3754.03,1780.87,2697.86,858.41,1708.64,,4734.1,3.505,18513.12,3273.309,3565.04,16.427,2191.08,6.8805,6.8856,7.7562,114.1,2.4481,1.147,3.1085,,16.4,14.07
2016-12-02,0.7457,1198.0,51.68,,,54.46,,,100.77,1.0664,0.5,1.2729,1175.1,3.021,261.5,0.48248,0.70893,,,,124.52,9781.23,3082.12,22564.82,3700.1,1782.68,2706.88,853.07,1708.94,,4739.37,3.436,18426.08,3243.843,3528.95,16.753,2191.95,6.8704,6.88,7.7553,113.51,2.3831,1.0957,3.0615,,17.39,14.12
2016-12-05,0.7472,1196.0,51.79,,,54.94,,,100.09,1.0764,0.5,1.2732,1174.0,3.066,268.9,0.50179,0.71661,,,,123.91,9711.8,3069.37,22505.55,3672.67,1786.18,2709.11,853.97,1718.1,,4778.14,3.654,18274.99,3204.709,3469.41,16.824,2204.71,6.8656,6.8815,7.7549,113.85,2.3941,1.1198,3.064,,16.36,12.14
2016-12-06,0.7461,1186.0,50.93,,,53.93,,,100.49,1.0718,0.5,1.2678,1167.6,3.108,267.2,0.50016,0.71893,,,,123.08,9768.85,3091.73,22675.15,3669.11,1791.72,2707.97,861.49,1727.82,,4788.67,3.635,18360.54,3199.647,3459.15,16.74,2212.23,6.8878,6.882,7.7558,114.02,2.3887,1.1139,3.0788,,15.11,11.79
2016-12-07,0.7482,1162.0,49.77,,,53.0,,,100.23,1.0753,0.5,1.2626,1175.0,3.092,263.7,0.50524,0.72036,,,,122.31,9829.58,3110.3,22800.92,3660.88,1798.51,2718.19,867.61,1749.31,,4851.94,3.603,18496.69,3222.242,3475.75,17.203,2241.35,6.8961,6.8767,7.7562,113.77,2.3401,1.094,3.0224,,14.47,12.22
2016-12-08,0.7463,1122.0,50.84,,,53.89,,,101.1,1.0615,0.5,1.2586,1169.8,3.093,262.0,0.50964,0.72321,,,,121.48,9896.82,3121.7,22861.84,3643.64,1800.94,2710.99,879.32,1752.94,,4859.19,3.695,18765.47,3215.366,3470.14,17.025,2246.19,6.9124,6.891,7.7555,114.04,2.4071,1.1102,3.1053,,14.59,12.64
2016-12-09,0.7449,1090.0,51.5,,,54.33,,,101.59,1.0561,0.5,1.2572,1159.4,3.115,264.2,0.51464,0.72393,,,,123.15,9867.95,3103.15,22760.98,3578.99,1804.31,2699.04,877.85,1760.12,,4895.9,3.746,18996.37,3232.884,3493.7,16.897,2259.53,6.9282,6.908,7.7594,115.32,2.4675,1.1329,3.1529,,14.64,11.75
2016-12-12,0.7497,1069.0,52.83,,,55.69,,,101.03,1.0635,0.5,1.2679,1163.5,3.19,261.3,0.58357,0.82107,,,,124.01,9699.31,3053.11,22433.02,3497.68,1807.17,2700.2,872.24,1760.25,,4874.3,3.507,19155.03,3152.97,3409.18,17.116,2256.96,6.9269,6.9069,7.7578,115.02,2.4712,1.1411,3.1538,,15.92,12.64
2016-12-13,0.75,1052.0,52.98,,,55.72,,,101.07,1.0626,0.5,1.2658,1156.7,3.203,259.3,0.62429,0.86571,,,,123.14,9719.94,3057.97,22446.7,3515.69,1809.72,2703.43,877.2,1774.01,,4935.84,3.474,19250.52,3155.037,3405.04,16.911,2271.72,6.9208,6.9029,7.7559,115.19,2.4713,1.1636,3.1312,,15.73,12.72
2016-12-14,0.7406,1003.0,51.04,,,53.9,,,101.76,1.0536,0.75,1.2564,1161.3,3.235,260.0,0.65929,0.91921,,,,123.17,9706.15,3057.16,22456.62,3518.27,1809.85,2698.38,872.76,1763.72,,4921.22,3.54,19253.61,3140.531,3378.95,17.152,2253.28,6.927,6.9049,7.7584,117.04,2.5707,1.2673,3.1799,,15.49,13.19
2016-12-15,0.7358,966.0,50.9,,,54.02,,,103.02,1.0414,0.75,1.2418,1127.8,3.383,259.6,0.66464,0.93426,,,,122.77,9479.16,3007.44,22059.4,3492.38,1804.06,2691.42,858.65,1754.51,,4933.41,3.434,19273.79,3117.677,3340.43,15.897,2262.03,6.9331,6.9467,7.7606,118.18,2.5967,1.2738,3.1622,,16.75,12.79
2016-12-16,0.7304,946.0,51.9,,,55.21,,,102.95,1.0451,0.75,1.2496,1135.3,3.294,256.1,0.6675,0.95286,,,,122.26,9470.33,3006.35,22020.75,3521.26,1803.21,2689.84,856.4,1754.74,,4914.86,3.415,19401.15,3122.981,3346.03,16.153,2258.07,6.9672,6.9615,7.7645,117.93,2.5916,1.2524,3.1741,,16.58,12.2
2016-12-19,0.7245,927.0,52.12,,,54.92,,,103.14,1.0402,0.75,1.2395,1140.5,3.378,249.65,0.6675,0.96324,,,,123.25,9377.43,2979.16,21832.68,3497.6,1805.17,2701.16,851.13,1758.82,,4934.85,3.392,19391.6,3118.085,3328.98,16.026,2262.53,6.9325,6.9605,7.7666,117.09,2.5382,1.2221,3.1204,,17.0,11.71
2016-12-20,0.7259,914.0,52.23,,,55.35,,,103.29,1.0388,0.75,1.2368,1131.5,3.42,249.95,0.675,0.99321,,,,123.44,9283.41,2958.69,21729.06,3484.06,1805.77,2698.06,851.31,1761.43,,4953.8,3.263,19494.53,3102.876,3309.06,16.054,2270.76,6.939,6.9527,7.7663,117.86,2.5586,1.2163,3.1396,,17.1,11.45
2016-12-21,0.7238,926.0,52.49,,,54.46,,,103.02,1.0424,0.75,1.2353,1131.1,3.257,249.15,0.68018,1.00964,,,,124.09,9331.63,2970.52,21809.8,3498.68,1807.12,2704.07,851.17,1760.09,,4948.91,3.542,19444.49,3137.43,3338.54,15.918,2265.18,6.9306,6.944,7.7628,117.55,2.5348,1.1879,3.1079,,16.19,11.27
2016-12-22,0.7217,928.0,52.95,,,55.05,,,103.09,1.0437,0.75,1.2283,1128.8,3.23,249.45,0.69143,1.0125,,,,125.97,9200.24,2946.23,21636.2,3497.75,1808.25,2704.33,842.51,1757.83,,4934.39,3.538,19427.67,3139.558,3335.67,15.815,2260.96,6.949,6.9484,7.762,117.54,2.5515,1.1923,3.1271,,16.9,11.43
2016-12-23,0.7176,961.0,53.02,,,55.16,,,103.01,1.0456,0.75,1.2282,1131.9,3.192,247.25,0.70482,1.01786,,,,125.33,9181.75,2934.91,21574.76,3526.4,1809.6,2706.94,841.6,1759.15,,4940.02,3.662,,3110.154,3307.6,15.704,2263.79,6.957,6.9462,7.7592,117.33,2.5373,1.2016,3.1138,,17.35,11.44
2016-12-26,0.7192,,,,,,,,102.97,1.0455,0.75,1.2282,,3.183,,,,,,,126.08,,,,,,,842.45,1758.48,,,,19396.64,3122.569,3322.4,,,6.9565,6.9489,7.7608,117.1,2.5373,1.2016,3.1138,,,
2016-12-27,0.7185,,53.9,,,56.09,,,103.02,1.0457,0.75,1.2271,1137.3,3.198,250.8,,,,,,125.72,,,,,1811.82,2704.4,844.66,1760.56,,4965.81,3.761,19403.06,3114.664,3316.39,15.929,2268.88,6.958,6.952,7.7593,117.43,2.5596,1.2267,3.133,,,11.99
2016-12-28,0.7177,,54.06,,,56.22,,,103.3,1.0413,0.75,1.2226,1139.4,3.139,249.5,0.72464,1.01893,,,,123.42,9300.63,2958.08,21754.74,3595.16,1812.94,2714.06,851.18,1750.48,,4926.29,3.93,19401.72,3102.236,3301.89,15.988,2249.92,6.9712,6.9613,7.7582,117.26,2.508,1.254,3.0931,,17.59,12.95
2016-12-29,0.7219,,53.77,,,56.14,,,102.68,1.049,0.75,1.2261,1158.1,3.047,248.8,0.7325,1.02107,,,,123.07,9312.76,2965.03,21790.91,3638.33,1813.6,2719.21,858.44,1752.96,,4918.28,3.802,19145.14,3096.097,3297.76,16.218,2249.26,6.964,6.9565,7.7551,116.54,2.475,1.2122,3.079,,17.82,13.37
2016-12-30,0.7208,,53.72,,6.8,56.82,,,102.21,1.0517,0.75,1.234,1151.7,3.06,250.55,0.74643,1.02393,,3.4,,122.35,9394.87,2994.61,22000.56,3668.26,1813.85,2726.78,862.27,1751.22,,4863.62,3.724,19114.37,3103.637,3310.08,15.989,2238.83,6.9761,6.945,7.7559,116.96,2.4443,1.1883,3.0651,,16.89,14.04
2016-12-31,,,,2.1,,,2.1,51.4,,,,,,,,,,1.2,,3.3,,,,,,,,,,54.4,,,,,,,,,,,,,,,4.7,,
2017-01-02,0.7184,,,,,,,,102.78,1.0455,0.75,1.2278,,,,,,,,,,,,,,,,861.88,1753.09,,,,,,,,,6.9751,,7.757,117.55,2.4443,1.1883,3.0651,,,
2017-01-03,0.7219,953.0,52.33,,,55.47,,,103.21,1.0405,0.75,1.2237,1162.0,3.117,248.9,0.74643,1.0275,,,,122.9,9459.55,3011.03,22150.4,3651.91,1819.09,2727.96,868.44,1757.99,,4911.33,3.327,,3135.921,3342.23,16.409,2257.83,6.959,6.964,7.7564,117.75,2.4444,1.2141,3.0462,,16.49,12.85
2017-01-04,0.7283,969.0,53.26,,,56.46,,,102.7,1.0489,0.75,1.2323,1165.3,3.182,255.65,0.75286,1.03,,,,123.43,9440.99,3015.36,22134.47,3691.09,1825.98,2730.16,871.45,1773.96,,4937.21,3.267,19594.16,3158.794,3368.31,16.552,2270.75,6.866,6.9342,7.7553,117.25,2.439,1.214,3.0397,,15.72,11.85
2017-01-05,0.7338,983.0,53.76,,,56.89,,,101.52,1.0607,0.75,1.2419,1181.3,3.219,253.75,0.75464,1.02429,,,,123.31,9598.68,3053.92,22456.69,3744.2,1829.48,2745.21,881.72,1782.46,,4964.95,3.273,19520.69,3165.411,3367.79,16.637,2269.0,6.7889,6.8766,7.7544,115.35,2.3443,1.1621,2.9444,,15.22,11.67
2017-01-06,0.7301,963.0,53.99,,,57.1,,,102.22,1.0532,0.75,1.2287,1173.4,3.213,254.6,0.74286,1.02357,,,,122.16,9611.05,3055.6,22503.01,3746.93,1831.42,2735.61,881.11,1783.1,,5007.08,3.285,19454.33,3154.321,3347.67,16.519,2276.98,6.8498,6.926,7.7557,117.02,2.4193,1.2098,3.0088,,14.63,11.32
2017-01-09,0.7354,949.0,51.96,,,54.94,,,101.93,1.0574,0.75,1.2163,1184.9,3.176,253.85,0.74179,1.02578,,,,122.53,9602.32,3061.21,22558.69,3708.8,1832.81,2743.33,878.44,1776.94,,5024.9,3.103,,3171.236,3363.9,16.683,2268.9,6.8797,6.9375,7.7562,116.03,2.3647,1.1816,2.958,,14.82,11.56
2017-01-10,0.7368,926.0,50.82,,,53.64,,,102.01,1.0554,0.75,1.2177,1185.5,3.189,261.25,0.73196,1.02286,,,,121.52,9664.19,3087.03,22744.85,3754.15,1834.66,2742.05,885.7,1779.62,,5035.17,3.278,19301.44,3161.671,3358.27,16.848,2268.9,6.9103,6.9215,7.7546,115.77,2.3757,1.1856,2.9676,,14.24,11.49
2017-01-11,0.7441,894.0,52.25,,,55.1,,,101.78,1.0582,0.75,1.2213,1196.6,3.209,261.05,0.72107,1.01447,,,,120.47,9733.9,3110.46,22935.35,3767.64,1834.31,2743.85,886.73,1778.17,,5050.21,3.224,19364.67,3136.754,3334.5,16.828,2275.32,6.887,6.9377,7.7548,115.41,2.3721,1.1855,2.9556,,14.25,11.26
2017-01-12,0.7484,892.0,53.01,,,56.01,,,101.35,1.0613,0.75,1.2162,1199.8,3.192,267.15,0.71714,1.01464,,,,120.74,9723.05,3099.34,22829.02,3761.71,1833.88,2745.01,896.64,1783.44,,5041.43,3.386,19134.7,3119.289,3317.62,16.825,2270.44,6.8597,6.8941,7.7542,114.72,2.3631,1.1733,2.9604,,14.21,11.54
2017-01-13,0.7502,910.0,52.37,,,55.45,,,101.18,1.0643,0.75,1.2182,1196.2,3.199,269.0,0.69536,1.01107,,,,121.25,9787.34,3110.23,22937.38,3746.71,1835.04,2742.45,895.98,1788.23,,5059.51,3.419,19287.28,3112.764,3319.91,16.765,2274.64,6.843,6.9005,7.7549,114.49,2.3964,1.1931,2.9886,,13.8,11.23
2017-01-16,0.7477,925.0,,,,55.86,,,101.18,1.0601,0.75,1.2047,,3.258,,0.68821,1.00821,,,,123.9,9666.09,3080.61,22718.15,3717.89,,,889.11,1783.76,,,,19095.24,3103.428,3319.45,,,6.8594,6.9008,7.7553,114.2,2.3964,1.1931,2.9886,,14.67,
2017-01-17,0.7567,922.0,52.48,,,55.47,,,100.33,1.0713,0.75,1.2414,1212.9,3.265,262.5,0.67206,1.00429,,,,123.61,9702.19,3102.37,22840.97,3763.26,1836.49,2752.74,894.87,1782.86,,5044.65,3.412,18813.53,3108.775,3326.36,17.148,2267.89,6.8023,6.845,7.7557,112.62,2.3253,1.1524,2.9317,,14.18,11.87
2017-01-18,0.7505,952.0,51.08,,,53.92,,,100.93,1.063,0.75,1.2261,1212.1,3.268,261.65,0.64321,0.9917,,,,123.28,9802.86,3137.35,23098.26,3810.36,1836.03,2741.37,897.89,1785.69,,5055.85,3.302,18894.37,3113.012,3339.37,17.274,2271.89,6.8402,6.8496,7.7563,114.65,2.4296,1.2214,3.0129,,13.79,12.48
2017-01-19,0.7561,942.0,51.37,,,54.16,,,101.15,1.0664,0.75,1.2342,1201.5,3.275,261.05,0.63107,0.97857,,,,122.3,9792.37,3133.57,23049.96,3783.57,1834.41,2730.81,894.52,1776.02,,5051.17,3.368,19072.25,3101.299,3329.29,17.002,2263.69,6.8464,6.872,7.7572,114.86,2.4739,1.2214,3.0463,,13.93,12.78
2017-01-20,0.7555,925.0,52.42,,,55.49,,,100.74,1.0703,0.75,1.2375,1204.9,3.27,262.5,0.62214,0.98571,,,,123.65,9715.72,3114.01,22885.91,3766.41,1833.88,2730.89,893.28,1782.71,,5063.2,3.204,19137.91,3123.139,3354.89,17.032,2271.31,6.8405,6.8765,7.7569,114.62,2.4668,1.1885,3.0488,,13.98,11.54
2017-01-23,0.7584,914.0,52.75,,,55.23,,,100.16,1.0765,0.75,1.2535,1215.6,3.259,264.75,0.61651,0.99393,,,,124.0,9726.82,3118.37,22898.52,3755.51,1833.6,2742.8,902.14,1781.43,,5065.7,3.243,18891.03,3136.775,3364.08,17.186,2265.2,6.8127,6.8537,7.7564,112.71,2.3971,1.1434,2.9862,,12.84,11.77
2017-01-24,0.7582,886.0,53.18,,,55.44,,,100.35,1.0731,0.75,1.252,1210.8,3.274,270.85,0.60571,0.99607,,,,124.03,9759.26,3130.42,22949.86,3805.19,1835.04,2731.74,908.63,1790.57,,5101.06,3.279,18787.99,3142.553,3364.45,17.185,2280.07,6.816,6.859,7.7573,113.79,2.4652,1.1924,3.0489,,12.72,11.07
2017-01-25,0.7572,862.0,52.75,,,55.08,,,100.03,1.0748,0.75,1.2634,1197.8,3.355,271.0,0.60357,0.99393,,,,124.07,9742.32,3144.99,23049.12,3832.27,1838.64,2723.62,912.16,1805.81,,5151.47,3.332,19057.5,3149.554,3375.9,16.98,2298.37,6.8277,6.8836,7.7574,113.28,2.5116,1.2341,3.0967,,12.5,10.81
2017-01-26,0.7535,840.0,53.78,,,56.24,,,100.38,1.0682,0.75,1.2597,1189.8,3.365,267.3,0.60268,0.99464,,,,123.19,9854.36,3184.37,23374.17,3868.87,1840.1,2727.92,916.73,1803.75,,5156.92,3.382,19402.39,3159.166,3387.96,16.85,2296.68,6.8503,6.884,7.7581,114.53,2.5043,1.2242,3.0851,,12.98,10.63
2017-01-27,0.7551,827.0,53.17,,,55.52,,,100.53,1.0699,0.75,1.2555,1188.4,,268.95,0.5925,0.99357,,,,123.83,9804.05,3179.27,23360.78,3872.26,1841.42,2733.45,915.92,1803.39,,5168.06,3.391,19467.4,,,17.136,2294.69,6.8693,,7.7593,115.1,2.4843,1.2182,3.0588,,12.76,10.58
2017-01-30,0.7555,816.0,52.63,,,55.23,,,100.43,1.0695,0.75,1.2486,1193.2,,265.5,,,,,,,,,,,1840.86,2731.99,913.09,1792.06,,5129.33,3.232,19368.85,,,17.152,2280.9,6.8633,,7.7585,113.77,2.4881,1.2122,3.0785,,,11.88
2017-01-31,0.7585,800.0,52.81,2.5,,55.7,2.5,51.3,99.512,1.0798,0.75,1.2579,1208.6,,272.75,,,1.3,,3.3,,,,,,1840.19,2735.18,909.23,1792.4,55.7,5116.77,3.117,19041.34,,,17.543,2278.87,6.8275,,7.759,112.8,2.4531,1.2044,3.0612,4.7,,11.99
2017-02-01,0.7586,786.0,53.88,,,56.8,,,99.641,1.0769,0.75,1.2659,1205.6,,271.15,0.59286,0.99214,,,,124.36,9756.61,3175.38,23318.39,3842.29,1842.0,2731.46,913.0,1793.39,,5152.69,3.168,19148.08,,,17.45,2279.55,6.831,,7.7596,113.25,2.4699,1.2125,3.0753,,13.6,11.81
2017-02-02,0.7658,770.0,53.54,,,56.56,,,99.79,1.0759,0.75,1.2527,1216.7,,268.55,0.57821,0.99536,,,,125.17,9696.32,3159.4,23184.52,3844.48,1843.8,2732.55,915.21,1795.11,,5147.7,3.187,18914.58,,,17.429,2280.85,6.8101,,7.7597,112.8,2.4737,1.2046,3.0877,,13.61,11.93
2017-02-03,0.768,752.0,53.83,,,56.81,,,99.868,1.0783,0.75,1.2484,1218.5,3.423,261.6,0.57036,0.99571,,,,124.29,9683.23,3157.46,23129.21,3855.12,1847.56,2729.23,918.87,1805.51,,5161.6,3.063,18918.2,3140.17,3364.49,17.479,2297.42,6.8025,6.8672,7.7576,112.61,2.4648,1.1969,3.0902,,13.72,10.97
2017-02-06,0.766,735.0,53.01,,,55.72,,,99.907,1.075,0.75,1.2469,1230.0,3.497,265.15,0.57089,0.99251,,,,122.94,9840.26,3188.35,23348.24,3924.41,1849.29,2742.51,922.99,1798.21,,5167.96,3.05,18976.71,3156.984,3373.21,17.693,2292.56,6.8002,6.863,7.7584,111.74,2.4077,1.149,3.0473,,14.35,11.37
2017-02-07,0.7628,714.0,52.17,,,55.05,,,100.26,1.0683,0.75,1.2509,1234.2,3.474,263.2,0.56071,0.99214,,,,122.5,9846.06,3187.74,23331.57,3973.99,1850.54,2747.55,919.8,1797.29,,5185.88,3.13,18910.78,3153.088,3365.68,17.756,2293.08,6.8352,6.8853,7.7586,112.39,2.3931,1.165,3.0179,,14.06,11.29
2017-02-08,0.7645,702.0,52.34,,,55.12,,,100.28,1.0698,0.75,1.2541,1237.6,3.45,266.65,0.545,0.98357,,,,121.24,9955.34,3214.32,23485.13,4016.55,1848.87,2754.85,921.68,1802.26,,5196.58,3.126,19007.6,3166.982,3383.29,17.705,2294.67,6.8422,6.8638,7.7596,111.93,2.3363,1.141,2.9485,,14.46,11.45
2017-02-09,0.7625,707.0,53.0,,,55.63,,,100.65,1.0655,0.75,1.2497,1235.1,3.419,265.35,0.53071,0.97036,,,,120.49,10075.17,3224.57,23525.14,4015.39,1848.95,2745.49,925.57,1807.54,,5212.16,3.141,18907.67,3183.179,3396.29,17.741,2307.87,6.8637,6.8692,7.7583,113.25,2.3948,1.1772,3.0041,,14.17,10.88
2017-02-10,0.7674,702.0,53.86,,,56.7,,,100.8,1.0643,0.75,1.2491,1234.4,3.437,276.8,0.51607,0.95893,,,,120.43,10125.21,3232.66,23574.98,4009.17,1850.04,2743.99,930.16,1814.71,,5226.69,3.034,19378.93,3196.699,3413.49,17.933,2316.1,6.8634,6.8785,7.758,113.22,2.4073,1.1895,3.0056,,13.81,10.85
2017-02-13,0.764,688.0,52.93,,,55.59,,,100.96,1.0598,0.75,1.2526,1224.4,3.421,278.3,0.51,0.95357,,,,119.45,10257.84,3254.44,23710.98,4091.24,1852.37,2742.58,935.45,1823.34,,5256.82,2.944,19459.15,3216.839,3436.28,17.821,2328.25,6.8741,6.8802,7.7592,113.74,2.4358,1.2017,3.0319,,14.37,11.07
2017-02-14,0.7663,685.0,53.2,,,55.97,,,101.25,1.0578,0.75,1.2468,1223.9,3.421,273.7,0.51,0.95536,,,,119.75,10254.44,3253.8,23703.01,4137.05,1852.86,2738.26,934.08,1823.63,,5271.07,2.905,19238.98,3217.928,3435.8,17.889,2337.58,6.8601,6.8675,7.7597,114.26,2.4698,1.2343,3.0584,,13.9,10.74
2017-02-15,0.771,688.0,53.11,,,55.75,,,101.18,1.0601,0.75,1.2461,1231.7,3.441,274.05,0.50321,0.94607,,,,118.07,10436.04,3285.82,23994.87,4156.3,1853.86,2733.74,941.78,1833.55,,5302.39,2.925,19437.98,3212.986,3421.71,17.963,2349.25,6.8451,6.8711,7.7594,114.16,2.4932,1.2466,3.0777,,13.76,11.97
2017-02-16,0.7694,710.0,53.36,,,55.65,,,100.44,1.0674,0.75,1.2489,1240.0,3.395,271.85,0.49143,0.95214,,,,118.11,10455.02,3299.07,24107.7,4132.77,1853.82,2742.51,945.62,1836.56,,5300.64,2.854,19347.53,3229.619,3440.93,18.074,2347.22,6.8493,6.853,7.7595,113.24,2.4467,1.2021,3.0487,,13.58,11.76
2017-02-17,0.7664,741.0,53.4,,,55.81,,,100.95,1.0616,0.75,1.2412,1237.6,3.363,270.7,0.48107,0.94464,,,,118.06,10360.13,3282.36,24033.74,4105.43,1853.77,2746.32,939.03,1836.5,,5324.72,2.834,19234.62,3202.075,3421.44,18.03,2351.16,6.8508,6.8665,7.7612,112.84,2.4147,1.1882,3.0231,,13.2,11.49
2017-02-20,0.7688,757.0,,,,56.18,,,100.95,1.0614,0.75,1.2463,,3.323,,0.48589,0.95179,,,,118.62,10445.48,3299.14,24146.08,4134.2,,,943.58,1836.78,,,,19251.08,3239.961,3471.39,,,6.8576,6.8785,7.7608,113.1,2.4147,1.1882,3.0231,,13.59,
2017-02-21,0.7675,778.0,54.06,,,56.66,,,101.37,1.0536,0.75,1.2473,1237.5,3.373,274.55,0.47429,0.94929,,,,119.13,10408.56,3271.38,23963.63,4075.66,1857.8,2746.47,945.64,1843.05,,5350.73,2.564,19381.44,3253.326,3482.82,18.001,2365.38,6.8636,6.884,7.7612,113.68,2.429,1.2067,3.0407,,13.7,11.57
2017-02-22,0.7703,806.0,53.59,,,55.84,,,101.22,1.0558,0.75,1.245,1232.0,3.335,273.3,0.46821,0.9475,,,,117.81,10537.58,3309.62,24201.96,4134.54,1859.94,2750.3,950.95,1842.37,,5352.13,2.592,19379.87,3261.219,3489.76,17.95,2362.82,6.8573,6.8778,7.7607,113.31,2.4129,1.2162,3.0327,,13.2,11.74
2017-02-23,0.7715,856.0,54.45,,,56.58,,,101.05,1.0582,0.75,1.2556,1250.2,3.324,264.35,0.46679,0.94179,,,,117.67,10521.53,3299.29,24114.86,4112.2,1862.64,2756.19,952.12,1845.35,,5332.37,2.617,19371.46,3251.375,3473.32,18.117,2363.81,6.8494,6.8661,7.7596,112.61,2.372,1.1825,3.0127,,13.19,11.71
2017-02-24,0.7676,875.0,53.99,,,55.99,,,101.09,1.0563,0.75,1.2462,1256.9,3.328,268.0,0.46536,0.94536,,,,118.84,10418.66,3273.22,23965.7,4024.12,1863.39,2769.52,943.52,1840.8,,5343.31,2.627,19283.54,3253.433,3473.85,18.339,2367.34,6.8545,6.8691,7.7609,112.12,2.3117,1.1428,2.951,,13.34,11.47
2017-02-27,0.7673,878.0,54.05,,,55.93,,,101.13,1.0587,0.75,1.2442,1258.8,3.325,268.75,0.46821,0.94321,,,,118.8,10330.85,3262.23,23925.05,4049.95,1865.01,2763.31,940.32,1841.57,,5347.55,2.693,19107.47,3228.66,3446.22,18.354,2369.75,6.8619,6.8708,7.7613,112.7,2.365,1.1944,2.9833,,13.67,12.09
2017-02-28,0.7657,859.0,54.01,0.8,,55.59,2.7,51.6,101.12,1.0576,0.75,1.238,1253.9,3.321,270.4,0.46357,0.94357,-0.1,,3.3,119.29,10297.96,3243.05,23740.73,4003.45,1866.97,2766.55,936.37,1838.7,57.7,5330.31,2.774,19118.99,3241.733,3452.81,18.42,2363.64,6.8554,6.867,7.7624,112.77,2.3899,1.2601,2.9952,4.6,14.01,12.92
2017-03-01,0.7677,871.0,53.83,,,56.36,,,101.78,1.0547,0.75,1.2293,1250.0,3.377,272.65,0.45643,0.94143,,,,119.15,10287.98,3253.68,23776.49,4035.11,1871.44,2750.04,938.47,1856.34,,5390.99,2.799,19393.54,3246.933,3458.44,18.443,2395.96,6.8716,6.8819,7.763,113.73,2.4526,1.2842,3.0608,,13.21,12.54
2017-03-02,0.7572,904.0,52.61,,,55.08,,,102.2,1.0507,0.75,1.2267,1232.9,3.384,267.95,0.45693,0.945,,,,118.98,10246.89,3251.57,23728.07,4012.36,1871.23,2746.4,936.37,1848.84,,5363.26,2.804,19564.8,3230.028,3435.1,17.705,2381.92,6.8852,6.8899,7.7624,114.41,2.4779,1.3084,3.0729,,13.3,11.81
2017-03-03,0.7596,939.0,53.33,,,55.9,,,101.54,1.0622,0.75,1.2291,1226.5,3.403,268.7,0.45471,0.94107,,,,119.34,10144.47,3229.88,23552.72,4022.97,1869.51,2747.46,931.07,1848.98,,5373.48,2.827,19469.17,3218.312,3427.86,17.697,2383.12,6.8967,6.8972,7.763,114.04,2.478,1.3051,3.0713,,13.41,10.96
2017-03-06,0.7579,979.0,53.2,,,56.01,,,101.64,1.0582,0.75,1.2236,1225.5,3.364,264.3,0.45536,0.943,,,,118.75,10171.1,3239.39,23596.28,4096.43,1866.39,2748.12,934.42,1845.7,,5360.31,2.901,19379.14,3233.866,3446.48,17.725,2375.31,6.9011,6.897,7.7643,113.89,2.4997,1.3053,3.1046,,13.14,11.24
2017-03-07,0.7588,1033.0,53.14,,,55.92,,,101.81,1.0566,0.75,1.22,1216.1,3.368,260.95,0.45393,0.94029,,,,118.28,10229.68,3253.01,23681.07,4140.85,1860.74,2742.5,936.5,1840.57,,5351.28,2.824,19344.15,3242.407,3453.96,17.492,2368.39,6.8938,6.9025,7.7644,113.98,2.5179,1.3277,3.121,,12.46,11.45
2017-03-08,0.7528,1045.0,50.28,,,53.11,,,102.07,1.0541,0.75,1.2168,1209.4,3.411,259.2,0.45,0.94079,,,,117.5,10280.31,3268.11,23782.27,4138.81,1854.09,2732.07,934.9,1834.72,,5359.81,2.901,19254.03,3240.665,3448.73,17.257,2362.98,6.9162,6.9131,7.7661,114.35,2.5597,1.3542,3.1489,,12.36,11.86
2017-03-09,0.7506,1064.0,49.28,,,52.19,,,101.85,1.0577,0.75,1.2165,1203.2,3.418,257.0,0.4465,0.94321,,,,118.91,10095.79,3230.97,23501.56,4093.25,1846.09,2720.65,922.94,1835.9,,5363.98,2.974,19318.58,3216.746,3426.94,16.993,2364.87,6.9046,6.911,7.7645,114.95,2.6053,1.3726,3.1888,,12.97,12.3
2017-03-10,0.7542,1086.0,48.49,,,51.37,,,101.25,1.0673,0.75,1.2167,1201.4,3.421,258.65,0.45246,0.94421,,,,118.7,10069.1,3238.12,23568.67,4156.6,1846.48,2723.37,926.14,1845.88,,5385.9,3.008,19604.61,3212.76,3427.89,16.883,2372.6,6.895,6.9093,7.7644,114.79,2.5745,1.3534,3.1647,,13.07,11.66
2017-03-13,0.7571,1099.0,48.4,,,51.35,,,101.31,1.0653,0.75,1.2219,1203.1,3.379,261.65,0.44725,0.94179,,,,117.42,10258.71,3282.11,23829.67,4274.25,1843.44,2719.72,938.5,1850.02,,5394.57,3.043,19633.75,3237.024,3458.1,16.935,2373.47,6.8963,6.9143,7.7646,114.88,2.6258,1.3719,3.2122,,13.63,11.35
2017-03-14,0.7559,1112.0,47.72,,,50.92,,,101.7,1.0604,0.75,1.2153,1202.6,3.371,262.4,0.442,0.94307,,,,116.89,10315.23,3282.95,23827.95,4281.05,1836.44,2719.94,939.97,1842.98,,5382.17,2.938,19609.5,3239.328,3456.69,16.888,2365.45,6.9005,6.915,7.7672,114.75,2.6002,1.3763,3.1747,,13.58,12.3
2017-03-15,0.7709,1147.0,48.86,,,51.81,,,100.74,1.0734,1.0,1.2291,1200.7,3.341,264.55,0.44014,0.93807,,,,117.22,10272.83,3285.3,23792.85,4379.24,1841.84,2736.46,943.52,1854.15,,5416.25,2.981,19577.38,3241.76,3463.64,16.888,2385.26,6.8477,6.9149,7.7657,113.38,2.493,1.2994,3.1071,,13.92,11.63
2017-03-16,0.7678,1172.0,48.75,,,51.74,,,100.36,1.0766,1.0,1.236,1227.1,3.332,266.55,0.44607,0.93843,,,,115.18,10526.46,3346.44,24288.28,4455.93,1850.23,2735.0,963.2,1864.1,,5412.08,2.902,19590.14,3268.935,3481.51,17.296,2381.38,6.8703,6.898,7.7638,113.31,2.5402,1.3322,3.1506,,13.24,11.21
2017-03-17,0.7704,1196.0,48.78,,,51.76,,,100.3,1.0738,1.0,1.2396,1230.2,3.322,267.95,0.45079,0.94279,,,,114.37,10513.52,3348.83,24309.93,4559.32,1850.54,2738.35,965.57,1863.08,,5408.76,2.948,19521.59,3237.447,3445.81,17.379,2378.25,6.8865,6.9034,7.762,112.7,2.5005,1.3146,3.1096,,12.68,11.28
2017-03-20,0.7731,1205.0,48.22,,,51.62,,,100.41,1.0739,1.0,1.2358,1234.0,3.332,265.55,0.44586,0.93879,,,,114.19,10583.98,3367.24,24501.99,4535.11,1850.02,2744.65,972.35,1860.53,,5413.31,3.041,,3250.808,3449.61,17.403,2373.47,6.8889,6.9085,7.7653,112.55,2.4607,1.2883,3.077,,12.94,11.34
2017-03-21,0.7691,1200.0,47.34,,,50.96,,,99.813,1.0811,1.0,1.2478,1246.5,3.325,261.0,0.44329,0.94064,,,,113.78,10644.15,3380.07,24593.12,4499.64,1846.9,2751.39,973.08,1846.39,,5332.53,3.093,19455.88,3261.611,3466.35,17.55,2344.02,6.8723,6.8874,7.766,111.71,2.4175,1.2598,3.0343,,13.19,12.47
2017-03-22,0.7678,1190.0,48.04,,,50.64,,,99.677,1.0797,1.0,1.2485,1249.7,3.311,262.2,0.43743,0.93857,,,,114.94,10456.96,3343.22,24320.41,4504.58,1841.73,2757.24,966.97,1842.63,,5367.56,3.011,19041.38,3245.22,3450.05,17.545,2348.45,6.8637,6.8819,7.7657,111.16,2.405,1.2477,3.0174,,13.81,12.81
2017-03-23,0.7627,1196.0,47.7,,,50.56,,,99.76,1.0783,1.0,1.2521,1247.2,3.309,263.65,0.442,0.937,,,,114.95,10487.45,3349.53,24327.7,4595.45,1843.69,2754.36,967.92,1844.97,,5355.14,3.051,19085.31,3248.55,3461.98,17.563,2345.96,6.87,6.8863,7.7669,110.94,2.4194,1.252,3.0294,,13.47,13.12
2017-03-24,0.7623,1240.0,47.97,,,50.8,,,99.627,1.0798,1.0,1.2473,1248.5,3.244,262.35,0.44479,0.9405,,,,115.71,10477.81,3350.48,24358.27,4653.51,1846.46,2758.1,969.13,1845.81,,5364.0,3.076,19262.53,3269.445,3489.6,17.72,2343.98,6.8729,6.8837,7.7664,111.34,2.4123,1.2566,3.0134,,13.29,12.96
2017-03-27,0.7618,1282.0,47.73,,,50.75,,,99.166,1.0864,1.0,1.2559,1255.7,3.245,262.5,0.44464,0.94079,,,,117.8,10362.02,3314.9,24193.7,4498.67,1845.88,2762.49,965.71,1845.15,,5374.27,3.052,18985.59,3266.955,3478.04,18.08,2341.59,6.8554,6.8729,7.7672,110.66,2.3782,1.2527,2.9848,,13.89,12.5
2017-03-28,0.7633,1333.0,48.37,,,51.33,,,99.712,1.0814,1.0,1.245,1255.6,3.274,266.9,0.44429,0.93964,,,,116.49,10425.89,3338.34,24345.87,4526.38,1849.53,2757.09,970.32,1858.88,,5407.21,3.096,19202.87,3252.948,3469.81,18.225,2358.57,6.8737,6.8795,7.7681,111.15,2.4178,1.3016,3.0246,,13.51,11.53
2017-03-29,0.767,1338.0,49.51,,,52.42,,,99.998,1.0766,1.0,1.2434,1253.7,3.28,267.0,0.44679,0.93929,,,,116.4,10437.51,3343.71,24392.05,4525.01,1855.43,2762.13,971.86,1856.77,,5430.27,3.175,19217.48,3241.314,3465.19,18.228,2361.13,6.8668,6.8901,7.7691,111.04,2.3765,1.2698,2.9856,,12.95,11.42
2017-03-30,0.7641,1324.0,50.35,,,52.96,,,100.41,1.0674,1.0,1.2468,1245.0,3.296,267.15,0.44321,0.93786,,,,117.14,10355.71,3327.53,24301.09,4472.22,1861.03,2757.17,969.47,1859.95,,5439.74,3.191,19063.22,3210.237,3436.76,18.206,2368.06,6.8841,6.8894,7.7697,111.92,2.4197,1.2818,3.0343,,12.66,11.54
2017-03-31,0.7629,1297.0,50.6,0.9,7.0,52.83,2.4,51.8,100.35,1.0652,1.0,1.255,1247.3,3.293,265.25,0.44107,0.94143,0.5,4.5,3.3,118.56,10273.67,3310.11,24111.59,4505.92,1862.81,2760.12,958.37,1853.69,56.5,5436.23,3.19,18909.26,3222.514,3456.05,18.256,2362.72,6.8715,6.8872,7.7709,111.39,2.3874,1.254,3.0095,4.4,12.56,12.37
2017-04-03,0.7605,1282.0,50.24,,,53.12,,,100.54,1.067,1.0,1.2486,1250.8,,260.35,0.44714,0.94657,,,,118.05,10314.52,3335.09,24261.48,4548.02,1863.97,2769.05,965.15,1848.97,,5432.2,3.128,18983.23,,,18.212,2358.84,6.8747,,7.7713,110.9,2.3193,1.2261,2.9532,,12.54,12.38
2017-04-04,0.7565,1255.0,51.03,,,54.17,,,100.54,1.0674,1.0,1.244,1255.0,,261.2,,,,,,,,,,,1864.17,2768.06,965.17,1850.02,,5440.41,3.293,18810.25,,,18.323,2360.16,6.8788,,7.7708,110.74,2.3605,1.252,2.9999,,,11.79
2017-04-05,0.757,1223.0,51.15,,,54.36,,,100.56,1.0663,1.0,1.2483,1245.4,3.328,268.0,0.43501,0.92543,,,,118.34,10365.32,3356.8,24400.8,4531.58,1867.5,2768.37,969.22,1845.95,,5418.52,3.266,18861.27,3270.305,3503.89,18.187,2352.95,6.8825,6.8948,7.769,110.7,2.3354,1.234,2.9856,,12.23,12.89
2017-04-06,0.7545,1215.0,51.7,,,54.89,,,100.67,1.0644,1.0,1.247,1250.3,3.31,265.8,0.4275,0.92143,,,,119.55,10276.41,3341.91,24273.72,4511.97,1867.83,2770.51,963.29,1846.59,,5420.88,3.331,18597.06,3281.005,3514.05,18.246,2357.49,6.8894,6.8977,7.77,110.81,2.3408,1.2379,2.9864,,12.74,12.39
2017-04-07,0.75,1223.0,52.24,,,55.24,,,101.18,1.0591,1.0,1.2371,1254.3,3.299,264.7,0.42693,0.92171,,,,119.74,10273.8,3343.33,24267.3,4507.84,1868.99,2766.67,961.61,1845.46,,5418.37,3.261,18664.63,3286.616,3517.46,18.151,2355.54,6.8967,6.9005,7.7688,111.09,2.3822,1.2862,3.0078,,13.41,12.87
2017-04-10,0.7501,1231.0,53.08,,,55.98,,,101.02,1.0596,1.0,1.2415,1251.1,3.322,260.4,0.42464,0.91914,,,,119.52,10253.79,3337.79,24262.18,4440.36,1870.64,2770.63,958.0,1846.78,,5421.68,3.238,18797.88,3269.393,3505.14,17.915,2357.16,6.9055,6.903,7.7702,110.94,2.3661,1.2741,2.9903,,13.96,14.05
2017-04-11,0.7499,1262.0,53.4,,,56.23,,,100.71,1.0605,1.0,1.2491,1271.2,3.326,260.8,0.41679,0.90857,,,,120.69,10165.98,3318.57,24088.46,4417.35,1870.59,2782.21,954.44,1847.88,,5398.4,3.15,18747.87,3288.966,3517.33,18.254,2353.78,6.9006,6.8921,7.7711,109.62,2.2962,1.2338,2.9289,,14.87,15.07
2017-04-12,0.7522,1282.0,53.11,,,55.86,,,100.78,1.0665,1.0,1.254,1275.3,3.34,254.5,0.41607,0.90457,,,,120.33,10208.31,3345.47,24313.5,4436.43,1869.55,2782.45,958.2,1842.99,,5377.03,3.187,18552.61,3273.83,3509.44,18.3,2344.93,6.8839,6.8915,7.7711,109.03,2.2392,1.2015,2.8861,,14.47,15.77
2017-04-13,0.7568,1296.0,53.18,,,55.89,,,100.49,1.0613,1.0,1.2503,1285.9,3.327,257.05,0.41714,0.90943,,,,120.24,10204.34,3339.63,24261.66,4425.52,1869.5,2791.97,962.85,1833.13,,5353.59,3.227,18426.84,3275.96,3514.57,18.51,2328.95,6.8852,6.89,7.7741,109.09,2.2374,1.2053,2.8923,,14.7,15.96
2017-04-14,0.7579,,,,,,,,100.51,1.0618,1.0,1.2523,,3.371,,,,,,,119.44,,,,,,,960.43,1832.28,,,,18335.63,3246.067,3486.5,,,6.8868,6.8854,7.7728,108.64,2.2374,1.2053,2.8923,,,
2017-04-17,0.7589,,52.65,,,55.36,,,100.29,1.0643,1.0,1.2565,1289.4,3.417,259.6,,,,,,119.56,,,,,1869.87,2788.71,962.71,1846.13,,5399.2,3.163,18355.26,3222.168,3479.94,18.514,2349.01,6.8781,6.8803,7.7722,108.91,2.2498,1.2011,2.9094,,,14.66
2017-04-18,0.756,1294.0,52.41,,,54.89,,,99.499,1.073,1.0,1.2841,1291.7,3.413,252.9,0.41479,0.90814,,,,120.29,10043.52,3291.93,23924.54,4346.35,1868.65,2800.83,957.7,1837.34,,5391.66,3.145,18418.59,3196.713,3462.74,18.272,2342.19,6.8758,6.882,7.7735,108.43,2.1682,1.1604,2.8354,,16.1,14.42
2017-04-19,0.7497,1278.0,50.44,,,52.93,,,99.738,1.0711,1.0,1.2777,1281.4,3.415,253.45,0.4125,0.90521,,,,120.06,9983.73,3282.12,23825.88,4412.38,1870.35,2797.49,952.92,1835.04,,5399.64,3.185,18432.2,3170.687,3445.88,18.162,2338.17,6.8854,6.888,7.7743,108.86,2.2143,1.1766,2.8729,,15.56,14.93
2017-04-20,0.7527,1243.0,50.27,,,52.99,,,99.778,1.0717,1.0,1.2813,1281.9,3.435,254.2,0.41236,0.90429,,,,119.12,10056.17,3309.57,24056.98,4491.81,1870.96,2789.98,958.45,1846.65,,5443.53,3.159,18430.49,3172.1,3461.55,18.018,2355.84,6.8845,6.8822,7.7748,109.32,2.232,1.1846,2.8822,,14.9,14.15
2017-04-21,0.7541,1195.0,49.62,,,51.96,,,99.977,1.0728,1.0,1.2817,1287.4,3.46,253.75,0.39571,0.89064,,,,120.52,10050.02,3306.89,24042.02,4528.45,1871.95,2792.21,961.78,1842.06,,5442.05,3.101,18620.75,3173.151,3466.79,17.856,2348.69,6.8892,6.8859,7.7752,109.09,2.248,1.1802,2.9015,,15.27,14.63
2017-04-24,0.7571,1170.0,49.23,,,51.6,,,99.092,1.0868,1.0,1.2796,1275.8,3.509,255.25,0.39036,0.88107,,,,119.56,10107.63,3316.37,24139.48,4547.47,1876.08,2787.31,971.36,1871.65,,5508.03,3.066,18875.88,3129.531,3431.26,17.858,2374.15,6.8838,6.8847,7.7793,109.77,2.273,1.2294,2.9288,,13.46,10.84
2017-04-25,0.7535,1154.0,49.56,,,52.1,,,98.785,1.0926,1.0,1.2842,1265.6,3.463,257.85,0.38714,0.87893,,,,117.82,10272.07,3358.54,24455.94,4604.87,1878.95,2779.1,982.65,1882.04,,5548.19,3.043,19079.33,3134.567,3440.97,17.591,2388.61,6.8884,6.8847,7.7794,111.09,2.3322,1.2704,2.9879,,12.24,10.76
2017-04-26,0.7474,1147.0,49.62,,,51.82,,,99.045,1.0904,1.0,1.2848,1262.1,3.465,258.85,0.38464,0.87664,,,,117.99,10317.63,3370.66,24578.43,4628.82,1881.45,2783.13,982.53,1882.44,,5541.09,3.142,19289.43,3140.847,3445.18,17.363,2387.45,6.8972,6.8926,7.7803,111.06,2.3035,1.2717,2.9602,,12.08,10.85
2017-04-27,0.7465,1134.0,48.97,,,51.44,,,99.076,1.0873,1.0,1.2904,1265.9,3.454,258.0,0.38386,0.87364,,,,118.95,10261.25,3376.02,24698.48,4670.52,1881.84,2786.32,979.66,1881.14,,5571.28,3.239,19251.87,3152.187,3446.72,17.265,2388.77,6.9016,6.8979,7.7811,111.26,2.2946,1.2579,2.9642,,12.05,10.36
2017-04-28,0.7488,1109.0,49.33,,,51.73,,,99.05,1.0895,1.0,1.2951,1268.3,3.473,259.65,0.38786,0.8785,,,,119.51,10219.89,3367.44,24615.13,4741.69,1884.32,2789.61,977.96,1878.28,,5583.53,3.276,19196.74,3154.658,3439.75,17.191,2384.2,6.8988,6.8935,7.7784,111.49,2.2802,1.2619,2.9508,,11.68,10.82
2017-04-30,,,,1.2,,,2.2,51.2,,,,,,,,,,2.0,,3.2,,,,,,,,,,55.8,,,,,,,,,,,,,,,4.4,,
2017-05-01,0.7526,,48.84,,,51.52,,,99.077,1.0899,1.0,1.2886,1255.5,,265.0,,,,,,,,,,,1885.16,2782.23,979.76,1882.49,,5629.63,3.215,19310.52,,,16.78,2388.33,6.8978,,7.7786,111.84,2.318,1.2739,3.0023,,,10.11
2017-05-02,0.7536,1073.0,47.66,,,50.46,,,98.976,1.093,1.0,1.2939,1257.0,3.496,262.5,0.38829,0.87807,,,,119.2,10173.62,3374.6,24696.13,4758.68,1886.89,2788.62,988.19,1886.15,,5644.07,3.195,19445.7,3143.712,3426.58,16.769,2391.17,6.8898,6.8959,7.7812,111.99,2.2803,1.258,2.9689,,12.52,10.59
2017-05-03,0.7423,1034.0,47.82,,,50.79,,,99.209,1.0886,1.0,1.2867,1248.5,3.532,253.3,,,,,,118.64,,,,,1887.37,2788.68,985.74,1883.14,,5625.16,3.228,,3135.346,3413.13,16.487,2388.13,6.8947,6.8989,7.7821,112.75,2.318,1.2939,2.9681,,,10.68
2017-05-04,0.7409,1004.0,45.52,,,48.38,,,98.797,1.0985,1.0,1.2923,1228.6,3.58,250.2,0.38262,0.87486,,,,119.54,10088.02,3366.09,24683.88,4638.53,1883.3,2781.41,980.07,1886.48,,5626.32,3.186,,3127.369,3404.39,16.244,2389.52,6.8926,6.8959,7.7823,112.46,2.3541,1.3059,2.9983,,13.06,10.46
2017-05-05,0.7424,994.0,46.22,,,49.1,,,98.648,1.0998,1.0,1.2982,1226.9,3.568,251.95,0.38351,0.87321,,,,121.15,9926.26,3335.68,24476.35,4605.77,1882.41,2783.07,978.27,1896.75,,5646.09,3.266,,3103.038,3382.55,16.215,2399.29,6.9002,6.9031,7.7838,112.71,2.3487,1.3102,2.9832,,13.87,10.57
2017-05-08,0.7387,1001.0,46.43,,,49.34,,,99.06,1.0924,1.0,1.294,1227.1,3.615,248.55,0.38571,0.87411,,,,120.86,9982.42,3351.96,24577.91,4646.23,1883.26,2780.08,985.11,1897.32,,5659.07,3.172,19895.7,3078.613,3358.81,16.199,2399.38,6.9088,6.9045,7.7844,113.26,2.3868,1.3303,3.0222,,13.39,9.77
2017-05-09,0.7345,1007.0,45.88,,,48.73,,,99.658,1.0874,1.0,1.2934,1216.1,3.631,249.0,0.38567,0.87014,,,,118.85,10128.99,3392.79,24889.03,4691.93,1884.54,2777.23,990.6,1893.41,,5678.31,3.227,19843.0,3080.527,3352.53,16.008,2396.92,6.9153,6.9074,7.7838,113.98,2.3977,1.3405,3.0271,,12.9,9.96
2017-05-10,0.7367,1005.0,47.33,,,50.22,,,99.669,1.0868,1.0,1.2938,1218.9,3.702,248.7,0.38125,0.87068,,,,118.32,10227.42,3405.2,25015.42,4723.37,1886.16,2779.15,995.09,1895.93,,5681.68,3.292,19900.09,3052.785,3337.7,16.151,2399.63,6.9134,6.9032,7.7864,114.28,2.4141,1.3548,3.0407,,12.78,10.21
2017-05-11,0.7379,1012.0,47.83,,,50.77,,,99.623,1.0861,1.0,1.2886,1224.2,3.679,250.1,0.38036,0.84179,,,,118.87,10257.63,3419.1,25125.55,4626.84,1887.46,2781.68,1000.35,1891.21,,5674.22,3.376,19961.55,3061.5,3356.65,16.209,2394.44,6.904,6.9037,7.7894,113.86,2.3874,1.3347,3.0255,,12.77,10.6
2017-05-12,0.7387,1014.0,47.84,,,50.84,,,99.252,1.0931,1.0,1.289,1227.7,3.652,251.8,0.37857,0.82071,,,,120.59,10282.65,3422.07,25156.34,4579.81,1888.04,2793.6,1002.37,1892.97,,5686.81,3.424,19883.9,3083.513,3385.38,16.346,2390.9,6.8987,6.8995,7.7939,113.38,2.3257,1.2904,2.9889,,12.37,10.4
2017-05-15,0.7413,994.0,48.85,,,51.82,,,98.911,1.0975,1.0,1.2896,1230.0,3.62,253.3,0.38064,0.81536,,,,118.8,10450.35,3444.89,25371.59,4601.58,1890.82,2794.76,1010.23,1901.64,,5704.48,3.349,19869.85,3090.229,3399.19,16.561,2402.32,6.8913,6.8935,7.788,113.79,2.3433,1.2986,3.0064,,12.57,10.42
2017-05-16,0.7426,980.0,48.66,,,51.65,,,98.105,1.1083,1.0,1.2917,1236.4,3.628,254.45,0.37442,0.80786,,,,118.71,10433.69,3447.2,25335.94,4649.81,1892.29,2797.35,1015.05,1906.23,,5724.44,3.23,19919.82,3112.964,3428.65,16.693,2400.67,6.8757,6.8867,7.7879,113.12,2.3257,1.2987,2.9921,,12.82,10.65
2017-05-17,0.7432,960.0,49.07,,,52.21,,,97.575,1.1159,1.0,1.297,1258.7,3.635,254.25,0.37214,0.80179,,,,118.37,10383.14,3440.89,25293.63,4619.38,1890.28,2815.98,1008.63,1882.62,,5580.55,3.192,19814.88,3104.442,3409.97,16.852,2357.03,6.8714,6.8784,7.7851,110.83,2.2243,1.2458,2.916,,12.84,15.59
2017-05-18,0.7419,957.0,49.35,,,52.51,,,97.879,1.1103,1.0,1.2938,1252.8,3.609,252.65,0.37857,0.80179,,,,119.19,10271.35,3414.88,25136.52,4480.48,1889.05,2810.78,988.38,1880.96,,5626.31,3.182,19553.86,3090.139,3398.11,16.621,2365.72,6.8831,6.8892,7.7818,111.49,2.2294,1.2682,2.9005,,13.69,14.66
2017-05-19,0.7459,956.0,50.33,,,53.61,,,97.142,1.1206,1.0,1.3036,1253.6,3.631,257.4,0.36679,0.79071,,,,119.17,10267.39,3426.01,25174.87,4471.69,1892.8,2810.45,995.67,1894.77,,5651.56,3.256,19590.76,3090.631,3403.85,16.75,2381.73,6.8743,6.885,7.7833,111.26,2.2346,1.2703,2.8966,,13.25,12.04
2017-05-22,0.7477,954.0,50.73,,,53.87,,,96.984,1.1237,1.0,1.3,1261.4,3.678,258.9,0.36339,0.79032,,,,119.13,10374.32,3455.94,25391.34,4477.58,1895.47,2810.78,1003.66,1904.92,,5699.4,3.33,19678.28,3075.676,3411.24,17.143,2394.02,6.8782,6.8864,7.7848,111.3,2.2537,1.2826,2.9136,,12.93,10.93
2017-05-23,0.7478,949.0,51.47,,,54.15,,,97.351,1.1183,1.0,1.2961,1255.5,3.677,259.05,0.35589,0.78054,,,,120.38,10395.28,3452.92,25403.15,4432.79,1896.35,2805.42,1004.47,1906.69,,5703.35,3.219,19613.28,3061.947,3424.19,17.091,2398.42,6.8809,6.8852,7.7881,111.78,2.2799,1.3032,2.9432,,12.62,10.72
2017-05-24,0.7503,934.0,51.36,,,53.96,,,97.238,1.1219,1.0,1.2972,1253.1,3.669,257.8,0.35252,0.78089,,,,120.2,10390.87,3457.31,25428.5,4413.77,1897.3,2807.7,1005.03,1907.81,,5730.3,3.209,19742.98,3064.076,3424.17,17.077,2404.39,6.8744,6.8901,7.7888,111.49,2.2502,1.2818,2.9245,,12.0,10.02
2017-05-25,0.7454,918.0,48.9,,,51.46,,,97.248,1.121,1.0,1.2942,1256.4,3.662,259.2,0.35643,0.77107,,,,121.06,10571.6,3487.85,25630.78,4410.34,1898.84,2810.17,1014.55,1914.59,,5778.38,3.184,19813.13,3107.831,3485.66,17.152,2415.07,6.849,6.8685,7.7917,111.84,2.2554,1.2937,2.9206,,11.93,9.99
2017-05-26,0.7448,912.0,49.8,,,52.15,,,97.442,1.1183,1.0,1.2804,1268.1,3.666,255.95,0.355,0.77071,,,,121.29,10579.67,3487.96,25639.27,4392.59,1898.84,2810.96,1017.0,1912.21,,5788.36,3.236,19686.84,3110.059,3480.43,17.283,2415.82,6.8233,6.8555,7.7933,111.33,2.2465,1.2937,2.912,,11.81,9.81
2017-05-29,0.744,,,,,52.29,,,97.442,1.1164,1.0,1.284,,,,0.35857,0.77071,,,,120.99,10619.34,3501.52,25701.63,4398.33,,,1015.19,1911.7,,,,19682.57,,,,,6.8208,,7.7939,111.27,2.2465,1.2937,2.912,,11.6,
2017-05-30,0.7465,900.0,49.66,,,51.84,,,97.28,1.1186,1.0,1.2859,1262.1,,256.4,,,,,,,,,,,1900.62,2818.11,1011.77,1909.9,,5794.63,3.145,19677.85,,,17.427,2412.91,6.8246,,7.7929,110.85,2.2098,1.2837,2.8772,,,10.38
2017-05-31,0.743,878.0,48.32,1.5,,50.31,1.9,51.2,96.922,1.1244,1.0,1.289,1272.0,3.637,258.0,0.35649,0.77375,2.0,,3.2,122.06,10602.97,3493.47,25660.65,4366.8,1900.7,2821.69,1005.33,1911.74,56.4,5788.8,3.071,19650.57,3117.178,3492.88,17.406,2411.8,6.7462,6.818,7.7921,110.78,2.2028,1.2818,2.8634,4.4,11.92,10.41
2017-06-01,0.7374,850.0,48.36,,,50.63,,,97.198,1.1213,1.0,1.2882,1267.0,3.63,258.75,0.35458,0.76839,,,,123.13,10619.88,3507.41,25809.22,4386.35,1902.74,2819.35,1008.47,1923.1,,5816.51,3.008,19860.03,3102.623,3497.74,17.281,2430.06,6.75,6.8083,7.7915,111.37,2.2114,1.2898,2.8626,,11.62,9.89
2017-06-02,0.7443,830.0,47.66,,,49.95,,,96.715,1.1279,1.0,1.2888,1276.8,3.637,257.45,0.365,0.76179,,,,121.54,10666.43,3521.83,25924.05,4415.69,1904.72,2830.37,1015.08,1935.21,,5881.46,2.999,20177.28,3105.54,3486.51,17.525,2439.07,6.7766,6.81,7.789,110.4,2.1591,1.2879,2.81,,11.92,9.75
2017-06-05,0.7487,821.0,47.4,,,49.47,,,96.799,1.1254,1.0,1.2904,1279.3,3.625,255.75,0.36804,0.75536,,,,120.95,10597.05,3517.68,25862.99,4386.6,1905.53,2826.72,1017.6,1931.73,,5878.12,2.982,20170.82,3091.656,3468.75,17.581,2436.1,6.7817,6.804,7.7925,110.45,2.1817,1.302,2.8366,,11.9,10.07
2017-06-06,0.7506,818.0,48.19,,,50.12,,,96.636,1.1277,1.0,1.2911,1294.4,3.648,254.7,0.36672,0.75339,,,,121.59,10606.26,3531.32,25997.14,4335.28,1905.55,2832.97,1015.89,1926.05,,5856.77,3.042,19979.9,3102.126,3492.88,17.71,2429.33,6.756,6.7952,7.7938,109.41,2.1451,1.294,2.8115,,11.98,10.45
2017-06-07,0.7549,821.0,45.72,,,48.06,,,96.748,1.1257,1.0,1.296,1290.1,3.648,255.15,0.36714,0.74718,,,,122.14,10611.46,3533.4,25974.16,4429.6,1904.1,2827.79,1015.75,1927.06,,5877.59,3.02,19984.62,3140.325,3533.87,17.62,2433.14,6.7742,6.7958,7.7949,109.82,2.1729,1.3061,2.8366,,12.12,10.39
2017-06-08,0.7547,824.0,45.64,,,47.86,,,96.918,1.1214,1.0,1.2956,1276.3,3.639,260.95,0.36661,0.74571,,,,122.33,10649.9,3549.64,26063.06,4553.58,1902.5,2824.96,1019.07,1924.2,,5885.3,3.028,19909.26,3150.333,3560.98,17.414,2433.79,6.7826,6.8003,7.7974,110.02,2.1885,1.3143,2.851,,11.95,10.16
2017-06-09,0.7527,849.0,45.83,,,48.15,,,97.274,1.1195,1.0,1.2746,1268.5,3.607,264.95,0.36857,0.74929,,,,123.48,10592.17,3540.11,26030.29,4567.72,1903.08,2824.92,1018.19,1922.79,,5741.94,3.039,20013.26,3158.4,3576.17,17.223,2431.77,6.7869,6.798,7.7972,110.32,2.2005,1.3347,2.8556,,11.36,10.7
2017-06-12,0.7541,870.0,46.08,,,48.29,,,97.138,1.1203,1.0,1.2659,1266.1,3.595,261.55,0.36857,0.7625,,,,125.02,10485.85,3500.05,25708.04,4454.5,1904.49,2823.18,1008.92,1918.7,,5708.18,3.024,19908.58,3139.876,3574.39,16.944,2429.39,6.7956,6.7982,7.7994,109.95,2.2145,1.3551,2.8694,,12.45,11.46
2017-06-13,0.7537,870.0,46.46,,,48.72,,,96.975,1.1211,1.0,1.2754,1265.8,3.585,259.65,0.36857,0.76427,,,,124.24,10525.74,3518.53,25852.1,4475.15,1906.53,2825.24,1009.78,1928.74,,5751.82,2.966,19898.75,3153.743,3582.27,16.767,2440.35,6.7883,6.7991,7.7976,110.07,2.2109,1.3633,2.8648,,12.16,10.42
2017-06-14,0.7585,865.0,44.73,,,47.0,,,96.939,1.1218,1.25,1.2751,1272.8,3.538,257.35,0.36736,0.7635,,,,122.8,10514.91,3519.61,25875.9,4543.09,1907.25,2840.51,1013.69,1930.53,,5727.07,2.933,19883.52,3130.674,3535.3,17.136,2437.92,6.786,6.7917,7.7978,109.58,2.1256,1.331,2.7692,,12.2,10.64
2017-06-15,0.7579,855.0,44.46,,,46.92,,,97.433,1.1145,1.25,1.2758,1252.2,3.565,256.55,0.39299,0.76357,,,,123.96,10346.15,3477.21,25565.34,4486.27,1905.43,2837.29,1003.64,1916.52,,5700.89,3.056,19831.82,3132.486,3528.79,16.716,2432.46,6.8069,6.8078,7.8016,110.93,2.1637,1.3514,2.7872,,12.79,10.9
2017-06-16,0.7621,851.0,44.74,,,47.37,,,97.164,1.1198,1.25,1.2783,1254.0,3.578,256.4,0.42139,0.76536,,,,123.14,10384.89,3483.34,25626.49,4486.86,1904.95,2838.86,1003.12,1923.24,,5681.48,3.037,19943.26,3123.166,3518.76,16.661,2433.15,6.8126,6.8105,7.8008,110.88,2.1514,1.3151,2.7752,,12.23,10.38
2017-06-19,0.76,848.0,44.2,,,46.91,,,97.548,1.1149,1.25,1.2737,1244.2,3.502,258.95,0.43917,0.76765,,,,122.42,10520.8,3522.43,25924.55,4519.6,1906.05,2836.21,1012.95,1936.52,,5772.22,2.894,20067.75,3144.374,3553.67,16.502,2453.46,6.8292,6.8195,7.8002,111.53,2.1879,1.356,2.7849,,12.88,10.37
2017-06-20,0.758,847.0,43.23,,,46.02,,,97.76,1.1134,1.25,1.2629,1241.0,3.499,255.45,0.43929,0.76679,,,,122.52,10468.48,3515.26,25843.04,4542.05,1902.36,2844.16,1008.67,1922.54,,5726.31,2.907,20230.41,3140.013,3546.49,16.417,2437.03,6.8237,6.8292,7.8008,111.45,2.1565,1.3439,2.7385,,12.67,10.86
2017-06-21,0.7553,844.0,42.53,,,44.82,,,97.559,1.1168,1.25,1.2671,1243.4,3.544,260.2,0.445,0.76712,,,,124.05,10393.59,3500.59,25694.58,4584.17,1897.91,2844.82,1006.47,1920.0,,5782.39,2.893,20138.79,3156.212,3587.96,16.374,2435.61,6.8312,6.8295,7.8014,111.38,2.1634,1.3481,2.7274,,12.63,10.75
2017-06-22,0.7542,855.0,42.74,,,45.22,,,97.593,1.1152,1.25,1.2682,1247.6,3.575,259.9,0.44714,0.77,,,,125.05,10402.76,3498.68,25674.53,4557.79,1897.12,2845.14,1008.81,1921.54,,5779.87,2.894,20110.51,3147.453,3590.34,16.509,2434.5,6.8371,6.8348,7.7989,111.33,2.1477,1.3401,2.7163,,12.57,10.48
2017-06-23,0.7568,870.0,43.01,,,45.54,,,97.264,1.1194,1.25,1.2718,1256.2,3.55,262.4,0.44625,0.77072,,,,125.42,10430.04,3502.05,25670.05,4590.63,1897.9,2847.58,1011.67,1925.02,,5803.11,2.929,20132.67,3157.873,3622.88,16.647,2438.3,6.8363,6.8366,7.8002,111.28,2.1423,1.3404,2.7155,,12.52,10.02
2017-06-26,0.7585,884.0,43.38,,,45.83,,,97.426,1.1182,1.25,1.2723,1246.3,3.516,262.55,0.44929,0.76983,,,,124.76,10530.66,3529.64,25871.89,4645.78,1900.35,2851.37,1019.11,1927.49,,5777.59,3.027,20153.35,3185.444,3668.09,16.572,2439.07,6.8542,6.8411,7.7988,111.86,2.137,1.3323,2.697,,12.55,9.9
2017-06-27,0.7583,903.0,44.24,,,46.65,,,96.394,1.1339,1.25,1.2814,1246.4,3.513,264.7,0.44893,0.77107,,,,125.78,10498.07,3527.38,25839.99,4646.8,1901.97,2842.71,1016.68,1917.57,,5671.6,3.037,20225.09,3191.197,3674.72,16.588,2419.38,6.8143,6.8126,7.8006,112.35,2.2051,1.3692,2.7518,,12.29,11.06
2017-06-28,0.764,929.0,44.74,,,47.31,,,96.01,1.1378,1.25,1.2926,1248.0,3.533,266.05,0.4525,0.77429,,,,126.37,10408.19,3505.43,25683.5,4526.65,1902.56,2839.88,1012.1,1931.73,,5753.03,3.067,20130.41,3173.201,3646.17,16.727,2440.69,6.8036,6.7998,7.804,112.3,2.2279,1.3533,2.781,,12.91,10.03
2017-06-29,0.7683,920.0,44.93,,,47.42,,,95.628,1.1441,1.25,1.3007,1245.8,3.552,268.3,0.46132,0.7775,,,,127.27,10432.02,3549.21,25965.42,4549.08,1902.65,2834.3,1014.02,1919.59,,5653.02,3.042,20220.3,3188.063,3668.83,16.586,2419.7,6.7935,6.787,7.8057,112.18,2.2666,1.3692,2.8135,,12.87,11.44
2017-06-30,0.7689,901.0,46.04,1.5,7.0,47.92,1.6,51.7,95.628,1.1426,1.25,1.3025,1242.3,3.568,269.9,0.46502,0.77961,1.9,3.9,3.1,127.38,10365.22,3529.18,25764.58,4527.6,1903.27,2830.31,1010.8,1916.43,56.2,5646.92,3.035,20033.43,3192.427,3666.8,16.568,2423.41,6.7807,6.7809,7.8072,112.39,2.3037,1.3817,2.8348,4.3,14.01,11.18
2017-07-03,0.7661,882.0,47.07,,,49.68,,,96.218,1.1364,1.25,1.294,1219.2,3.601,268.1,0.46679,0.77757,,,,125.87,10412.48,3542.67,25784.17,4530.0,1904.21,2824.66,1014.24,1920.58,,5596.96,2.951,20055.8,3195.912,3650.85,16.037,2429.01,6.7973,6.8003,7.8111,113.38,2.3499,1.4101,2.8669,,13.6,11.22
2017-07-04,0.7606,871.0,,,,49.61,,,96.218,1.1346,1.25,1.292,,3.608,,0.46344,0.77929,,,,126.44,10305.98,3489.79,25389.01,4438.08,,,1006.73,1918.9,,,,20032.35,3182.804,3619.98,,,6.8061,6.8007,7.8072,113.28,2.3499,1.4101,2.8669,,14.0,
2017-07-05,0.7603,847.0,45.13,,,47.79,,,96.29,1.1352,1.25,1.2934,1221.7,3.589,264.9,0.45734,0.77571,,,,127.04,10380.73,3509.82,25521.97,4516.09,1904.55,2828.16,1009.85,1920.33,,5648.82,2.84,20081.63,3207.134,3659.68,15.842,2432.54,6.8001,6.8019,7.8078,113.26,2.3232,1.4022,2.8469,,13.58,11.07
2017-07-06,0.7586,829.0,45.52,,,48.11,,,95.802,1.1423,1.25,1.2971,1223.3,3.573,265.15,0.45721,0.77375,,,,127.84,10346.32,3511.78,25465.22,4567.58,1902.53,2822.74,1006.16,1909.01,,5597.91,2.888,19994.06,3212.444,3660.1,15.927,2409.75,6.8004,6.8015,7.8105,113.22,2.3659,1.3944,2.9016,,13.66,12.54
2017-07-07,0.7601,822.0,44.23,,,46.71,,,96.008,1.1401,1.25,1.289,1209.7,3.601,263.75,0.4591,0.77749,,,,128.62,10251.83,3497.29,25340.85,4589.38,1898.78,2819.41,1002.48,1913.18,,5656.47,2.864,19929.09,3217.957,3655.93,15.371,2425.18,6.8039,6.8057,7.8119,113.92,2.3856,1.399,2.9289,,14.34,11.19
2017-07-10,0.7606,820.0,44.4,,,46.88,,,96.022,1.1399,1.25,1.2881,1213.2,3.598,263.95,0.45925,0.77643,,,,128.97,10214.58,3508.77,25500.06,4580.62,1899.51,2824.7,1009.29,1917.11,,5694.15,2.929,20080.98,3212.632,3653.69,15.577,2427.43,6.806,6.8036,7.8127,114.04,2.373,1.383,2.9265,,14.05,11.11
2017-07-11,0.7638,830.0,45.04,,,47.52,,,95.669,1.1467,1.25,1.2848,1214.7,3.586,266.45,0.45778,0.77625,,,,127.38,10416.2,3554.54,25877.64,4612.17,1900.21,2826.52,1018.2,1915.67,,5709.8,3.047,20195.48,3203.037,3670.81,15.697,2425.53,6.8008,6.8025,7.8127,113.94,2.3605,1.3751,2.9234,,13.61,10.89
2017-07-12,0.7678,859.0,45.49,,,47.74,,,95.761,1.1412,1.25,1.2885,1219.1,3.58,267.7,0.46047,0.77195,,,,126.49,10517.37,3568.85,26043.64,4664.33,1904.15,2834.32,1029.9,1932.86,,5778.95,2.985,20098.38,3197.544,3658.82,15.839,2443.25,6.7865,6.7878,7.8113,113.17,2.3177,1.3429,2.8838,,13.97,10.3
2017-07-13,0.7731,888.0,46.08,,,48.42,,,95.728,1.1398,1.25,1.2939,1217.3,3.569,265.45,0.45977,0.76714,,,,126.1,10677.44,3611.7,26346.17,4759.44,1905.48,2831.11,1040.72,1936.94,,5793.36,2.961,20099.81,3218.163,3686.92,15.642,2447.83,6.7819,6.7835,7.8084,113.28,2.3444,1.3633,2.9172,,13.5,9.9
2017-07-14,0.7832,900.0,46.54,,,48.91,,,95.153,1.147,1.25,1.3098,1227.5,3.567,268.4,0.45982,0.77286,,,,126.03,10728.07,3621.51,26389.23,4758.07,1908.79,2836.05,1047.05,1948.08,,5838.08,2.98,20118.86,3222.417,3703.09,15.884,2459.27,6.766,6.7752,7.8039,112.53,2.3319,1.3556,2.9195,,12.98,9.51
2017-07-17,0.7801,912.0,46.02,,,48.42,,,95.128,1.1478,1.25,1.3055,1233.7,3.569,271.7,0.46036,0.77357,,,,126.7,10783.19,3629.12,26470.58,4791.32,1912.92,2840.58,1051.55,1948.58,,5839.74,3.02,,3176.465,3663.56,16.05,2459.14,6.7638,6.77,7.8044,112.63,2.3141,1.3557,2.9039,,13.3,9.82
2017-07-18,0.7916,932.0,46.4,,,48.84,,,94.604,1.1554,1.25,1.304,1241.9,3.593,272.35,0.44381,0.77236,,,,126.72,10755.28,3633.83,26524.94,4955.13,1914.83,2849.6,1053.23,1949.66,,5880.1,3.088,19999.91,3187.567,3667.18,16.222,2460.61,6.7498,6.7466,7.8055,112.07,2.259,1.3477,2.8461,,12.88,9.89
2017-07-19,0.7952,948.0,47.12,,,49.7,,,94.779,1.1515,1.25,1.3022,1242.0,3.597,270.3,0.43607,0.77221,,,,126.81,10860.52,3669.04,26672.16,5151.05,1917.67,2850.62,1060.12,1958.56,,5916.16,3.066,20020.86,3230.976,3729.75,16.251,2473.83,6.7594,6.7519,7.8082,111.97,2.2696,1.356,2.8514,,12.64,9.79
2017-07-20,0.7958,964.0,46.79,,,49.3,,,94.306,1.1631,1.25,1.2973,1245.5,3.578,270.85,0.43586,0.77293,,,,127.09,10846.83,3677.42,26740.21,5191.69,1919.91,2852.56,1059.4,1963.31,,5921.22,3.043,20144.59,3244.865,3747.88,16.299,2473.45,6.7561,6.7597,7.8103,111.91,2.2589,1.3521,2.8254,,12.36,9.58
2017-07-21,0.7916,977.0,45.77,,,48.06,,,93.858,1.1663,1.25,1.2997,1254.9,3.586,271.5,0.4337,0.77179,,,,126.91,10787.13,3671.13,26706.09,5062.72,1920.1,2859.37,1060.18,1958.77,,5921.53,2.97,20099.75,3237.982,3728.6,16.41,2472.54,6.7571,6.7667,7.8094,111.13,2.2375,1.3402,2.8087,,12.2,9.36
2017-07-24,0.7924,977.0,46.34,,,48.6,,,93.977,1.1642,1.25,1.3028,1254.3,3.586,272.9,0.43682,0.77232,,,,127.18,10820.95,3687.47,26846.83,5067.97,1921.11,2855.5,1064.27,1954.84,,5941.37,2.899,19975.67,3250.599,3743.47,16.398,2469.91,6.7495,6.7512,7.8067,111.1,2.2552,1.3567,2.8345,,12.12,9.43
2017-07-25,0.7937,980.0,47.89,,,50.2,,,94.054,1.1647,1.25,1.3025,1252.1,3.594,284.05,0.43412,0.76652,,,,127.7,10782.74,3686.88,26852.05,5057.13,1922.08,2842.34,1061.69,1960.59,,5930.65,2.944,19955.2,3243.689,3719.56,16.497,2477.13,6.7588,6.751,7.8089,111.89,2.3354,1.3899,2.9171,,11.51,9.43
2017-07-26,0.8005,968.0,48.75,,,50.97,,,93.672,1.1734,1.25,1.3122,1249.4,3.618,286.9,0.43529,0.76643,,,,127.78,10831.5,3693.92,26941.02,4944.37,1923.73,2850.29,1062.29,1961.9,,5950.73,2.924,20050.16,3247.675,3705.39,16.415,2477.83,6.7431,6.754,7.8092,111.18,2.2872,1.3551,2.8914,,11.67,9.6
2017-07-27,0.7967,942.0,49.04,,,51.49,,,93.864,1.1677,1.25,1.3066,1260.0,3.605,287.4,0.43393,0.75997,,,,127.29,10858.19,3722.52,27131.17,4930.4,1923.75,2846.0,1068.95,1963.54,,5917.03,2.969,20079.64,3249.781,3712.2,16.529,2475.42,6.744,6.743,7.8091,111.26,2.3103,1.3631,2.9194,,11.87,10.11
2017-07-28,0.7987,933.0,49.71,,,52.52,,,93.259,1.1751,1.25,1.3136,1268.4,3.607,287.5,0.43093,0.75808,,,,128.35,10756.08,3695.88,26979.39,4891.59,1924.21,2851.66,1062.97,1960.32,,5908.92,2.941,19959.84,3253.24,3721.89,16.695,2472.1,6.737,6.7369,7.8098,110.68,2.2889,1.3472,2.8953,,13.63,10.29
2017-07-31,0.8003,946.0,50.17,1.4,,52.65,1.7,51.4,92.863,1.1842,1.25,1.3215,1266.6,3.626,289.15,0.43832,0.76568,2.0,,3.2,127.79,10827.84,3741.02,27323.99,4914.98,1924.35,2851.01,1066.23,1961.1,56.5,5880.33,2.794,19925.18,3273.028,3737.87,16.786,2470.3,6.7271,6.7266,7.8102,110.26,2.2942,1.3491,2.8999,4.3,13.43,10.26
2017-08-01,0.7969,965.0,49.16,,,51.78,,,93.043,1.1802,1.25,1.3203,1272.6,3.641,288.1,0.435,0.76321,,,,127.96,11024.13,3759.68,27540.23,4870.24,1925.74,2859.74,1069.0,1970.39,,5895.17,2.819,19985.79,3292.638,3770.38,16.764,2476.35,6.7299,6.7179,7.8133,110.36,2.2532,1.3411,2.8567,,13.5,10.09
2017-08-02,0.7968,993.0,49.59,,,52.36,,,92.836,1.1856,1.25,1.3223,1271.8,3.637,288.45,0.43125,0.76292,,,,127.53,11055.42,3770.81,27607.38,4933.42,1926.09,2858.63,1069.97,1970.29,,5914.23,2.811,20080.04,3285.057,3760.85,16.733,2477.57,6.7298,6.7217,7.8166,110.72,2.271,1.359,2.8559,,13.72,10.28
2017-08-03,0.795,1023.0,49.03,,,52.01,,,92.839,1.187,1.25,1.3138,1267.8,3.635,287.8,0.42964,0.758,,,,127.09,11002.2,3746.73,27531.01,4839.15,1925.23,2863.75,1064.07,1968.72,,5891.2,2.8,20029.26,3272.929,3727.83,16.63,2472.16,6.7295,6.7172,7.8173,110.05,2.2212,1.339,2.7972,,13.97,10.44
2017-08-04,0.7922,1032.0,49.58,,,52.42,,,93.542,1.1773,1.25,1.304,1258.3,3.638,288.5,0.42886,0.75739,,,,126.52,11003.08,3758.55,27562.68,4887.86,1925.13,2855.19,1067.26,1967.77,,5899.91,2.774,19952.33,3262.081,3707.58,16.252,2476.83,6.7351,6.7289,7.8195,110.69,2.262,1.3509,2.842,,14.02,10.03
2017-08-07,0.7912,1036.0,49.39,,,52.37,,,93.432,1.1795,1.25,1.3035,1258.2,3.671,290.7,0.42899,0.75536,,,,126.11,11054.41,3779.33,27690.36,5006.6,1925.55,2856.03,1075.36,1971.76,,5934.73,2.801,20055.89,3279.457,3726.8,16.251,2480.91,6.7313,6.7215,7.8198,110.75,2.253,1.3509,2.8336,,14.02,9.93
2017-08-08,0.7914,1038.0,49.17,,,52.14,,,93.647,1.1752,1.25,1.2992,1256.4,3.672,294.25,0.4261,0.7575,,,,126.35,11079.79,3805.03,27854.91,5067.35,1924.15,2848.69,1078.53,1966.81,,5926.35,2.822,19996.01,3281.873,3732.21,16.389,2474.92,6.712,6.7064,7.8234,110.32,2.2619,1.3508,2.8428,,13.78,10.96
2017-08-09,0.7888,1050.0,49.56,,,52.7,,,93.548,1.1759,1.25,1.3004,1273.0,3.676,292.7,0.42536,0.75893,,,,126.59,10962.6,3795.29,27757.09,5029.32,1917.83,2851.71,1068.92,1961.88,,5919.39,2.883,19738.71,3275.573,3731.04,16.863,2474.02,6.6921,6.6743,7.8151,110.07,2.2476,1.3387,2.8222,,14.76,11.11
2017-08-10,0.7875,1092.0,48.59,,,51.9,,,93.401,1.1772,1.25,1.2977,1283.7,3.664,290.3,0.42929,0.76336,,,,128.54,10782.2,3750.25,27444.0,4987.23,1912.38,2853.28,1056.21,1940.28,,5788.19,2.985,19729.74,3261.75,3715.92,17.065,2438.21,6.6667,6.647,7.8176,109.2,2.1975,1.3246,2.7729,,16.91,16.04
2017-08-11,0.7894,1138.0,48.82,,,52.1,,,93.069,1.1821,1.25,1.3014,1287.7,3.636,291.2,0.42521,0.76086,,,,129.28,10572.97,3664.2,26883.51,4790.94,1910.62,2852.6,1042.8,1937.73,,5831.53,2.983,,3208.542,3647.35,17.07,2441.32,6.6766,6.6636,7.8184,109.19,2.1888,1.294,2.7855,,19.59,15.51
2017-08-14,0.7852,1155.0,47.59,,,50.73,,,93.411,1.178,1.25,1.2964,1284.2,3.619,290.45,0.42268,0.76,,,,128.18,10707.24,3718.33,27250.23,4958.43,1913.94,2851.94,1053.65,1952.58,,5908.17,2.959,19537.1,3237.36,3694.68,17.122,2465.84,6.69,6.6712,7.8213,109.63,2.2185,1.3182,2.8073,,17.82,12.33
2017-08-15,0.7821,1169.0,47.55,,,50.8,,,93.853,1.1735,1.25,1.2869,1273.7,3.612,288.3,0.423,0.75929,,,,129.05,10738.0,3705.92,27174.96,4962.87,1913.72,2846.09,1052.51,1949.23,,5907.73,2.935,19753.31,3251.262,3706.06,16.714,2464.61,6.6963,6.6855,7.8238,110.67,2.2728,1.3465,2.8488,,17.53,12.04
2017-08-16,0.7925,1207.0,46.78,,,50.27,,,93.541,1.1767,1.25,1.2891,1276.9,3.622,295.35,0.42479,0.7635,,,,127.31,10817.88,3735.57,27409.07,5015.03,1915.03,2854.64,1060.27,1954.04,,5917.42,2.89,19729.28,3246.451,3701.42,16.94,2468.11,6.6883,6.6916,7.8216,110.19,2.222,1.3261,2.8073,,16.57,11.74
2017-08-17,0.7885,1247.0,47.09,,,51.03,,,93.622,1.1723,1.25,1.2868,1286.4,3.625,293.8,0.42171,0.76112,,,,128.25,10801.42,3732.8,27344.22,4974.52,1913.15,2859.12,1063.33,1936.32,,5796.32,2.929,19702.63,3268.43,3721.28,17.053,2430.01,6.6842,6.6755,7.8236,109.57,2.1853,1.2956,2.7739,,16.19,15.55
2017-08-18,0.7929,1260.0,48.51,,,52.72,,,93.434,1.1761,1.25,1.287,1285.7,3.64,293.95,0.42436,0.76079,,,,129.82,10693.65,3695.54,27047.57,4948.06,1911.05,2858.54,1059.54,1930.41,,5790.91,2.893,19470.41,3268.724,3724.68,17.0,2425.55,6.6827,6.6702,7.8237,109.18,2.1939,1.3054,2.7762,,17.19,14.26
2017-08-21,0.7939,1266.0,47.37,,,51.66,,,93.095,1.1815,1.25,1.29,1290.8,3.65,298.05,0.42164,0.76143,,,,129.67,10751.54,3710.9,27154.68,4984.93,1911.98,2861.44,1063.66,1932.22,,5786.54,2.962,19393.13,3286.906,3740.99,17.015,2428.37,6.6713,6.6664,7.8238,108.98,2.1817,1.3012,2.7631,,17.12,13.19
2017-08-22,0.7911,1249.0,47.64,,,51.87,,,93.545,1.1762,1.25,1.2824,1285.1,3.659,298.7,0.42062,0.76143,,,,128.73,10954.92,3744.16,27401.67,4994.27,1913.01,2856.57,1072.52,1945.18,,5873.33,2.939,19383.84,3290.226,3752.3,16.982,2452.51,6.6684,6.6624,7.8262,109.57,2.2131,1.3216,2.7847,,16.14,11.35
2017-08-23,0.7904,1222.0,48.41,,,52.57,,,93.147,1.1807,1.25,1.28,1288.9,3.667,298.05,,,,,,129.38,,,,,1913.77,2864.28,1075.6,1942.15,,5851.78,2.928,19434.64,3287.705,3756.09,17.046,2444.04,6.6627,6.659,7.8254,109.04,2.166,1.3051,2.7461,,,12.25
2017-08-24,0.7905,1200.0,47.43,,,52.04,,,93.277,1.1799,1.25,1.2801,1286.5,3.67,303.4,0.41929,0.76214,,,,128.03,11051.0,3763.2,27518.6,5016.91,1915.38,2860.68,1082.45,1939.65,,5834.44,2.949,19353.77,3271.512,3734.65,16.963,2438.97,6.661,6.662,7.8228,109.56,2.1939,1.3297,2.7692,,15.71,12.23
2017-08-25,0.7932,1209.0,47.87,,,52.41,,,92.74,1.1924,1.25,1.2882,1292.5,3.681,303.35,0.4185,0.76293,,,,128.71,11288.36,3798.93,27848.16,5078.14,1917.25,2864.9,1085.37,1944.56,,5822.53,2.892,19452.61,3331.522,3795.75,17.049,2443.05,6.6437,6.6465,7.8183,109.36,2.1659,1.3315,2.7469,,15.9,11.28
2017-08-28,0.7963,,46.57,,,51.89,,,92.207,1.1979,1.25,1.2933,1309.7,3.701,306.3,0.41921,0.76007,,,,129.45,11342.07,3795.8,27863.29,5038.31,1918.94,2867.19,1085.08,1946.28,,5838.08,2.925,19449.9,3362.652,3842.71,17.441,2444.24,6.6185,6.6144,7.8237,109.25,2.1571,1.3253,2.7554,,16.28,11.32
2017-08-29,0.7951,1203.0,46.44,,,52.0,,,92.249,1.1972,1.25,1.2918,1313.1,3.668,308.1,0.41921,0.75914,,,,131.05,11296.08,3784.08,27765.01,5060.2,1919.1,2868.57,1081.23,1945.05,,5862.14,2.961,19362.55,3365.226,3834.54,17.426,2446.3,6.6082,6.5963,7.8248,109.71,2.1292,1.3155,2.7384,,17.17,11.7
2017-08-30,0.7905,1181.0,45.96,,,50.86,,,92.884,1.1884,1.25,1.2925,1310.4,3.671,306.45,0.41821,0.76317,,,,129.67,11374.46,3827.08,28094.61,5086.24,1920.67,2868.15,1088.0,1947.53,,5932.9,2.939,19506.54,3363.626,3834.3,17.404,2457.59,6.5991,6.594,7.8252,110.24,2.1309,1.3255,2.7377,,17.18,11.22
2017-08-31,0.7947,1184.0,47.23,1.8,,52.38,1.9,51.7,92.668,1.191,1.25,1.293,1318.5,3.659,307.9,0.42143,0.76271,1.9,,3.1,129.64,11295.44,3823.62,27970.3,5127.41,1923.6,2873.15,1087.7,1959.74,58.4,5988.6,3.04,19646.24,3360.81,3822.09,17.48,2471.65,6.5966,6.5901,7.8259,109.98,2.117,1.3255,2.7262,4.4,17.33,10.59
2017-09-01,0.7975,1183.0,47.29,,,52.75,,,92.814,1.186,1.25,1.2951,1326.6,3.669,309.8,0.42393,0.76,,,,129.72,11285.55,3825.2,27953.16,5136.38,1924.77,2866.68,1091.36,1965.79,,5987.9,3.07,19691.47,3367.119,3830.54,17.719,2476.55,6.5612,6.5584,7.8249,110.25,2.1657,1.342,2.777,,16.75,10.13
2017-09-04,0.7944,1187.0,,,,52.34,,,92.635,1.1896,1.25,1.2931,,3.682,,0.42464,0.76002,,,,133.28,11182.67,3799.45,27740.26,5118.99,,,1083.34,1963.32,,,,19508.25,3379.583,3845.62,,,6.5293,6.5309,7.8252,109.72,2.1657,1.342,2.777,,18.0,
2017-09-05,0.7996,1215.0,48.66,,,53.38,,,92.252,1.1914,1.25,1.3033,1340.6,3.702,310.75,0.42196,0.75853,,,,133.73,11191.59,3806.27,27741.35,5200.69,1925.88,2882.35,1084.93,1954.64,,5932.73,2.972,19385.81,3384.317,3857.05,17.845,2457.85,6.5408,6.5388,7.8259,108.81,2.0596,1.29,2.6806,,17.64,12.23
2017-09-06,0.8,1250.0,49.16,,,54.2,,,92.29,1.1917,1.25,1.3043,1335.2,3.689,313.15,0.42214,0.75768,,,,134.45,11128.77,3793.96,27613.76,5163.68,1927.58,2873.7,1083.18,1959.15,,5951.13,3.0,19357.97,3385.389,3849.45,17.816,2465.54,6.5408,6.5242,7.8254,109.22,2.1046,1.3021,2.7224,,17.63,11.63
2017-09-07,0.8047,1296.0,49.09,,,54.49,,,91.663,1.2023,1.25,1.3101,1346.5,3.648,312.3,0.41911,0.75536,,,,134.12,11098.72,3788.74,27522.92,5140.38,1928.14,2881.89,1090.1,1964.57,,5964.31,2.981,19396.52,3365.497,3829.87,18.016,2465.1,6.4865,6.4865,7.8133,108.45,2.0387,1.262,2.6572,,16.8,11.55
2017-09-08,0.806,1332.0,47.48,,,53.78,,,91.352,1.2036,1.25,1.32,1347.3,3.636,302.15,0.41911,0.75701,,,,134.11,11149.64,3803.55,27668.47,5083.09,1926.92,2879.67,1091.17,1964.52,,5913.37,2.89,19274.82,3365.243,3825.99,18.027,2461.43,6.4943,6.4943,7.8134,107.84,2.0507,1.262,2.6692,,16.61,12.12
2017-09-11,0.8029,1355.0,48.07,,,53.84,,,91.875,1.1953,1.25,1.3163,1331.8,3.64,304.6,0.4215,0.75571,,,,131.64,11221.13,3841.48,27955.13,5094.78,1928.36,2869.14,1099.18,1981.97,,5980.53,2.95,19545.77,3376.419,3825.65,17.807,2488.11,6.5388,6.5297,7.8108,109.39,2.1306,1.3186,2.743,,15.35,10.73
2017-09-12,0.8019,1344.0,48.23,,,54.27,,,91.882,1.1967,1.25,1.3283,1328.8,3.618,301.55,0.42071,0.75661,,,,131.48,11242.06,3853.68,27972.24,5192.19,1929.23,2864.0,1102.26,1988.28,,5995.64,3.001,19776.62,3379.488,3837.93,17.795,2496.48,6.536,6.5354,7.8114,110.17,2.1672,1.3348,2.7715,,14.96,10.58
2017-09-13,0.7986,1337.0,49.3,,,55.16,,,92.52,1.1885,1.25,1.3211,1324.2,3.635,296.1,0.42071,0.75494,,,,131.67,11187.07,3854.58,27894.08,5261.84,1929.84,2862.05,1099.46,1986.74,,6004.38,3.058,19865.82,3384.147,3842.61,17.772,2498.37,6.5477,6.543,7.8128,110.49,2.1883,1.3471,2.7863,,14.88,10.5
2017-09-14,0.8005,1361.0,49.89,,,55.47,,,92.124,1.1919,1.25,1.3399,1325.4,3.602,293.65,0.42071,0.75464,,,,131.14,11101.14,3848.88,27777.2,5255.31,1931.03,2864.91,1099.89,1983.42,,5968.82,3.07,19807.44,3371.426,3829.96,17.698,2495.62,6.5428,6.556,7.8131,110.24,2.1847,1.3615,2.7669,,14.69,10.44
2017-09-15,0.8002,1385.0,49.89,,,55.62,,,91.872,1.1945,1.25,1.3594,1321.3,3.605,292.8,0.41857,0.75464,,,,131.05,11067.55,3852.52,27807.59,5223.21,1931.14,2866.8,1102.16,1987.72,,5988.0,3.024,19909.5,3353.619,3831.3,17.611,2500.23,6.5479,6.5526,7.8188,110.83,2.2023,1.3803,2.77,,15.09,10.17
2017-09-18,0.7958,1398.0,49.91,,,55.48,,,92.047,1.1954,1.25,1.3495,1306.9,3.626,294.9,0.42464,0.75571,,,,129.27,11195.98,3906.46,28159.77,5318.29,1932.97,2864.32,1112.92,1990.58,,5981.12,3.146,,3362.859,3843.14,17.071,2503.87,6.5752,6.5753,7.8167,111.57,2.2287,1.3947,2.7987,,15.08,10.15
2017-09-19,0.801,1415.0,49.48,,,55.14,,,91.793,1.1994,1.25,1.3503,1306.7,3.62,294.95,0.4725,0.76107,,,,129.23,11125.71,3895.97,28051.41,5258.23,1934.3,2865.26,1109.63,1996.09,,5991.08,3.122,20299.38,3356.844,3832.12,17.195,2506.65,6.5839,6.5835,7.8048,111.59,2.2446,1.4011,2.8167,,14.83,10.18
2017-09-20,0.8031,1449.0,50.41,,,56.29,,,92.508,1.1892,1.25,1.3495,1312.5,3.625,294.95,0.50464,0.75982,,,,128.8,11173.51,3916.42,28127.8,5317.71,1935.59,2862.29,1112.07,1998.69,,5973.6,3.094,20310.46,3365.996,3842.44,17.251,2508.24,6.5863,6.5749,7.8011,112.22,2.2676,1.4382,2.8081,,14.67,9.78
2017-09-21,0.7929,1470.0,50.55,,,56.43,,,92.259,1.1941,1.25,1.358,1290.6,3.638,291.4,0.53964,0.75982,,,,128.83,11198.32,3920.48,28110.33,5361.98,1935.3,2863.71,1108.19,1990.33,,5934.91,2.946,20347.48,3357.812,3837.82,16.937,2500.6,6.5686,6.5898,7.8045,112.48,2.2765,1.4385,2.805,,14.0,9.67
2017-09-22,0.7962,1502.0,50.66,,,56.86,,,92.171,1.1951,1.25,1.3504,1293.3,3.623,292.45,0.54875,0.75696,,,,130.41,11109.0,3888.62,27880.53,5311.46,1935.11,2866.25,1102.25,1994.58,,5932.32,2.959,20296.45,3352.529,3837.73,16.903,2502.22,6.5794,6.5901,7.8093,111.99,2.2499,1.431,2.7801,,14.41,9.59
2017-09-25,0.7937,1503.0,52.22,,,59.02,,,92.648,1.1848,1.25,1.3466,1307.1,3.606,291.75,0.52714,0.75393,,,,133.12,10912.46,3812.81,27500.34,5121.19,1936.99,2875.06,1088.26,1989.08,,5867.35,2.919,20397.58,3341.549,3817.79,17.059,2496.66,6.6124,6.6215,7.8141,111.73,2.2198,1.423,2.7615,,14.99,10.21
2017-09-26,0.7886,1476.0,51.88,,,58.44,,,92.966,1.1793,1.25,1.3458,1297.7,3.621,289.75,0.52786,0.75607,,,,132.58,10968.39,3812.02,27513.01,5097.89,1938.37,2874.43,1080.11,1983.25,,5881.34,2.918,20330.19,3343.583,3820.78,16.804,2496.84,6.6284,6.64,7.8118,112.24,2.2357,1.4356,2.7739,,15.14,10.17
2017-09-27,0.7849,1429.0,52.14,,,57.9,,,93.361,1.1745,1.25,1.3387,1284.1,3.627,291.1,0.54857,0.78,,,,130.61,11035.78,3842.39,27642.43,5247.43,1938.11,2861.68,1078.57,1988.0,,5937.79,2.974,20267.05,3345.272,3821.2,16.748,2507.04,6.6398,6.6425,7.8095,112.84,2.3103,1.4707,2.8625,,14.54,9.87
2017-09-28,0.7856,1391.0,51.56,,,57.41,,,93.085,1.1786,1.25,1.3442,1285.5,3.617,298.1,0.55821,0.77893,,,,131.8,10874.52,3809.11,27421.6,5233.44,1939.45,2865.36,1072.38,1992.36,,5933.07,3.017,20363.11,3339.642,3822.54,16.847,2510.06,6.6543,6.6608,7.8122,112.34,2.3085,1.4508,2.8712,,15.05,9.55
2017-09-29,0.7834,1356.0,51.67,,6.9,57.54,,,93.076,1.1814,1.25,1.3398,1281.5,3.623,295.5,0.58366,0.7825,,3.5,,131.93,10910.04,3833.01,27554.3,5264.87,1940.87,2868.16,1081.72,2000.55,,5979.3,3.007,20356.28,3348.943,3836.5,16.676,2519.36,6.6468,6.6528,7.811,112.51,2.3336,1.4827,2.8601,,14.01,9.51
2017-09-30,,,,1.6,,,2.2,52.4,,,,,,,,,,1.4,,3.1,,,,,,,,,,60.0,,,,,,,,,,,,,,,4.3,,
2017-10-02,0.7827,1328.0,50.58,,,56.12,,,93.559,1.1733,1.25,1.3276,1272.7,,295.55,,,,,,,,,,,1941.48,2869.24,1082.97,2004.68,,5981.92,2.916,20400.78,,,16.654,2529.12,6.6729,,7.8124,112.77,2.3408,1.4828,2.8736,,,9.45
2017-10-03,0.7836,1308.0,50.42,,,56.0,,,93.569,1.1744,1.25,1.3237,1271.5,,296.35,0.59272,0.78,,,,126.85,11305.38,3918.67,28173.21,5394.01,1942.06,2872.66,1097.03,2009.63,,5995.06,2.895,20614.07,,,16.65,2534.58,6.6664,,7.8107,112.85,2.3229,1.471,2.8641,,14.34,9.51
2017-10-04,0.7865,1320.0,49.98,,,55.8,,,93.458,1.1759,1.25,1.3248,1273.7,,295.9,0.60679,0.79249,,,,125.63,11397.17,3946.33,28379.18,5397.06,1943.03,2872.64,1101.84,2010.95,,5998.84,2.94,20626.66,,,16.624,2537.74,6.6487,,7.807,112.76,2.3229,1.4711,2.8657,,13.71,9.63
2017-10-05,0.7795,1382.0,50.79,,,57.0,,,93.961,1.1711,1.25,1.3119,1269.9,,304.65,,,,,,,,,,,1944.18,2869.85,1102.76,2016.15,,6057.14,2.923,20628.56,,,16.638,2552.07,6.6543,,7.8095,112.82,2.348,1.4873,2.8904,,,9.19
2017-10-06,0.7767,1405.0,49.29,,,55.62,,,93.8,1.173,1.25,1.3066,1271.6,,302.9,0.57643,0.78567,,,,124.89,11459.09,3965.47,28458.04,5528.32,1943.95,2867.35,1103.12,2014.02,,6064.57,2.863,20690.71,,,16.79,2549.33,6.6505,,7.8064,112.65,2.3589,1.504,2.8936,,13.93,9.65
2017-10-09,0.7753,1411.0,49.58,,,55.79,,,93.675,1.174,1.25,1.3142,1281.8,3.654,303.1,0.56071,0.78607,,,,127.06,11385.38,3944.67,28326.59,5566.85,,,1100.42,2013.12,,6058.53,2.833,,3374.378,3882.21,16.971,2544.73,6.6154,6.6251,7.8064,112.68,2.3589,1.504,2.8936,,14.39,10.33
2017-10-10,0.7778,1418.0,50.92,,,56.61,,,93.29,1.1808,1.25,1.3203,1290.6,3.654,306.05,0.55159,0.78357,,,,127.5,11418.76,3970.74,28490.83,5661.57,1945.35,2873.54,1112.53,2021.56,,6063.52,2.891,20823.51,3382.988,3889.86,17.207,2550.64,6.5667,6.5743,7.8041,112.45,2.3607,1.5123,2.8952,,14.28,10.08
2017-10-11,0.7788,1433.0,51.3,,,56.94,,,93.015,1.1859,1.25,1.3223,1285.8,3.658,309.55,0.54059,0.78071,,,,128.5,11411.41,3948.64,28389.57,5548.52,1945.71,2873.39,1117.33,2024.54,,6081.25,2.889,20881.27,3388.284,3902.69,17.133,2555.24,6.5737,6.5903,7.8067,112.5,2.3481,1.5186,2.8824,,14.22,9.85
2017-10-12,0.782,1458.0,50.6,,,56.25,,,93.057,1.183,1.25,1.3262,1293.3,3.682,312.0,0.52539,0.76893,,,,127.72,11500.34,3958.97,28459.03,5568.68,1944.8,2875.99,1121.62,2023.64,,6069.99,2.989,20954.72,3386.1,3912.95,17.266,2550.93,6.5783,6.5875,7.808,112.28,2.3177,1.5127,2.8467,,14.06,9.91
2017-10-13,0.7887,1485.0,51.45,,,57.17,,,93.091,1.182,1.25,1.3285,1301.5,3.681,313.35,0.51943,0.76452,,,,127.16,11519.81,3965.04,28476.43,5646.57,1944.51,2884.47,1125.91,2028.01,,6092.45,3.0,21155.18,3390.523,3921.0,17.411,2553.17,6.5683,6.5796,7.807,111.82,2.273,1.4929,2.805,,13.7,9.61
2017-10-16,0.7851,1523.0,51.87,,,57.82,,,93.312,1.1796,1.25,1.3251,1299.9,3.71,323.9,0.53,0.77518,,,,126.89,11602.92,3990.59,28692.8,5672.55,1945.94,2880.77,1131.82,2029.89,,6114.53,2.946,21255.56,3378.47,3913.45,17.369,2557.64,6.5829,6.5898,7.8074,112.19,2.3034,1.5379,2.8231,,13.92,9.91
2017-10-17,0.7846,1552.0,51.88,,,57.88,,,93.486,1.1766,1.25,1.319,1283.0,3.746,319.55,0.54929,0.79786,,,,126.43,11568.31,3984.55,28697.49,5656.63,1947.35,2883.27,1125.66,2027.36,,6122.61,2.962,21336.12,3372.041,3913.07,17.041,2559.36,6.6063,6.6236,7.8082,112.2,2.2998,1.5463,2.8019,,13.5,10.31
2017-10-18,0.7846,1566.0,52.04,,,58.15,,,93.363,1.1787,1.25,1.3205,1279.9,3.736,317.8,0.55375,0.79929,,,,127.24,11621.95,3990.41,28711.76,5602.48,1948.82,2876.32,1126.9,2030.44,,6114.35,2.854,21363.05,3381.794,3944.16,16.997,2561.26,6.6208,6.6274,7.8086,112.94,2.3465,1.5629,2.8562,,13.24,10.07
2017-10-19,0.7878,1582.0,51.29,,,57.23,,,93.266,1.1852,1.25,1.3159,1286.9,3.72,316.75,0.59286,0.83571,,,,129.86,11357.45,3914.66,28159.09,5470.18,1949.21,2880.58,1116.91,2033.29,,6092.62,2.873,21448.52,3370.172,3931.25,17.255,2562.1,6.6056,6.6138,7.8012,112.54,2.3178,1.5304,2.8365,,15.06,10.05
2017-10-20,0.7817,1578.0,51.47,,,57.75,,,93.701,1.1784,1.25,1.319,1277.4,3.735,316.55,0.60571,0.855,,,,126.83,11558.35,3966.95,28487.24,5616.69,1950.5,2872.3,1119.69,2035.58,,6108.82,2.915,21457.64,3378.648,3926.85,17.078,2575.21,6.623,6.6205,7.8047,113.52,2.3845,1.5763,2.8969,,13.83,9.97
2017-10-23,0.7807,1586.0,51.9,,,57.37,,,93.936,1.1749,1.25,1.3198,1277.7,3.732,318.8,0.61143,0.85893,,,,127.04,11491.07,3954.3,28305.88,5659.26,1952.26,2876.31,1115.9,2030.06,,6067.83,2.991,21696.65,3380.699,3930.8,17.075,2564.98,6.6369,6.64,7.8005,113.43,2.3664,1.5642,2.8833,,14.38,11.07
2017-10-24,0.7776,1588.0,52.47,,,58.33,,,93.772,1.1761,1.25,1.3134,1275.0,3.73,319.8,0.63715,0.86033,,,,128.82,11405.55,3934.83,28154.97,5549.47,1952.49,2872.56,1113.32,2031.38,,6080.22,2.974,21805.17,3388.248,3959.4,16.966,2569.13,6.6428,6.6358,7.8042,113.9,2.4189,1.581,2.9331,,15.02,11.16
2017-10-25,0.7704,1573.0,52.18,,,58.44,,,93.711,1.1813,1.25,1.3262,1275.4,3.791,318.3,0.64857,0.89571,,,,127.35,11493.3,3959.75,28302.89,5586.56,1949.12,2865.85,1114.09,2023.48,,6055.04,2.919,21707.62,3396.898,3976.95,16.925,2557.15,6.6377,6.6391,7.8038,113.74,2.4317,1.595,2.9404,,14.6,11.23
2017-10-26,0.766,1555.0,52.64,,,59.3,,,94.612,1.1651,1.25,1.3161,1266.3,3.791,317.75,0.69286,0.90857,,,,127.96,11446.21,3943.97,28202.38,5554.77,1949.15,2865.47,1108.17,2025.69,,6037.87,2.89,21739.78,3407.567,3993.58,16.811,2560.4,6.6535,6.6426,7.8028,113.98,2.4609,1.6149,2.9714,,14.83,11.3
2017-10-27,0.7677,1546.0,53.9,,,60.44,,,94.916,1.1608,1.25,1.3128,1268.5,3.839,310.35,0.70214,0.90786,,,,127.31,11643.57,3953.29,28438.85,5507.76,1948.07,2870.5,1110.22,2034.6,,6213.47,2.752,22008.45,3416.813,4021.97,16.752,2581.07,6.6479,6.6505,7.8038,113.67,2.4064,1.5875,2.9179,,15.07,9.8
2017-10-30,0.7688,1534.0,54.15,,,60.9,,,94.56,1.1651,1.25,1.3208,1277.7,3.928,311.2,0.73714,0.94214,,,,129.08,11563.38,3937.37,28336.19,5603.97,1948.73,2881.79,1115.53,2034.59,,6227.59,2.966,22011.67,3390.337,4009.72,16.847,2572.83,6.6369,6.6465,7.799,113.18,2.3684,1.5737,2.8802,,16.5,10.5
2017-10-31,0.7656,1522.0,54.38,1.9,,61.37,2.0,51.6,94.552,1.1646,1.25,1.3283,1270.5,3.894,310.1,0.79107,0.9625,1.5,,3.1,129.18,11507.72,3938.36,28245.54,5626.91,1949.07,2879.74,1119.08,2036.8,58.6,6248.56,2.896,22011.61,3393.342,4006.72,16.693,2575.26,6.6324,6.635,7.8011,113.64,2.3793,1.5997,2.8794,4.2,15.04,10.18
2017-11-01,0.7676,1496.0,54.3,,,60.49,,,94.815,1.1619,1.25,1.3245,1277.3,3.869,314.25,0.815,0.98125,,,,128.47,11636.49,3980.57,28594.06,5764.44,1949.8,2880.42,1128.94,2041.17,,6248.65,2.893,22420.08,3395.913,3996.62,17.176,2579.36,6.609,6.602,7.8002,114.18,2.3721,1.6119,2.8579,,14.39,10.2
2017-11-02,0.7713,1482.0,54.54,,,60.62,,,94.685,1.1658,1.25,1.3059,1278.1,3.884,314.35,0.79857,0.98286,,,,129.11,11598.36,3969.06,28518.64,5717.17,1948.85,2884.09,1127.31,2043.24,,6236.39,2.935,22539.12,3383.309,3997.13,17.137,2579.85,6.6068,6.6093,7.8011,114.08,2.345,1.608,2.8255,,14.18,9.93
2017-11-03,0.765,1476.0,55.64,,,62.07,,,94.941,1.1608,1.25,1.3077,1269.2,3.891,311.75,0.8,0.98571,,,,128.6,11602.4,3978.59,28603.61,5777.41,1948.84,2884.21,1126.18,2045.47,,6295.58,2.984,,3371.744,3992.7,16.834,2587.84,6.6365,6.639,7.8029,114.07,2.3325,1.6145,2.8129,,13.78,9.14
2017-11-06,0.7691,1473.0,57.35,,,64.27,,,94.757,1.161,1.25,1.3171,1281.6,3.875,315.75,0.80464,0.9893,,,,128.4,11524.64,3979.3,28596.8,5896.25,1948.92,2887.02,1131.03,2046.8,,6313.61,3.134,22548.35,3388.174,4020.89,17.235,2591.13,6.6251,6.6338,7.8017,113.71,2.3163,1.6207,2.7941,,14.49,9.4
2017-11-07,0.7645,1477.0,57.2,,,63.69,,,94.913,1.1587,1.25,1.3166,1275.8,3.897,308.9,0.80929,0.99411,,,,128.53,11645.53,4031.29,28994.34,5922.46,1947.15,2887.01,1134.55,2046.78,,6320.78,3.152,22937.6,3413.575,4054.25,16.94,2590.64,6.641,6.6405,7.8046,114.01,2.3145,1.6289,2.777,,13.96,9.89
2017-11-08,0.7678,1486.0,56.81,,,63.49,,,94.866,1.1595,1.25,1.3116,1283.7,3.899,309.95,0.80464,0.99,,,,128.91,11576.13,4021.36,28907.6,5897.7,1941.64,2883.3,1134.68,2050.7,,6345.81,3.175,22913.82,3415.46,4048.01,17.138,2594.38,6.6322,6.628,7.7978,113.87,2.3343,1.6452,2.7918,,13.92,9.78
2017-11-09,0.768,1481.0,57.17,,,63.93,,,94.444,1.1642,1.25,1.3145,1287.5,3.909,308.6,0.83607,1.01786,,,,127.51,11744.54,4053.2,29136.57,6081.98,1934.25,2878.0,1133.78,2042.36,,6312.21,3.2,22868.71,3427.795,4075.9,16.975,2584.62,6.648,6.6402,7.7994,113.47,2.3416,1.6333,2.8161,,14.31,10.5
2017-11-10,0.7661,1464.0,56.74,,,63.52,,,94.391,1.1665,1.25,1.3196,1274.2,3.926,307.6,0.82821,1.00143,,,,127.4,11745.81,4050.83,29120.92,6126.08,1933.9,2863.34,1128.49,2040.25,,6309.07,3.213,22681.42,3432.673,4111.91,16.871,2582.3,6.6618,6.6409,7.8024,113.53,2.3984,1.6541,2.8797,,14.32,11.29
2017-11-13,0.7623,1445.0,56.76,,,63.16,,,94.49,1.1667,1.25,1.3116,1278.9,3.976,311.65,0.81339,1.00544,,,,128.53,11684.51,4057.04,29182.18,6247.36,1933.62,2864.22,1123.26,2035.72,,6316.18,3.167,22380.99,3447.836,4128.07,17.047,2584.84,6.6571,6.6405,7.8015,113.62,2.4055,1.6808,2.871,,14.67,11.5
2017-11-14,0.7631,1405.0,55.7,,,62.21,,,93.827,1.1798,1.25,1.3165,1282.9,3.993,306.5,0.79821,0.98825,,,,129.23,11601.69,4045.77,29152.12,6142.86,1929.14,2866.39,1118.32,2031.88,,6293.64,3.102,22380.01,3429.548,4099.35,17.073,2578.87,6.6367,6.6361,7.8026,113.46,2.3717,1.6872,2.83,,14.63,11.59
2017-11-15,0.7589,1374.0,55.33,,,61.87,,,93.813,1.1791,1.25,1.3171,1277.7,3.975,305.45,0.79275,0.99036,,,,130.44,11412.75,4001.83,28851.69,5907.42,1923.56,2872.04,1111.12,2021.03,,6258.36,3.08,22028.32,3402.524,4073.67,16.971,2564.62,6.6327,6.624,7.8063,112.88,2.3222,1.6834,2.7646,,15.22,13.13
2017-11-16,0.7588,1361.0,55.14,,,61.36,,,93.932,1.177,1.25,1.3195,1278.2,3.944,304.8,0.75107,0.96654,,,,129.77,11533.96,4026.08,29018.76,5915.81,1933.17,2869.93,1125.36,2035.81,,6339.14,3.053,22351.12,3399.25,4105.01,17.072,2585.64,6.633,6.6303,7.8099,113.06,2.3753,1.7082,2.8268,,14.64,11.76
2017-11-17,0.7564,1371.0,56.55,,,62.72,,,93.662,1.179,1.25,1.3215,1296.5,3.956,306.7,0.73536,0.96103,,,,131.45,11608.73,4042.6,29199.04,5877.98,1934.13,2872.99,1136.45,2033.18,,6314.51,3.097,22396.8,3382.907,4120.85,17.373,2578.85,6.6365,6.626,7.8116,112.1,2.3435,1.7213,2.7778,,14.29,11.43
2017-11-20,0.755,1385.0,56.09,,,62.22,,,94.08,1.1733,1.25,1.3235,1275.3,3.967,309.3,0.725,0.95847,,,,132.89,11538.28,4050.39,29260.31,5960.54,1936.36,2873.08,1136.1,2035.73,,6308.61,3.047,22261.76,3392.399,4143.83,16.842,2582.14,6.6471,6.6372,7.8109,112.62,2.3666,1.7505,2.7801,,14.24,10.65
2017-11-21,0.7578,1396.0,56.83,,,62.57,,,93.952,1.1738,1.25,1.3239,1281.7,3.992,312.85,0.71,0.95787,,,,130.37,11874.37,4117.28,29818.07,5998.96,1938.94,2878.97,1150.98,2047.15,,6378.63,3.017,22416.48,3410.498,4217.7,16.96,2599.03,6.6271,6.629,7.8111,112.45,2.3559,1.7715,2.7577,,14.01,9.73
2017-11-22,0.7617,1413.0,58.02,,,63.32,,,93.22,1.1822,1.25,1.3325,1292.2,4.035,313.7,0.69786,0.96586,,,,131.44,11958.63,4143.7,30003.49,6060.01,1940.51,2887.0,1156.67,2050.06,,6386.12,2.968,22523.15,3430.464,4227.57,17.112,2597.08,6.5967,6.6103,7.8107,111.22,2.3187,1.7267,2.7392,,15.08,9.88
2017-11-23,0.7625,1445.0,,,,63.55,,,93.22,1.1851,1.25,1.3309,,4.02,,0.71857,0.96607,,,,131.87,11737.06,4097.15,29707.94,5926.71,,,1152.4,2053.28,,,,,3351.918,4102.4,,,6.579,6.5835,7.8113,111.22,2.3187,1.7267,2.7392,,15.19,
2017-11-24,0.7617,1458.0,58.95,,,63.86,,,92.782,1.1933,1.25,1.3337,1287.3,3.973,316.9,0.81286,0.995,,,,129.69,11908.19,4117.18,29866.32,5917.37,1941.64,2884.64,1154.26,2059.54,,6409.29,2.813,22550.85,3353.821,4104.2,16.992,2602.42,6.5881,6.6018,7.8078,111.53,2.3418,1.7443,2.7638,,14.89,9.67
2017-11-27,0.7602,1477.0,58.11,,,63.84,,,92.904,1.1898,1.25,1.3318,1294.4,3.998,313.45,0.9225,1.05929,,,,130.21,11772.27,4083.66,29686.19,5756.14,1942.93,2886.7,1144.33,2055.77,,6405.97,2.928,22495.99,3322.23,4049.95,17.02,2601.42,6.5975,6.5992,7.8003,111.09,2.3277,1.7404,2.7677,,15.65,9.87
2017-11-28,0.7595,1506.0,57.99,,,63.61,,,93.27,1.184,1.25,1.3339,1294.9,3.999,307.15,0.96107,1.13321,,,,129.73,11705.58,4086.94,29680.85,5817.76,1942.62,2886.61,1146.5,2066.55,,6422.56,3.074,22486.24,3333.657,4055.82,16.822,2627.04,6.6082,6.6083,7.8033,111.48,2.3277,1.746,2.7577,,16.78,10.03
2017-11-29,0.757,1536.0,57.3,,,63.11,,,93.164,1.1847,1.25,1.3409,1282.1,3.967,304.0,1.00304,1.18927,,,,130.9,11647.98,4085.16,29623.83,5740.8,1943.41,2879.29,1141.38,2066.22,,6311.38,3.179,22597.2,3337.862,4053.75,16.457,2626.07,6.612,6.6167,7.8091,111.93,2.3882,1.762,2.8245,,17.27,10.7
2017-11-30,0.7566,1578.0,57.4,1.7,,63.57,2.2,51.8,93.047,1.1904,1.25,1.3525,1273.2,3.917,303.7,0.99893,1.18179,1.6,,3.0,131.5,11475.72,4026.3,29177.35,5598.83,1944.09,2875.55,1120.79,2077.36,57.6,6365.56,3.025,22724.96,3317.188,4006.1,16.382,2647.58,6.6112,6.6091,7.8099,112.54,2.4097,1.782,2.8269,4.2,17.69,11.28
2017-12-01,0.7613,1626.0,58.36,,,63.73,,,92.885,1.1896,1.25,1.3477,1278.8,3.92,306.55,1.04982,1.18321,,,,130.89,11449.43,4011.59,29074.24,5576.66,1944.2,2887.39,1115.94,2069.37,,6337.87,3.061,22819.03,3317.617,3998.14,16.297,2642.22,6.5984,6.6163,7.8128,112.17,2.3615,1.772,2.7615,,16.71,11.43
2017-12-04,0.7598,1662.0,57.47,,,62.45,,,93.188,1.1866,1.25,1.348,1274.3,3.925,306.3,1.03924,1.19911,,,,130.63,11518.07,4023.98,29138.28,5635.86,1946.47,2886.3,1121.95,2069.99,,6263.7,2.985,22707.16,3309.618,4018.86,16.284,2639.44,6.6186,6.6198,7.8182,112.41,2.3723,1.8063,2.7638,,16.45,11.68
2017-12-05,0.7607,1666.0,57.62,,,62.86,,,93.379,1.1826,1.25,1.3443,1261.6,3.905,292.05,1.03107,1.20607,,,,133.38,11484.69,3985.01,28842.8,5476.13,1946.79,2892.76,1117.69,2063.64,,6265.11,2.914,22622.38,3303.675,4040.17,15.973,2629.57,6.6181,6.6193,7.8167,112.6,2.3509,1.8184,2.7315,,16.58,11.33
2017-12-06,0.7564,1670.0,55.96,,,61.22,,,93.61,1.1796,1.25,1.3393,1262.8,3.91,293.65,1.03429,1.22214,,,,136.0,11162.58,3892.21,28224.8,5206.72,1945.43,2896.44,1101.2,2058.22,,6293.05,2.922,22177.04,3293.965,4015.82,15.868,2629.27,6.6179,6.6149,7.8134,112.29,2.3385,1.8064,2.73,,18.3,11.02
2017-12-07,0.7511,1679.0,56.69,,,62.2,,,93.795,1.1773,1.25,1.3474,1249.8,3.905,294.05,1.07429,1.23536,,,,134.27,11150.73,3900.01,28303.19,5220.07,1944.58,2886.89,1100.54,2063.58,,6316.28,2.763,22498.03,3272.054,3971.06,15.715,2636.98,6.6249,6.6193,7.807,113.09,2.3634,1.8024,2.7607,,17.79,10.16
2017-12-08,0.7509,1702.0,57.36,,,63.4,,,93.901,1.1773,1.25,1.339,1245.2,3.945,295.5,1.07054,1.23821,,,,132.47,11289.57,3958.9,28639.85,5367.52,1945.14,2887.3,1110.78,2073.46,,6344.57,2.772,22811.08,3289.992,4003.38,15.736,2651.5,6.6238,6.6209,7.8061,113.48,2.376,1.7945,2.7685,,16.23,9.58
2017-12-11,0.7526,1727.0,57.99,,,64.69,,,93.866,1.1769,1.25,1.3341,1243.7,3.945,298.8,1.07286,1.23893,,,,131.56,11431.62,4008.41,28965.29,5459.49,1946.6,2888.34,1119.97,2081.24,,6393.89,2.828,22938.73,3322.196,4069.5,15.697,2659.99,6.6218,6.6186,7.8063,113.56,2.3886,1.8189,2.7762,,15.86,9.34
2017-12-12,0.7558,1743.0,57.14,,,63.34,,,94.101,1.1742,1.25,1.3318,1238.5,3.951,299.95,1.0725,1.23821,,,,130.9,11312.57,3980.48,28793.88,5347.68,1947.37,2887.4,1112.37,2083.43,,6383.65,2.678,22866.17,3280.813,4016.02,15.582,2664.11,6.6279,6.6215,7.8071,113.55,2.4011,1.8271,2.7762,,15.46,9.92
2017-12-13,0.7637,1730.0,56.6,,,62.44,,,93.429,1.1826,1.5,1.342,1245.4,3.944,302.95,1.08107,1.265,,,,129.67,11519.79,4027.72,29222.1,5363.14,1947.03,2898.56,1118.81,2084.36,,6394.67,2.715,22758.07,3303.037,4050.09,15.784,2662.85,6.614,6.6195,7.8042,112.54,2.3422,1.7743,2.7269,,15.03,10.18
2017-12-14,0.7666,1668.0,57.04,,,63.31,,,93.489,1.1778,1.5,1.3431,1253.8,3.927,304.85,1.09893,1.27357,,,,128.66,11531.73,4028.39,29166.38,5319.49,1946.08,2901.61,1121.22,2077.55,,6389.91,2.684,22694.45,3292.438,4026.15,15.85,2652.01,6.6069,6.6093,7.8087,112.39,2.3493,1.811,2.7063,,14.46,10.49
2017-12-15,0.7646,1619.0,57.3,,,63.23,,,93.932,1.1749,1.5,1.332,1254.3,3.894,311.0,1.10125,1.28643,,,,129.42,11365.92,3980.78,28848.11,5278.07,1945.78,2903.16,1118.5,2085.54,,6466.32,2.612,22553.22,3266.137,3980.86,15.978,2675.81,6.606,6.6093,7.8119,112.6,2.353,1.8358,2.6873,,14.93,9.42
2017-12-18,0.7664,1588.0,57.16,,,63.41,,,93.695,1.1782,1.5,1.3383,1262.2,3.905,312.2,1.10464,1.27929,,,,129.47,11415.13,3998.82,29050.41,5202.34,1946.17,2895.91,1130.39,2104.02,,6513.27,2.745,22901.77,3267.923,3985.29,16.12,2690.16,6.6088,6.6164,7.8154,112.55,2.3942,1.8277,2.7407,,15.03,9.53
2017-12-19,0.7663,1547.0,57.46,,,63.8,,,93.441,1.184,1.5,1.3385,1260.7,3.905,312.75,1.10321,1.27821,,,,130.22,11541.88,4031.32,29253.66,5311.61,1945.61,2882.37,1132.2,2096.34,,6480.67,2.692,22868.0,3296.538,4035.33,16.066,2681.47,6.6062,6.6047,7.8163,112.89,2.4644,1.8525,2.8198,,14.63,10.03
2017-12-20,0.7667,1476.0,58.09,,,64.56,,,93.313,1.1871,1.5,1.3376,1266.1,3.912,317.15,1.12679,1.29786,,,,131.34,11505.88,4026.8,29234.09,5274.84,1945.01,2875.49,1132.85,2095.45,,6472.48,2.637,22891.72,3287.606,4030.49,16.188,2679.25,6.5646,6.5785,7.8231,113.4,2.497,1.8567,2.8767,,14.59,9.72
2017-12-21,0.7702,1430.0,58.36,,,64.9,,,93.278,1.1874,1.5,1.3386,1267.3,3.912,319.45,1.15893,1.3075,,,,130.64,11596.94,4055.13,29367.06,5352.5,1945.68,2882.06,1134.38,2100.78,,6472.69,2.598,22866.1,3300.059,4067.85,16.152,2684.57,6.5664,6.5848,7.8186,113.33,2.4826,1.8775,2.8419,,14.18,9.62
2017-12-22,0.7709,1366.0,58.47,,,65.25,,,93.347,1.1862,1.5,1.3363,1275.4,3.889,321.45,1.18607,1.31,,,,129.59,11653.08,4085.98,29578.01,5416.62,1945.83,2881.07,1141.09,2099.59,,6465.17,2.667,22902.76,3297.063,4054.6,16.357,2683.34,6.567,6.5773,7.8152,113.29,2.481,1.8906,2.8309,,13.74,9.9
2017-12-25,0.7717,,,,,,,,93.267,1.187,1.5,1.3371,,3.9,,,,,,,130.37,,,,,,,1141.11,2099.94,,,,22939.18,3280.461,4041.54,,,6.5545,6.5398,7.8143,113.26,2.481,1.8906,2.8309,,,
2017-12-26,0.7728,,59.97,,,67.02,,,93.257,1.1858,1.5,1.3374,1284.1,3.895,325.6,,,,,,131.5,,,,,1947.16,2886.92,1138.63,2099.31,,6433.16,2.643,22892.69,3306.125,4053.62,16.52,2680.5,6.5415,6.545,7.8125,113.23,2.4756,1.8991,2.8246,,,10.25
2017-12-27,0.7768,,59.64,,,66.44,,,93.025,1.1888,1.5,1.34,1287.0,3.901,325.7,1.21063,1.32571,,,,129.76,11617.75,4090.09,29597.66,5362.7,1948.11,2899.49,1144.39,2103.19,,6435.15,2.738,22911.21,3275.783,3991.21,16.619,2682.62,6.5554,6.5564,7.8104,113.35,2.4107,1.893,2.7461,,14.73,10.47
2017-12-28,0.7794,,59.84,,,66.72,,,92.602,1.1943,1.5,1.3443,1297.2,3.888,330.85,1.1925,1.30929,,,,129.88,11683.99,4128.95,29863.71,5526.83,1949.11,2897.54,1153.58,2106.89,,6441.42,2.914,22783.98,3296.385,4018.9,16.923,2687.54,6.5309,6.5335,7.8157,112.87,2.4305,1.9071,2.7561,,14.92,10.18
2017-12-29,0.7809,,60.42,,6.8,66.87,,,92.124,1.2005,1.5,1.3513,1309.3,3.902,330.05,1.19107,1.30607,,3.4,,130.35,11709.3,4140.45,29919.15,5549.89,1949.97,2901.78,1158.45,2103.45,,6396.42,2.953,22764.94,3307.172,4030.86,17.145,2673.61,6.5143,6.5067,7.814,112.69,2.4054,1.883,2.7399,,14.6,11.04
2017-12-31,,,,1.8,,,2.1,51.6,,,,,,,,,,1.7,,3.0,,,,,,,,,,59.7,,,,,,,,,,,,,,,4.1,,
2018-01-01,0.7805,,,,,,,,92.24,1.2012,1.5,1.3503,,,,,,,,,,,,,,,,1157.55,2103.47,,,,,,,,,6.5163,,7.8139,112.63,2.4054,1.883,2.7399,,,
2018-01-02,0.783,1230.0,60.37,,,66.57,,,91.872,1.2059,1.5,1.359,1316.1,3.918,327.8,1.18554,1.30607,,,,128.83,12068.99,4224.21,30515.31,5637.56,1951.84,2888.75,1177.98,2116.04,,6511.34,3.056,,3348.326,4087.4,17.206,2695.81,6.5015,6.493,7.815,112.29,2.4633,1.9191,2.8136,,14.82,9.77
2018-01-03,0.7836,1262.0,61.63,,,67.84,,,92.162,1.2015,1.5,1.3516,1318.5,3.925,325.75,1.12,1.30286,,,,128.54,12088.99,4239.86,30560.95,5702.2,1956.91,2893.38,1184.21,2125.65,,6575.8,3.008,,3369.108,4111.39,17.267,2713.06,6.4957,6.503,7.8167,112.51,2.4471,1.9313,2.7855,,14.16,9.15
2018-01-04,0.7864,1341.0,62.01,,,68.07,,,91.853,1.2068,1.5,1.3551,1321.6,3.94,326.3,1.05607,1.29714,,,,127.43,12203.55,4264.77,30736.48,5752.27,1961.97,2892.44,1192.56,2142.75,,6584.58,2.88,23506.33,3385.71,4128.81,17.269,2723.99,6.492,6.4935,7.8174,112.75,2.4525,1.9515,2.7863,,13.69,9.22
2018-01-05,0.7864,1371.0,61.44,,,67.62,,,91.949,1.2029,1.5,1.3571,1322.3,3.928,322.95,1.01929,1.26857,,,,128.09,12211.63,4278.16,30814.64,5759.7,1964.27,2889.56,1201.01,2156.6,,6653.29,2.795,23714.53,3391.75,4138.75,17.285,2743.15,6.4785,6.4884,7.8196,113.05,2.4763,1.9599,2.8105,,13.39,9.22
2018-01-08,0.7842,1385.0,61.73,,,67.78,,,92.358,1.1967,1.5,1.3568,1320.4,3.921,322.4,0.94,1.26036,,,,127.51,12235.19,4303.51,30899.53,5752.36,1965.99,2890.62,1206.86,2157.96,,6676.63,2.835,,3409.479,4160.16,17.144,2747.71,6.4972,6.4998,7.8209,113.09,2.48,1.9579,2.8113,,13.41,9.52
2018-01-09,0.7824,1395.0,62.96,,,68.82,,,92.528,1.1937,1.5,1.354,1313.7,3.909,321.6,0.93714,1.26107,,,,126.93,12255.68,4316.85,31011.41,5778.2,1965.77,2881.28,1205.14,2161.78,,6677.94,2.923,23849.99,3413.899,4189.3,17.01,2751.29,6.535,6.5297,7.8208,112.65,2.553,1.9682,2.8952,,13.38,10.08
2018-01-10,0.7843,1366.0,63.57,,,69.2,,,92.332,1.1948,1.5,1.3507,1319.3,3.945,323.55,0.935,1.26,,,,127.27,12289.17,4325.97,31073.72,5712.15,1961.75,2883.22,1197.53,2162.29,,6662.66,2.906,23788.2,3421.834,4207.81,17.035,2748.23,6.523,6.5082,7.8225,111.44,2.5568,1.9724,2.8984,,13.44,9.82
2018-01-11,0.7892,1303.0,63.8,,,69.26,,,91.852,1.2032,1.5,1.3538,1322.5,3.956,323.3,0.94036,1.26036,,,,127.93,12295.52,4325.71,31120.39,5790.61,1963.16,2889.41,1197.01,2171.78,,6708.49,3.084,23710.43,3425.345,4205.59,16.966,2767.56,6.4907,6.5063,7.823,111.26,2.5367,1.9786,2.8673,,13.71,9.88
2018-01-12,0.7917,1279.0,64.3,,,69.87,,,90.974,1.2202,1.5,1.3728,1334.9,3.948,321.85,0.94036,1.22911,,,,127.3,12468.93,4365.36,31412.54,5812.6,1963.48,2889.52,1208.17,2185.31,,6758.54,3.2,23653.82,3428.941,4225.0,17.141,2786.24,6.4611,6.469,7.8224,111.06,2.5462,1.9976,2.8491,,13.05,10.16
2018-01-15,0.7965,1264.0,,,,70.26,,,90.974,1.2264,1.5,1.3792,,3.966,,0.95143,1.21571,,,,130.11,12470.42,4334.73,31338.87,5643.45,,,1210.64,2193.95,,,,23714.88,3410.488,4225.24,,,6.4305,6.4371,7.8235,110.54,2.5462,1.9976,2.8491,,13.78,
2018-01-16,0.7961,1221.0,63.73,,,69.15,,,90.393,1.226,1.5,1.3792,1337.1,3.965,321.95,0.93481,1.21821,,,,128.17,12787.28,4410.05,31904.75,5704.08,1965.15,2892.71,1217.87,2188.39,,6737.14,3.129,23951.81,3436.594,4258.47,17.189,2776.42,6.4369,6.444,7.8229,110.45,2.5371,2.0142,2.8254,,14.16,11.66
2018-01-17,0.797,1164.0,63.97,,,69.38,,,90.541,1.2186,1.5,1.3831,1339.2,3.964,318.9,0.91857,1.21951,,,,128.08,12868.78,4420.47,31983.41,5660.27,1964.52,2886.7,1222.62,2199.93,,6810.28,3.232,23868.34,3444.671,4248.12,17.166,2802.56,6.4326,6.4343,7.8182,111.29,2.5904,2.0431,2.857,,15.0,11.91
2018-01-18,0.8001,1139.0,63.95,,,69.31,,,90.498,1.2238,1.5,1.3894,1327.2,3.979,319.9,0.935,1.22,,,,128.53,13094.92,4435.97,32121.94,5610.05,1962.83,2879.66,1227.52,2196.73,,6811.38,3.189,23763.37,3474.754,4271.42,16.954,2798.03,6.4215,6.42,7.817,111.11,2.6256,2.0434,2.9033,,16.11,12.22
2018-01-19,0.7995,1125.0,63.37,,,68.61,,,90.572,1.2222,1.5,1.3858,1333.1,3.978,318.75,0.92679,1.21714,,,,128.31,13179.52,4466.11,32254.89,5664.72,1961.88,2873.65,1232.6,2207.4,,6834.33,3.185,23808.06,3487.864,4285.4,17.036,2810.3,6.4004,6.404,7.8171,110.77,2.6592,2.0647,2.9331,,15.97,11.27
2018-01-22,0.8017,1129.0,63.49,,,69.03,,,90.401,1.2262,1.5,1.3987,1331.9,3.961,319.85,0.92214,1.21571,,,,127.87,13204.58,4497.94,32393.41,5728.94,1962.97,2870.14,1238.5,2221.01,,6906.28,3.224,23816.33,3501.362,4336.6,16.989,2832.97,6.4029,6.405,7.8184,110.92,2.65,2.0608,2.913,,16.23,11.03
2018-01-23,0.8,1157.0,64.47,,,69.96,,,90.124,1.2299,1.5,1.4,1336.7,3.955,311.1,0.91857,1.21571,,,,128.57,13490.45,4563.62,32930.7,5756.36,1965.31,2876.85,1252.39,2230.05,,6963.46,3.444,24124.15,3546.505,4382.61,16.913,2839.13,6.3987,6.4047,7.8189,110.31,2.6131,2.0403,2.8945,,18.15,11.1
2018-01-24,0.8062,1200.0,65.61,,,70.53,,,89.206,1.2408,1.5,1.4242,1356.3,3.956,322.85,0.9175,1.21643,,,,128.0,13620.93,4569.13,32958.69,5749.34,1966.36,2872.61,1258.75,2232.3,,6919.35,3.509,23940.78,3559.465,4389.89,17.489,2837.54,6.3495,6.3575,7.8183,109.22,2.6465,2.0762,2.9283,,17.28,11.47
2018-01-25,0.8026,1217.0,65.51,,,70.42,,,89.391,1.2396,1.5,1.4142,1362.9,3.948,321.65,0.91857,1.21929,,,,130.19,13388.16,4529.43,32654.45,5679.01,1966.85,2883.48,1263.45,2234.38,,6916.3,3.447,23669.49,3548.307,4365.08,17.615,2839.25,6.3295,6.3264,7.8176,109.41,2.617,2.0842,2.8809,,17.6,11.58
2018-01-26,0.811,1219.0,66.14,,,70.52,,,89.067,1.2427,1.5,1.416,1352.1,3.949,319.9,0.92,1.21767,,,,128.36,13723.96,4594.24,33154.12,5697.1,1967.27,2878.84,1273.07,2248.93,,7022.97,3.505,23631.88,3558.129,4381.3,17.441,2872.87,6.3263,6.3283,7.8181,108.58,2.6599,2.1163,2.9114,,17.53,11.08
2018-01-29,0.8094,1214.0,65.56,,,69.46,,,89.308,1.2383,1.5,1.4074,1340.3,3.95,319.4,0.91571,1.22,,,,127.64,13659.59,4564.42,32966.89,5547.09,1965.59,2875.57,1267.98,2234.22,,6988.32,3.631,23629.34,3523.001,4302.02,17.127,2853.53,6.3381,6.3405,7.8175,108.96,2.6936,2.1163,2.9421,,19.85,13.84
2018-01-30,0.8083,1191.0,64.5,,,69.02,,,89.16,1.2402,1.5,1.4147,1335.4,3.936,318.9,0.94736,1.21857,,,,127.68,13389.38,4506.45,32607.29,5496.93,1960.63,2869.38,1247.63,2214.11,,6930.73,3.195,23291.97,3488.009,4256.1,17.058,2822.43,6.3281,6.3239,7.8208,108.78,2.7199,2.1243,2.9706,,19.15,14.79
2018-01-31,0.8055,1152.0,64.73,1.5,,69.05,2.1,51.3,89.133,1.2414,1.5,1.4191,1339.0,3.922,319.55,0.93036,1.215,1.7,,2.9,128.17,13561.65,4534.48,32887.27,5547.43,1961.66,2874.04,1254.59,2213.24,59.4,6949.99,2.995,23098.29,3480.833,4275.9,17.241,2823.81,6.2985,6.2888,7.8229,109.19,2.705,2.1406,2.9348,4.0,18.26,13.54
2018-02-01,0.8039,1114.0,65.8,,,69.65,,,88.671,1.251,1.5,1.4264,1344.3,3.915,320.9,0.91304,1.2175,,,,130.46,13434.14,4498.35,32642.09,5493.43,1959.73,2865.65,1248.65,2212.53,,6901.5,2.856,23486.11,3446.98,4245.9,17.155,2821.98,6.2913,6.2994,7.8196,109.4,2.7896,2.1609,3.0241,,17.86,13.47
2018-02-02,0.7931,1095.0,65.45,,,68.58,,,89.195,1.2463,1.5,1.4118,1333.7,3.919,318.75,0.90488,1.21761,,,,130.84,13538.66,4502.24,32601.78,5555.3,1953.83,2850.95,1230.84,2171.54,,6760.29,2.846,23274.53,3462.081,4271.23,16.709,2762.13,6.3131,6.3014,7.8205,110.17,2.8411,2.1413,3.0868,,17.32,17.31
2018-02-05,0.7878,1082.0,64.15,,,67.62,,,89.554,1.2367,1.5,1.3959,1333.0,3.924,322.1,0.9059,1.21573,,,,132.91,13479.83,4447.9,32245.22,5471.22,1949.55,2858.14,1209.34,2103.64,,6495.92,2.747,22682.08,3487.497,4274.15,16.671,2648.94,6.3118,6.2926,7.8207,109.09,2.7056,2.0241,3.006,,18.93,37.32
2018-02-06,0.7906,1095.0,63.39,,,66.86,,,89.585,1.2377,1.5,1.3949,1326.1,3.896,318.9,0.88625,1.20143,,,,137.8,12686.6,4213.42,30595.42,5110.76,1943.08,2857.35,1176.18,2098.85,,6665.98,2.759,21610.24,3370.652,4148.89,16.58,2695.14,6.2819,6.2907,7.8185,109.56,2.8016,2.1051,3.0659,,27.25,29.98
2018-02-07,0.7823,1097.0,61.79,,,65.51,,,90.255,1.2264,1.5,1.3881,1311.6,3.891,308.75,0.85321,1.18982,,,,136.47,12433.29,4177.86,30323.2,5117.08,1947.76,2846.64,1173.38,2101.07,,6582.02,2.702,21645.37,3309.26,4050.5,16.238,2681.66,6.3198,6.2778,7.8182,109.33,2.8359,2.1235,3.1139,,25.72,27.73
2018-02-08,0.7781,1106.0,61.15,,,64.81,,,90.229,1.2247,1.5,1.3913,1316.9,3.898,308.2,0.81285,1.1775,,,,131.17,12380.38,4195.69,30451.27,5177.15,1938.75,2840.89,1163.09,2045.01,,6306.1,2.697,21890.86,3262.05,4012.05,16.341,2581.0,6.3646,6.3298,7.8212,108.74,2.824,2.1034,3.1293,,24.56,33.46
2018-02-09,0.7813,1125.0,59.2,,,62.79,,,90.442,1.2252,1.5,1.3827,1313.1,3.896,303.35,0.77973,1.18303,,,,131.24,11901.67,4061.27,29507.42,5026.69,1925.19,2835.48,1142.85,2050.9,,6412.68,2.584,21382.62,3129.851,3840.65,16.139,2619.55,6.3115,6.3032,7.8183,108.8,2.8512,2.0732,3.1596,,28.29,29.06
2018-02-12,0.7862,1123.0,59.29,,,62.59,,,90.208,1.2292,1.5,1.3838,1324.2,3.892,308.65,0.76757,1.16714,,,,129.99,11900.31,4071.45,29459.63,5037.84,1931.61,2832.81,1153.37,2075.91,,6523.85,2.552,,3154.125,3890.1,16.57,2656.0,6.3237,6.3275,7.8193,108.66,2.8585,2.0753,3.1439,,25.88,25.61
2018-02-13,0.7859,1114.0,59.19,,,62.72,,,89.703,1.2352,1.5,1.3894,1328.1,3.892,316.25,0.76214,1.16518,,,,130.0,12004.51,4130.42,29839.53,5161.89,1927.07,2827.63,1164.49,2080.68,,6553.86,2.594,21244.68,3184.959,3935.63,16.528,2662.94,6.3338,6.341,7.8231,107.82,2.8294,2.104,3.1111,,24.52,24.97
2018-02-14,0.7926,1095.0,60.6,,,64.36,,,89.121,1.2451,1.5,1.3999,1355.5,3.891,323.6,0.75143,1.16214,,,,128.1,12260.99,4213.71,30515.6,5249.19,1927.05,2817.63,1185.33,2105.86,,6675.03,2.587,21154.17,3199.159,3966.96,16.878,2698.63,6.3126,6.3415,7.8224,107.01,2.9022,2.1636,3.162,,23.36,19.26
2018-02-15,0.7945,1089.0,61.34,,,64.33,,,88.593,1.2506,1.5,1.4099,1352.1,,324.55,0.73429,1.15839,,,,125.05,12535.51,4294.94,31115.43,5358.49,1934.58,2826.18,1202.62,2130.94,,6794.92,2.58,21464.98,,,16.796,2731.2,6.2823,,7.8203,106.13,2.9095,2.1844,3.1637,,22.89,19.13
2018-02-16,0.7905,1084.0,61.68,,,64.84,,,89.1,1.2406,1.5,1.4026,1353.2,,324.85,,,,,,,,,,,1940.65,2829.26,1199.73,2137.91,,6770.66,2.558,21720.25,,,16.712,2732.22,6.2987,,7.8209,106.21,2.8749,2.1895,3.1316,,,19.46
2018-02-19,0.7913,1087.0,,,,65.67,,,89.1,1.2407,1.5,1.4,,,,,,,,,,,,,,,,1201.04,2135.94,,,,22149.21,,,,,6.3054,,7.8218,106.59,2.8749,2.1895,3.1316,,,
2018-02-20,0.7883,1117.0,61.9,,,65.25,,,89.716,1.2337,1.5,1.3996,1328.8,,319.05,0.72857,1.15357,,,,126.64,12396.87,4276.13,30873.63,5443.32,1943.14,2825.95,1194.53,2126.22,,6779.7,2.616,21925.1,,,16.438,2716.26,6.3405,,7.8245,107.33,2.8896,2.2187,3.153,,24.12,20.6
2018-02-21,0.7804,1146.0,61.68,,,65.42,,,90.0,1.2284,1.5,1.3918,1330.0,,321.6,0.71179,1.14839,,,,123.88,12686.88,4347.76,31431.89,5498.94,1942.84,2816.13,1209.67,2118.36,,6759.26,2.659,21970.81,,,16.617,2701.33,6.3376,,7.8253,107.78,2.95,2.2661,3.2204,,22.27,20.02
2018-02-22,0.7846,1167.0,62.77,,,66.39,,,89.736,1.233,1.5,1.3956,1330.6,3.891,324.15,0.70016,1.14571,,,,127.92,12528.64,4290.23,30965.68,5460.2,1939.69,2820.08,1200.9,2117.17,,6761.85,2.634,21736.44,3268.559,4052.73,16.587,2703.96,6.3343,6.3527,7.8243,106.75,2.9207,2.246,3.2062,,24.56,18.72
2018-02-23,0.7843,1185.0,63.55,,,67.31,,,89.883,1.2295,1.5,1.3971,1328.2,3.897,321.25,0.70284,1.14714,,,,127.36,12735.06,4335.25,31267.17,5499.32,1939.34,2826.45,1216.43,2140.91,,6896.6,2.625,21892.78,3289.024,4071.09,16.484,2747.3,6.3262,6.3372,7.8233,106.89,2.866,2.238,3.1555,,23.19,16.49
2018-02-26,0.7855,1191.0,63.91,,,67.5,,,89.853,1.2317,1.5,1.3968,1330.7,3.871,319.75,0.70714,1.10746,,,,128.04,12834.06,4360.93,31498.6,5626.08,1945.09,2829.57,1221.08,2159.67,,6989.1,2.639,22153.63,3329.574,4118.42,16.55,2779.6,6.2946,6.3161,7.8234,106.93,2.8623,2.2219,3.153,,21.47,15.8
2018-02-27,0.7789,1188.0,63.01,,,66.63,,,90.355,1.2233,1.5,1.3909,1318.6,3.855,315.75,0.72799,1.08143,,,,127.34,12646.54,4321.33,31268.66,5592.04,1944.57,2821.74,1212.33,2140.57,,6900.35,2.683,22389.86,3292.068,4058.98,16.346,2744.28,6.3264,6.3169,7.8276,107.33,2.8934,2.26,3.1588,,22.29,18.59
2018-02-28,0.7762,1192.0,61.64,2.9,,65.78,2.2,50.3,90.613,1.2194,1.5,1.376,1317.9,3.845,310.75,0.73294,1.08247,3.1,,2.9,127.45,12382.08,4270.28,30844.72,5561.59,1944.99,2827.38,1195.19,2117.99,60.9,6854.42,2.667,22068.24,3259.408,4023.64,16.324,2713.83,6.3311,6.331,7.8261,106.68,2.8606,2.25,3.1242,4.1,23.11,19.85
2018-03-01,0.7756,1196.0,60.99,,,63.83,,,90.324,1.2267,1.5,1.3776,1305.2,3.854,309.95,0.74714,1.08241,,,,126.75,12428.88,4298.21,31044.25,5646.96,1941.51,2831.35,1192.25,2089.98,,6750.54,2.698,21724.47,3273.755,4049.09,16.2,2677.67,6.3475,6.3582,7.828,106.24,2.8078,2.2117,3.0834,,22.69,22.47
2018-03-02,0.776,1207.0,61.25,,,64.37,,,89.935,1.2317,1.5,1.3802,1323.4,3.861,310.1,0.70845,1.05469,,,,127.76,12203.91,4234.48,30583.45,5559.54,1935.45,2820.12,1182.06,2089.84,,6811.04,2.695,21181.64,3254.528,4016.46,16.392,2691.25,6.3407,6.3454,7.8308,105.75,2.8643,2.2418,3.1398,,25.38,19.59
2018-03-05,0.7765,1210.0,62.57,,,65.54,,,90.08,1.2336,1.5,1.3849,1319.9,3.86,310.55,0.71004,1.02736,,,,130.28,11991.79,4147.83,29886.39,5463.95,1938.56,2818.75,1176.12,2106.58,,6881.28,2.704,21042.09,3256.926,4018.1,16.338,2720.94,6.3349,6.3496,7.832,106.2,2.8808,2.2378,3.1531,,25.93,18.73
2018-03-06,0.7829,1212.0,62.6,,,65.79,,,89.618,1.2404,1.5,1.3888,1335.2,3.859,313.7,0.68464,1.02173,,,,128.33,12311.54,4233.45,30510.73,5596.29,1941.98,2822.47,1193.93,2117.77,,6913.02,2.749,21417.76,3289.642,4066.56,16.715,2728.12,6.3105,6.3145,7.8336,106.13,2.8863,2.2499,3.1531,,23.83,18.36
2018-03-07,0.7825,1191.0,61.15,,,64.34,,,89.637,1.2411,1.5,1.3896,1327.6,3.847,311.4,0.67158,1.02136,,,,129.82,12180.29,4192.62,30196.92,5568.07,1940.01,2819.17,1189.2,2115.98,,6929.39,2.777,21252.72,3271.668,4036.65,16.428,2726.8,6.3199,6.3254,7.8356,106.07,2.8827,2.2519,3.1498,,25.02,17.76
2018-03-08,0.7789,1197.0,60.12,,,63.61,,,90.179,1.2312,1.5,1.3811,1321.7,3.852,305.85,0.66768,1.02054,,,,128.55,12334.83,4256.81,30654.52,5631.29,1940.6,2822.14,1195.24,2125.28,,6966.43,2.756,21368.07,3288.406,4077.6,16.436,2738.97,6.3434,6.3422,7.8407,106.23,2.8571,2.2498,3.1218,,23.26,16.54
2018-03-09,0.7844,1201.0,62.04,,,65.49,,,90.093,1.2307,1.5,1.385,1324.0,3.851,311.6,0.70939,1.05362,,,,128.19,12431.2,4298.34,30996.21,5748.8,1942.16,2815.79,1207.23,2149.32,,7101.18,2.732,21469.2,3307.166,4108.87,16.546,2786.57,6.3306,6.3344,7.8364,106.82,2.8938,2.258,3.158,,22.18,14.64
2018-03-12,0.7873,1192.0,61.36,,,64.95,,,89.895,1.2334,1.5,1.3906,1320.8,3.849,310.4,0.72607,1.05522,,,,125.81,12697.31,4375.4,31594.33,5844.46,1942.73,2818.53,1222.2,2154.26,,7131.12,2.778,21824.03,3326.699,4127.67,16.471,2783.02,6.3247,6.3295,7.8407,106.42,2.8681,2.262,3.1292,,21.01,15.78
2018-03-13,0.786,1179.0,60.71,,,64.64,,,89.664,1.239,1.5,1.3962,1327.1,3.862,311.9,0.73214,1.05968,,,,124.32,12746.78,4373.85,31601.45,5843.12,1941.9,2819.87,1223.83,2144.6,,7046.51,2.786,21968.1,3310.239,4091.25,16.559,2765.31,6.3267,6.3217,7.8405,106.58,2.8426,2.2539,3.0981,,20.56,16.35
2018-03-14,0.7877,1169.0,60.96,,,64.89,,,89.704,1.2368,1.5,1.3962,1325.6,3.859,314.0,0.735,1.06444,,,,124.51,12684.52,4356.14,31435.01,5815.37,1939.87,2824.62,1218.7,2134.51,,7040.98,2.731,21777.29,3291.382,4073.35,16.467,2749.48,6.3071,6.318,7.8412,106.32,2.817,2.258,3.0568,,20.37,17.23
2018-03-15,0.7798,1150.0,61.19,,,65.12,,,90.139,1.2305,1.5,1.3937,1317.8,3.853,311.1,0.74911,1.06143,,,,124.41,12719.84,4373.71,31541.1,5823.2,1938.41,2822.23,1216.24,2133.35,,7030.97,2.681,21803.95,3291.112,4096.16,16.353,2747.33,6.3295,6.3221,7.8419,106.34,2.828,2.2846,3.0584,,20.56,16.59
2018-03-16,0.7713,1143.0,62.34,,,66.21,,,90.233,1.229,1.5,1.3942,1312.3,3.845,309.3,0.76357,1.06071,,,,123.76,12673.07,4370.62,31501.97,5798.89,1938.47,2820.44,1213.14,2134.05,,7019.95,2.688,21676.51,3269.882,4056.42,16.202,2752.01,6.3264,6.3348,7.8423,106.01,2.8445,2.2909,3.077,,20.75,15.8
2018-03-19,0.7718,1136.0,62.06,,,66.05,,,89.765,1.2335,1.5,1.4024,1317.8,3.835,306.95,0.79718,1.08054,,,,124.76,12660.46,4364.47,31513.76,5801.9,1936.19,2820.79,1203.59,2110.4,,6864.88,2.651,21480.9,3279.252,4074.25,16.255,2712.92,6.3192,6.3322,7.8424,106.1,2.8555,2.3075,3.0859,,20.44,19.02
2018-03-20,0.7683,1122.0,63.4,,,67.42,,,90.371,1.2242,1.5,1.3998,1311.9,3.823,302.55,0.80929,1.09261,,,,126.18,12597.42,4373.89,31549.93,5890.21,1935.07,2812.96,1209.89,2110.91,,6885.92,2.675,21380.97,3290.64,4077.7,16.125,2716.94,6.3335,6.3341,7.8444,106.53,2.8959,2.3448,3.1301,,21.14,18.2
2018-03-21,0.7765,1117.0,65.17,,,69.47,,,89.783,1.2338,1.75,1.4141,1321.5,3.817,304.85,0.80857,1.09993,,,,126.86,12521.55,4347.11,31414.52,5791.24,1935.57,2807.27,1209.62,2109.18,,6853.45,2.638,,3280.952,4061.05,16.357,2711.93,6.3044,6.3232,7.8457,106.05,2.883,2.3055,3.1186,,21.74,17.86
2018-03-22,0.7693,1117.0,64.3,,,68.91,,,89.857,1.2302,1.75,1.4096,1327.4,3.783,301.2,0.81286,1.10643,,,,127.15,12427.55,4296.14,31071.05,5668.56,1933.39,2815.0,1196.73,2072.94,,6682.26,2.617,21591.99,3263.48,4020.35,16.328,2643.69,6.3395,6.335,7.8481,105.28,2.8244,2.2786,3.0624,,22.73,23.34
2018-03-23,0.7699,1122.0,65.88,,,70.45,,,89.436,1.2353,1.75,1.4132,1349.9,3.754,298.45,0.86179,1.12089,,,,127.12,12128.27,4182.55,30309.29,5455.32,1931.08,2813.32,1172.1,2036.55,,6508.09,2.591,20617.86,3152.761,3904.94,16.53,2588.26,6.3132,6.316,7.8459,104.74,2.8135,2.2538,3.0608,,27.28,24.87
2018-03-26,0.7748,1126.0,65.55,,,70.12,,,89.027,1.2444,1.75,1.4229,1355.0,3.74,296.05,0.88429,1.14786,,,,124.46,12197.7,4215.37,30548.77,5534.43,1931.3,2812.65,1182.28,2069.13,,6753.83,2.618,20766.1,3133.722,3879.89,16.632,2658.55,6.254,6.273,7.846,105.41,2.852,2.2704,3.0859,,25.19,21.03
2018-03-27,0.7679,1117.0,65.25,,,70.11,,,89.372,1.2403,1.75,1.4157,1342.0,3.735,299.15,0.98946,1.17857,,,,124.4,12301.55,4255.78,30790.83,5606.05,1933.36,2823.32,1185.18,2055.55,,6529.84,2.691,21317.32,3166.649,3913.27,16.489,2612.62,6.2682,6.283,7.8466,105.34,2.7753,2.2641,3.0286,,24.86,22.5
2018-03-28,0.7662,1080.0,64.38,,,69.53,,,90.058,1.2308,1.75,1.4077,1324.2,3.752,300.2,1.0325,1.19625,,,,125.2,12001.16,4149.0,30022.53,5345.45,1932.16,2825.67,1162.67,2047.75,,6460.81,2.698,21031.31,3122.29,3842.72,16.253,2605.0,6.2857,6.298,7.8475,106.85,2.7807,2.2842,3.0214,,28.49,22.87
2018-03-29,0.7678,1055.0,64.94,,,70.27,,,90.151,1.23,1.75,1.4018,1322.8,3.766,302.55,0.99036,1.20613,,,,127.06,11998.34,4158.66,30093.38,5308.46,1933.24,2834.54,1169.27,2065.53,,6581.13,2.733,21159.08,3160.531,3894.05,16.268,2640.87,6.2716,6.2898,7.8485,106.43,2.7389,2.2661,2.9737,,26.14,19.97
2018-03-30,0.7679,,,,6.9,,,,89.974,1.2324,1.75,1.4015,,3.751,,,,,4.5,,126.92,,,,,1933.24,2834.54,1170.88,2066.84,,,,21454.3,3168.896,3898.5,,,6.2635,6.2753,7.8488,106.28,2.7389,2.2661,2.9737,,,
2018-03-31,,,,2.1,,,2.4,51.5,,,,,,,,,,2.6,,2.9,,,,,,,,,,58.8,,,,,,,,,,,,,,,4.0,,
2018-04-02,0.7663,,63.01,,,67.64,,,90.052,1.2302,1.75,1.4044,1342.1,3.746,305.0,,,,,,125.85,,,,,1931.5,2836.3,1169.43,2038.54,,6390.84,2.683,21388.58,3163.179,3886.92,16.672,2581.88,6.2692,6.2804,7.8486,105.89,2.7298,2.2459,2.9619,,,23.62
2018-04-03,0.7685,1016.0,63.51,,,68.12,,,90.2,1.227,1.75,1.4057,1332.8,3.753,306.35,0.96357,1.21,,,,123.55,12136.67,4174.28,30180.1,5335.67,1931.86,2828.13,1170.15,2048.8,,6458.83,2.697,21292.29,3136.633,3862.48,16.392,2614.45,6.2734,6.2899,7.8485,106.61,2.7753,2.2782,3.011,,24.97,21.1
2018-04-04,0.7716,977.0,63.37,,,68.02,,,90.142,1.2278,1.75,1.4079,1335.8,3.738,301.05,0.93321,1.21508,,,,125.34,11857.41,4100.17,29518.69,5164.58,1932.41,2827.61,1155.64,2061.31,,6560.06,2.718,21319.55,3131.111,3854.86,16.254,2644.69,6.2867,6.3033,7.849,106.78,2.8027,2.2924,3.0359,,25.9,20.06
2018-04-05,0.7684,953.0,63.54,,,68.33,,,90.46,1.224,1.75,1.4003,1324.3,,307.45,,,,,,,,,,,1938.05,2824.15,1166.48,2080.69,,6594.84,2.675,21645.42,,,16.355,2662.84,6.2921,,7.8489,107.39,2.832,2.3026,3.073,,,18.94
2018-04-06,0.7684,948.0,62.06,,,67.11,,,90.108,1.2281,1.75,1.4092,1331.9,,305.85,0.92429,1.21596,,,,124.2,11967.66,4144.4,29844.94,5164.67,1938.86,2835.26,1161.97,2052.78,,6433.21,2.701,21567.52,,,16.362,2604.47,6.3122,,7.8484,106.93,2.7735,2.2661,3.0182,,24.59,21.49
2018-04-09,0.7697,952.0,63.42,,,68.65,,,89.838,1.2321,1.75,1.4131,1336.3,3.71,307.7,0.88143,1.21089,,,,123.56,12073.0,4193.13,30229.58,5285.24,1941.2,2836.46,1163.07,2061.19,,6472.34,2.693,21678.26,3138.294,3852.93,16.529,2613.16,6.3038,6.307,7.8492,106.77,2.779,2.2783,3.0118,,23.12,21.77
2018-04-10,0.7761,974.0,65.51,,,71.04,,,89.587,1.2356,1.75,1.4176,1342.0,3.727,313.7,0.85543,1.20839,,,,124.39,12324.02,4260.92,30728.74,5421.46,1946.45,2836.8,1175.32,2090.11,,6615.87,2.656,21794.32,3190.322,3927.17,16.596,2656.87,6.277,6.2832,7.8496,107.2,2.8009,2.3069,3.0214,,22.31,20.47
2018-04-11,0.7755,979.0,66.82,,,72.06,,,89.568,1.2367,1.75,1.4177,1356.5,3.73,311.7,0.80696,1.18196,,,,124.88,12324.68,4273.9,30897.71,5377.93,1947.94,2838.75,1175.53,2082.57,,6583.44,2.675,21687.1,3208.082,3938.34,16.768,2642.19,6.2737,6.269,7.8498,106.79,2.7808,2.307,2.9951,,21.92,20.24
2018-04-12,0.7754,993.0,67.07,,,72.02,,,89.751,1.2327,1.75,1.4228,1338.4,3.717,306.35,0.79071,1.1725,,,,123.66,12288.86,4259.32,30831.28,5346.06,1951.02,2832.75,1176.88,2090.9,,6656.26,2.686,21660.28,3180.158,3898.64,16.473,2663.99,6.2778,6.2915,7.8499,107.33,2.8358,2.348,3.0431,,21.78,18.49
2018-04-13,0.7764,1014.0,67.39,,,72.58,,,89.8,1.2331,1.75,1.4238,1344.8,3.719,307.1,0.84625,1.21496,,,,122.88,12261.23,4250.93,30808.38,5320.43,1954.24,2833.55,1170.09,2088.98,,6628.34,2.735,21778.74,3159.052,3871.14,16.658,2656.3,6.2723,6.275,7.8499,107.35,2.8267,2.3566,3.027,,20.22,17.41
2018-04-16,0.7781,1025.0,66.22,,,71.42,,,89.425,1.238,1.75,1.4339,1347.5,3.68,309.55,0.85464,1.25714,,,,122.58,12008.13,4186.34,30315.59,5287.29,1957.46,2834.8,1163.25,2099.82,,6675.18,2.752,21835.53,3110.649,3808.86,16.677,2677.84,6.2665,6.2765,7.8499,107.12,2.8267,2.3773,3.0246,,21.41,16.56
2018-04-17,0.7766,1052.0,66.52,,,71.58,,,89.516,1.237,1.75,1.4288,1347.2,3.661,307.95,0.89286,1.29714,,,,122.65,11900.48,4141.17,30062.75,5169.25,1960.59,2838.7,1164.36,2116.43,,6816.37,2.738,21847.59,3066.797,3748.64,16.787,2706.39,6.282,6.2825,7.8498,107.0,2.8285,2.394,3.0198,,20.29,15.25
2018-04-18,0.7784,1124.0,68.47,,,73.48,,,89.623,1.2374,1.75,1.4203,1351.2,3.499,315.85,0.91179,1.32071,,,,122.64,11986.07,4162.12,30284.25,5182.98,1961.43,2827.41,1176.14,2123.77,,6833.21,2.739,22158.2,3091.399,3766.28,17.248,2708.64,6.271,6.2744,7.8499,107.23,2.8728,2.4293,3.0601,,18.67,15.6
2018-04-19,0.773,1201.0,68.29,,,73.78,,,89.94,1.2345,1.75,1.4087,1346.8,3.521,313.2,0.94982,1.33661,,,,121.58,12239.84,4219.04,30708.44,5266.23,1954.63,2815.77,1184.13,2115.93,,6774.89,2.66,22191.18,3117.376,3811.84,17.239,2693.13,6.2773,6.2791,7.8481,107.37,2.9098,2.4275,3.0983,,17.56,15.96
2018-04-20,0.7672,1281.0,68.38,,,74.06,,,90.316,1.2288,1.75,1.4,1336.7,3.548,313.5,0.97464,1.36036,,,,121.76,12054.23,4173.48,30418.33,5139.73,1953.16,2808.44,1168.24,2099.74,,6667.75,2.739,22162.24,3071.542,3760.85,17.163,2670.14,6.2795,6.2964,7.8437,107.66,2.9602,2.4573,3.1451,,17.91,16.88
2018-04-23,0.7605,1306.0,68.64,,,74.71,,,90.946,1.2209,1.75,1.394,1322.5,3.602,311.05,1.04714,1.38464,,,,122.67,12000.16,4145.48,30254.4,5045.85,1950.19,2805.75,1158.26,2097.22,,6648.8,2.74,22088.04,3068.012,3766.33,16.587,2670.29,6.3075,6.317,7.8421,108.71,2.9752,2.4764,3.1443,,18.06,16.34
2018-04-24,0.7604,1330.0,67.7,,,73.86,,,90.766,1.2233,1.75,1.3978,1331.4,3.579,314.2,1.22393,1.43964,,,,122.24,12244.88,4207.54,30636.24,5095.82,1945.81,2802.02,1154.21,2081.52,,6509.05,2.781,22278.12,3128.927,3843.49,16.703,2634.56,6.2967,6.3065,7.8461,108.82,2.9995,2.4746,3.1825,,17.43,18.02
2018-04-25,0.7565,1376.0,68.05,,,74.0,,,91.172,1.2161,1.75,1.3932,1321.2,3.62,313.45,1.30051,1.51929,,,,122.29,12094.32,4173.14,30328.15,5009.0,1940.87,2792.89,1140.27,2076.74,,6513.94,2.786,22215.32,3117.974,3828.7,16.502,2639.4,6.3223,6.3266,7.8462,109.43,3.0259,2.4878,3.2068,,18.15,17.84
2018-04-26,0.7554,1375.0,68.19,,,74.74,,,91.561,1.2103,1.75,1.3919,1316.3,3.642,311.4,1.30732,1.54286,,,,122.09,11949.38,4130.64,30007.68,4856.64,1944.52,2798.68,1144.34,2092.44,,6649.65,2.821,22319.61,3075.03,3755.49,16.491,2666.94,6.3268,6.3365,7.8459,109.3,2.9809,2.4817,3.1642,,18.99,16.24
2018-04-27,0.7581,1361.0,68.1,,,74.64,,,91.542,1.213,1.75,1.3781,1323.4,3.648,304.6,1.30625,1.57536,,,,121.77,12066.58,4167.74,30280.67,4909.5,1945.51,2805.43,1156.3,2096.05,,6656.35,2.771,22467.87,3082.232,3756.88,16.406,2669.91,6.3185,6.3323,7.8475,109.05,2.9568,2.4838,3.1245,,18.23,15.41
2018-04-30,0.753,1341.0,68.57,1.8,,75.17,2.5,51.4,91.841,1.2078,1.75,1.3763,1319.2,,305.25,1.30643,1.5875,1.9,,2.8,119.34,12331.39,4237.93,30808.45,5005.22,1945.82,2808.25,1164.43,2086.51,58.6,6605.57,2.763,,,,16.312,2648.05,6.3157,,7.8483,109.34,2.9531,2.4879,3.1237,4.0,17.47,15.93
2018-05-01,0.749,1327.0,67.25,,,73.13,,,92.449,1.1993,1.75,1.3614,1306.8,,301.5,,,,,,,,,,,1943.78,2798.29,1162.48,2083.77,,6681.96,2.802,22508.03,,,16.039,2654.8,6.3382,,7.8493,109.86,2.9644,2.5042,3.1287,,,15.49
2018-05-02,0.7493,1346.0,67.93,,,73.36,,,92.512,1.1951,1.75,1.3576,1305.6,3.686,304.75,1.24607,1.61607,,,,120.12,12193.59,4225.93,30723.88,5023.57,1945.42,2799.31,1151.44,2076.69,,6644.48,2.754,22472.78,3081.177,3763.65,16.291,2635.67,6.3747,6.3625,7.8499,109.84,2.9663,2.4882,3.146,,17.67,15.97
2018-05-03,0.7532,1376.0,68.43,,,73.62,,,92.414,1.1988,1.75,1.3575,1312.7,3.653,305.9,1.23122,1.6655,,,,122.37,12018.86,4177.44,30313.37,5004.52,1943.3,2800.76,1137.85,2071.37,,6643.48,2.726,,3100.859,3793.0,16.362,2629.73,6.3442,6.3537,7.8493,109.19,2.9458,2.4762,3.1213,,18.54,15.9
2018-05-04,0.7539,1384.0,69.72,,,74.87,,,92.566,1.196,1.75,1.3531,1314.7,3.638,306.55,1.22357,1.72,,,,123.0,11890.62,4132.79,29926.5,4966.02,1944.24,2799.7,1136.17,2089.44,,6769.12,2.711,,3091.033,3774.6,16.434,2663.42,6.3564,6.3627,7.8494,109.12,2.9497,2.4969,3.1221,,19.06,14.77
2018-05-07,0.7517,,70.73,,,76.17,,,92.749,1.1922,1.75,1.3557,1314.1,3.664,305.95,1.19768,1.7422,,,,123.44,11966.41,4148.67,29994.26,4957.35,1946.78,2799.62,1139.55,2096.86,,6821.87,2.741,22467.16,3136.645,3834.19,16.413,2672.63,6.3598,6.3667,7.8499,109.09,2.9497,2.497,3.1229,,19.31,14.75
2018-05-08,0.7455,1432.0,69.06,,,74.85,,,93.12,1.1864,1.75,1.3547,1313.7,3.7,304.05,1.16643,1.74696,,,,123.19,12144.79,4201.7,30402.81,5074.66,1946.57,2796.5,1142.66,2095.07,,6815.48,2.732,22508.69,3161.498,3878.68,16.388,2671.92,6.3662,6.3707,7.8496,109.13,2.976,2.5094,3.1295,,18.4,14.71
2018-05-09,0.7463,1465.0,71.14,,,77.21,,,93.04,1.1851,1.75,1.3547,1313.0,3.71,303.95,1.13464,1.75045,,,,122.65,12185.44,4217.84,30536.14,5081.66,1947.05,2793.36,1143.76,2109.84,,6893.21,2.737,22408.88,3159.15,3871.62,16.458,2697.79,6.3646,6.3623,7.8499,109.74,3.0042,2.53,3.1618,,17.87,13.42
2018-05-10,0.7532,1453.0,71.36,,,77.47,,,92.65,1.1915,1.75,1.3519,1322.3,3.701,309.25,1.08846,1.75179,,,,122.87,12233.96,4250.12,30809.22,5175.41,1948.77,2801.29,1156.55,2123.53,,6963.55,2.814,22497.18,3174.413,3893.06,16.68,2723.07,6.3298,6.3492,7.8498,109.4,2.9622,2.5302,3.1082,,17.33,13.23
2018-05-11,0.7543,1472.0,70.7,,,77.12,,,92.537,1.1943,1.75,1.3542,1320.7,3.696,309.5,1.04607,1.74571,,,,122.39,12345.3,4284.72,31122.06,5152.68,1949.67,2804.9,1164.49,2131.96,,6952.56,2.806,22758.48,3163.263,3872.84,16.676,2727.72,6.3334,6.334,7.8497,109.39,2.9695,2.5349,3.1041,,17.11,12.65
2018-05-14,0.7526,1476.0,70.96,,,78.23,,,92.587,1.1927,1.75,1.3556,1318.2,3.71,307.85,1.00036,1.75167,,,,121.17,12544.55,4342.01,31541.08,5236.05,1951.05,2803.69,1168.9,2136.09,,6964.37,2.842,22865.86,3174.032,3909.29,16.57,2730.13,6.3369,6.3393,7.8498,109.66,3.0024,2.5475,3.1347,,17.48,12.93
2018-05-15,0.7472,1468.0,71.31,,,78.43,,,93.219,1.1838,1.75,1.3502,1290.3,3.717,304.25,0.99299,1.75357,,,,121.54,12440.75,4302.41,31152.03,5184.22,1948.0,2786.97,1150.27,2119.98,,6888.54,2.836,22818.02,3192.118,3924.1,16.194,2711.45,6.3669,6.3775,7.8499,110.35,3.0723,2.5745,3.2007,,17.57,14.63
2018-05-16,0.7516,1403.0,71.49,,,79.28,,,93.392,1.1808,1.75,1.3486,1291.5,3.717,305.85,0.97753,1.75786,,,,119.77,12440.12,4297.27,31110.2,5206.81,1947.38,2785.02,1155.1,2122.97,,6929.97,2.815,22717.23,3169.565,3892.84,16.297,2722.46,6.3506,6.3715,7.8499,110.4,3.0964,2.5851,3.2172,,18.11,13.42
2018-05-17,0.7511,1305.0,71.49,,,79.3,,,93.469,1.1795,1.75,1.3516,1289.4,3.72,307.7,0.99217,1.75286,,,,120.73,12278.43,4275.6,30942.15,5236.71,1947.03,2781.49,1144.07,2125.56,,6901.63,2.859,22838.37,3154.282,3864.05,16.413,2720.13,6.3577,6.3672,7.8498,110.77,3.1112,2.5647,3.2462,,17.54,13.43
2018-05-18,0.7511,1273.0,71.28,,,78.51,,,93.637,1.1772,1.75,1.3469,1291.3,3.718,305.1,0.99988,1.75168,,,,122.06,12355.13,4293.87,31047.91,5214.82,1945.93,2788.0,1137.75,2120.8,,6866.25,2.847,22930.36,3193.303,3903.06,16.387,2712.97,6.3648,6.38,7.8499,110.78,3.0559,2.5467,3.1974,,17.19,13.42
2018-05-21,0.7582,1239.0,72.24,,,79.22,,,93.677,1.1791,1.75,1.3427,1290.9,3.7,308.55,0.99275,1.75286,,,,122.06,12349.61,4314.18,31234.35,5260.18,1946.66,2789.18,1136.49,2130.72,,6905.53,2.81,23002.37,3213.84,3921.24,16.452,2733.01,6.358,6.3835,7.8485,111.05,3.0596,2.5656,3.2015,,17.11,13.08
2018-05-22,0.7576,1199.0,72.13,,,79.57,,,93.609,1.1779,1.75,1.3432,1292.0,3.681,311.9,,,,,,121.46,,,,,1947.44,2789.18,1142.05,2128.78,,6893.62,2.908,22960.34,3214.35,3906.21,16.508,2724.44,6.3516,6.3675,7.8499,110.9,3.0597,2.568,3.2048,,,13.22
2018-05-23,0.756,1162.0,71.84,,,79.8,,,94.003,1.1697,1.75,1.3347,1289.6,3.666,306.05,0.97981,1.75179,,,,121.36,12090.79,4253.04,30665.64,5241.12,1945.93,2798.33,1133.1,2122.9,,6953.63,2.914,22689.74,3168.964,3854.58,16.338,2733.29,6.378,6.3886,7.8494,110.08,2.9935,2.5282,3.1517,,18.42,12.58
2018-05-24,0.7576,1109.0,70.71,,,78.79,,,93.775,1.172,1.75,1.338,1304.4,3.667,308.55,0.98018,1.75214,,,,120.03,12152.62,4267.67,30760.41,5290.39,1946.39,2803.93,1135.06,2117.73,,6949.7,2.94,22437.01,3154.651,3827.22,16.621,2727.76,6.3764,6.3784,7.8475,109.26,2.977,2.5081,3.125,,17.53,12.53
2018-05-25,0.7548,1077.0,67.88,,,76.44,,,94.253,1.1651,1.75,1.3309,1303.7,3.636,306.7,0.98589,1.75214,,,,120.49,12047.75,4250.44,30588.04,5296.96,1945.72,2810.54,1136.62,2110.8,,6960.92,2.939,22450.79,3141.303,3816.5,16.481,2721.33,6.3886,6.3917,7.8461,109.41,2.9313,2.4758,3.092,,17.65,13.22
2018-05-28,0.7546,,,,,75.3,,,94.418,1.1625,1.75,1.3311,,3.635,,0.98143,1.75825,,,,119.88,12115.17,4274.75,30792.26,5375.91,,,1137.0,2107.14,,,,22481.09,3135.082,3833.26,,,6.397,6.3993,7.8452,109.42,2.9313,2.4758,3.092,,17.17,
2018-05-29,0.7505,1057.0,66.73,,,75.39,,,94.82,1.154,1.75,1.3249,1299.0,3.63,305.2,0.99357,1.75714,,,,120.59,11959.08,4226.64,30484.58,5340.0,1941.8,2833.34,1126.25,2083.27,,6926.54,2.875,22358.43,3120.46,3804.01,16.305,2689.86,6.4239,6.4176,7.8457,108.77,2.781,2.3191,2.9745,,18.74,17.02
2018-05-30,0.7575,1042.0,68.21,,,77.5,,,94.069,1.1665,1.75,1.3286,1301.5,3.615,306.9,1.01143,1.75214,,,,119.2,11769.16,4168.29,30056.79,5294.26,1943.79,2819.58,1112.75,2100.42,,6976.37,2.885,22018.52,3041.443,3723.37,16.544,2724.01,6.4006,6.419,7.8477,108.91,2.855,2.4115,3.0269,,20.04,14.94
2018-05-31,0.7568,1090.0,67.04,1.8,,77.59,2.8,51.9,93.979,1.1693,1.75,1.3298,1300.1,3.638,306.5,1.0175,1.77045,2.1,,2.8,119.42,11978.3,4234.97,30468.56,5356.99,1945.28,2823.29,1120.71,2092.92,59.0,6967.73,2.952,22201.82,3095.474,3802.38,16.458,2705.27,6.4094,6.4106,7.8431,108.82,2.8586,2.4274,3.0253,3.8,18.2,15.43
2018-06-01,0.7569,1156.0,65.81,,,76.79,,,94.156,1.1659,1.75,1.3346,1294.8,3.645,309.85,1.02821,1.77356,,,,118.64,12020.09,4232.08,30492.91,5340.85,1946.99,2811.74,1130.22,2109.19,,7083.93,2.962,22171.35,3075.137,3770.59,16.441,2734.62,6.4131,6.4204,7.8456,109.54,2.9022,2.4716,3.0506,,17.62,13.46
2018-06-04,0.7648,1193.0,64.75,,,75.29,,,94.038,1.1699,1.75,1.3313,1293.1,3.663,313.45,1.03857,1.78,,,,118.16,12249.58,4299.68,30997.98,5408.24,1949.45,2806.69,1146.74,2121.86,,7143.57,2.93,22475.94,3091.191,3807.58,16.431,2746.87,6.4055,6.408,7.8457,109.82,2.9424,2.5161,3.0848,,16.94,12.74
2018-06-05,0.7616,1249.0,65.52,,,75.38,,,93.876,1.1718,1.75,1.3393,1297.5,3.679,319.85,1.06,1.77873,,,,118.71,12259.32,4310.72,31093.45,5468.51,1951.18,2808.6,1144.44,2119.36,,7166.75,2.89,22539.54,3114.206,3845.32,16.543,2748.8,6.3967,6.4061,7.8474,109.79,2.9277,2.4918,3.084,,16.44,12.4
2018-06-06,0.7667,1340.0,64.73,,,75.36,,,93.614,1.1774,1.75,1.3413,1297.1,3.68,326.2,1.10929,1.82929,,,,118.11,12283.58,4332.75,31259.1,5606.18,1953.06,2798.31,1150.17,2136.74,,7210.08,2.896,22625.73,3115.18,3837.35,16.694,2772.35,6.3776,6.3884,7.8473,110.18,2.9717,2.5161,3.1217,,15.83,11.64
2018-06-07,0.7624,1395.0,65.95,,,77.32,,,93.435,1.18,1.75,1.3423,1298.7,3.688,327.5,1.30242,1.91893,,,,117.11,12407.8,4357.48,31512.63,5589.81,1955.51,2806.74,1149.68,2137.57,,7152.83,2.93,22823.26,3109.499,3831.01,16.815,2770.37,6.3896,6.3921,7.8463,109.7,2.9204,2.4876,3.068,,15.9,12.13
2018-06-08,0.7601,1391.0,65.74,,,76.46,,,93.535,1.1769,1.75,1.3405,1298.1,3.657,330.0,1.45682,1.9625,,,,116.95,12165.79,4285.67,30958.21,5505.17,1955.51,2804.78,1135.39,2137.74,,7152.62,2.89,22694.5,3067.148,3779.62,16.741,2779.03,6.3993,6.4067,7.8458,109.55,2.9461,2.4977,3.0896,,17.39,12.18
2018-06-11,0.7609,1387.0,66.1,,,76.46,,,93.608,1.1784,1.75,1.3379,1298.9,3.661,325.7,1.49679,1.96983,,,,117.1,12172.03,4302.72,31063.7,5572.69,1957.9,2801.74,1139.46,2144.2,,7168.48,2.949,22804.04,3052.783,3779.98,16.952,2782.0,6.3982,6.4018,7.8466,110.03,2.9516,2.5202,3.0936,,16.72,12.35
2018-06-12,0.7573,1390.0,66.36,,,75.88,,,93.818,1.1745,1.75,1.3372,1295.1,3.693,324.95,1.53429,1.99321,,,,117.71,12206.57,4314.43,31103.06,5598.2,1959.73,2802.9,1140.64,2145.36,,7209.18,2.939,22878.35,3079.802,3825.95,16.891,2786.85,6.4054,6.4028,7.8471,110.37,2.9608,2.5387,3.0935,,16.02,12.34
2018-06-13,0.7578,1404.0,66.64,,,76.74,,,93.544,1.1791,2.0,1.3376,1296.9,3.682,325.4,1.57696,2.00608,,,,118.88,12035.63,4269.47,30725.15,5464.73,1961.88,2799.9,1135.68,2140.2,,7205.26,2.963,22966.38,3049.796,3788.34,16.991,2775.63,6.3889,6.3979,7.8483,110.34,2.9663,2.5675,3.0863,,15.85,12.94
2018-06-14,0.7478,1433.0,66.89,,,75.94,,,94.879,1.1568,2.0,1.3262,1304.0,3.65,322.2,1.60125,2.01,,,,120.13,11950.7,4228.19,30440.17,5366.03,1963.87,2806.67,1125.71,2142.02,,7279.59,2.965,22738.61,3044.16,3773.37,17.262,2782.49,6.4174,6.4017,7.8492,110.63,2.9351,2.5635,3.0545,,15.88,12.12
2018-06-15,0.7442,1445.0,65.06,,,73.44,,,94.788,1.161,2.0,1.3278,1274.6,3.623,314.45,1.66786,2.01003,,,,121.13,11870.18,4207.03,30309.49,5333.47,1964.29,2809.02,1113.76,2134.15,,7255.76,3.022,22851.75,3021.901,3753.43,16.48,2779.66,6.4367,6.4387,7.8493,110.66,2.9205,2.5471,3.0465,,15.97,11.98
2018-06-18,0.7423,1442.0,65.85,,,75.34,,,94.756,1.1623,2.0,1.3245,1276.2,,310.65,,,,,,,,,,,1964.29,2805.95,1105.98,2125.79,,7251.41,2.951,22680.33,,,16.44,2773.75,6.4547,,7.8497,110.55,2.9169,2.5492,3.0489,,,12.31
2018-06-19,0.7381,1419.0,65.07,,,75.08,,,95.013,1.159,2.0,1.3174,1275.6,3.586,304.7,1.73375,2.01909,,,,121.93,11492.77,4078.67,29468.15,5074.46,1962.69,2807.54,1085.03,2111.44,,7228.04,2.9,22278.48,2907.822,3621.12,16.323,2762.59,6.4772,6.4853,7.8493,110.06,2.8967,2.5452,3.0323,,19.73,13.35
2018-06-20,0.7368,1373.0,66.22,,,74.74,,,95.124,1.1572,2.0,1.3172,1271.2,3.617,304.05,1.77822,2.04143,,,,120.91,11505.74,4105.18,29696.17,5144.13,1964.33,2799.86,1093.26,2117.76,,7280.71,2.964,22555.43,2915.731,3635.44,16.309,2767.32,6.4811,6.4738,7.8465,110.36,2.9389,2.5659,3.0775,,17.86,12.79
2018-06-21,0.7379,1347.0,65.54,,,73.05,,,94.862,1.1604,2.0,1.324,1267.2,3.604,302.15,1.85375,2.05821,,,,120.64,11364.66,4057.17,29296.05,5068.11,1963.37,2797.97,1080.19,2105.93,,7217.49,2.975,22693.04,2875.81,3592.97,16.326,2749.76,6.5001,6.4932,7.8461,109.99,2.8967,2.5369,3.0441,,19.13,14.64
2018-06-22,0.744,1341.0,68.58,,,75.55,,,94.52,1.1651,2.0,1.3261,1267.4,3.586,302.7,2.03375,2.06735,,,,120.98,11339.87,4066.54,29338.7,5118.64,1963.49,2796.51,1088.0,2114.9,,7197.51,2.945,22516.83,2889.76,3608.91,16.459,2754.88,6.5087,6.5052,7.8463,109.97,2.8949,2.5412,3.0394,,18.36,13.77
2018-06-25,0.7414,1333.0,68.08,,,74.73,,,94.289,1.1704,2.0,1.3281,1265.6,3.592,298.7,2.125,2.07607,,,,119.75,11208.9,4003.91,28961.39,5023.09,1961.16,2798.78,1071.06,2085.59,,7038.17,2.923,22338.15,2859.336,3560.48,16.328,2717.07,6.5415,6.541,7.847,109.77,2.8803,2.5329,3.0244,,20.43,17.33
2018-06-26,0.7394,1323.0,70.53,,,76.31,,,94.676,1.1648,2.0,1.3225,1256.6,3.587,299.2,2.0825,2.08679,,,,118.94,11118.89,3979.46,28881.4,4987.7,1959.95,2799.01,1067.75,2088.41,,7068.2,2.939,22342.0,2844.508,3531.11,16.25,2723.06,6.582,6.5793,7.8491,110.06,2.8766,2.5329,3.0251,,20.07,15.92
2018-06-27,0.734,1309.0,72.76,,,77.62,,,95.29,1.1554,2.0,1.3113,1252.8,3.576,298.45,2.01919,2.08964,,,,119.62,10879.17,3891.82,28356.26,4794.87,1957.85,2809.29,1052.12,2076.3,,6969.67,2.996,22271.77,2813.177,3459.26,16.151,2699.63,6.618,6.6083,7.8479,110.26,2.8256,2.504,2.9673,,22.04,17.91
2018-06-28,0.7352,1329.0,73.45,,,77.85,,,95.312,1.1569,2.0,1.3078,1251.0,3.537,295.35,1.99696,2.09214,,,,118.51,10868.45,3892.86,28497.32,4806.85,1952.13,2805.14,1046.71,2079.62,,7031.6,2.94,22270.39,2786.896,3423.53,15.951,2716.31,6.6361,6.627,7.8479,110.49,2.8365,2.5101,2.9657,,21.32,16.85
2018-06-29,0.7405,1385.0,74.15,,6.9,79.44,,,94.47,1.1684,2.0,1.3207,1254.5,3.479,295.1,2.01196,2.09643,,3.3,,118.13,11073.0,3978.97,28955.11,5002.23,1953.09,2806.89,1069.52,2089.3,,7040.8,2.924,22304.51,2847.418,3510.99,16.104,2718.37,6.6357,6.621,7.8466,110.76,2.8601,2.5282,2.989,,20.45,16.09
2018-06-30,,,,1.8,,,2.9,51.5,,,,,,,,,,2.4,,2.8,,,,,,,,,,59.9,,,,,,,,,,,,,,,4.0,,
2018-07-02,0.734,1422.0,73.94,,,77.3,,,94.871,1.1639,2.0,1.3143,1241.7,3.468,293.15,,,,,,113.14,,,,,1948.51,2805.17,1059.32,2082.08,,7097.82,2.862,21811.93,2775.557,3407.96,15.744,2726.71,6.6877,6.668,7.8442,110.9,2.8711,2.5485,2.9929,,,15.6
2018-07-03,0.7386,1476.0,74.14,,,77.76,,,94.591,1.1658,2.0,1.3193,1253.5,3.497,290.6,2.02179,2.09412,,,,116.16,10872.2,3915.91,28545.57,4932.99,1950.4,2812.5,1057.7,2082.05,,7014.55,2.87,21785.54,2786.888,3409.28,15.952,2713.22,6.6659,6.6425,7.845,110.59,2.8309,2.5242,2.9586,,22.97,16.14
2018-07-04,0.7386,1567.0,,,,78.24,,,94.531,1.1657,2.0,1.323,,3.52,,2.03714,2.09607,,,,118.3,10712.64,3857.82,28241.67,4770.8,,,1056.07,2082.17,,,,21717.04,2759.126,3363.75,,,6.6433,6.6325,7.8433,110.49,2.8309,2.5242,2.9586,,23.91,
2018-07-05,0.7387,1612.0,72.94,,,77.39,,,94.395,1.1691,2.0,1.3222,1258.8,3.51,281.4,1.96571,2.08893,,,,119.58,10608.06,3845.18,28182.09,4719.52,1951.4,2816.3,1054.35,2096.19,,7101.05,2.837,21546.99,2733.882,3342.44,16.008,2736.61,6.6583,6.637,7.8472,110.64,2.8291,2.5507,2.9447,,23.8,14.97
2018-07-06,0.743,1622.0,73.8,,,77.11,,,93.963,1.1746,2.0,1.3283,1255.8,3.532,281.3,1.69605,1.98972,,,,120.03,10622.62,3862.0,28315.62,4753.34,1953.33,2820.67,1059.97,2113.74,,7207.33,2.858,21788.14,2747.229,3365.12,15.981,2759.82,6.6638,6.6427,7.8479,110.47,2.8217,2.5365,2.9293,,21.88,13.37
2018-07-09,0.7467,1609.0,73.85,,,78.07,,,94.077,1.1751,2.0,1.326,1259.6,3.552,283.9,1.62038,1.9976,,,,122.38,10768.35,3932.2,28688.5,4887.89,1957.67,2820.51,1075.74,2131.14,,7276.0,2.828,22052.18,2815.11,3459.18,16.053,2784.17,6.6233,6.616,7.8484,110.85,2.8564,2.559,2.964,,20.3,12.69
2018-07-10,0.7459,1555.0,74.11,,,78.86,,,94.158,1.1744,2.0,1.3276,1255.4,3.549,282.85,1.64893,2.00036,,,,121.58,10824.97,3927.3,28682.25,4819.58,1960.52,2821.2,1076.19,2135.87,,7282.6,2.788,22196.89,2827.625,3467.52,16.003,2793.84,6.6506,6.634,7.8484,111.0,2.8491,2.5693,2.9555,,19.1,12.64
2018-07-11,0.7366,1586.0,70.38,,,73.4,,,94.719,1.1674,2.0,1.3205,1244.4,3.515,273.35,1.625,2.00214,,,,121.01,10658.26,3876.53,28311.69,4771.11,1959.22,2825.85,1064.72,2117.3,,7243.98,2.829,21932.21,2777.771,3407.53,15.732,2774.02,6.7234,6.6826,7.8491,112.01,2.8491,2.5776,2.9524,,20.73,13.63
2018-07-12,0.7408,1632.0,70.33,,,74.45,,,94.827,1.1672,2.0,1.3206,1246.6,3.522,276.8,1.68893,1.99857,,,,121.84,10752.86,3909.97,28480.83,4945.74,1961.54,2827.43,1070.24,2130.86,,7366.25,2.797,22187.96,2837.659,3481.06,15.898,2798.29,6.6934,6.6678,7.8488,112.55,2.8454,2.5859,2.9462,,19.23,12.58
2018-07-13,0.7424,1666.0,71.01,,,75.33,,,94.677,1.1685,2.0,1.3222,1241.2,3.499,277.0,1.74464,2.00609,,,,120.61,10746.45,3922.21,28525.44,5008.75,1963.0,2832.9,1075.64,2134.6,,7375.82,2.752,22597.35,2831.184,3492.69,15.739,2801.31,6.7113,6.6916,7.8486,112.38,2.8271,2.578,2.9315,,18.46,12.18
2018-07-16,0.7419,1695.0,68.06,,,71.84,,,94.511,1.1711,2.0,1.3235,1239.7,3.494,275.7,1.79643,2.03166,,,,119.24,10704.26,3917.89,28539.66,5022.16,1963.35,2828.71,1070.24,2132.79,,7357.9,2.759,,2814.042,3472.09,15.735,2798.43,6.7033,6.6911,7.8489,112.29,2.8582,2.5966,2.9616,,18.23,12.83
2018-07-17,0.7389,1721.0,68.08,,,72.16,,,94.985,1.1661,2.0,1.3115,1227.3,3.485,273.95,1.86,2.06387,,,,119.28,10591.72,3875.47,28181.68,4932.65,1963.56,2827.12,1070.91,2138.15,,7403.89,2.74,22697.36,2798.126,3449.38,15.546,2809.55,6.722,6.7065,7.8489,112.88,2.86,2.6154,2.9694,,19.42,12.06
2018-07-18,0.7398,1688.0,68.76,,,72.9,,,95.085,1.1639,2.0,1.3069,1227.9,3.477,275.2,1.87929,2.06237,,,,118.25,10578.46,3873.21,28117.42,4906.77,1964.45,2825.72,1068.75,2142.24,,7390.13,2.721,22794.19,2787.257,3431.32,15.503,2815.62,6.7456,6.7189,7.8497,112.86,2.8692,2.6093,2.9857,,18.95,12.1
2018-07-19,0.7361,1657.0,69.46,,,72.58,,,95.164,1.1642,2.0,1.3014,1224.0,3.443,268.6,1.87321,2.07429,,,,118.33,10523.24,3851.89,28010.86,4847.24,1964.51,2830.95,1060.65,2134.84,,7352.36,2.769,22764.68,2772.545,3428.34,15.34,2804.49,6.7915,6.7751,7.8496,112.47,2.838,2.5907,2.9585,,19.14,12.87
2018-07-20,0.7415,1689.0,70.46,,,73.07,,,94.476,1.1724,2.0,1.3136,1231.1,3.516,274.6,1.86646,2.075,,,,120.13,10682.64,3876.2,28224.48,4830.53,1964.7,2822.41,1070.07,2139.17,,7350.23,2.757,22697.88,2829.271,3492.89,15.49,2801.83,6.7809,6.7697,7.8499,111.41,2.8931,2.5931,3.0258,,18.46,12.86
2018-07-23,0.7381,1718.0,67.89,,,73.06,,,94.632,1.1692,2.0,1.3101,1225.6,3.521,273.7,1.88474,2.06893,,,,121.04,10731.36,3879.66,28256.12,4799.09,1965.77,2811.92,1069.52,2139.44,,7371.78,2.721,22396.99,2859.542,3525.75,15.368,2806.98,6.8055,6.7986,7.8483,111.35,2.9541,2.6287,3.091,,19.22,12.62
2018-07-24,0.7423,1774.0,68.52,,,73.44,,,94.613,1.1687,2.0,1.3145,1225.5,3.567,280.0,1.89398,2.08357,,,,118.47,10973.92,3939.72,28662.57,4873.02,1967.4,2820.82,1080.38,2151.08,,7406.25,2.732,22510.48,2905.562,3581.71,15.463,2820.4,6.8109,6.7927,7.8468,111.2,2.9486,2.6331,3.0758,,18.1,12.41
2018-07-25,0.7455,1772.0,69.3,,,73.93,,,94.233,1.1729,2.0,1.3189,1231.8,3.573,280.6,1.89878,2.09582,,,,118.14,11074.16,3973.84,28920.9,4918.92,1968.01,2824.8,1088.82,2161.76,,7508.59,2.775,22614.25,2903.647,3577.75,15.533,2846.07,6.7607,6.7697,7.8455,110.98,2.9746,2.6694,3.1031,,17.72,12.29
2018-07-26,0.7377,1708.0,69.61,,,74.54,,,94.785,1.1643,2.0,1.3109,1225.7,3.548,280.4,1.89857,2.08964,,,,117.72,11021.35,3951.35,28781.14,4854.27,1970.18,2822.07,1089.17,2161.93,,7400.75,2.78,22586.87,2882.225,3536.25,15.438,2837.44,6.8264,6.7927,7.8479,111.23,2.9764,2.6815,3.0998,,17.6,12.14
2018-07-27,0.74,1676.0,68.69,,,74.29,,,94.669,1.1657,2.0,1.3105,1223.0,3.524,278.75,1.80721,2.06749,,,,116.54,11047.42,3958.77,28804.28,4892.27,1971.04,2827.28,1092.36,2156.11,,7296.78,2.822,22712.75,2873.594,3521.23,15.436,2818.82,6.8178,6.8133,7.8475,111.05,2.9542,2.6694,3.0822,,17.24,13.03
2018-07-30,0.7407,1703.0,70.13,,,74.97,,,94.348,1.1706,2.0,1.3133,1221.3,3.524,279.2,1.70996,2.02714,,,,117.28,11046.32,3940.26,28733.13,4815.94,1972.41,2825.34,1090.14,2148.25,,7193.1,2.797,22544.84,2869.05,3515.08,15.537,2802.6,6.8266,6.8155,7.8485,111.04,2.9728,2.6613,3.1047,,18.39,14.26
2018-07-31,0.7424,1747.0,68.76,2.1,,74.25,2.9,51.2,94.554,1.1691,2.0,1.3124,1223.7,3.487,283.15,1.67585,2.01929,2.4,,2.8,117.95,11024.73,3912.93,28583.01,4686.55,1974.4,2830.22,1087.46,2153.1,58.1,7231.98,2.782,22553.72,2876.401,3517.66,15.559,2816.29,6.8053,6.8168,7.8491,111.86,2.9598,2.6694,3.0822,3.8,18.29,12.83
2018-08-01,0.7404,1760.0,67.66,,,72.39,,,94.661,1.166,2.0,1.3127,1217.9,3.469,274.75,1.59589,1.965,,,,116.34,10973.04,3888.1,28340.74,4687.49,1974.99,2823.17,1086.87,2149.36,,7272.89,2.758,22746.7,2824.534,3447.39,15.452,2813.36,6.8243,6.823,7.8485,111.73,3.0064,2.6776,3.1321,,18.47,13.15
2018-08-02,0.736,1756.0,68.96,,,73.45,,,95.17,1.1585,2.0,1.3017,1210.6,3.478,273.75,1.50737,1.93179,,,,116.69,10733.19,3801.41,27714.56,4576.89,1975.45,2825.8,1067.42,2147.58,,7372.15,2.816,22512.53,2768.024,3370.96,15.385,2827.22,6.8813,6.8428,7.8497,111.66,2.9859,2.6634,3.1184,,21.49,12.19
2018-08-03,0.7404,1773.0,68.49,,,73.21,,,95.161,1.1568,2.0,1.3001,1214.2,3.464,276.35,1.47343,1.85643,,,,115.88,10693.79,3780.26,27676.32,4497.4,1977.59,2833.62,1073.33,2155.39,,7395.49,2.853,22525.18,2740.443,3315.28,15.462,2840.35,6.8461,6.827,7.849,111.25,2.9488,2.6432,3.0886,,20.17,11.64
2018-08-06,0.7387,1773.0,69.01,,,73.75,,,95.358,1.1554,2.0,1.2944,1208.6,3.47,273.15,1.44036,1.82929,,,,116.46,10701.96,3782.89,27819.56,4468.66,1979.74,2838.3,1071.0,2157.34,,7439.0,2.86,22507.32,2705.156,3273.27,15.348,2850.4,6.8656,6.8535,7.8492,111.4,2.9395,2.6452,3.0894,,19.41,11.27
2018-08-07,0.7421,1732.0,69.17,,,74.65,,,95.186,1.1599,2.0,1.2939,1209.6,3.5,275.2,1.39196,1.82107,,,,117.88,10866.1,3849.05,28248.88,4581.21,1982.41,2832.66,1079.79,2166.85,,7462.65,2.897,22662.74,2779.374,3368.87,15.373,2858.45,6.8206,6.8313,7.8497,111.38,2.973,2.6697,3.1176,,18.16,10.93
2018-08-08,0.7431,1704.0,66.94,,,72.28,,,95.092,1.161,2.0,1.2882,1212.6,3.527,275.1,1.35,1.8052,,,,116.21,10901.18,3861.5,28359.14,4597.0,1982.59,2830.22,1079.73,2166.15,,7469.55,2.949,22644.31,2744.07,3314.51,15.432,2857.7,6.8252,6.8355,7.8492,110.98,2.96,2.6677,3.1103,,17.75,10.85
2018-08-09,0.7373,1694.0,66.81,,,72.07,,,95.504,1.1527,2.0,1.2824,1211.9,3.551,276.55,1.33,1.79893,,,,116.67,11019.93,3906.34,28607.3,4726.44,1982.46,2833.25,1078.67,2163.69,,7466.96,2.955,22598.39,2794.382,3397.53,15.462,2853.58,6.846,6.821,7.8499,111.08,2.9258,2.6452,3.0717,,17.5,11.27
2018-08-10,0.7302,1691.0,67.63,,,72.81,,,96.357,1.1413,2.0,1.2758,1211.1,3.557,274.25,1.3334,1.81625,,,,116.64,10943.08,3884.73,28366.62,4730.61,1979.96,2841.23,1062.37,2139.84,,7408.3,2.944,22298.08,2795.31,3405.02,15.295,2833.28,6.8692,6.8463,7.8499,110.83,2.8732,2.6042,3.0303,,18.37,13.16
2018-08-13,0.727,1709.0,67.2,,,72.61,,,96.391,1.141,2.0,1.2771,1191.3,3.597,273.1,1.285,1.80714,,,,116.85,10766.51,3818.74,27936.57,4621.48,1979.42,2837.01,1043.3,2127.47,,7401.17,2.93,21857.43,2785.872,3390.34,14.982,2821.93,6.899,6.8912,7.8498,110.7,2.8786,2.6124,3.0471,,20.47,14.78
2018-08-14,0.7243,1725.0,67.04,,,72.46,,,96.731,1.1344,2.0,1.2723,1193.0,3.563,268.2,1.26554,1.79536,,,,116.98,10744.31,3782.58,27752.93,4333.8,1979.87,2835.75,1042.56,2137.36,,7447.17,2.959,22356.08,2780.965,3372.91,15.053,2839.96,6.8996,6.8842,7.85,111.15,2.8985,2.637,3.0672,,20.04,13.31
2018-08-15,0.7239,1727.0,65.01,,,70.76,,,96.696,1.1345,2.0,1.2697,1177.5,3.592,256.0,1.26625,1.80357,,,,116.52,10535.14,3697.96,27323.59,4157.61,1977.83,2842.08,1023.43,2115.7,,7354.66,2.94,22204.22,2723.258,3291.98,14.454,2818.37,6.9471,6.9348,7.8499,110.74,2.8623,2.6082,3.0319,,21.41,14.64
2018-08-16,0.7261,1720.0,65.46,,,71.43,,,96.645,1.1377,2.0,1.2716,1176.2,3.61,261.65,1.38304,1.863,,,,117.05,10479.68,3671.66,27100.06,4115.83,1979.5,2842.48,1021.57,2131.05,,7374.3,2.908,22192.04,2705.192,3276.73,14.713,2840.69,6.8628,6.8853,7.8498,110.9,2.8659,2.6164,3.0255,,21.46,13.45
2018-08-17,0.7313,1723.0,65.91,,,71.83,,,96.101,1.1438,2.0,1.2749,1176.5,3.652,262.9,1.42732,1.88492,,,,116.37,10513.83,3683.01,27213.41,4120.63,1980.33,2843.12,1022.94,2138.11,,7377.54,2.946,22270.38,2668.966,3229.62,14.631,2850.13,6.8368,6.8775,7.8496,110.5,2.8605,2.6059,3.0199,,20.49,12.64
2018-08-20,0.734,1727.0,66.43,,,72.21,,,95.9,1.1482,2.0,1.2798,1186.8,3.648,266.85,1.44536,1.89321,,,,117.57,10632.36,3735.21,27598.02,4199.03,1982.34,2853.47,1033.65,2145.24,,7371.42,2.941,22199.0,2698.466,3267.25,14.67,2857.05,6.8353,6.8577,7.8497,110.07,2.819,2.5851,2.9849,,19.81,12.49
2018-08-21,0.7368,1736.0,67.35,,,72.63,,,95.256,1.1571,2.0,1.2901,1192.6,3.655,269.55,1.45964,1.92357,,,,117.72,10737.63,3779.52,27752.79,4368.6,1984.15,2849.59,1044.31,2151.79,,7397.23,2.98,22219.73,2733.826,3326.65,14.766,2862.96,6.8285,6.8472,7.8494,110.31,2.8298,2.5954,2.9928,,18.83,12.86
2018-08-22,0.7348,1735.0,67.86,,,74.78,,,95.146,1.1597,2.0,1.2911,1196.3,3.639,267.35,1.46748,1.93536,,,,116.17,10850.17,3800.6,27927.58,4373.03,1986.14,2850.64,1050.61,2155.99,,7424.6,2.956,22362.55,2714.608,3307.96,14.75,2861.82,6.8475,6.8418,7.8495,110.56,2.8189,2.5912,2.9841,,18.99,12.25
2018-08-23,0.7248,1709.0,67.83,,,74.73,,,95.666,1.154,2.0,1.2811,1187.0,3.616,265.45,1.45107,1.92143,,,,116.41,10814.6,3785.01,27790.46,4394.84,1986.55,2851.57,1048.2,2149.22,,7413.84,2.964,22410.82,2724.625,3320.03,14.542,2856.98,6.8939,6.8778,7.8498,111.29,2.8261,2.6162,2.9802,,18.54,12.41
2018-08-24,0.7329,1697.0,68.72,,,75.82,,,95.146,1.1622,2.0,1.2846,1206.3,3.634,270.05,1.44768,1.92179,,,,117.47,10779.71,3765.84,27671.87,4338.29,1987.43,2850.78,1050.19,2161.61,,7485.4,2.917,22601.77,2729.431,3325.33,14.794,2874.69,6.8057,6.8105,7.8499,111.24,2.8098,2.6202,2.9589,,17.98,11.99
2018-08-27,0.7351,,68.87,,,76.21,,,94.779,1.1678,2.0,1.2892,1209.0,3.64,270.85,1.44214,1.92179,,,,117.57,11049.13,3847.06,28271.27,4456.74,1989.36,2848.23,1069.14,2179.95,,7559.13,2.876,22799.64,2780.899,3406.57,14.859,2896.74,6.7936,6.8156,7.8499,111.08,2.8459,2.6412,2.9936,,18.77,12.16
2018-08-28,0.7338,1684.0,68.53,,,75.95,,,94.72,1.1695,2.0,1.2873,1207.4,3.639,273.6,1.42857,1.92965,,,,117.08,11097.59,3853.86,28351.62,4448.97,1989.85,2842.23,1070.62,2182.51,,7570.25,2.852,22813.47,2777.981,3400.17,14.774,2897.52,6.8009,6.8031,7.8497,111.19,2.8804,2.6654,3.0303,,18.71,12.5
2018-08-29,0.7311,1661.0,69.51,,,77.14,,,94.6,1.1707,2.0,1.3026,1204.5,3.626,271.0,1.49,1.93982,,,,116.75,11083.06,3860.47,28416.44,4464.8,1989.98,2842.43,1070.53,2190.75,,7660.18,2.895,22848.22,2769.295,3386.57,14.697,2914.04,6.8218,6.8212,7.8487,111.68,2.884,2.6755,3.0207,,18.37,12.25
2018-08-30,0.7263,1614.0,70.25,,,77.77,,,94.723,1.1671,2.0,1.3009,1200.0,3.609,269.05,1.51125,1.94464,,,,116.61,10967.61,3822.03,28164.05,4416.56,1989.32,2845.09,1057.84,2181.56,,7642.67,2.874,22869.5,2737.737,3351.09,14.477,2901.13,6.8677,6.8445,7.8491,110.98,2.855,2.6492,3.0031,,19.1,13.53
2018-08-31,0.7189,1579.0,69.8,2.3,,77.42,2.7,51.3,95.14,1.1602,2.0,1.296,1201.6,3.595,264.9,1.53696,1.95786,2.3,,2.8,117.7,10875.58,3784.54,27888.55,4387.95,1988.97,2844.2,1055.96,2175.5,60.5,7654.55,2.916,22865.15,2725.25,3334.5,14.438,2901.52,6.8459,6.8315,7.8491,111.03,2.8604,2.6269,3.0191,3.8,19.53,12.86
2018-09-03,0.7214,1557.0,,,,78.15,,,95.14,1.1619,2.0,1.287,,3.605,,1.61,1.995,,,,118.35,10813.57,3752.12,27712.54,4309.32,1988.97,2844.2,1047.13,2173.42,,,,22707.38,2720.734,3321.83,,,6.8351,6.8228,7.8494,111.07,2.8604,2.6269,3.0191,,19.63,
2018-09-04,0.7178,1513.0,69.87,,,78.17,,,95.439,1.1582,2.0,1.2855,1194.0,3.614,258.35,1.6615,2.02155,,,,118.86,10890.63,3786.28,27973.34,4403.18,1989.14,2833.71,1040.17,2162.83,,7622.32,2.823,22696.9,2750.58,3363.9,14.061,2896.72,6.8495,6.8442,7.8491,111.41,2.8985,2.6533,3.0616,,18.73,13.16
2018-09-05,0.7193,1477.0,68.72,,,77.27,,,95.184,1.163,2.0,1.2905,1196.1,3.627,259.25,1.68929,2.03386,,,,118.55,10645.7,3693.21,27243.85,4299.75,1987.29,2833.64,1021.72,2152.77,,7523.26,2.795,22580.83,2704.337,3298.14,14.118,2888.6,6.8422,6.83,7.8493,111.53,2.9022,2.6493,3.0753,,20.5,13.91
2018-09-06,0.72,1484.0,67.77,,,76.5,,,95.021,1.1623,2.0,1.293,1199.0,3.633,261.85,1.68268,2.03018,,,,118.59,10578.58,3654.75,26974.82,4219.89,1987.11,2840.44,1018.29,2144.03,,7453.17,2.772,22487.94,2691.593,3262.88,14.075,2878.05,6.8448,6.8355,7.8493,110.75,2.8731,2.633,3.0527,,21.42,14.65
2018-09-07,0.7107,1490.0,67.75,,,76.83,,,95.365,1.1553,2.0,1.292,1195.1,3.645,260.35,1.64071,2.01679,,,,119.84,10559.54,3653.96,26973.47,4219.85,1986.28,2830.15,1022.98,2137.6,,7430.26,2.776,22307.06,2702.301,3277.64,14.067,2871.68,6.8691,6.8438,7.8498,110.99,2.9388,2.7025,3.1014,,21.34,14.88
2018-09-10,0.7115,1482.0,67.54,,,77.37,,,95.15,1.1594,2.0,1.3026,1194.5,3.658,261.05,1.62314,2.00911,,,,120.2,10433.62,3598.03,26613.42,4081.53,1988.11,2834.6,1011.25,2142.64,,7447.68,2.804,22373.09,2669.485,3230.07,14.079,2877.13,6.8691,6.8555,7.8497,111.13,2.9314,2.7108,3.081,,22.07,14.16
2018-09-11,0.7119,1439.0,69.25,,,79.06,,,95.249,1.1606,2.0,1.3033,1196.8,3.675,260.4,1.61911,2.00696,,,,121.06,10333.16,3566.72,26422.55,4039.7,1989.31,2829.21,1003.33,2147.67,,7507.87,2.828,22664.69,2664.8,3224.21,14.052,2887.89,6.8752,6.873,7.8493,111.63,2.9755,2.7438,3.1185,,21.79,13.22
2018-09-12,0.7169,1411.0,70.37,,,79.74,,,94.799,1.1626,2.0,1.3045,1205.5,3.679,265.85,1.62929,2.01321,,,,121.5,10238.77,3548.1,26345.04,4017.13,1991.72,2834.47,1004.56,2152.7,,7488.06,2.829,22604.61,2656.11,3202.02,14.192,2888.92,6.8356,6.8517,7.8485,111.26,2.9626,2.7481,3.1038,,21.09,13.14
2018-09-13,0.7195,1382.0,68.59,,,78.18,,,94.518,1.169,2.0,1.3108,1202.8,3.68,266.45,1.67581,2.01443,,,,120.43,10503.01,3639.95,27014.49,4170.23,1994.47,2836.94,1017.64,2162.68,,7561.69,2.817,22821.32,2686.578,3236.57,14.143,2904.18,6.8451,6.8448,7.8482,111.92,2.97,2.7565,3.1071,,19.89,12.37
2018-09-14,0.7153,1366.0,68.99,,,78.09,,,94.927,1.1625,2.0,1.3068,1196.2,3.677,262.75,1.70036,2.01214,,,,119.92,10575.17,3680.19,27286.41,4234.91,1995.28,2833.41,1028.53,2166.59,,7545.5,2.767,23094.67,2681.643,3242.09,14.042,2904.98,6.8745,6.8675,7.8472,112.06,2.9959,2.7777,3.1309,,19.0,12.07
2018-09-17,0.7182,1357.0,68.91,,,78.05,,,94.496,1.1683,2.0,1.3157,1201.2,3.662,263.35,1.69964,2.01429,,,,119.52,10462.09,3632.99,26932.85,4126.91,1996.28,2834.01,1016.43,2160.53,,7434.73,2.814,,2651.789,3204.92,14.122,2888.8,6.8704,6.857,7.8446,111.85,2.9867,2.7779,3.1284,,19.66,13.68
2018-09-18,0.7219,1356.0,69.85,,,79.03,,,94.64,1.1667,2.0,1.3148,1198.5,3.665,271.2,1.73018,2.02036,,,,120.46,10556.98,3660.27,27084.66,4188.19,1997.3,2824.72,1019.74,2172.27,,7494.4,2.933,23420.54,2699.95,3269.43,14.084,2904.31,6.8612,6.8615,7.8433,112.36,3.0551,2.7988,3.2014,,20.05,12.79
2018-09-19,0.7263,1373.0,71.12,,,79.4,,,94.537,1.1673,2.0,1.3144,1203.9,3.681,271.0,1.79036,2.04839,,,,119.49,10741.69,3710.47,27407.37,4253.18,1996.61,2819.74,1031.07,2177.74,,7490.32,2.908,23672.52,2730.85,3312.48,14.189,2907.95,6.8513,6.8483,7.8446,112.28,3.0626,2.7907,3.2098,,19.38,11.75
2018-09-20,0.7292,1396.0,70.8,,,78.7,,,93.912,1.1777,2.0,1.3265,1206.6,3.698,272.1,1.85161,2.095,,,,118.98,10792.59,3722.9,27477.67,4255.39,1996.37,2825.72,1036.93,2195.68,,7569.04,2.976,23674.93,2729.244,3310.13,14.215,2930.75,6.8355,6.8467,7.8426,112.49,3.0626,2.8034,3.1956,,18.62,11.8
2018-09-21,0.729,1413.0,70.78,,,78.8,,,94.22,1.1749,2.0,1.3072,1196.6,3.699,283.65,1.89161,2.12518,,,,119.83,11027.13,3801.39,27953.58,4367.26,1996.64,2828.43,1051.44,2200.01,,7531.07,2.977,23869.93,2797.485,3410.49,14.269,2929.67,6.8493,6.8571,7.8115,112.59,3.0628,2.7999,3.1998,,19.11,11.68
2018-09-24,0.7252,1434.0,72.08,,,81.2,,,94.185,1.1748,2.0,1.312,1199.6,,281.6,2.16929,2.17232,,,,121.63,10827.52,3732.97,27499.39,4287.3,1996.43,2826.57,1042.35,2193.01,,7548.75,3.038,,,,14.251,2919.37,6.8682,,7.8114,112.8,3.0889,2.8169,3.2258,,19.75,12.2
2018-09-25,0.725,1450.0,72.28,,,81.87,,,94.133,1.1767,2.0,1.3184,1199.7,3.688,280.35,,,,,,120.36,,,,,1995.94,2822.62,1041.78,2194.2,,7563.19,3.082,23940.26,2781.138,3379.8,14.398,2915.56,6.8686,6.8675,7.8104,112.97,3.0964,2.8391,3.2258,,,12.42
2018-09-26,0.7258,1503.0,71.57,,,81.34,,,94.193,1.1739,2.25,1.3167,1194.4,3.658,280.7,2.21,2.20001,,,,119.77,10985.6,3765.61,27816.87,4339.89,1997.12,2831.04,1046.02,2189.31,,7563.09,3.021,24033.79,2806.813,3417.24,14.305,2905.97,6.8793,6.8786,7.8127,112.73,3.048,2.8148,3.1814,,20.01,12.89
2018-09-27,0.7208,1524.0,72.12,,,81.72,,,94.894,1.1641,2.25,1.3079,1182.3,3.636,278.3,2.27429,2.27321,,,,119.95,10938.97,3749.8,27715.67,4325.72,1998.2,2833.95,1051.3,2188.71,,7629.57,3.056,23796.74,2791.775,3403.59,14.29,2914.0,6.8879,6.8903,7.8156,113.38,3.0518,2.8269,3.1831,,18.94,12.41
2018-09-28,0.7224,1540.0,73.25,,6.7,82.72,,,95.132,1.1604,2.25,1.3031,1191.5,3.625,280.5,2.23071,2.28357,,2.6,,120.74,11017.87,3754.63,27788.52,4341.42,2000.04,2834.06,1047.91,2184.01,,7627.65,3.008,24120.04,2821.35,3438.87,14.712,2913.98,6.8761,6.8688,7.828,113.7,3.0612,2.8188,3.2057,,18.1,12.12
2018-09-30,,,,2.5,,,2.3,50.8,,,,,,,,,,2.7,,2.8,,,,,,,,,,59.3,,,,,,,,,,,,,,,3.7,,
2018-10-01,0.7224,1555.0,75.3,,,84.98,,,95.298,1.1578,2.25,1.3042,1187.1,,278.75,,,,,,,,,,,2003.87,2831.64,1046.4,2188.19,,7645.45,3.094,24245.76,,,14.507,2924.59,6.8879,,7.8271,113.93,3.0836,2.8189,3.2343,,,12.0
2018-10-02,0.7188,1570.0,75.23,,,84.8,,,95.507,1.1548,2.25,1.2979,1202.4,,280.65,1.97589,2.23,,,,124.32,10754.56,3670.94,27126.38,4288.69,2004.71,2835.83,1033.3,2183.62,,7628.28,3.166,24270.62,,,14.693,2923.43,6.8856,,7.8333,113.65,3.0631,2.8108,3.2175,,20.14,12.05
2018-10-03,0.7103,1574.0,76.41,,,86.29,,,95.762,1.1478,2.25,1.294,1198.3,,283.4,1.77036,2.16018,,,,123.73,10786.17,3672.29,27091.26,4293.06,2004.36,2817.48,1035.03,2183.63,,7637.43,3.23,24110.96,,,14.67,2925.51,6.8896,,7.8379,114.53,3.1813,2.872,3.3353,,19.71,11.61
2018-10-04,0.7076,1554.0,74.33,,,84.58,,,95.751,1.1514,2.25,1.3021,1197.2,,277.75,1.76559,2.13,,,,126.45,10547.64,3613.48,26623.87,4200.48,1995.13,2810.13,1010.38,2165.43,,7490.0,3.165,23975.62,,,14.59,2901.61,6.8962,,7.8352,113.91,3.187,2.868,3.3475,,20.72,14.22
2018-10-05,0.7052,1536.0,74.34,,,84.16,,,95.624,1.1524,2.25,1.312,1201.2,,276.3,1.75875,2.12751,,,,126.94,10530.32,3597.92,26572.57,4056.44,1991.31,2803.94,1000.76,2151.42,,7399.01,3.143,23783.72,,,14.649,2885.57,6.895,,7.8354,113.72,3.2328,2.885,3.4036,,20.7,14.82
2018-10-08,0.7078,1530.0,74.29,,,83.91,,,95.761,1.1492,2.25,1.309,1184.4,3.619,276.7,1.77,2.12857,,,,122.81,10393.29,3538.37,26202.57,3918.76,,,995.5,2143.57,,7352.82,3.267,,2716.51,3290.9,14.329,2884.43,6.9208,6.9307,7.8285,113.23,3.2328,2.885,3.4036,,21.29,15.69
2018-10-09,0.7103,1503.0,74.96,,,85.0,,,95.668,1.1491,2.25,1.3143,1187.2,3.628,280.65,1.8075,2.14036,,,,122.56,10420.62,3534.88,26172.91,3902.88,1986.14,2808.17,993.99,2138.46,,7371.62,3.266,23469.39,2721.013,3288.69,14.4,2880.34,6.9166,6.9227,7.8332,112.96,3.2063,2.8851,3.3685,,21.07,15.95
2018-10-10,0.7055,1493.0,73.17,,,83.09,,,95.508,1.152,2.25,1.3196,1189.3,3.622,278.05,1.74304,2.13085,,,,123.22,10442.71,3530.89,26193.07,3863.03,1979.22,2802.25,985.67,2089.09,,7044.5,3.284,23506.04,2725.837,3281.6,14.326,2785.68,6.9243,6.9242,7.8371,112.27,3.1629,2.8421,3.3476,,20.89,22.96
2018-10-11,0.7124,1515.0,70.97,,,80.26,,,95.017,1.1593,2.25,1.323,1223.5,3.59,280.3,1.63357,2.10893,,,,122.41,10092.52,3386.89,25266.37,3590.76,1979.25,2816.4,954.66,2044.95,,6964.03,3.222,22590.86,2583.458,3124.11,14.606,2728.37,6.8786,6.8899,7.8345,112.16,3.1498,2.8484,3.3233,,25.73,24.98
2018-10-12,0.7114,1579.0,71.34,,,80.43,,,95.221,1.156,2.25,1.3153,1218.1,3.585,280.05,1.6125,2.10964,,,,122.67,10299.09,3458.36,25801.49,3745.62,1982.23,2814.05,980.09,2063.44,,7157.21,3.161,22694.66,2606.913,3170.73,14.635,2767.13,6.9183,6.922,7.835,112.21,3.1613,2.8528,3.3347,,23.76,21.31
2018-10-15,0.713,1584.0,71.78,,,80.78,,,95.059,1.1579,2.25,1.3152,1226.4,3.599,278.85,1.60607,2.10929,,,,122.39,10144.34,3405.25,25445.06,3689.31,1984.08,2809.7,971.67,2055.11,,7068.67,3.242,22271.3,2568.098,3126.45,14.727,2750.79,6.923,6.9168,7.8349,111.77,3.1557,2.855,3.3364,,25.16,21.3
2018-10-16,0.7141,1578.0,71.92,,,81.41,,,95.048,1.1574,2.25,1.3181,1227.3,3.586,277.95,1.57036,2.11,,,,122.33,10198.33,3407.02,25462.26,3707.81,1987.23,2811.77,984.66,2091.21,,7276.43,3.239,22549.24,2546.33,3100.97,14.701,2809.92,6.9133,6.912,7.8362,112.25,3.1633,2.8655,3.3338,,24.41,17.62
2018-10-17,0.7109,1554.0,69.75,,,80.05,,,95.575,1.1501,2.25,1.3115,1223.7,3.588,277.8,,,,,,122.9,,,,,1986.77,2807.59,983.71,2089.5,,7278.63,3.32,22841.12,2561.614,3118.25,14.663,2809.21,6.9304,6.9275,7.8394,112.65,3.205,2.8885,3.3722,,,17.4
2018-10-18,0.7099,1565.0,68.65,,,79.29,,,95.9,1.1453,2.25,1.3018,1226.5,3.564,274.65,1.54,2.10054,,,,120.48,10136.76,3402.04,25454.55,3713.06,1982.11,2806.12,970.9,2064.48,,7116.09,3.198,22658.16,2486.419,3044.39,14.604,2768.78,6.9395,6.9376,7.8383,112.21,3.1786,2.8741,3.3634,,24.27,20.06
2018-10-19,0.7119,1576.0,69.12,,,79.78,,,95.713,1.1514,2.25,1.3076,1225.3,3.576,277.8,1.54536,2.09857,,,,122.94,10222.18,3419.92,25561.4,3741.58,1981.2,2799.79,971.47,2062.34,,7107.23,3.25,22532.08,2550.465,3134.95,14.65,2767.78,6.9346,6.929,7.8419,112.55,3.1921,2.9038,3.3758,,23.68,19.89
2018-10-22,0.7081,1579.0,69.17,,,79.83,,,96.013,1.1464,2.25,1.2963,1221.2,3.603,278.55,1.55714,2.10786,,,,123.55,10490.67,3506.41,26153.15,3850.93,1981.43,2800.49,982.86,2053.44,,7141.21,3.138,22614.82,2654.876,3270.27,14.587,2755.88,6.9372,6.9475,7.8397,112.82,3.1978,2.9082,3.3881,,23.67,19.64
2018-10-23,0.7086,1577.0,66.43,,,76.44,,,95.961,1.1471,2.25,1.2983,1233.4,3.585,275.8,1.54214,2.10857,,,,122.96,10234.9,3397.1,25346.55,3689.98,1974.82,2800.67,960.54,2033.89,,7118.67,3.212,22010.78,2594.825,3183.43,14.793,2740.69,6.9385,6.938,7.8386,112.44,3.1676,2.879,3.3679,,26.67,20.71
2018-10-24,0.706,1546.0,66.82,,,76.17,,,96.434,1.1392,2.25,1.2881,1227.8,3.565,275.75,1.52,2.10893,,,,123.85,10226.41,3381.6,25249.78,3613.64,1975.77,2805.98,953.05,1988.62,,6789.15,3.166,22091.18,2603.295,3188.2,14.676,2656.1,6.9442,6.944,7.8406,112.26,3.1035,2.8305,3.3305,,26.31,25.23
2018-10-25,0.708,1516.0,67.33,,,76.89,,,96.679,1.1375,2.25,1.2817,1229.1,3.545,275.45,1.50179,2.1375,,,,125.1,10176.56,3353.74,24994.46,3509.81,1972.41,2803.5,948.96,2006.27,,7016.39,3.202,21268.73,2603.8,3194.31,14.63,2705.57,6.9566,6.9489,7.8409,112.42,3.1167,2.8467,3.3427,,27.81,24.22
2018-10-26,0.709,1519.0,67.59,,,77.62,,,96.359,1.1403,2.25,1.2828,1232.5,3.551,274.1,1.47589,2.14393,,,,125.83,10058.63,3310.8,24717.63,3418.55,1967.28,2808.87,939.55,1981.89,,6852.4,3.185,21184.6,2598.847,3173.64,14.7,2658.69,6.9528,6.9435,7.8407,111.91,3.0755,2.8062,3.3098,,29.07,24.16
2018-10-29,0.7055,1522.0,67.04,,,77.34,,,96.579,1.1373,2.25,1.2793,1224.5,3.529,274.05,1.39464,2.14179,,,,123.54,10012.63,3310.07,24812.04,3388.31,1967.85,2807.55,934.8,1975.7,,6713.9,3.185,21149.8,2542.103,3076.89,14.442,2641.25,6.9752,6.9622,7.8431,112.37,3.0849,2.8164,3.3306,,28.36,24.7
2018-10-30,0.7105,1513.0,66.18,,,75.91,,,97.011,1.1345,2.25,1.2706,1225.3,3.538,266.4,1.34821,2.11824,,,,124.69,9998.95,3283.22,24585.53,3352.88,1963.94,2800.13,936.3,1997.19,,6810.12,3.187,21457.29,2568.048,3110.26,14.462,2682.63,6.9696,6.9672,7.8435,113.13,3.1227,2.8507,3.3637,,27.85,23.35
2018-10-31,0.7073,1490.0,65.31,2.5,,75.47,2.5,50.2,97.127,1.1312,2.25,1.2766,1215.0,3.536,265.9,1.25643,2.1068,2.7,,2.8,123.59,10138.63,3346.72,24979.69,3488.15,1968.07,2792.67,955.92,2021.98,58.1,6967.1,3.261,21920.46,2602.783,3153.82,14.282,2711.74,6.9746,6.9757,7.8415,112.94,3.1435,2.8669,3.3909,3.8,25.87,21.23
2018-11-01,0.7206,1470.0,63.69,,,72.89,,,96.277,1.1408,2.25,1.3012,1238.6,3.522,272.15,1.15964,2.0983,,,,121.67,10279.32,3413.6,25416.0,3633.35,1969.71,2794.27,971.44,2040.93,,7069.17,3.237,21687.65,2606.237,3177.03,14.777,2740.37,6.9171,6.9233,7.8339,112.72,3.1303,2.8445,3.376,,24.18,19.34
2018-11-02,0.7193,1457.0,63.14,,,72.83,,,96.542,1.1388,2.25,1.297,1233.3,3.554,280.7,1.10536,2.10018,,,,120.7,10687.77,3567.61,26486.35,3916.73,1971.7,2786.09,996.72,2036.7,,6965.29,3.284,22243.66,2676.476,3290.25,14.756,2723.06,6.8981,6.8907,7.8167,113.2,3.2121,2.9034,3.454,,24.94,19.51
2018-11-05,0.7211,1428.0,63.1,,,73.17,,,96.279,1.1407,2.25,1.3041,1232.3,3.538,275.6,1.04321,2.08179,,,,120.53,10544.92,3499.24,25934.39,3824.84,1973.22,2791.28,992.38,2040.68,,6937.09,3.567,21898.99,2665.431,3262.84,14.647,2738.31,6.9128,6.9257,7.8325,113.19,3.2008,2.9075,3.4282,,27.08,19.96
2018-11-06,0.7247,1395.0,62.21,,,72.13,,,96.317,1.1427,2.25,1.3099,1226.3,3.526,273.25,1.02536,2.08071,,,,119.29,10632.64,3523.84,26120.96,3820.66,1975.01,2793.72,992.27,2050.65,,6988.85,3.555,22147.75,2659.356,3243.15,14.5,2755.45,6.9239,6.9194,7.8316,113.43,3.2276,2.9279,3.4433,,26.2,19.91
2018-11-07,0.7276,1304.0,61.67,,,72.07,,,95.997,1.1426,2.25,1.3126,1228.7,3.507,275.45,1.04714,2.08467,,,,118.24,10641.48,3530.29,26147.69,3836.46,1980.27,2797.98,997.92,2084.45,,7203.13,3.555,22085.8,2641.342,3221.91,14.569,2813.89,6.918,6.92,7.8303,113.52,3.2355,2.9567,3.4416,,25.05,16.36
2018-11-08,0.7256,1231.0,60.67,,,70.65,,,96.724,1.1363,2.25,1.3062,1225.1,3.499,273.6,1.03357,2.08107,,,,117.8,10703.59,3535.43,26227.72,3782.3,1981.27,2795.26,993.53,2082.47,,7158.59,3.543,22486.92,2635.632,3212.77,14.423,2806.83,6.9411,6.9345,7.8266,114.07,3.2373,2.965,3.4337,,22.95,16.72
2018-11-09,0.7226,1147.0,60.19,,,70.18,,,96.905,1.1336,2.25,1.2972,1208.6,3.49,268.45,1.03464,2.08179,,,,117.84,10431.46,3450.22,25601.92,3714.49,1973.92,2799.23,976.17,2063.16,,7039.15,3.719,22250.25,2598.872,3167.44,14.14,2781.01,6.948,6.9567,7.8323,113.83,3.1819,2.9241,3.3842,,23.86,17.36
2018-11-12,0.7173,1125.0,59.93,,,70.12,,,97.542,1.1218,2.25,1.2849,1203.5,3.489,267.65,1.03536,2.08286,,,,117.93,10440.34,3450.98,25633.18,3701.01,,,966.41,2028.62,,6829.1,3.788,22269.88,2630.52,3205.14,14.011,2726.22,6.9643,6.9636,7.8343,113.84,3.1819,2.9241,3.3842,,23.42,20.45
2018-11-13,0.7218,1064.0,55.69,,,65.47,,,97.303,1.129,2.25,1.2977,1201.4,3.483,268.7,1.09286,2.0692,,,,118.31,10478.71,3472.45,25792.87,3737.12,1966.07,2799.26,966.02,2026.52,,6830.91,4.101,21810.52,2654.879,3237.38,13.977,2722.18,6.9466,6.956,7.8307,113.81,3.1397,2.8911,3.3592,,23.75,20.02
2018-11-14,0.7232,1009.0,56.25,,,66.12,,,96.803,1.131,2.25,1.2992,1210.1,3.432,271.0,1.06393,2.0,,,,117.51,10405.16,3462.97,25654.43,3711.82,1958.78,2796.29,968.14,2015.14,,6769.87,4.837,21846.48,2632.242,3204.94,14.08,2701.58,6.9438,6.9505,7.8314,113.63,3.125,2.8663,3.3667,,24.39,21.25
2018-11-15,0.7277,1020.0,56.46,,,66.62,,,96.927,1.1328,2.25,1.2774,1215.0,3.412,274.65,1.04627,1.97607,,,,117.77,10555.49,3521.46,26103.34,3814.0,1951.67,2786.91,980.85,2026.3,,6890.45,4.038,21803.62,2668.17,3242.37,14.263,2730.2,6.9272,6.9392,7.8295,113.64,3.1103,2.8539,3.3592,,24.1,19.98
2018-11-16,0.7332,1031.0,56.46,,,66.76,,,96.465,1.1415,2.25,1.2834,1223.0,3.362,279.85,1.04429,1.9675,,,,117.42,10583.77,3531.19,26183.53,3853.96,1948.39,2794.27,986.3,2031.76,,6867.02,4.272,21680.34,2679.11,3257.67,14.382,2736.27,6.9206,6.938,7.8295,112.83,3.0628,2.7998,3.3163,,24.21,18.14
2018-11-19,0.7294,1023.0,56.76,,,66.79,,,96.193,1.1454,2.25,1.2854,1225.3,3.393,279.9,1.04143,1.96643,,,,118.47,10631.66,3558.93,26372.0,3897.33,1946.5,2794.74,988.31,2009.61,,6642.92,4.7,21821.16,2703.512,3294.6,14.403,2690.73,6.9338,6.942,7.832,112.55,3.0628,2.7893,3.3212,,23.89,20.1
2018-11-20,0.7214,1003.0,53.43,,,62.53,,,96.836,1.137,2.25,1.2788,1221.2,3.392,276.65,1.01107,1.96571,,,,118.31,10466.11,3492.58,25840.34,3753.81,1940.96,2790.35,972.58,1976.91,,6526.96,4.523,21583.12,2645.854,3218.41,14.269,2641.89,6.9451,6.9453,7.8302,112.77,3.0628,2.8037,3.3147,,25.13,22.48
2018-11-21,0.7263,1008.0,54.63,,,63.48,,,96.712,1.1384,2.25,1.2778,1228.0,3.387,279.45,0.98929,1.96569,,,,117.95,10486.07,3514.77,25971.47,3806.94,1945.5,2792.86,975.04,1984.73,,6575.66,4.451,21507.54,2651.505,3226.49,14.502,2649.93,6.9246,6.927,7.8333,113.06,3.0627,2.8139,3.3163,,24.8,20.8
2018-11-22,0.7254,1018.0,,,,62.6,,,96.712,1.1403,2.25,1.2877,,3.396,,1.01214,1.965,,,,118.1,10446.43,3520.3,26019.41,3788.71,,,975.99,1984.03,,,,21646.55,2645.434,3214.43,,,6.9274,6.932,7.8304,112.95,3.0627,2.8139,3.3163,,23.51,
2018-11-23,0.7233,1093.0,50.42,,,58.8,,,96.916,1.1337,2.25,1.2814,1223.2,3.417,276.65,1.08214,1.97591,,,,117.15,10388.53,3495.37,25927.68,3725.33,1942.68,2793.64,969.17,1975.09,,6527.35,4.308,,2579.483,3143.48,14.243,2632.56,6.9449,6.9485,7.8258,112.96,3.039,2.8094,3.3015,,23.51,21.52
2018-11-26,0.7221,1217.0,51.63,,,60.48,,,97.074,1.1328,2.25,1.2827,1222.4,3.413,275.55,1.08214,1.97742,,,,116.38,10521.53,3542.86,26376.18,3753.42,1945.27,2793.32,976.57,1999.21,,6678.34,4.248,21812.0,2575.81,3141.24,14.205,2673.45,6.9503,6.9408,7.8237,113.58,3.0535,2.8302,3.3113,,24.17,18.9
2018-11-27,0.7225,1339.0,51.56,,,60.21,,,97.369,1.1289,2.25,1.2747,1213.4,3.411,270.75,1.09321,1.98351,,,,115.92,10515.3,3536.85,26331.96,3780.28,1942.31,2790.81,980.16,2000.07,,6701.04,4.262,21952.4,2574.679,3137.24,14.084,2682.17,6.9519,6.9515,7.8262,113.79,3.0572,2.8329,3.3187,,24.39,19.02
2018-11-28,0.7306,1330.0,50.29,,,58.76,,,96.786,1.1366,2.25,1.2825,1223.6,3.4,279.55,1.10964,1.97643,,,,115.89,10634.71,3585.57,26682.56,3848.54,1948.73,2789.53,991.67,2029.78,,6913.33,4.715,22177.02,2601.737,3178.93,14.325,2743.79,6.9405,6.9539,7.8254,113.68,3.059,2.8086,3.3459,,24.76,18.49
2018-11-29,0.7319,1281.0,51.45,,,59.51,,,96.778,1.1393,2.25,1.2791,1224.1,3.384,277.8,1.12357,2.01018,,,,115.28,10584.93,3560.32,26451.03,3805.06,1950.58,2788.24,998.05,2034.89,,6892.4,4.646,22262.6,2567.443,3137.65,14.273,2737.76,6.9358,6.9425,7.8215,113.48,3.0298,2.8086,3.3245,,24.83,18.79
2018-11-30,0.7306,1231.0,50.93,2.2,,58.71,2.2,50.0,97.272,1.1317,2.25,1.2749,1220.2,3.38,277.75,1.20286,2.03786,2.6,,2.8,116.04,10621.74,3568.8,26506.75,3808.65,1951.14,2788.02,994.72,2041.36,58.6,6949.01,4.612,22351.06,2588.188,3172.69,14.094,2760.17,6.95,6.9605,7.824,113.57,2.9879,2.7865,3.29,3.8,24.14,18.07
2018-12-03,0.7358,1203.0,52.95,,,61.69,,,97.04,1.1354,2.25,1.2725,1233.9,3.381,279.95,1.67786,2.08161,,,,116.08,10882.16,3658.17,27182.04,3925.17,1959.51,2796.93,1016.87,2066.62,,7062.13,4.339,22574.76,2654.798,3260.95,14.381,2790.37,6.8764,6.883,7.8153,113.66,2.9697,2.8211,3.2535,,21.03,16.44
2018-12-04,0.7338,1237.0,53.25,,,62.08,,,96.965,1.1343,2.25,1.2719,1241.1,3.339,274.85,1.85571,2.13255,,,,116.54,10907.54,3669.47,27260.44,3954.18,1956.3,2805.5,1014.25,2016.89,,6795.21,4.457,22036.05,2665.958,3267.71,14.521,2700.06,6.8507,6.836,7.8036,112.77,2.9136,2.7947,3.1727,,19.95,20.74
2018-12-05,0.7268,1296.0,52.89,,,61.56,,,97.07,1.1344,2.25,1.2734,1237.1,3.319,276.8,2.04286,2.21036,,,,116.71,10756.95,3613.86,26819.68,3859.95,,,1001.91,2008.63,,,4.469,21919.33,2649.805,3252.0,14.463,,6.8594,6.8568,7.8136,113.19,2.9136,2.7947,3.1727,,21.14,
2018-12-06,0.7236,1339.0,51.49,,,60.06,,,96.81,1.1374,2.25,1.2781,1238.1,3.316,274.05,2.10321,2.22619,,,,117.63,10480.72,3523.86,26156.38,3712.69,1944.49,2804.07,978.93,1990.85,,6838.85,4.327,21501.62,2605.181,3181.67,14.39,2695.95,6.8811,6.8827,7.8103,112.68,2.8955,2.76,3.1624,,23.49,21.19
2018-12-07,0.7208,1372.0,52.61,,,61.67,,,96.514,1.1379,2.25,1.2726,1246.8,3.313,275.75,2.12393,2.23724,,,,119.58,10369.4,3506.88,26063.76,3699.75,1948.32,2809.46,981.37,1965.24,,6613.28,4.488,21678.68,2605.888,3181.56,14.572,2633.08,6.885,6.8743,7.816,112.69,2.845,2.7109,3.1403,,23.93,23.23
2018-12-10,0.719,1385.0,51.0,,,59.97,,,97.219,1.1356,2.25,1.2561,1243.7,3.274,271.85,2.18513,2.28893,,,,119.04,10273.2,3461.31,25752.38,3643.05,1944.24,2808.91,962.79,1952.83,,6682.74,4.545,21219.5,2584.582,3144.76,14.478,2637.72,6.9145,6.9117,7.8157,113.33,2.8575,2.7292,3.1293,,24.14,22.64
2018-12-11,0.7206,1364.0,51.65,,,60.2,,,97.388,1.1317,2.25,1.2487,1241.9,3.303,276.6,2.21107,2.30993,,,,119.87,10245.01,3467.87,25771.67,3703.36,1947.61,2809.88,964.8,1954.65,,6704.24,4.407,21148.02,2594.088,3159.82,14.499,2636.78,6.906,6.9,7.8173,113.38,2.879,2.7641,3.1261,,22.64,21.76
2018-12-12,0.722,1353.0,51.15,,,60.15,,,97.044,1.1369,2.25,1.2629,1244.4,3.286,276.85,2.21821,2.3425,,,,118.84,10417.16,3515.34,26186.71,3741.94,1952.79,2811.66,978.9,1975.88,,6763.96,4.136,21602.75,2602.153,3170.61,14.725,2651.07,6.8733,6.88,7.813,113.29,2.9096,2.7723,3.1497,,22.14,21.46
2018-12-13,0.7227,1365.0,52.58,,,61.45,,,97.064,1.1361,2.25,1.2643,1242.7,3.353,276.25,2.24536,2.34571,,,,118.58,10556.85,3566.83,26524.35,3758.19,1953.5,2814.62,985.52,1974.41,,6767.97,4.124,21816.19,2634.049,3219.69,14.729,2650.54,6.8781,6.8816,7.8129,113.63,2.9131,2.762,3.1694,,21.58,20.65
2018-12-14,0.7172,1401.0,51.2,,,60.28,,,97.443,1.1306,2.25,1.2583,1237.0,3.375,276.05,2.27714,2.38732,,,,118.21,10359.43,3511.98,26094.79,3658.58,1950.56,2819.01,971.9,1942.55,,6594.96,3.827,21374.83,2593.741,3165.91,14.513,2599.95,6.9023,6.9076,7.8138,113.39,2.8895,2.733,3.1433,,21.9,21.63
2018-12-17,0.7179,1406.0,49.88,,,59.61,,,97.1,1.1348,2.25,1.2624,1247.4,3.383,275.3,2.31768,2.40536,,,,118.71,10351.81,3504.98,26087.98,3643.09,1946.08,2824.05,967.82,1914.33,,6448.39,3.528,21506.88,2597.974,3161.2,14.639,2545.94,6.9012,6.8972,7.8131,112.83,2.857,2.6916,3.1128,,22.04,24.52
2018-12-18,0.7181,1395.0,46.24,,,56.26,,,97.104,1.1361,2.25,1.2639,1249.2,3.382,267.1,2.38393,2.44179,,,,118.65,10230.52,3461.2,25814.25,3562.36,1937.74,2829.79,962.98,1908.16,,6491.52,3.838,21115.45,2576.649,3128.43,14.585,2546.16,6.8932,6.8951,7.8191,112.52,2.8175,2.6439,3.0677,,23.02,25.58
2018-12-19,0.7109,1378.0,47.2,,,57.24,,,97.035,1.1376,2.5,1.261,1252.1,3.361,272.15,2.39821,2.43339,,,,118.16,10195.59,3459.04,25865.39,3546.75,1932.69,2838.35,967.65,1892.71,,6342.97,3.726,20987.92,2549.563,3091.13,14.702,2506.96,6.9055,6.8911,7.8267,112.48,2.7548,2.6458,2.9807,,22.83,25.58
2018-12-20,0.7108,1318.0,45.88,,,54.35,,,96.276,1.1446,2.5,1.2656,1263.6,3.336,270.2,2.35589,2.39446,,,,118.39,10090.75,3426.54,25623.53,3474.14,1907.94,2826.69,959.79,1862.82,,6243.2,3.583,20392.58,2536.268,3067.42,14.753,2467.42,6.8952,6.885,7.8303,111.28,2.8065,2.6706,3.0484,,22.99,28.38
2018-12-21,0.704,1279.0,45.59,,,53.82,,,96.956,1.1372,2.5,1.2645,1253.8,3.328,267.85,2.34714,2.39571,,,,117.88,10100.95,3434.45,25753.42,3464.05,1904.43,2822.67,957.33,1834.97,,6046.56,3.816,20166.19,2516.25,3029.4,14.583,2416.62,6.9239,6.9065,7.832,111.22,2.7902,2.6389,3.0308,,23.68,30.11
2018-12-24,0.7049,1271.0,42.53,,,50.47,,,96.553,1.1406,2.5,1.2706,1267.5,3.352,266.85,2.32107,2.40018,,,,118.49,10062.94,3415.67,25651.38,3422.69,1898.08,2826.86,952.84,1802.95,,5899.35,3.467,,2527.007,3038.2,14.701,2351.1,6.903,6.8991,7.8333,110.45,2.7383,2.5593,2.9934,,24.89,36.07
2018-12-25,0.7036,,,,,,,,96.581,1.1392,2.5,1.2675,,3.32,,,,,,,117.97,,,,,,,950.27,1795.28,,,,19155.74,2504.819,3017.28,,,6.8944,6.8871,7.8315,110.31,2.7383,2.5593,2.9934,,,
2018-12-26,0.7066,,46.22,,,54.47,,,97.05,1.1353,2.5,1.2633,1269.2,3.31,270.85,,,,,,117.53,,,,,1896.4,2816.9,950.15,1850.7,,6262.77,3.543,19327.06,2498.294,3002.03,15.004,2467.7,6.8948,6.8854,7.8285,111.37,2.8079,2.615,3.0645,,,30.41
2018-12-27,0.7033,,44.61,,,52.16,,,96.481,1.143,2.5,1.2644,1277.3,3.31,266.75,2.30795,2.38893,,,,117.94,9991.06,3394.31,25478.88,3386.66,1899.56,2821.77,952.33,1862.38,,6288.3,3.642,20077.62,2483.086,2990.51,15.191,2488.83,6.8747,6.8663,7.8304,111.01,2.7666,2.5625,3.056,,25.57,29.96
2018-12-28,0.7047,,45.33,,,52.2,,,96.402,1.1444,2.5,1.2699,1283.0,,268.15,2.28679,2.36464,,,,118.95,9992.22,3404.78,25504.2,3416.57,1906.39,2822.0,962.63,1870.8,,6285.27,3.303,20014.77,2493.896,3010.65,15.436,2485.74,6.882,6.8785,7.8306,110.27,2.7182,2.5161,3.0222,,27.17,28.34
2018-12-31,0.7049,,45.41,1.9,6.5,53.8,1.9,49.4,96.173,1.1467,2.5,1.2754,1281.3,,263.1,2.24393,2.32679,2.5,1.1,2.8,117.15,10124.75,3449.69,25845.7,3460.42,1909.36,2829.02,965.78,1883.9,54.9,6329.96,2.94,,,,15.54,2506.85,6.8706,,7.8319,109.69,2.6842,2.4878,3.0145,3.9,25.03,25.42
2019-01-01,0.7053,,,,,,,,96.085,1.1465,2.5,1.274,,,,,,,,,,,,,,,,966.04,1883.93,,,,,,,,,6.8718,,7.8315,109.74,2.6842,2.4878,3.0145,,,
2019-01-02,0.6985,1282.0,46.54,,,54.91,,,96.819,1.1344,2.5,1.2607,1284.1,3.178,262.3,1.82071,2.14607,,,,118.65,9833.69,3355.69,25130.35,3345.09,1910.52,2834.08,955.78,1881.15,,6360.87,2.958,,2465.291,2969.54,15.649,2510.03,6.8785,6.862,7.8334,108.88,2.6204,2.4676,2.9518,,26.93,23.22
2019-01-03,0.7006,1267.0,47.09,,,55.95,,,96.305,1.1394,2.5,1.2628,1294.8,3.156,256.8,1.81338,2.10536,,,,119.18,9835.45,3336.28,25064.36,3253.45,1912.37,2847.61,949.57,1853.18,,6147.13,2.945,,2464.363,2964.84,15.797,2447.89,6.883,6.872,7.8315,107.68,2.5535,2.3786,2.9025,,25.17,25.45
2019-01-04,0.7113,1260.0,47.96,,,57.06,,,96.179,1.1395,2.5,1.2723,1285.8,3.138,264.75,1.82571,2.08964,,,,119.79,10029.65,3400.06,25626.03,3287.17,1932.54,2833.71,964.97,1904.18,,6422.67,3.044,19561.96,2514.868,3035.87,15.786,2531.94,6.8659,6.8692,7.8351,108.51,2.6677,2.4937,2.981,,22.96,21.38
2019-01-07,0.7148,1247.0,48.52,,,57.33,,,95.666,1.1474,2.5,1.2777,1289.9,3.169,263.7,1.69143,2.02747,,,,119.05,10123.85,3433.54,25835.7,3332.8,1947.64,2836.66,977.96,1919.75,,6488.25,2.944,20038.97,2533.089,3054.3,15.756,2549.69,6.8465,6.851,7.8346,108.72,2.696,2.5406,2.9878,,22.18,21.4
2019-01-08,0.714,1262.0,49.78,,,58.72,,,95.903,1.1441,2.5,1.2717,1285.9,3.147,265.6,1.61071,1.99214,,,,118.64,10133.74,3437.21,25875.45,3342.75,1957.67,2836.11,975.51,1935.79,,6551.85,2.967,20204.04,2526.462,3047.7,15.713,2574.41,6.8547,6.8532,7.8388,108.75,2.728,2.5855,3.0068,,21.11,20.47
2019-01-09,0.717,1238.0,52.36,,,61.44,,,95.219,1.1543,2.5,1.2789,1292.0,,265.7,1.45622,1.9,,,,117.58,10358.21,3503.34,26462.32,3391.37,1967.12,2840.62,994.41,1950.99,,6600.69,2.984,20427.06,2544.345,3078.48,15.735,2584.96,6.8123,6.816,7.8377,108.17,2.71,2.5529,3.0029,,20.43,19.98
2019-01-10,0.7185,1189.0,52.59,,,61.68,,,95.539,1.15,2.5,1.2747,1287.4,,263.75,1.41893,1.86429,,,,117.44,10394.59,3513.99,26521.43,3432.06,1967.82,2837.58,998.67,1957.69,,6620.94,2.969,20163.8,2535.098,3072.69,15.643,2596.64,6.7935,6.7885,7.8386,108.43,2.7421,2.5755,3.0627,,20.44,19.5
2019-01-11,0.7215,1169.0,51.59,,,60.48,,,95.67,1.1469,2.5,1.2844,1289.5,3.12,266.2,1.34857,1.82679,,,,118.15,10454.95,3536.85,26667.27,3473.03,1969.14,2843.07,1001.11,1957.17,,6601.4,3.099,20359.7,2553.831,3094.78,15.656,2596.26,6.7601,6.763,7.8394,108.48,2.7007,2.5408,3.0334,,19.64,18.19
2019-01-14,0.7197,1147.0,50.51,,,58.99,,,95.61,1.1469,2.5,1.2864,1291.3,3.141,263.5,1.30033,1.81643,,,,118.32,10292.44,3488.64,26298.33,3405.57,1966.92,2839.48,992.71,1948.16,,6541.04,3.591,,2535.765,3067.78,15.686,2582.61,6.763,6.7681,7.8425,108.16,2.7024,2.5347,3.0526,,20.26,19.07
2019-01-15,0.7201,1096.0,52.11,,,60.64,,,96.039,1.1413,2.5,1.2861,1288.4,3.147,263.45,1.29929,1.83,,,,117.92,10502.62,3555.8,26830.29,3483.19,1969.3,2839.66,1005.11,1963.61,,6669.64,3.501,20555.29,2570.345,3127.99,15.62,2610.3,6.7735,6.761,7.8433,108.68,2.7112,2.5347,3.0734,,19.48,18.6
2019-01-16,0.7168,1055.0,52.31,,,61.32,,,96.059,1.1392,2.5,1.2885,1293.8,3.083,267.35,1.29857,1.82578,,,,117.26,10555.52,3572.67,26902.1,3469.33,1975.25,2841.5,1009.39,1966.5,,6668.56,3.384,20442.75,2570.422,3128.65,15.638,2616.1,6.7621,6.7568,7.8442,109.09,2.7218,2.5409,3.0711,,19.2,19.04
2019-01-17,0.7193,1077.0,52.07,,,61.18,,,96.065,1.1389,2.5,1.2986,1292.3,3.081,268.0,1.30286,1.83105,,,,117.25,10512.15,3552.94,26755.63,3456.78,1976.59,2843.14,1008.99,1975.61,,6718.45,3.413,20402.27,2559.637,3111.42,15.536,2635.96,6.7758,6.7764,7.8429,109.26,2.7504,2.5637,3.0741,,19.3,18.06
2019-01-18,0.7168,1112.0,53.8,,,62.7,,,96.336,1.1363,2.5,1.2872,1282.6,3.105,271.9,1.29975,1.82679,,,,117.91,10636.97,3599.09,27090.81,3584.82,1982.64,2846.88,1018.0,2000.76,,6784.61,3.482,20666.07,2596.006,3168.17,15.399,2670.71,6.8034,6.7778,7.8434,109.78,2.7842,2.6139,3.0974,,18.63,17.8
2019-01-21,0.7159,1092.0,,,,62.74,,,96.336,1.1365,2.5,1.2892,,3.112,,1.305,1.82643,,,,117.65,10713.05,3613.48,27196.54,3626.12,,,1018.45,2000.77,,,,20719.33,2610.51,3185.64,,,6.8012,6.798,7.8453,109.67,2.7842,2.6139,3.0974,,19.13,
2019-01-22,0.7124,1036.0,52.57,,,61.5,,,96.303,1.136,2.5,1.2954,1283.4,3.121,265.95,1.3075,1.82679,,,,116.78,10613.48,3585.39,27005.45,3545.51,1979.83,2858.09,1010.63,1978.83,,6646.81,3.04,20622.91,2579.704,3143.32,15.325,2632.9,6.8157,6.808,7.8457,109.37,2.7392,2.5869,3.0594,,19.57,20.8
2019-01-23,0.7142,982.0,52.62,,,61.14,,,96.123,1.1381,2.5,1.3069,1284.0,3.132,265.45,1.27036,1.81834,,,,117.23,10631.03,3585.83,27008.2,3515.99,1978.93,2858.67,1011.56,1980.15,,6658.76,2.98,20593.72,2581.004,3141.05,15.38,2638.7,6.7936,6.792,7.8453,109.6,2.7409,2.5829,3.0617,,18.8,19.52
2019-01-24,0.7094,939.0,53.13,,,61.09,,,96.601,1.1304,2.5,1.3066,1279.8,3.132,264.45,1.185,1.77643,,,,116.89,10691.0,3605.52,27120.98,3577.97,1977.95,2868.0,1019.44,1983.23,,6702.55,3.099,20574.63,2591.694,3158.78,15.3,2642.33,6.7949,6.7885,7.8461,109.64,2.7157,2.5642,3.0339,,18.25,18.89
2019-01-25,0.7179,905.0,53.69,,,61.64,,,95.794,1.1406,2.5,1.3196,1298.1,3.144,272.9,1.1175,1.75786,,,,116.55,10873.67,3664.86,27569.19,3676.88,1982.43,2866.01,1032.34,2001.86,,6787.37,3.178,20773.56,2601.723,3184.47,15.699,2664.76,6.7536,6.7483,7.8459,109.55,2.7585,2.6063,3.0662,,17.77,17.42
2019-01-28,0.7166,852.0,51.99,,,59.93,,,95.746,1.1428,2.5,1.3163,1303.1,3.154,268.0,1.07714,1.74161,,,,116.8,10882.5,3662.06,27576.96,3653.49,1980.75,2867.89,1028.06,1989.18,,6697.09,2.911,20649.0,2596.977,3183.78,15.765,2643.85,6.7552,6.7453,7.8459,109.35,2.744,2.5897,3.0662,,18.59,18.87
2019-01-29,0.7155,797.0,53.31,,,61.32,,,95.821,1.1433,2.5,1.3066,1308.9,3.137,272.5,1.03036,1.72571,,,,117.47,10867.42,3660.73,27531.68,3672.67,1982.36,2874.42,1029.75,1989.6,,6632.79,2.95,20664.64,2594.254,3193.97,15.839,2640.0,6.7483,6.7354,7.8461,109.4,2.7098,2.5726,3.04,,18.5,19.13
2019-01-30,0.7248,721.0,54.23,,,61.65,,,95.34,1.148,2.5,1.3116,1309.9,3.135,276.75,1.02214,1.72584,,,,116.93,10897.13,3673.05,27642.85,3659.39,1986.64,2878.5,1036.63,2010.96,,6807.91,2.854,20556.54,2575.576,3168.48,15.927,2681.05,6.7121,6.7165,7.8428,109.04,2.6775,2.5081,3.0315,,18.45,17.66
2019-01-31,0.7273,668.0,53.79,1.7,,61.89,1.6,49.5,95.578,1.1448,2.5,1.3109,1319.7,3.106,278.45,1.03571,1.72071,2.4,,2.8,117.11,11035.73,3722.09,27942.47,3733.89,1995.67,2895.56,1049.93,2028.49,55.7,6906.84,2.814,20773.49,2584.573,3201.63,16.072,2704.1,6.7095,6.7,7.8467,108.89,2.6293,2.4576,2.9956,4.0,18.01,16.57
2019-02-01,0.725,645.0,55.26,,,62.75,,,95.579,1.1456,2.5,1.3079,1316.9,3.11,277.3,1.01107,1.71893,,,,116.83,11063.94,3731.67,27930.74,3767.37,1998.17,2891.44,1050.2,2029.55,,6875.52,2.734,20788.39,2618.232,3247.4,15.931,2706.53,6.7565,6.7454,7.8469,109.5,2.6842,2.5019,3.0253,,18.24,16.14
2019-02-04,0.7226,634.0,54.56,,,62.51,,,95.852,1.1438,2.5,1.3037,1314.3,,279.45,1.01929,1.71321,,,,116.84,11036.42,3741.25,27990.21,3771.35,2000.41,2889.27,1048.05,2037.76,,6959.96,2.66,20883.77,,,15.886,2724.87,6.7787,,7.8465,109.89,2.7235,2.5364,3.0545,,18.58,15.73
2019-02-05,0.7234,629.0,53.66,,,61.98,,,96.067,1.1406,2.5,1.2945,1314.2,,281.7,,,,,,,,,,,2007.31,2897.86,1051.9,2051.36,,7023.52,2.662,20844.45,,,15.836,2737.7,6.7628,,7.8458,109.96,2.6983,2.5222,3.0314,,,15.57
2019-02-06,0.7105,629.0,54.01,,,62.69,,,96.39,1.1362,2.5,1.2932,1309.5,,283.65,,,,,,,,,,,2009.56,2897.55,1048.46,2047.11,,6997.62,2.662,20874.06,,,15.701,2731.61,6.7782,,7.8464,109.97,2.6946,2.5243,3.0329,,,15.38
2019-02-07,0.7101,610.0,52.64,,,61.63,,,96.507,1.1341,2.5,1.2952,1309.4,,282.85,,,,,,,,,,,2003.43,2901.47,1041.97,2026.94,,6904.98,2.551,20751.28,,,15.713,2706.05,6.7844,,7.8477,109.82,2.6572,2.4795,2.9947,,,16.37
2019-02-08,0.7088,601.0,52.72,,,62.1,,,96.637,1.1323,2.5,1.2944,1313.7,,281.05,1.01607,1.70821,,,,117.49,10956.58,3740.17,27946.32,3817.81,2001.5,2904.81,1036.03,2020.53,,6913.13,2.583,20333.17,,,15.809,2707.88,6.7847,,7.8474,109.73,2.6339,2.465,2.9802,,18.31,15.72
2019-02-11,0.7062,595.0,52.41,,,61.51,,,97.057,1.1276,2.5,1.2855,1307.0,,279.0,0.99857,1.70393,,,,117.19,11016.93,3768.13,28143.84,3940.91,2002.92,2901.31,1035.41,2021.6,,6909.19,2.642,,2653.896,3306.47,15.69,2709.8,6.8004,6.7923,7.8478,110.38,2.6536,2.4854,2.9921,,17.66,15.97
2019-02-12,0.7095,598.0,53.1,,,62.42,,,96.709,1.1326,2.5,1.2892,1309.2,3.077,277.2,1.01053,1.71393,,,,117.69,11044.65,3773.48,28171.33,3962.14,2008.21,2899.28,1042.13,2045.12,,7014.67,2.688,20864.21,2671.894,3330.34,15.69,2744.73,6.7738,6.774,7.8484,110.48,2.6877,2.5059,3.0247,,17.11,15.43
2019-02-13,0.709,608.0,53.9,,,63.61,,,97.129,1.1261,2.5,1.2846,1310.8,3.078,277.3,1.06831,1.71679,,,,117.97,11199.1,3822.2,28497.59,4077.17,2009.41,2897.34,1041.84,2052.76,,7015.88,2.575,21144.48,2721.068,3397.03,15.652,2753.03,6.7834,6.7604,7.8486,111.01,2.7021,2.5305,3.0311,,17.1,15.65
2019-02-14,0.7106,628.0,54.41,,,64.57,,,96.978,1.1295,2.5,1.2803,1309.8,3.089,277.4,1.04429,1.71679,,,,117.38,11170.35,3816.6,28432.05,4070.66,2009.56,2901.84,1039.19,2047.56,,7022.42,2.573,21139.71,2719.7,3402.14,15.528,2745.73,6.7802,6.772,7.8472,110.48,2.6536,2.4935,2.9976,,17.0,16.22
2019-02-15,0.7141,639.0,55.59,,,66.25,,,96.904,1.1296,2.5,1.2889,1318.1,3.088,279.85,1.02464,1.71679,,,,117.43,10937.33,3740.84,27900.84,3926.53,2012.74,2903.89,1030.64,2066.59,,7055.18,2.625,20900.63,2682.385,3338.71,15.743,2775.6,6.7705,6.7732,7.8487,110.47,2.6626,2.5141,2.9936,,18.13,14.91
2019-02-18,0.713,643.0,,,,66.5,,,96.904,1.1311,2.5,1.2924,,3.114,,1.01643,1.70929,,,,118.17,11149.02,3802.49,28347.01,4003.89,,,1036.73,2072.62,,,,21281.85,2754.357,3445.75,,,6.7738,6.7667,7.8479,110.62,2.6626,2.5141,2.9936,,18.11,
2019-02-19,0.7165,635.0,56.09,,,66.45,,,96.52,1.1341,2.5,1.3062,1340.1,3.128,287.45,0.99929,1.66536,,,,118.35,11116.92,3780.36,28228.13,3914.04,2014.94,2907.45,1036.97,2075.91,,7066.61,2.662,21302.65,2755.646,3439.61,15.967,2779.76,6.7454,6.7586,7.8486,110.63,2.6339,2.4872,2.9778,,18.28,14.88
2019-02-20,0.7165,622.0,56.92,,,67.08,,,96.454,1.1338,2.5,1.305,1343.3,3.118,292.0,0.99857,1.61368,,,,118.52,11229.43,3821.37,28514.05,3984.52,2017.43,2905.47,1049.32,2083.64,,7062.34,2.636,21431.49,2761.219,3451.93,16.177,2784.7,6.7189,6.7213,7.8492,110.85,2.6447,2.4975,2.9952,,18.32,14.02
2019-02-21,0.7092,630.0,56.96,,,67.07,,,96.605,1.1336,2.5,1.3043,1323.5,3.137,289.7,0.97643,1.58214,,,,117.47,11305.98,3844.64,28629.92,4104.76,2018.25,2898.01,1050.99,2077.44,,7035.16,2.697,21464.23,2751.801,3442.71,15.801,2774.88,6.7234,6.7226,7.8474,110.7,2.6914,2.5286,3.0495,,17.71,14.46
2019-02-22,0.7129,634.0,57.26,,,67.12,,,96.507,1.1335,2.5,1.3053,1329.2,3.145,295.15,0.95571,1.57071,,,,117.98,11427.29,3878.12,28816.3,4285.36,2019.77,2904.96,1058.65,2086.97,,7090.63,2.717,21425.51,2804.226,3520.12,15.914,2792.67,6.7096,6.7137,7.8484,110.69,2.6518,2.4933,3.0159,,17.32,13.51
2019-02-25,0.7167,637.0,55.48,,,64.76,,,96.413,1.1358,2.5,1.3097,1325.9,3.172,294.5,0.94357,1.56429,,,,122.65,11631.03,3907.65,28959.3,4291.08,2023.04,2905.59,1067.64,2091.83,,7115.43,2.836,21528.23,2961.283,3729.48,15.83,2796.11,6.683,6.6891,7.8488,111.06,2.6626,2.5058,3.0271,,18.01,14.85
2019-02-26,0.7186,649.0,55.5,,,65.21,,,96.003,1.1389,2.5,1.3252,1325.1,3.19,294.5,0.91429,1.56107,,,,121.76,11543.95,3881.8,28772.06,4201.32,2025.31,2911.37,1064.94,2091.7,,7123.22,2.855,21449.39,2941.516,3684.69,15.832,2793.9,6.6863,6.7002,7.8489,110.59,2.6357,2.4819,3.0055,,18.55,15.17
2019-02-27,0.7138,651.0,56.94,,,66.39,,,96.154,1.137,2.5,1.3309,1321.2,3.177,295.9,0.92929,1.56107,,,,123.3,11457.27,3865.47,28757.44,4146.89,2027.24,2901.11,1061.26,2092.12,,7117.0,2.799,21556.51,2953.824,3678.39,15.672,2792.38,6.6817,6.6872,7.8497,111.0,2.6825,2.498,3.0648,,19.83,14.7
2019-02-28,0.7094,658.0,57.22,1.5,,66.03,1.5,49.2,96.157,1.1371,2.5,1.3263,1316.1,3.178,295.0,1.00036,1.56732,2.1,,2.8,123.34,11367.45,3844.77,28633.18,4117.32,2028.86,2901.84,1050.95,2085.84,54.4,7097.53,2.812,21385.16,2940.954,3669.37,15.538,2784.49,6.7034,6.6941,7.8499,111.39,2.715,2.5141,3.0802,3.8,18.93,14.78
2019-03-01,0.7079,664.0,55.8,,,65.07,,,96.527,1.1365,2.5,1.3202,1299.2,3.204,293.35,1.14036,1.57589,,,,124.21,11506.94,3880.61,28812.17,4209.58,2029.65,2897.06,1051.54,2096.35,,7151.57,2.859,21602.69,2994.005,3749.71,15.169,2803.69,6.714,6.7062,7.849,111.89,2.7531,2.5526,3.1226,,17.1,13.57
2019-03-04,0.7092,669.0,56.59,,,65.67,,,96.682,1.134,2.5,1.318,1287.5,3.205,291.1,1.28571,1.60501,,,,123.73,11575.53,3912.14,28959.59,4297.55,2030.26,2904.73,1053.62,2090.4,,7150.83,2.857,21822.04,3027.575,3794.1,15.017,2792.81,6.707,6.7073,7.849,111.75,2.7223,2.5405,3.0891,,17.63,14.63
2019-03-05,0.7084,663.0,56.56,,,65.86,,,96.866,1.1308,2.5,1.3178,1284.7,3.229,293.6,1.33123,1.61643,,,,123.84,11582.61,3921.81,28961.6,4365.98,2029.03,2904.71,1055.12,2087.5,,7156.79,2.884,21726.28,3054.247,3816.01,15.02,2789.65,6.7051,6.7076,7.8497,111.89,2.7169,2.5446,3.081,,17.55,14.74
2019-03-06,0.7032,664.0,56.22,,,65.99,,,96.873,1.1307,2.5,1.317,1287.6,3.198,291.85,1.33107,1.6175,,,,124.58,11592.03,3931.25,29037.6,4408.52,2027.38,2907.98,1055.68,2078.69,,7112.47,2.841,21596.81,3102.099,3848.09,15.003,2771.45,6.7171,6.7113,7.8498,111.77,2.6934,2.5161,3.0705,,17.41,15.74
2019-03-07,0.7016,657.0,56.66,,,66.3,,,97.667,1.1193,2.5,1.3085,1286.1,3.175,291.15,1.34929,1.61714,,,,124.94,11460.08,3886.31,28779.45,4280.85,2025.4,2916.44,1043.56,2061.41,,7026.88,2.866,21456.01,3106.418,3808.85,14.96,2748.93,6.7341,6.715,7.8499,111.58,2.6393,2.4734,3.0262,,17.51,16.59
2019-03-08,0.7045,649.0,56.07,,,65.74,,,97.306,1.1235,2.5,1.3015,1299.3,3.149,289.4,1.35,1.61786,,,,123.39,11156.82,3795.66,28228.42,4169.68,2020.39,2916.27,1030.13,2051.12,,7015.69,2.865,21025.56,2969.861,3657.58,15.272,2743.07,6.7309,6.7214,7.85,111.17,2.6285,2.461,3.0119,,18.93,16.05
2019-03-11,0.707,645.0,56.79,,,66.58,,,97.215,1.1245,2.5,1.315,1291.1,3.148,290.0,1.41464,1.67179,,,,123.34,11276.91,3837.55,28503.3,4246.39,2023.9,2915.11,1041.15,2074.66,,7164.02,2.772,21125.09,3026.992,3729.95,15.197,2783.3,6.7324,6.7265,7.8499,111.21,2.6393,2.4752,3.027,,17.78,14.33
2019-03-12,0.7082,647.0,56.87,,,66.67,,,96.935,1.1288,2.5,1.3075,1298.1,3.158,292.75,1.43429,1.66464,,,,122.04,11466.14,3884.82,28920.87,4242.32,2027.68,2925.22,1051.52,2083.38,,7201.28,2.784,21503.69,3060.307,3755.35,15.338,2791.52,6.7068,6.7085,7.8499,111.36,2.6015,2.4506,2.9912,,17.33,13.77
2019-03-13,0.7094,654.0,58.26,,,67.55,,,96.55,1.1327,2.5,1.3338,1309.3,3.147,293.35,1.48536,1.69309,,,,122.48,11405.82,3864.69,28807.45,4185.82,2032.09,2923.12,1050.46,2095.67,,7256.98,2.82,21290.24,3026.951,3724.19,15.381,2810.92,6.7013,6.7071,7.8499,111.17,2.6213,2.4648,3.0159,,17.58,13.41
2019-03-14,0.7064,677.0,58.61,,,67.23,,,96.785,1.1304,2.5,1.3242,1295.1,3.152,288.85,1.51893,1.69696,,,,122.08,11447.27,3858.09,28851.39,4076.57,2033.79,2918.73,1048.2,2096.32,,7243.01,2.855,21287.02,2990.685,3698.49,15.101,2808.48,6.722,6.723,7.8501,111.7,2.6303,2.4607,3.0455,,16.45,13.5
2019-03-15,0.7085,730.0,58.52,,,67.16,,,96.595,1.1326,2.5,1.329,1302.9,3.15,290.35,1.55214,1.72339,,,,122.58,11508.17,3882.53,29012.26,4149.23,2035.21,2926.79,1057.3,2108.78,,7306.99,2.795,21450.85,3021.751,3745.01,15.253,2822.48,6.7136,6.7137,7.8499,111.48,2.5871,2.4378,3.0111,,15.3,12.88
2019-03-18,0.7104,721.0,59.09,,,67.54,,,96.524,1.1337,2.5,1.3255,1301.5,3.142,290.35,1.56857,1.72179,,,,123.39,11674.83,3935.8,29409.01,4188.26,2036.45,2928.49,1069.26,2117.99,,7326.28,2.85,21584.5,3096.417,3851.75,15.251,2832.94,6.7208,6.713,7.8499,111.43,2.6033,2.4521,3.0174,,15.98,13.1
2019-03-19,0.7088,712.0,59.03,,,67.61,,,96.383,1.1352,2.5,1.3268,1306.5,3.142,291.95,1.5729,1.72474,,,,122.8,11686.66,3938.68,29466.28,4188.1,2038.17,2927.48,1070.95,2120.44,,7349.28,2.874,21566.85,3090.975,3833.96,15.301,2832.57,6.7177,6.7119,7.8498,111.39,2.6123,2.4686,3.0222,,16.14,13.56
2019-03-20,0.7116,709.0,59.83,,,68.5,,,95.761,1.1413,2.5,1.3198,1301.7,3.146,291.55,1.62143,1.76676,,,,124.21,11624.98,3918.25,29320.97,4134.28,2039.43,2939.26,1068.47,2112.05,,7380.75,2.82,21608.92,3090.64,3835.44,15.245,2824.23,6.6876,6.6945,7.85,110.7,2.5263,2.3961,2.9714,,16.37,13.91
2019-03-21,0.7112,695.0,59.98,,,67.86,,,96.495,1.1374,2.5,1.3107,1307.3,3.126,290.0,1.68393,1.80161,,,,124.58,11544.09,3891.16,29071.56,4085.17,2042.93,2942.91,1069.68,2127.93,,7493.27,2.821,,3101.455,3836.89,15.372,2854.88,6.7071,6.6993,7.8472,110.82,2.5369,2.4084,2.9667,,16.56,13.63
2019-03-22,0.7083,690.0,59.04,,,67.03,,,96.651,1.1302,2.5,1.3209,1312.3,3.108,283.6,1.77232,1.84237,,,,123.96,11517.48,3897.39,29113.36,4112.86,2040.89,2960.12,1059.63,2094.81,,7326.06,2.753,21627.34,3104.149,3833.8,15.345,2800.71,6.723,6.7182,7.8474,109.92,2.439,2.3166,2.8739,,15.86,16.48
2019-03-25,0.7112,689.0,58.82,,,67.21,,,96.566,1.1312,2.5,1.3195,1322.6,,284.95,1.79929,1.87036,,,,123.3,11232.07,3818.98,28523.35,4040.97,2039.26,2967.72,1047.71,2087.06,,7316.96,2.755,20977.11,3043.031,3742.83,15.507,2798.36,6.7171,6.7094,7.8472,109.97,2.3983,2.2416,2.8616,,18.14,16.33
2019-03-26,0.7135,683.0,59.94,,,67.97,,,96.736,1.1266,2.5,1.3212,1315.0,,285.05,1.79,1.875,,,,122.49,11231.73,3824.97,28566.91,4038.15,2042.02,2970.01,1050.45,2102.62,,7351.15,2.74,21428.39,2997.095,3700.44,15.371,2818.46,6.7234,6.7157,7.8494,110.64,2.423,2.2662,2.8731,,16.89,14.68
2019-03-27,0.7084,690.0,59.41,,,67.83,,,96.774,1.1244,2.5,1.3189,1310.4,3.09,285.8,1.74,1.8325,,,,122.76,11305.36,3852.35,28728.25,4087.33,2042.86,2977.96,1044.1,2094.02,,7308.19,2.713,21378.73,3022.719,3743.39,15.239,2805.37,6.7382,6.7271,7.8487,110.51,2.3665,2.2,2.8105,,15.77,15.15
2019-03-28,0.7074,692.0,59.3,,,67.82,,,97.202,1.1221,2.5,1.3044,1289.8,3.083,287.25,1.67857,1.78125,,,,121.54,11294.81,3853.8,28775.21,4102.88,2043.71,2976.93,1045.21,2095.18,,7320.47,2.712,21033.76,2994.943,3728.4,14.973,2815.44,6.7395,6.739,7.8499,110.63,2.3946,2.2359,2.8226,,15.43,14.43
2019-03-29,0.7096,689.0,60.14,,6.4,68.39,,,97.284,1.1218,2.5,1.3035,1293.0,3.069,293.6,1.65786,1.76179,,0.3,,124.88,11379.62,3897.86,29051.36,4147.87,2047.94,2974.53,1058.13,2107.74,,7378.77,2.662,21205.81,3090.758,3872.34,15.11,2834.4,6.7232,6.7121,7.85,110.86,2.405,2.26,2.8143,,14.73,13.71
2019-03-31,,,,2.3,,,1.9,50.5,,,,,,,,,,2.1,,2.8,,,,,,,,,,54.9,,,,,,,,,,,,,,,3.8,,
2019-04-01,0.7112,685.0,61.59,,,69.01,,,97.232,1.1213,2.5,1.3103,1288.4,3.148,292.45,1.64607,1.75322,,,,124.6,11557.63,3958.48,29562.02,4175.24,2051.76,2962.07,1070.09,2131.79,,7478.42,2.708,21509.03,3170.361,3973.93,15.099,2867.19,6.719,6.7115,7.8498,111.35,2.5009,2.3326,2.8901,,15.61,13.4
2019-04-02,0.7071,674.0,62.58,,,69.37,,,97.361,1.1204,2.5,1.3128,1290.0,3.174,290.55,1.67143,1.76804,,,,124.79,11546.66,3968.23,29624.67,4206.42,2052.31,2965.51,1071.14,2131.71,,7499.64,2.684,21505.31,3176.823,3971.29,15.061,2867.24,6.7261,6.7232,7.8498,111.32,2.4741,2.3024,2.8769,,15.17,13.36
2019-04-03,0.7113,672.0,62.46,,,69.31,,,97.091,1.1233,2.5,1.3158,1289.9,3.251,294.85,1.69429,1.77329,,,,125.01,11705.16,4020.04,29986.39,4274.78,2054.84,2960.99,1079.8,2143.02,,7544.97,2.677,21713.21,3216.295,4022.16,15.102,2873.4,6.7142,6.7114,7.8494,111.49,2.5241,2.3348,2.9336,,15.45,13.74
2019-04-04,0.7112,699.0,62.1,,,69.4,,,97.308,1.1221,2.5,1.3077,1289.0,3.262,291.0,1.71036,1.77464,,,,126.03,11692.37,4012.19,29936.32,4264.4,2055.24,2963.65,1080.73,2142.75,,7540.57,2.643,21724.95,3246.571,4062.23,15.084,2879.39,6.7171,6.717,7.8489,111.66,2.5151,2.3369,2.9196,,15.36,13.58
2019-04-05,0.7105,711.0,63.08,,,70.34,,,97.395,1.1216,2.5,1.3038,1290.4,,289.45,,,,,,,,,,,2058.15,2968.23,1085.14,2149.85,,7578.84,2.664,21807.5,,,15.086,2892.74,6.7123,,7.8496,111.73,2.4954,2.3393,2.9032,,,12.82
2019-04-08,0.7127,714.0,64.4,,,71.1,,,97.05,1.1263,2.5,1.3061,1297.1,3.256,293.2,1.72714,1.79929,,,,124.95,11793.65,4033.58,30077.15,4281.66,2059.92,2966.81,1088.5,2152.9,,7599.74,2.708,21761.65,3244.81,4057.23,15.216,2895.77,6.7174,6.7164,7.8469,111.48,2.5222,2.3618,2.9273,,16.14,13.18
2019-04-09,0.7124,725.0,63.98,,,70.61,,,97.006,1.1263,2.5,1.3052,1303.5,3.302,293.4,1.78929,1.83732,,,,124.55,11815.0,4052.9,30157.49,4390.4,2060.86,2972.85,1093.44,2143.2,,7568.49,2.699,21802.59,3239.664,4075.43,15.211,2878.2,6.719,6.7119,7.8413,111.14,2.5006,2.3497,2.9141,,15.5,14.28
2019-04-10,0.7171,734.0,64.61,,,71.73,,,96.946,1.1274,2.5,1.3091,1309.1,3.319,292.55,2.05429,1.97714,,,,124.84,11764.0,4052.51,30119.56,4445.18,2062.55,2978.46,1096.05,2147.99,,7611.49,2.7,21687.57,3241.93,4085.85,15.244,2888.21,6.719,6.716,7.8365,111.01,2.4649,2.3212,2.8923,,15.64,13.3
2019-04-11,0.7124,728.0,63.58,,,70.83,,,97.177,1.1253,2.5,1.3058,1288.6,3.281,288.7,2.10643,1.99268,,,,125.37,11618.04,4009.15,29839.45,4342.97,2066.13,2977.01,1087.49,2147.61,,7594.89,2.664,21711.38,3189.962,3997.58,14.867,2888.32,6.7281,6.7194,7.8427,111.66,2.497,2.354,2.9265,,15.86,13.02
2019-04-12,0.7173,726.0,63.89,,,71.55,,,96.972,1.1299,2.5,1.3074,1290.6,3.356,294.6,1.88143,1.90304,,,,124.66,11659.84,4021.29,29909.76,4362.7,2069.82,2974.29,1089.09,2159.39,,7628.15,2.66,21870.56,3188.625,3988.62,14.963,2907.41,6.7089,6.7036,7.8425,112.02,2.5651,2.3914,2.9769,,15.02,12.01
2019-04-15,0.7173,738.0,63.4,,,71.18,,,96.942,1.1304,2.5,1.31,1286.8,3.372,293.5,1.98464,1.95143,,,,125.36,11631.86,4014.58,29810.72,4339.82,2071.12,2977.75,1086.22,2161.14,,7629.12,2.59,22169.11,3177.787,3975.52,14.975,2905.58,6.7075,6.7087,7.8397,112.04,2.5543,2.3916,2.9682,,16.05,12.32
2019-04-16,0.7175,749.0,64.05,,,71.72,,,97.043,1.1281,2.5,1.3048,1272.6,3.396,293.05,2.13786,2.02551,,,,127.12,11821.18,4046.57,30129.87,4361.24,2072.23,2971.72,1093.55,2163.08,,7654.73,2.572,22221.66,3253.598,4085.79,14.915,2907.06,6.7127,6.7122,7.8433,112.0,2.5904,2.4124,2.9919,,15.35,12.18
2019-04-17,0.7179,767.0,63.76,,,71.62,,,97.009,1.1296,2.5,1.3043,1272.2,3.391,296.75,2.03214,2.01143,,,,126.82,11848.98,4051.9,30124.68,4420.41,2071.17,2972.18,1096.39,2160.94,,7680.72,2.517,22277.97,3263.118,4087.24,14.939,2900.45,6.6777,6.6881,7.8456,112.06,2.594,2.4002,2.9943,,15.31,12.6
2019-04-18,0.7151,790.0,64.0,,,71.97,,,97.474,1.123,2.5,1.2991,1271.9,3.358,292.0,1.94839,1.96054,,,,126.62,11768.63,4031.39,29963.26,4419.06,2070.44,2977.27,1092.52,2160.21,,7689.72,2.49,22090.12,3250.201,4072.08,14.955,2905.03,6.7074,6.7091,7.8461,111.97,2.5596,2.3802,2.961,,15.19,12.09
2019-04-19,0.7152,,,,,,,,97.378,1.1245,2.5,1.2993,,3.379,,,,,,,128.34,,,,,,,1092.52,2160.36,,,,22200.56,3270.797,4120.61,,,6.7024,6.7042,7.8442,111.92,2.5596,2.3802,2.961,,,
2019-04-22,0.7134,,65.7,,,74.04,,,97.287,1.1257,2.5,1.2982,1273.5,3.412,290.15,,,,,,124.84,,,,,2070.49,2970.51,1089.03,2161.58,,7713.5,2.524,22217.9,3215.042,4025.61,14.975,2907.97,6.7121,6.7121,7.8443,111.94,2.5885,2.3866,2.9919,,,12.42
2019-04-23,0.7102,821.0,66.3,,,74.51,,,97.636,1.1227,2.5,1.2938,1269.3,3.407,289.35,1.91786,1.97213,,,,125.69,11731.02,4017.86,29963.24,4404.86,2072.81,2975.14,1089.76,2174.39,,7810.71,2.455,22259.74,3198.594,4019.01,14.791,2933.68,6.7289,6.7259,7.8417,111.86,2.565,2.3639,2.98,,15.74,12.28
2019-04-24,0.7015,850.0,65.89,,,74.57,,,98.173,1.1155,2.5,1.2902,1275.5,3.431,291.0,2.01714,1.99732,,,,126.16,11663.78,4009.12,29805.83,4422.19,2074.32,2985.37,1084.52,2168.81,,7784.41,2.462,22200.0,3201.614,4030.09,14.916,2927.25,6.7347,6.7219,7.8425,112.19,2.5181,2.3178,2.9343,,15.14,13.14
2019-04-25,0.7015,869.0,65.21,,,74.35,,,98.203,1.1132,2.5,1.2899,1275.8,3.419,286.15,2.12036,2.04929,,,,125.66,11502.04,3957.63,29549.8,4286.74,2073.91,2983.81,1076.71,2165.36,,7816.92,2.514,22307.58,3123.826,3941.82,14.879,2926.17,6.7501,6.7435,7.8438,111.63,2.5325,2.3319,2.9421,,15.48,13.25
2019-04-26,0.7042,889.0,63.3,,,72.15,,,98.006,1.1151,2.5,1.2916,1284.9,3.405,288.65,2.10107,2.05964,,,,124.75,11510.87,3963.86,29605.01,4330.56,2074.66,2990.57,1078.06,2173.82,,7826.68,2.566,22258.73,3086.399,3889.28,15.005,2939.88,6.7405,6.7288,7.8445,111.58,2.4982,2.2821,2.9233,,14.74,12.73
2019-04-29,0.7056,913.0,63.5,,,72.04,,,97.857,1.1186,2.5,1.2937,1281.5,3.435,289.5,2.11607,2.06464,,,,124.72,11638.18,3993.46,29892.81,4309.4,2076.5,2984.94,1082.91,2175.59,,7839.04,2.593,,3062.499,3900.33,14.844,2943.03,6.7389,6.7336,7.8436,111.65,2.5252,2.2922,2.9547,,14.84,13.11
2019-04-30,0.7048,1011.0,63.91,2.5,,72.8,2.0,50.1,97.479,1.1215,2.5,1.3032,1285.7,3.402,290.15,2.11071,2.08179,2.9,,2.8,125.42,11542.25,3975.44,29699.11,4285.32,2077.06,2990.68,1079.24,2178.67,53.6,7781.46,2.575,,3078.339,3913.21,14.9,2945.83,6.737,6.7349,7.8445,111.42,2.5018,2.2661,2.9288,3.7,14.47,13.12
2019-05-01,0.7015,1031.0,63.6,,,72.18,,,97.686,1.1196,2.5,1.305,1284.2,,280.3,,,,,,,,,,,2078.09,2991.69,1080.48,2170.03,,7751.85,2.62,,,,14.645,2923.73,6.7328,,7.8454,111.38,2.4999,2.3044,2.9038,,,14.8
2019-05-02,0.7,1032.0,61.81,,,70.75,,,97.832,1.1172,2.5,1.3032,1272.0,,278.4,2.06679,2.09796,,,,125.06,11556.72,4000.92,29944.18,4289.95,2075.39,2980.84,1078.95,2161.11,,7724.06,2.589,,,,14.54,2917.52,6.7455,,7.8435,111.51,2.5414,2.3448,2.9296,,14.33,14.42
2019-05-03,0.7018,985.0,61.94,,,70.85,,,97.52,1.1198,2.5,1.3173,1281.3,,282.5,1.99,2.10342,,,,124.51,11575.05,4018.04,30081.55,4338.92,2077.39,2985.85,1082.77,2177.77,,7845.73,2.567,,,,14.907,2945.64,6.7354,,7.8452,111.1,2.525,2.333,2.9186,,14.87,12.87
2019-05-06,0.6991,,62.25,,,71.24,,,97.515,1.1199,2.5,1.3097,1283.8,3.366,283.7,1.94929,2.10571,,,,122.33,11233.66,3891.24,29209.82,4110.49,2076.0,2989.2,1062.64,2166.66,,7794.09,2.524,,2906.464,3684.62,14.857,2932.47,6.7733,6.7662,7.8461,110.76,2.4692,2.2904,2.8883,,18.29,15.44
2019-05-07,0.7012,936.0,61.4,,,69.88,,,97.628,1.1191,2.5,1.3075,1285.6,3.358,279.4,1.86679,2.09714,,,,122.68,11261.05,3912.73,29363.02,4135.62,2073.2,2996.96,1057.05,2135.49,,7640.15,2.537,21923.72,2926.391,3720.67,14.86,2884.05,6.7948,6.7769,7.8485,110.26,2.4566,2.2844,2.8643,,17.76,19.32
2019-05-08,0.6988,940.0,62.12,,,70.37,,,97.623,1.1192,2.5,1.3006,1281.4,3.346,278.55,1.77786,2.05696,,,,122.78,11097.37,3862.66,29003.2,4062.12,2072.74,2989.57,1050.94,2131.9,,7617.55,2.61,21602.59,2893.757,3667.46,14.792,2879.42,6.8077,6.7828,7.8492,110.1,2.4835,2.2966,2.8937,,19.52,19.4
2019-05-09,0.6989,974.0,61.7,,,70.39,,,97.373,1.1215,2.5,1.3014,1285.2,3.308,278.35,1.74786,2.05429,,,,123.38,10845.06,3770.06,28311.07,3932.08,2068.11,2989.75,1028.4,2119.31,,7582.75,2.595,21402.13,2850.954,3599.7,14.707,2870.72,6.8374,6.8274,7.8484,109.74,2.4423,2.258,2.8612,,23.54,19.1
2019-05-10,0.7002,1013.0,61.66,,,70.62,,,97.33,1.1233,2.5,1.2998,1287.4,3.312,278.5,1.75018,2.06,,,,125.73,10931.05,3813.74,28550.24,4030.98,2066.82,2989.98,1033.44,2126.32,,7586.53,2.619,21344.92,2939.211,3730.45,14.726,2881.4,6.8448,6.8225,7.8488,109.95,2.4672,2.2661,2.8867,,21.07,16.04
2019-05-13,0.6944,1026.0,61.04,,,70.23,,,97.319,1.1222,2.5,1.2958,1301.8,3.276,272.95,,,,,,,,,,,2059.93,2995.22,1016.49,2086.46,,7324.13,2.621,21191.28,2903.713,3668.73,14.713,2811.87,6.9121,6.8784,7.8493,109.3,2.4015,2.1884,2.8362,,,20.55
2019-05-14,0.6944,1043.0,61.78,,,71.24,,,97.526,1.1204,2.5,1.2905,1296.3,3.287,273.45,1.75393,2.0625,,,,123.28,10764.02,3743.86,28122.02,3896.71,2062.24,2994.03,1014.48,2098.76,,7401.88,2.659,21067.23,2883.611,3645.15,14.752,2834.41,6.9039,6.8753,7.8494,109.61,2.4104,2.1965,2.8485,,20.9,18.06
2019-05-15,0.6928,1032.0,62.02,,,71.77,,,97.569,1.1201,2.5,1.2845,1297.8,3.281,275.35,1.74714,2.06571,,,,125.14,10804.14,3770.51,28268.71,4005.75,2061.36,3001.6,1015.97,2110.4,,7503.25,2.601,21188.56,2938.678,3727.09,14.752,2850.96,6.9044,6.8762,7.8497,109.6,2.3732,2.1596,2.8199,,18.75,16.44
2019-05-16,0.6892,1032.0,62.87,,,72.62,,,97.855,1.1174,2.5,1.2798,1286.2,3.268,275.85,1.74179,2.05464,,,,124.73,10811.62,3765.63,28275.07,3919.07,2065.28,2999.26,1011.15,2126.06,,7580.14,2.639,21062.98,2955.711,3743.96,14.479,2876.32,6.9286,6.8837,7.8496,109.85,2.3944,2.1922,2.8338,,18.26,15.29
2019-05-17,0.6868,1040.0,62.76,,,72.21,,,97.995,1.1158,2.5,1.2724,1275.7,3.266,274.8,1.66821,2.00857,,,,123.49,10688.75,3713.51,27946.46,3782.86,2065.38,3001.26,996.39,2116.51,,7503.68,2.631,21250.09,2882.296,3648.76,14.348,2859.53,6.9491,6.9179,7.85,110.08,2.3909,2.1981,2.8253,,18.98,15.96
2019-05-20,0.6908,1041.0,63.1,,,71.97,,,97.933,1.1166,2.5,1.2726,1277.3,3.273,273.6,1.67671,2.01571,,,,124.05,10633.42,3673.24,27787.61,3696.0,2066.42,2996.91,994.08,2104.64,,7376.7,2.673,21301.73,2870.604,3617.79,14.409,2840.23,6.9398,6.9123,7.8497,110.06,2.4157,2.2208,2.8369,,18.81,16.31
2019-05-21,0.6883,1049.0,62.99,,,72.18,,,98.062,1.1161,2.5,1.2706,1273.2,3.314,272.35,1.68679,2.01786,,,,124.75,10634.62,3667.25,27657.24,3714.06,2068.22,2994.52,998.97,2117.66,,7451.02,2.613,21272.45,2905.969,3666.78,14.373,2864.36,6.934,6.902,7.8496,110.5,2.4264,2.2538,2.8439,,18.21,14.95
2019-05-22,0.6882,1059.0,61.42,,,70.99,,,98.041,1.115,2.5,1.2665,1274.2,3.322,268.6,1.6975,2.0225,,,,124.31,10604.55,3675.06,27705.94,3785.59,2067.91,2998.64,998.0,2111.78,,7420.66,2.543,21283.37,2891.705,3649.38,14.414,2856.27,6.9341,6.9063,7.8498,110.36,2.382,2.2227,2.8076,,18.53,14.75
2019-05-23,0.6901,1068.0,57.91,,,67.76,,,97.856,1.1181,2.5,1.2657,1285.4,3.312,268.65,1.70429,2.02429,,,,125.19,10401.11,3611.04,27267.13,3636.44,2062.8,3011.74,984.81,2087.46,,7307.93,2.578,21151.14,2852.515,3583.96,14.577,2822.24,6.927,6.9105,7.849,109.61,2.3185,2.146,2.7535,,19.68,16.92
2019-05-24,0.6927,1066.0,58.63,,,68.69,,,97.613,1.1203,2.5,1.2714,1283.6,3.309,270.65,1.85095,2.07357,,,,125.67,10445.54,3623.5,27353.93,3641.84,2063.41,3005.59,986.65,2095.03,,7300.96,2.598,21117.22,2852.995,3593.91,14.52,2826.06,6.9168,6.9002,7.8496,109.31,2.3202,2.1641,2.7512,,19.11,15.85
2019-05-27,0.6918,,,,,70.11,,,97.613,1.1194,2.5,1.2679,,3.354,,1.89071,2.07643,,,,126.91,10402.76,3619.05,27288.09,3656.56,,,989.15,2096.43,,,,21182.58,2892.378,3637.2,,,6.9089,6.898,7.8492,109.51,2.3202,2.1641,2.7512,,19.42,
2019-05-28,0.6924,1082.0,59.14,,,70.11,,,97.952,1.116,2.5,1.2653,1277.1,3.323,270.35,1.90786,2.08375,,,,126.8,10416.55,3642.81,27390.81,3717.74,2063.41,3015.5,988.16,2084.57,,7278.38,2.582,21260.14,2909.911,3672.26,14.281,2802.39,6.9216,6.9102,7.8491,109.38,2.2658,2.1244,2.7045,,18.75,17.5
2019-05-29,0.6917,1107.0,58.81,,,69.45,,,98.144,1.1131,2.5,1.2626,1281.0,3.295,267.25,1.9175,2.1025,,,,127.36,10390.45,3624.69,27235.71,3695.02,2057.04,3014.78,985.44,2064.8,,7216.86,2.633,21003.37,2914.696,3663.91,14.372,2783.02,6.933,6.9145,7.8494,109.59,2.2605,2.109,2.6926,,19.5,17.9
2019-05-30,0.6912,1097.0,56.59,,,66.87,,,98.142,1.1129,2.5,1.2608,1287.1,3.295,265.4,1.95643,2.12125,,,,126.36,10450.09,3615.58,27114.88,3670.52,2059.34,3022.01,994.93,2066.48,,7245.4,2.547,20942.53,2905.805,3641.18,14.491,2788.86,6.9291,6.9019,7.8476,109.62,2.2133,2.0609,2.64,,19.49,17.3
2019-05-31,0.6938,1096.0,53.5,2.7,,64.49,1.8,49.4,97.75,1.1169,2.5,1.2629,1305.8,,264.0,1.97607,2.135,2.8,,2.8,126.29,10387.17,3600.8,26901.09,3668.73,2052.37,3033.54,998.0,2046.25,52.6,7127.96,2.454,20601.19,2898.696,3629.79,14.567,2752.06,6.9368,6.905,7.8384,108.29,2.1246,1.9221,2.5685,3.6,20.85,18.71
2019-06-03,0.6977,1103.0,53.25,,,61.28,,,97.142,1.1241,2.5,1.2664,1322.7,3.262,265.0,2.03036,2.13983,,,,126.82,10430.64,3598.86,26893.86,3647.53,2050.42,3043.27,1008.34,2045.06,,6978.02,2.403,20410.88,2890.081,3632.01,14.74,2744.45,6.922,6.9037,7.8361,108.07,2.071,1.8317,2.5311,,20.93,18.86
2019-06-04,0.6991,1122.0,53.48,,,61.97,,,97.072,1.1252,2.5,1.2698,1323.4,3.242,266.9,2.0325,2.14214,,,,127.51,10341.12,3569.93,26761.52,3563.42,2057.94,3036.46,1005.43,2077.66,,7166.75,2.416,20408.54,2862.28,3598.47,14.769,2803.27,6.9244,6.9079,7.8416,108.15,2.1296,1.8834,2.6113,,19.72,16.97
2019-06-05,0.697,1141.0,51.68,,,60.63,,,97.32,1.1221,2.5,1.2687,1328.3,3.242,262.3,2.04679,2.15107,,,,127.8,10345.05,3590.55,26895.44,3618.15,2061.74,3036.62,1004.68,2095.83,,7220.9,2.378,20776.1,2861.418,3597.11,14.791,2826.15,6.9282,6.9089,7.8403,108.46,2.1348,1.8569,2.6465,,17.6,16.09
2019-06-06,0.6977,1138.0,52.59,,,61.67,,,97.044,1.1276,2.5,1.2694,1337.6,3.254,265.05,2.045,2.15554,,,,127.02,10334.32,3593.77,26965.28,3583.56,2064.35,3037.7,1002.75,2104.18,,7275.93,2.324,20774.04,2827.798,3564.68,14.905,2843.49,6.9272,6.9096,7.8405,108.4,2.1174,1.8787,2.6135,,17.03,15.93
2019-06-07,0.7001,1138.0,53.99,,,63.29,,,96.544,1.1334,2.5,1.2737,1341.2,,262.75,,,,,,,,,,,2071.14,3049.92,1007.39,2126.88,,7417.29,2.337,20884.71,,,15.031,2873.34,6.9442,,7.8424,108.19,2.0809,1.8494,2.572,,,16.3
2019-06-10,0.6961,1125.0,53.26,,,62.29,,,96.761,1.1312,2.5,1.2685,1324.7,3.259,266.15,2.05571,2.16125,,,,125.99,10526.92,3672.12,27578.64,3721.4,2076.93,3044.39,1022.03,2135.51,,7501.93,2.357,21134.42,2852.13,3610.74,14.639,2886.73,6.9438,6.9311,7.8429,108.45,2.1484,1.9036,2.6288,,16.94,15.94
2019-06-11,0.6962,1105.0,53.27,,,62.29,,,96.686,1.1326,2.5,1.2725,1326.4,3.267,267.15,2.13679,2.16732,,,,126.54,10620.13,3708.2,27789.34,3795.42,2079.24,3045.95,1031.85,2139.74,,7513.85,2.399,21204.28,2925.716,3719.28,14.74,2885.72,6.9261,6.9114,7.8365,108.52,2.1431,1.9297,2.6149,,16.99,15.99
2019-06-12,0.6928,1080.0,51.14,,,59.97,,,97.0,1.1287,2.5,1.2689,1331.9,3.291,265.4,2.42286,2.38037,,,,126.83,10494.78,3649.76,27308.46,3686.06,2078.23,3046.17,1026.24,2134.42,,7472.29,2.386,21129.72,2909.38,3691.1,14.753,2879.84,6.9281,6.9177,7.8243,108.5,2.1205,1.8786,2.6156,,18.18,15.91
2019-06-13,0.6915,1062.0,52.28,,,61.31,,,97.013,1.1276,2.5,1.2674,1339.2,3.275,265.65,2.62964,2.55607,,,,126.62,10472.44,3647.99,27294.71,3687.83,2079.1,3053.88,1022.08,2136.96,,7510.68,2.325,21032.0,2910.74,3685.39,14.892,2891.64,6.929,6.9216,7.8287,108.38,2.0945,1.8357,2.6002,,18.16,15.82
2019-06-14,0.6872,1085.0,52.51,,,62.01,,,97.572,1.1208,2.5,1.2589,1340.1,3.269,262.95,2.41679,2.39857,,,,126.37,10419.87,3620.02,27118.35,3615.75,2078.61,3053.7,1015.08,2130.95,,7479.11,2.387,21116.89,2881.974,3654.88,14.803,2886.98,6.9306,6.9255,7.8279,108.56,2.0804,1.8405,2.5856,,18.07,15.28
2019-06-17,0.6853,1093.0,51.93,,,60.94,,,97.558,1.1218,2.5,1.2534,1338.7,3.239,264.65,2.41107,2.395,,,,127.13,10428.52,3624.39,27227.16,3609.45,2079.29,3057.12,1010.97,2130.86,,7526.52,2.386,21124.0,2887.622,3654.82,14.829,2889.67,6.9307,6.9258,7.8336,108.54,2.0942,1.8687,2.5827,,17.83,15.35
2019-06-18,0.6877,1135.0,53.9,,,62.14,,,97.644,1.1194,2.5,1.2558,1346.6,3.252,270.3,2.45563,2.40696,,,,126.79,10507.65,3653.11,27498.77,3649.09,2084.31,3067.55,1023.91,2150.91,,7635.4,2.328,20972.71,2890.158,3667.62,14.993,2917.75,6.9028,6.9032,7.8318,108.45,2.0595,1.8643,2.5488,,18.06,15.15
2019-06-19,0.6881,1179.0,53.76,,,61.82,,,97.117,1.1226,2.5,1.2639,1344.6,3.255,268.05,2.43357,2.39214,,,,125.56,10764.7,3741.49,28202.14,3802.38,2087.79,3077.15,1038.27,2161.6,,7667.74,2.276,21333.87,2917.803,3715.94,14.958,2926.46,6.8946,6.9036,7.8242,108.1,2.0233,1.7351,2.5351,,17.76,14.33
2019-06-20,0.6923,1194.0,56.65,,,64.45,,,96.629,1.1293,2.5,1.2702,1392.9,3.255,271.2,2.47214,2.40732,,,,127.58,10922.39,3789.81,28550.43,3840.26,2099.99,3092.89,1053.78,2183.36,,7738.06,2.185,21462.86,2987.119,3828.52,15.492,2954.18,6.8609,6.8519,7.8143,107.3,2.0284,1.7775,2.5401,,17.43,14.75
2019-06-21,0.6926,1239.0,57.43,,,65.2,,,96.22,1.1369,2.5,1.2737,1396.2,,270.45,2.48179,2.40842,,,,127.15,10921.47,3778.04,28473.71,3793.47,2099.64,3085.42,1053.22,2178.16,,7728.78,2.186,21258.64,3001.98,3833.94,15.29,2950.46,6.8653,6.8685,7.8136,107.32,2.054,1.7678,2.5841,,17.4,15.4
2019-06-24,0.6963,1258.0,57.9,,,64.86,,,95.98,1.1399,2.5,1.2743,1414.3,3.248,270.55,2.49786,2.40661,,,,127.4,10952.94,3782.44,28513.0,3784.81,2100.93,3100.14,1053.06,2178.17,,7723.02,2.303,21285.99,3008.148,3841.27,15.377,2945.35,6.8764,6.877,7.8106,107.3,2.0143,1.7324,2.5443,,17.54,15.26
2019-06-25,0.6961,1280.0,57.83,,,65.05,,,96.14,1.1367,2.5,1.2689,1414.9,3.239,273.55,2.53286,2.44767,,,,129.08,10742.41,3738.61,28185.98,3716.32,2097.58,3101.03,1045.3,2163.73,,7591.54,2.308,21193.81,2982.074,3801.31,15.3,2917.38,6.8846,6.8798,7.8104,107.2,1.985,1.7318,2.5192,,18.03,16.28
2019-06-26,0.6985,1317.0,59.38,,,66.49,,,96.214,1.1369,2.5,1.269,1411.6,3.253,271.35,2.535,2.44571,,,,127.98,10766.06,3745.05,28221.98,3731.29,2097.0,3091.31,1047.91,2158.41,,7627.05,2.291,21086.59,2976.284,3794.33,15.294,2913.78,6.8877,6.88,7.8081,107.79,2.0468,1.7689,2.5695,,18.63,16.21
2019-06-27,0.7009,1340.0,59.43,,,66.55,,,96.194,1.1369,2.5,1.2674,1412.0,3.262,271.25,2.54929,2.46643,,,,128.05,10897.13,3797.82,28621.42,3832.35,2096.57,3103.19,1054.86,2166.48,,7657.05,2.324,21338.17,2996.792,3834.82,15.205,2924.92,6.8712,6.8771,7.8152,107.79,2.014,1.7449,2.5292,,17.98,15.82
2019-06-28,0.702,1354.0,58.47,,6.1,66.55,,,96.13,1.1373,2.5,1.2696,1413.7,3.236,270.55,2.53107,2.45648,,0.1,,128.3,10881.85,3790.75,28542.62,3824.67,2099.15,3107.73,1054.86,2178.35,,7671.08,2.308,21275.92,2978.878,3825.59,15.253,2941.76,6.8679,6.8668,7.8107,107.85,2.0051,1.7549,2.5291,,17.48,15.08
2019-06-30,,,,2.7,,,1.6,49.4,,,,,,,,,,3.3,,2.8,,,,,,,,,,51.5,,,,,,,,,,,,,,,3.6,,
2019-07-01,0.6966,1381.0,59.09,,,65.06,,,96.844,1.1286,2.5,1.2641,1389.3,3.229,267.95,,,,,,,,,,,2103.21,3106.53,1064.09,2192.24,,7768.14,2.267,21729.97,3044.903,3935.81,15.106,2964.33,6.8579,6.8517,7.8134,108.45,2.024,1.7872,2.5478,,,14.06
2019-07-02,0.6994,1446.0,56.25,,,62.4,,,96.726,1.1285,2.5,1.2593,1408.0,3.171,265.75,2.48679,2.44036,,,,129.19,10981.23,3844.59,28875.56,3966.67,2103.08,3117.69,1063.64,2198.55,,7799.82,2.24,21754.27,3043.943,3937.17,15.154,2973.01,6.8876,6.8734,7.7987,107.88,1.974,1.7613,2.5013,,15.25,12.93
2019-07-03,0.7029,1549.0,57.34,,,63.82,,,96.768,1.1278,2.5,1.2574,1420.9,3.161,267.95,2.70096,2.54429,,,,128.59,10922.41,3837.56,28855.14,3891.66,2105.2,3124.7,1059.63,2213.35,,7857.69,2.29,21638.16,3015.263,3893.53,15.252,2995.82,6.8849,6.8812,7.7977,107.81,1.9498,1.7596,2.4666,,14.81,12.57
2019-07-04,0.7022,1700.0,,,,63.3,,,96.768,1.1285,2.5,1.2579,,3.16,,2.99429,2.61871,,,,129.0,10913.39,3833.09,28795.77,3863.72,,,1064.63,2215.17,,,,21702.45,3005.249,3873.1,,,6.8744,6.8716,7.7869,107.82,1.9498,1.7596,2.4666,,14.25,
2019-07-05,0.698,1740.0,57.51,,,64.23,,,97.286,1.1225,2.5,1.2521,1400.1,3.178,265.85,2.97964,2.65643,,,,129.15,10895.1,3830.69,28774.83,3834.65,2104.62,3105.1,1059.93,2205.57,,7841.3,2.418,21746.38,3011.059,3893.2,14.918,2990.41,6.8956,6.8936,7.7949,108.47,2.0338,1.8593,2.5419,,14.7,13.28
2019-07-08,0.6972,1725.0,57.66,,,64.11,,,97.384,1.1214,2.5,1.2515,1400.0,3.186,265.6,2.685,2.60357,,,,128.12,10725.2,3771.13,28331.69,3734.36,2104.05,3109.14,1046.25,2194.62,,7785.79,2.403,21534.35,2933.363,3802.79,14.972,2975.95,6.8891,6.8819,7.7993,108.72,2.0476,1.89,2.529,,15.58,13.96
2019-07-09,0.6928,1759.0,57.83,,,64.16,,,97.489,1.1208,2.5,1.2465,1400.5,3.169,262.45,2.66107,2.595,,,,129.0,10650.63,3744.96,28116.28,3693.79,2101.75,3103.17,1042.47,2193.65,,7826.86,2.425,21565.15,2928.229,3793.13,15.068,2979.63,6.8957,6.888,7.8079,108.85,2.0648,1.9066,2.5404,,15.83,14.09
2019-07-10,0.6959,1777.0,60.43,,,67.01,,,97.104,1.1251,2.5,1.2502,1412.5,3.177,269.3,2.47,2.49429,,,,127.74,10701.92,3763.87,28204.69,3738.5,2104.27,3101.21,1048.95,2201.14,,7903.4,2.444,21533.48,2915.302,3786.74,15.147,2993.07,6.8725,6.8729,7.8185,108.46,2.0613,1.8277,2.5758,,15.52,13.03
2019-07-11,0.6974,1816.0,60.2,,,66.52,,,97.05,1.1254,2.5,1.2521,1406.7,3.173,268.25,2.37893,2.44737,,,,127.7,10784.01,3784.33,28431.8,3734.47,2103.14,3090.38,1055.15,2205.35,,7896.78,2.416,21643.53,2917.761,3785.22,15.067,2999.91,6.8764,6.8702,7.8227,108.5,2.1378,1.8625,2.6593,,14.69,12.93
2019-07-12,0.702,1865.0,60.21,,,66.72,,,96.81,1.127,2.5,1.2572,1412.2,3.157,269.15,2.18393,2.35536,,,,128.33,10788.34,3782.54,28471.62,3722.88,2103.46,3093.67,1050.91,2212.65,,7943.24,2.453,21685.9,2930.546,3808.73,15.161,3013.77,6.879,6.8808,7.8249,107.91,2.1219,1.8471,2.6467,,14.21,12.39
2019-07-15,0.7039,1928.0,59.58,,,66.48,,,96.933,1.1258,2.5,1.2516,1413.5,3.186,270.75,1.90929,2.21018,,,,128.29,10838.99,3795.34,28554.88,3773.61,2105.26,3098.06,1057.75,2214.34,,7966.93,2.408,,2942.185,3824.19,15.29,3014.3,6.8736,6.8778,7.8264,107.91,2.0887,1.829,2.6106,,14.78,12.68
2019-07-16,0.7012,2011.0,57.62,,,64.35,,,97.395,1.1211,2.5,1.2407,1411.2,3.178,269.35,1.84071,2.20535,,,,127.31,10865.52,3804.95,28619.62,3781.81,2104.97,3092.38,1060.38,2208.09,,7927.08,2.306,21535.25,2937.617,3806.85,15.6,3004.04,6.8814,6.8763,7.8174,108.24,2.1026,1.8498,2.6121,,14.6,12.86
2019-07-17,0.701,2064.0,56.78,,,63.66,,,97.223,1.1224,2.5,1.2433,1423.3,3.178,271.0,1.81607,2.21071,,,,126.79,10847.91,3804.34,28593.17,3777.03,2103.68,3104.98,1054.9,2197.94,,7888.76,2.304,21469.18,2931.693,3804.64,15.893,2984.42,6.8773,6.8736,7.8145,107.95,2.0451,1.8111,2.5568,,14.59,13.97
2019-07-18,0.7075,2130.0,55.3,,,61.93,,,96.794,1.1277,2.5,1.2549,1428.1,3.163,270.4,1.87214,2.22125,,,,126.96,10784.55,3783.89,28461.66,3732.2,2100.03,3108.44,1051.72,2198.4,,7904.13,2.287,21046.24,2901.177,3768.4,16.12,2995.11,6.8741,6.88,7.8158,107.3,2.0242,1.7559,2.564,,15.72,13.53
2019-07-19,0.7042,2170.0,55.63,,,62.47,,,97.151,1.1221,2.5,1.2502,1426.7,3.161,274.45,1.9075,2.22642,,,,126.66,10909.41,3822.62,28765.4,3793.49,2100.31,3108.76,1057.49,2194.61,,7834.9,2.251,21466.99,2924.201,3807.96,16.117,2976.61,6.8834,6.8821,7.808,107.71,2.0552,1.8183,2.5792,,15.18,14.45
2019-07-22,0.7036,2191.0,56.22,,,63.26,,,97.257,1.1209,2.5,1.2476,1426.9,3.151,271.45,2.01321,2.25679,,,,127.79,10770.31,3773.67,28371.26,3758.62,2102.22,3112.78,1053.81,2197.67,,7905.12,2.312,21416.79,2886.974,3781.68,16.34,2985.03,6.884,6.8812,7.8096,107.87,2.0464,1.8123,2.5712,,17.67,13.53
2019-07-23,0.7005,2165.0,56.77,,,63.83,,,97.705,1.1152,2.5,1.244,1421.7,3.156,269.4,2.04571,2.25839,,,,127.62,10809.92,3782.92,28466.48,3825.32,2104.79,3109.56,1055.49,2209.59,,7954.56,2.3,21620.88,2899.945,3789.91,16.405,3005.47,6.8849,6.8792,7.8107,108.23,2.0812,1.8374,2.6156,,16.66,12.61
2019-07-24,0.6977,2014.0,55.88,,,63.18,,,97.729,1.114,2.5,1.2484,1423.6,3.17,270.4,2.06393,2.26875,,,,128.57,10858.88,3793.87,28524.04,3877.03,2107.46,3116.79,1055.34,2217.75,,8010.61,2.22,21709.57,2923.278,3819.83,16.554,3019.56,6.8761,6.8719,7.8147,108.19,2.0428,1.8179,2.5726,,16.68,12.07
2019-07-25,0.6951,1947.0,56.02,,,63.39,,,97.818,1.1147,2.5,1.2458,1414.7,3.168,269.55,1.99143,2.26643,,,,128.13,10930.36,3809.45,28594.3,3934.76,2108.26,3113.79,1054.29,2206.92,,7929.87,2.244,21756.55,2937.36,3851.07,16.339,3003.67,6.8734,6.8726,7.8167,108.63,2.081,1.8639,2.6083,,17.44,12.74
2019-07-26,0.6911,1937.0,56.2,,,63.46,,,98.01,1.1128,2.5,1.2384,1419.3,3.173,267.65,1.95786,2.26571,,,,128.88,10853.17,3781.07,28397.74,3885.61,2110.65,3114.92,1048.66,2215.71,,8016.95,2.169,21658.15,2944.541,3858.57,16.325,3025.86,6.8806,6.8795,7.8193,108.68,2.0703,1.8519,2.5922,,18.08,12.16
2019-07-29,0.6902,1922.0,56.87,,,63.71,,,98.044,1.1145,2.5,1.2219,1420.4,3.183,270.95,1.9575,2.28786,,,,129.11,10780.59,3752.16,28106.41,3875.28,2111.24,3120.45,1045.73,2212.5,,7989.08,2.141,21616.8,2941.007,3854.27,16.368,3020.97,6.8926,6.8934,7.8224,108.78,2.065,1.8579,2.5907,,18.72,12.83
2019-07-30,0.6872,1899.0,58.05,,,64.72,,,98.05,1.1155,2.5,1.2152,1429.7,3.181,267.85,1.97929,2.28753,,,,129.69,10818.35,3756.97,28146.5,3879.37,2109.43,3116.61,1043.15,2203.4,,7952.47,2.137,21709.31,2952.338,3870.32,16.558,3013.18,6.8895,6.8845,7.8237,108.61,2.058,1.8459,2.5798,,17.28,13.94
2019-07-31,0.6845,1868.0,58.58,2.8,,65.17,1.8,49.7,98.516,1.1076,2.25,1.2159,1426.1,3.16,266.6,1.92786,2.27814,3.3,,2.9,130.21,10675.31,3711.04,27777.75,3842.92,2110.98,3125.11,1037.01,2187.56,51.0,7848.78,2.233,21521.53,2932.506,3835.36,16.405,2980.38,6.9099,6.8844,7.8279,108.78,2.0144,1.8721,2.5249,3.7,17.31,16.12
2019-08-01,0.68,1812.0,53.95,,,60.5,,,98.369,1.1085,2.25,1.2128,1420.9,3.151,266.55,1.84482,2.26286,,,,129.62,10621.57,3689.68,27565.7,3827.56,2109.4,3147.6,1024.56,2173.18,,7801.15,2.202,21540.99,2908.766,3803.47,16.18,2953.56,6.9545,6.8987,7.8257,107.34,1.8935,1.734,2.442,,16.45,17.87
2019-08-02,0.6801,1788.0,55.66,,,61.89,,,98.074,1.1108,2.25,1.2162,1445.6,3.103,257.15,1.82679,2.25821,,,,129.99,10348.63,3598.05,26918.58,3644.03,2104.13,3149.78,1003.76,2149.99,,7692.8,2.121,21087.16,2867.838,3747.44,16.27,2932.05,6.976,6.9405,7.8267,106.59,1.8452,1.7118,2.382,,19.94,17.61
2019-08-05,0.6756,1774.0,54.69,,,59.81,,,97.522,1.1203,2.25,1.2143,1464.6,3.068,254.4,2.01853,2.27536,,,,129.2,10081.64,3494.57,26151.32,3534.81,2089.56,3161.33,973.0,2097.32,,7415.69,2.07,20720.29,2821.496,3675.69,16.393,2844.74,7.0987,7.0507,7.8464,105.95,1.7075,1.5733,2.2543,,22.27,24.59
2019-08-06,0.6761,1734.0,53.63,,,58.94,,,97.63,1.1199,2.25,1.2171,1472.4,3.074,255.75,2.51536,2.47482,,,,129.36,10012.24,3462.89,25976.24,3505.88,2092.71,3164.48,972.67,2109.2,,7521.32,2.111,20585.31,2777.556,3636.33,16.445,2881.77,7.0538,7.0254,7.8377,106.47,1.7023,1.583,2.233,,23.35,20.17
2019-08-07,0.6757,1712.0,51.09,,,56.23,,,97.544,1.1199,2.25,1.2143,1507.3,3.05,257.1,1.95714,2.32571,,,,129.12,9993.34,3468.63,25997.03,3515.76,2088.37,3173.16,972.65,2114.05,,7551.9,2.083,20516.56,2768.679,3621.43,17.196,2883.98,7.0859,7.0602,7.8407,106.27,1.7342,1.6069,2.2522,,21.32,19.49
2019-08-08,0.6802,1720.0,52.54,,,57.38,,,97.618,1.118,2.25,1.2133,1497.7,3.05,260.75,1.88589,2.29714,,,,129.65,10041.62,3496.08,26120.77,3571.13,2097.71,3170.93,984.3,2146.91,,7724.83,2.128,20593.35,2794.552,3669.29,16.936,2938.09,7.0766,7.0451,7.8411,106.07,1.7172,1.6188,2.2243,,20.75,16.91
2019-08-09,0.6786,1748.0,54.5,,,58.53,,,97.491,1.12,2.25,1.2033,1496.6,3.027,258.9,1.75464,2.23854,,,,130.0,9993.84,3470.52,25939.3,3554.13,2097.57,3167.28,981.19,2135.34,,7646.27,2.119,20684.82,2774.753,3633.53,16.931,2918.65,7.0984,7.062,7.8425,105.69,1.7447,1.6466,2.2586,,20.75,17.97
2019-08-12,0.6752,1774.0,54.93,,,58.57,,,97.38,1.1214,2.25,1.2076,1505.3,3.027,258.5,1.72393,2.25946,,,,131.2,9997.94,3461.2,25824.72,3591.74,2096.36,3188.89,974.48,2117.65,,7561.68,2.105,,2814.994,3699.1,17.071,2883.75,7.103,7.0578,7.8468,105.3,1.6454,1.5837,2.1325,,19.6,21.09
2019-08-13,0.6799,1864.0,57.1,,,61.3,,,97.812,1.1171,2.25,1.206,1502.2,3.011,263.0,1.81929,2.27982,,,,131.6,9846.64,3388.6,25281.3,3492.81,2099.73,3181.38,968.87,2134.54,,7728.15,2.147,20455.44,2797.26,3665.75,16.985,2926.32,7.0126,7.0434,7.8459,106.74,1.7035,1.6666,2.1633,,23.36,17.52
2019-08-14,0.6748,1950.0,55.23,,,59.48,,,97.987,1.1139,2.25,1.206,1515.9,3.015,259.2,1.83071,2.27875,,,,132.6,9866.18,3397.49,25302.28,3575.14,2090.56,3197.27,964.43,2086.26,,7490.13,2.143,20655.13,2808.915,3682.4,17.28,2840.6,7.0533,7.0237,7.8453,105.91,1.5792,1.5771,2.018,,23.65,22.1
2019-08-15,0.6775,2047.0,54.47,,,58.23,,,98.144,1.1107,2.25,1.2088,1519.6,3.014,259.5,2.14286,2.35,,,,132.17,9903.41,3408.24,25495.46,3555.48,2090.32,3205.68,963.52,2082.84,,7484.89,2.232,20405.65,2815.798,3694.0,17.214,2847.6,7.0494,7.034,7.8412,106.12,1.5269,1.4957,1.9729,,23.57,21.18
2019-08-16,0.6779,2088.0,54.87,,,58.64,,,98.142,1.109,2.25,1.2149,1512.5,3.024,259.5,2.26286,2.38375,,,,130.91,9964.3,3437.18,25734.22,3587.54,2093.93,3204.96,970.27,2108.5,,7604.11,2.2,20418.81,2823.824,3710.54,17.122,2888.68,7.0446,7.0428,7.8432,106.38,1.5538,1.4763,2.0348,,24.25,18.47
2019-08-19,0.6764,2067.0,56.21,,,59.74,,,98.347,1.1078,2.25,1.2126,1500.4,3.021,260.15,1.99232,2.29946,,,,131.14,10109.15,3515.73,26291.84,3704.29,2099.25,3194.16,977.73,2131.81,,7719.32,2.21,20563.16,2883.096,3791.09,16.94,2923.65,7.0721,7.0507,7.8447,106.64,1.6063,1.5453,2.0874,,22.92,16.88
2019-08-20,0.6778,2059.0,56.34,,,60.03,,,98.19,1.11,2.25,1.217,1504.6,3.032,257.8,1.95536,2.32857,,,,130.33,10132.77,3513.08,26231.54,3753.37,2101.43,3205.36,980.11,2119.57,,7664.47,2.218,20677.22,2880.001,3787.73,17.148,2900.51,7.0709,7.0605,7.8426,106.23,1.5555,1.5123,2.0375,,21.17,17.5
2019-08-21,0.6781,2061.0,55.68,,,60.3,,,98.295,1.1085,2.25,1.213,1504.6,3.058,258.55,1.9575,2.34071,,,,129.98,10177.29,3520.33,26270.04,3742.43,2107.72,3207.81,983.14,2135.52,,7733.22,2.17,20618.57,2880.331,3781.76,17.151,2924.43,7.0672,7.0627,7.8433,106.62,1.5893,1.5733,2.0723,,20.94,15.8
2019-08-22,0.6757,2118.0,55.35,,,59.92,,,98.17,1.108,2.25,1.2251,1497.3,3.058,255.75,1.93375,2.34817,,,,129.72,10122.9,3497.96,26048.72,3724.53,2110.9,3201.51,975.66,2131.68,,7707.43,2.159,20628.01,2883.436,3793.51,17.04,2922.95,7.0894,7.0833,7.8403,106.44,1.6131,1.6121,2.1047,,20.44,16.68
2019-08-23,0.6756,2168.0,54.17,,,59.34,,,97.64,1.1144,2.25,1.2266,1526.6,3.072,253.0,1.98893,2.35107,,,,129.74,10194.73,3516.5,26179.33,3739.12,2109.08,3218.84,973.66,2094.63,,7465.0,2.152,20710.91,2897.425,3820.86,17.413,2847.11,7.1315,7.0955,7.8426,105.39,1.5351,1.5332,2.0252,,20.37,19.87
2019-08-26,0.6775,,53.64,,,58.7,,,98.081,1.1102,2.25,1.2217,1526.3,3.053,254.35,1.99107,2.3525,,,,129.15,10013.51,3451.61,25680.33,3697.37,2111.76,3213.55,960.81,2105.22,,7575.02,2.23,20261.04,2863.567,3765.91,17.641,2878.38,7.1666,7.1512,7.8447,106.12,1.5351,1.5391,2.0354,,23.97,19.32
2019-08-27,0.6752,2213.0,54.93,,,59.51,,,97.999,1.109,2.25,1.229,1541.0,3.054,254.75,1.93857,2.34929,,,,130.03,9996.19,3455.2,25664.07,3687.33,2113.99,3228.12,964.59,2104.85,,7566.03,2.202,20456.08,2902.193,3816.95,18.153,2869.16,7.1666,7.1617,7.8473,105.75,1.4711,1.5223,1.9501,,24.05,20.31
2019-08-28,0.6734,2267.0,55.78,,,60.49,,,98.21,1.1078,2.25,1.2212,1537.8,3.056,255.4,1.8875,2.3275,,,,129.54,9980.73,3447.28,25615.48,3659.98,2115.85,3231.2,965.35,2111.92,,7587.9,2.251,20479.42,2893.756,3802.58,18.318,2887.94,7.1691,7.1652,7.8451,106.12,1.4794,1.5,1.9714,,24.09,19.35
2019-08-29,0.6728,2277.0,56.71,,,61.08,,,98.507,1.1057,2.25,1.2181,1530.5,3.035,255.95,1.90786,2.32978,,,,129.29,9992.64,3453.9,25703.5,3647.28,2118.61,3221.71,970.08,2133.08,,7702.31,2.296,20460.93,2890.919,3790.19,18.167,2924.58,7.1439,7.1445,7.846,106.52,1.4945,1.52,1.964,,23.69,17.88
2019-08-30,0.6733,2378.0,55.1,,,60.43,,,98.916,1.0982,2.25,1.2156,1523.0,3.061,253.3,1.93804,2.33321,,,,128.58,10083.2,3463.44,25724.73,3678.96,2119.43,3223.39,984.33,2138.52,,7691.0,2.285,20704.37,2886.237,3799.59,18.185,2926.46,7.1623,7.156,7.842,106.28,1.4961,1.504,1.9626,,24.15,18.98
2019-08-31,,,,2.8,,,1.7,49.5,,,,,,,,,,3.5,,2.9,,,,,,,,,,48.5,,,,,,,,,,,,,,,3.6,,
2019-09-02,0.6716,2442.0,,,,58.66,,,98.916,1.097,2.25,1.2066,,3.081,,1.985,2.34036,,,,128.63,10103.36,3459.81,25626.55,3692.84,2119.43,3223.39,983.76,2136.58,,,,20620.19,2924.106,3848.32,,,7.194,7.172,7.842,106.24,1.4961,1.504,1.9626,,23.89,
2019-09-03,0.676,2501.0,53.94,,,58.26,,,99.0,1.0974,2.25,1.2081,1549.6,3.069,251.25,2.00393,2.34214,,,,129.35,10035.78,3441.96,25527.85,3715.6,2116.84,3227.84,973.27,2126.92,,7609.51,2.358,20625.16,2930.154,3853.61,19.079,2906.27,7.178,7.1789,7.8443,105.94,1.4573,1.452,1.9526,,23.27,19.66
2019-09-04,0.6797,2518.0,56.26,,,60.7,,,98.451,1.1035,2.25,1.2253,1554.0,3.047,257.9,1.90429,2.33815,,,,128.36,10288.19,3553.26,26523.23,3764.02,2119.67,3229.84,990.61,2149.8,,7719.25,2.445,20649.14,2957.412,3886.0,19.391,2937.78,7.1471,7.146,7.8407,106.39,1.4657,1.4319,1.9699,,21.3,17.33
2019-09-05,0.6815,2499.0,56.3,,,60.95,,,98.414,1.1035,2.25,1.2334,1519.0,3.018,262.45,1.81,2.29653,,,,127.8,10384.14,3565.34,26515.53,3885.72,2122.72,3207.42,1003.01,2174.27,,7862.54,2.435,21085.94,2985.865,3925.32,18.656,2976.0,7.1378,7.1492,7.838,106.94,1.5586,1.526,2.0495,,21.3,16.27
2019-09-06,0.6846,2462.0,56.52,,,61.54,,,98.394,1.1029,2.25,1.2283,1509.0,3.01,261.55,1.75643,2.24536,,,,128.36,10430.67,3589.31,26690.76,3940.03,2125.15,3215.52,1007.96,2178.9,,7852.54,2.496,21199.57,2999.601,3948.51,17.968,2978.71,7.1064,7.1164,7.8394,106.92,1.5602,1.5402,2.025,,20.29,15.0
2019-09-09,0.6862,2422.0,57.85,,,62.59,,,98.281,1.1048,2.25,1.2346,1504.5,3.027,261.05,1.76357,2.26589,,,,129.99,10417.39,3584.32,26681.4,3974.42,2127.66,3201.19,1010.58,2178.41,,7832.4,2.585,21318.42,3024.739,3972.95,18.019,2978.43,7.1178,7.122,7.8392,107.24,1.6438,1.5928,2.1281,,19.47,15.27
2019-09-10,0.6861,2393.0,57.4,,,62.38,,,98.326,1.1043,2.25,1.235,1492.7,3.045,261.05,1.83393,2.27357,,,,130.22,10403.34,3580.54,26683.68,3929.23,2129.65,3180.96,1008.13,2179.43,,7814.74,2.58,21392.1,3021.202,3959.27,18.041,2979.39,7.1094,7.1126,7.8398,107.54,1.7316,1.676,2.2163,,18.76,15.2
2019-09-11,0.6862,2366.0,55.75,,,60.81,,,98.645,1.101,2.25,1.2326,1496.6,3.057,259.75,1.87679,2.27865,,,,128.34,10565.01,3631.27,27159.06,3923.79,2129.21,3176.25,1017.04,2194.42,,7887.58,2.552,21597.76,3008.812,3930.1,18.031,3000.93,7.1086,7.1158,7.8385,107.82,1.7385,1.6742,2.2213,,18.65,14.61
2019-09-12,0.6866,2331.0,55.09,,,60.38,,,98.309,1.1065,2.25,1.2335,1500.8,3.089,262.35,1.85536,2.28214,,,,129.46,10592.37,3635.42,27087.63,3992.8,2130.38,3166.58,1022.33,2201.81,,7917.34,2.574,21759.61,3031.235,3972.38,18.041,3009.57,7.0685,7.0793,7.8244,108.1,1.7715,1.7192,2.2557,,18.34,14.22
2019-09-13,0.6879,2312.0,54.85,,,60.22,,,98.257,1.1073,2.25,1.2501,1492.9,,268.1,1.96792,2.27464,,,,128.14,10687.75,3672.61,27352.69,4030.21,2129.21,3143.98,1026.61,2205.81,,7892.96,2.614,21988.29,,,17.436,3007.39,7.0467,,7.82,108.09,1.8958,1.7999,2.3708,,18.09,13.74
2019-09-16,0.6865,2311.0,62.9,,,69.02,,,98.61,1.1001,2.25,1.2431,1504.8,3.092,262.1,1.99214,2.26871,,,,128.72,10628.25,3644.24,27124.55,4031.38,2133.88,3158.8,1027.08,2195.88,,7852.41,2.681,,3030.754,3957.72,17.901,2997.96,7.0621,7.0673,7.8192,108.12,1.8467,1.7593,2.3183,,18.78,14.67
2019-09-17,0.6866,2283.0,59.34,,,64.55,,,98.261,1.1073,2.25,1.25,1506.9,3.105,260.95,2.00107,2.28357,,,,128.09,10502.37,3599.34,26790.24,3948.48,2134.04,3164.4,1018.93,2201.77,,7888.79,2.668,22001.32,2978.118,3891.22,18.016,3005.7,7.0858,7.0922,7.8223,108.13,1.8013,1.7248,2.268,,18.99,14.44
2019-09-18,0.6828,2266.0,58.11,,,63.6,,,98.561,1.103,2.0,1.2472,1509.1,3.127,259.55,2.00714,2.28821,,,,128.31,10478.5,3605.27,26754.12,4035.29,2133.22,3172.37,1021.36,2201.02,,7888.56,2.637,21960.71,2985.659,3910.08,17.795,3006.73,7.0833,7.086,7.8306,108.45,1.7961,1.7621,2.242,,19.05,13.95
2019-09-19,0.6792,2192.0,58.13,,,64.4,,,98.272,1.1041,2.0,1.2526,1499.5,3.105,259.1,1.99286,2.285,,,,129.57,10385.35,3572.18,26468.95,4065.5,2133.85,3180.26,1016.57,2204.67,,7901.79,2.538,22044.45,2999.279,3924.38,17.773,3006.79,7.1028,7.0965,7.8313,108.02,1.784,1.7378,2.2277,,18.73,14.05
2019-09-20,0.6766,2131.0,58.09,,,64.28,,,98.513,1.1017,2.0,1.2478,1508.0,3.099,259.0,2.0025,2.28179,,,,129.93,10375.65,3571.07,26435.67,4080.69,2134.09,3186.51,1021.27,2197.55,,7823.55,2.534,22079.09,3006.447,3935.65,17.738,2992.07,7.1243,7.0916,7.8367,107.56,1.7215,1.683,2.1616,,18.57,15.32
2019-09-23,0.6773,2108.0,58.64,,,64.77,,,98.599,1.0993,2.0,1.2429,1524.0,3.104,259.45,1.995,2.28071,,,,129.43,10287.92,3536.2,26222.4,4014.88,2134.83,3197.97,1015.23,2193.74,,7818.61,2.527,,2977.077,3890.66,18.6,2991.78,7.1098,7.118,7.8388,107.55,1.7267,1.6812,2.1729,,19.31,14.91
2019-09-24,0.6801,2116.0,57.29,,,63.1,,,98.337,1.102,2.0,1.2487,1532.6,3.12,258.95,1.87875,2.24893,,,,130.39,10271.03,3537.64,26281.0,4024.03,2134.03,3211.52,1011.35,2182.07,,7710.04,2.503,22098.84,2985.341,3901.08,18.517,2966.6,7.1061,7.1164,7.8404,107.07,1.6456,1.6256,2.1036,,18.65,17.05
2019-09-25,0.6751,2053.0,56.49,,,62.39,,,99.037,1.0943,2.0,1.2353,1505.1,3.119,259.5,1.85714,2.24071,,,,130.78,10168.78,3494.18,25945.35,3930.59,2130.83,3187.37,1005.56,2184.56,,7803.54,2.502,22020.15,2955.433,3870.98,17.962,2984.87,7.1272,7.1315,7.8391,107.77,1.7372,1.6795,2.1863,,20.42,15.96
2019-09-26,0.6749,1963.0,56.41,,,62.74,,,99.132,1.0921,2.0,1.2328,1507.9,3.135,256.0,1.88821,2.24929,,,,129.93,10212.27,3505.13,26041.93,3947.68,2129.51,3199.19,1009.3,2183.46,,7771.99,2.428,22048.24,2929.087,3841.14,17.801,2977.62,7.1245,7.1326,7.8382,107.83,1.6921,1.6555,2.1419,,19.98,16.07
2019-09-27,0.6764,1857.0,55.91,,,61.91,,,99.109,1.094,2.0,1.2292,1499.1,3.146,259.75,1.89268,2.25464,,,,130.8,10148.77,3494.46,25954.81,3944.41,2127.36,3200.87,1001.5,2175.54,,7681.58,2.404,21878.9,2932.167,3852.65,17.652,2961.79,7.1382,7.1228,7.8401,107.92,1.6801,1.6315,2.1286,,19.88,17.22
2019-09-30,0.675,1823.0,54.07,3.0,6.0,60.78,1.7,49.8,99.377,1.0899,2.0,1.2289,1465.7,3.141,257.85,1.88357,2.26286,3.2,-3.2,2.9,128.68,10200.97,3506.69,26092.27,3909.73,2127.15,3202.42,1001.0,2180.02,48.1,7749.45,2.33,21755.84,2905.189,3814.53,16.998,2976.74,7.1413,7.1483,7.8389,108.08,1.6646,1.6217,2.1105,3.5,20.25,16.24
2019-10-01,0.6704,1809.0,53.62,,,58.89,,,99.128,1.0933,2.0,1.2302,1482.0,,256.05,,,,,,,,,,,2125.47,3208.72,998.48,2158.47,,7684.14,2.283,21885.24,,,17.302,2940.25,7.147,,7.8428,107.75,1.6353,1.5459,2.0925,,,18.56
2019-10-02,0.6707,1803.0,52.64,,,57.69,,,99.019,1.0959,2.0,1.2303,1501.0,,257.05,1.83607,2.25964,,,,128.53,10182.97,3501.83,26042.69,3953.24,2116.97,3210.99,989.2,2121.47,,7550.79,2.247,21778.61,,,17.683,2887.61,7.1483,,7.8439,107.18,1.5992,1.478,2.0876,,20.59,20.56
2019-10-03,0.6742,1757.0,52.45,,,57.71,,,98.864,1.0965,2.0,1.2332,1507.1,,255.35,1.76964,2.24357,,,,128.32,10220.98,3510.67,26110.31,3984.88,2114.65,3223.27,992.28,2131.36,,7638.4,2.329,21341.74,,,17.676,2910.63,7.1284,,7.8417,106.92,1.5341,1.3901,2.0321,,20.14,19.12
2019-10-04,0.6771,1767.0,52.81,,,58.37,,,98.808,1.0979,2.0,1.2331,1506.2,,256.25,1.72714,2.23893,,,,129.21,10147.33,3488.11,25821.03,3983.44,2116.98,3229.18,996.58,2153.82,,7754.1,2.352,21410.2,,,17.625,2952.01,7.1126,,7.8395,106.94,1.529,1.4036,2.0151,,20.7,17.04
2019-10-07,0.6733,1770.0,52.75,,,58.35,,,98.967,1.0971,2.0,1.2293,1497.7,,257.7,,,,,,,,,,,2118.99,3221.11,994.16,2151.82,,7725.13,2.303,21375.25,,,17.54,2938.79,7.1345,,7.843,107.26,1.558,1.4617,2.0484,,,17.86
2019-10-08,0.6728,1801.0,52.63,,,58.24,,,99.133,1.0957,2.0,1.2219,1497.2,3.11,256.85,1.87571,2.25321,,,,129.79,10201.34,3499.6,25893.4,3971.4,2116.04,3220.93,993.95,2124.15,,7604.27,2.288,21587.78,2913.57,3837.68,17.7,2893.06,7.1642,7.1444,7.8447,107.09,1.5289,1.4194,2.0293,,20.75,20.28
2019-10-09,0.6725,1873.0,52.59,,,58.32,,,99.118,1.0971,2.0,1.2206,1506.1,3.122,256.8,1.86286,2.2425,,,,130.65,10169.33,3474.69,25682.81,3927.76,2117.8,3212.13,993.01,2137.62,,7690.53,2.234,21456.38,2924.857,3843.24,17.81,2919.4,7.138,7.1322,7.8456,107.48,1.5836,1.4657,2.0841,,21.09,18.64
2019-10-10,0.6761,1929.0,53.55,,,59.1,,,98.701,1.1005,2.0,1.2443,1494.8,3.13,261.35,1.78857,2.24857,,,,130.48,10218.49,3487.73,25707.93,4053.16,2118.76,3198.93,996.5,2150.16,,7740.36,2.218,21551.98,2947.711,3874.64,17.602,2938.13,7.1043,7.1163,7.8425,107.98,1.6681,1.5424,2.1615,,20.91,17.57
2019-10-11,0.6794,1924.0,54.7,,,60.51,,,98.301,1.1042,2.0,1.2668,1482.7,3.156,262.8,1.73286,2.23107,,,,129.7,10452.58,3557.49,26308.44,4092.87,2123.47,3188.32,1011.54,2179.33,,7843.88,2.214,21798.87,2973.656,3911.73,17.544,2970.27,7.0811,7.0883,7.8433,108.29,1.729,1.5914,2.1941,,20.04,15.58
2019-10-14,0.6775,1916.0,53.59,,,59.35,,,98.454,1.1027,2.0,1.2608,1491.7,3.164,263.4,1.73214,2.22857,,,,130.38,10507.85,3586.39,26521.85,4117.73,,,1017.45,2175.28,,7842.33,2.28,,3007.883,3953.24,17.71,2966.15,7.0693,7.0675,7.8456,108.4,1.729,1.5914,2.1941,,18.87,14.57
2019-10-15,0.6753,1898.0,52.81,,,58.74,,,98.288,1.1033,2.0,1.2787,1477.6,3.166,261.4,1.62786,2.17893,,,,129.92,10500.17,3583.98,26503.93,4119.93,2128.05,3190.52,1019.25,2196.61,,7942.85,2.339,22207.21,2991.046,3936.25,17.384,2995.68,7.0844,7.0817,7.8453,108.86,1.771,1.618,2.2348,,17.99,13.54
2019-10-16,0.6759,1897.0,53.36,,,59.42,,,98.002,1.1072,2.0,1.2832,1488.0,3.166,258.95,1.56643,2.14732,,,,129.43,10532.17,3602.69,26664.28,4131.87,2129.77,3195.26,1024.08,2195.35,,7920.21,2.303,22472.92,2978.712,3922.69,17.427,2989.69,7.0998,7.0933,7.845,108.76,1.7395,1.5835,2.2248,,18.17,13.68
2019-10-17,0.6824,1861.0,53.93,,,59.91,,,97.607,1.1125,2.0,1.2891,1492.3,3.164,259.75,1.53821,2.13286,,,,129.26,10588.17,3622.97,26848.49,4158.26,2131.52,3195.96,1028.39,2201.92,,7942.14,2.318,22451.86,2977.334,3925.22,17.612,2997.95,7.0812,7.0775,7.8442,108.66,1.7518,1.5999,2.2341,,17.6,13.79
2019-10-18,0.6856,1855.0,53.78,,,59.42,,,97.282,1.1167,2.0,1.2984,1488.2,3.186,263.6,1.56179,2.13027,,,,128.64,10540.04,3608.58,26719.58,4190.47,2131.81,3198.77,1024.02,2195.28,,7868.49,2.32,22492.68,2938.141,3869.38,17.578,2986.2,7.0715,7.0817,7.843,108.45,1.7536,1.5736,2.2492,,17.29,14.25
2019-10-21,0.6868,1846.0,53.31,,,58.96,,,97.328,1.115,2.0,1.296,1482.4,3.217,264.65,1.62929,2.13275,,,,129.34,10543.41,3613.87,26725.68,4203.71,2133.38,3194.21,1028.51,2209.34,,7940.33,2.238,22548.9,2939.618,3880.84,17.602,3006.72,7.0699,7.076,7.8429,108.62,1.7993,1.621,2.2913,,16.72,14.0
2019-10-22,0.6855,1806.0,54.16,,,59.7,,,97.526,1.1125,2.0,1.2872,1481.7,3.222,263.3,1.65286,2.13321,,,,129.31,10526.86,3612.04,26786.2,4170.94,2133.56,3202.75,1034.08,2204.29,,7874.62,2.272,,2954.38,3895.88,17.5,2995.99,7.0759,7.0769,7.8426,108.49,1.7607,1.5944,2.2521,,16.23,14.46
2019-10-23,0.6853,1779.0,55.97,,,61.17,,,97.491,1.113,2.0,1.2912,1489.9,3.21,267.15,1.68607,2.12161,,,,129.52,10451.7,3582.1,26566.73,4125.16,2134.63,3202.42,1030.95,2208.28,,7889.47,2.282,22625.38,2941.619,3871.08,17.58,3004.52,7.0611,7.065,7.8414,108.69,1.7642,1.5817,2.2543,,16.32,14.01
2019-10-24,0.6819,1785.0,56.23,,,61.67,,,97.631,1.1104,2.0,1.2851,1498.9,3.218,266.8,1.68036,2.12071,,,,128.64,10532.85,3608.68,26797.95,4141.93,2135.68,3202.52,1037.41,2215.64,,7966.72,2.316,22750.6,2940.921,3870.67,17.804,3010.29,7.0731,7.069,7.8381,108.61,1.766,1.5777,2.2622,,16.1,13.71
2019-10-25,0.6823,1801.0,56.66,,,62.02,,,97.831,1.108,2.0,1.2827,1499.5,3.24,267.55,1.74286,2.16786,,,,129.92,10466.3,3602.67,26667.39,4175.15,2138.33,3198.48,1035.84,2222.75,,8029.22,2.3,22799.81,2954.933,3896.79,17.926,3022.55,7.0511,7.0654,7.8375,108.67,1.7943,1.6176,2.287,,15.62,12.65
2019-10-28,0.6838,1803.0,55.81,,,61.57,,,97.764,1.11,2.0,1.2863,1490.0,3.295,268.3,1.75679,2.16482,,,,129.45,10569.82,3634.34,26891.26,4252.75,2139.42,3191.49,1042.97,2231.4,,8110.67,2.446,22867.27,2980.05,3926.59,17.876,3039.42,7.0642,7.0683,7.8393,108.95,1.842,1.6435,2.3339,,15.9,13.11
2019-10-29,0.6865,1802.0,55.54,,,61.59,,,97.69,1.1112,2.0,1.2862,1487.0,3.311,269.15,1.74393,2.16429,,,,128.73,10547.0,3620.99,26786.76,4225.45,2139.04,3194.52,1043.73,2232.45,,8047.51,2.597,22974.13,2954.176,3910.23,17.831,3036.89,7.0656,7.0658,7.8392,108.89,1.8385,1.6415,2.3347,,16.05,13.2
2019-10-30,0.6903,1782.0,55.06,,,60.61,,,97.646,1.1151,1.75,1.2902,1496.7,3.318,268.6,1.7625,2.16607,,,,129.72,10479.09,3605.93,26667.71,4234.04,2136.2,3201.46,1041.5,2237.31,,8083.11,2.691,22843.12,2939.321,3891.23,17.867,3046.77,7.0464,7.0553,7.8405,108.85,1.7715,1.5976,2.2521,,16.39,12.33
2019-10-31,0.6894,1731.0,54.18,3.8,,60.23,1.8,49.3,97.352,1.1152,1.75,1.2942,1514.8,3.282,263.8,1.77786,2.16643,3.1,,3.0,129.79,10533.24,3632.14,26906.72,4270.66,2133.02,3221.86,1041.98,2233.53,48.1,8083.83,2.633,22927.04,2929.056,3886.75,18.067,3037.56,7.0465,7.0391,7.8373,108.03,1.691,1.5239,2.1791,3.6,15.18,13.22
2019-11-01,0.6904,1697.0,56.2,,,61.69,,,97.239,1.1166,1.75,1.2946,1511.4,3.272,265.3,1.80589,2.17464,,,,129.86,10622.5,3657.85,27100.76,4276.98,2135.57,3216.18,1049.19,2252.07,,8161.17,2.714,22850.77,2958.199,3952.39,18.052,3066.91,7.0419,7.037,7.8363,108.19,1.7103,1.552,2.1897,,15.36,12.3
2019-11-04,0.6884,1675.0,56.54,,,62.13,,,97.505,1.1128,1.75,1.2884,1511.1,3.297,267.1,1.83357,2.19929,,,,128.49,10813.47,3721.57,27547.3,4363.87,2140.44,3206.24,1064.55,2261.45,,8210.66,2.821,,2975.492,3978.12,18.066,3078.27,7.033,7.0304,7.8374,108.58,1.777,1.5822,2.263,,15.99,12.83
2019-11-05,0.6893,1656.0,57.23,,,62.96,,,97.983,1.1075,1.75,1.2884,1483.7,3.249,270.05,1.80179,2.1925,,,,128.73,10877.63,3739.89,27683.4,4389.91,2139.47,3190.95,1071.22,2259.26,,8210.18,2.862,23251.99,2991.562,4002.81,17.568,3074.62,7.0026,7.0097,7.8327,109.16,1.8584,1.6245,2.3384,,15.52,13.1
2019-11-06,0.6884,1533.0,56.35,,,61.74,,,97.952,1.1066,1.75,1.2855,1493.1,3.257,266.5,1.74679,2.19214,,,,128.92,10860.86,3739.44,27688.64,4406.22,2137.94,3203.91,1068.87,2261.37,,8196.03,2.828,23303.82,2978.595,3984.88,17.598,3076.78,7.0128,6.9981,7.8271,108.98,1.8283,1.6086,2.3156,,15.19,12.62
2019-11-07,0.6898,1428.0,57.15,,,62.29,,,98.143,1.105,1.75,1.2817,1466.4,3.273,272.75,1.84429,2.20929,,,,127.83,10935.89,3760.79,27847.23,4410.99,2138.67,3184.15,1073.57,2266.69,,8219.65,2.772,23330.32,2978.714,3991.87,17.01,3085.18,6.9712,6.9784,7.8263,109.28,1.9173,1.6672,2.3974,,14.74,12.73
2019-11-08,0.6863,1378.0,57.24,,,62.51,,,98.353,1.1018,1.75,1.2774,1462.9,3.269,268.2,1.91143,2.2175,,,,127.31,10882.3,3734.97,27651.14,4338.27,2136.99,3182.42,1064.85,2268.83,,8255.89,2.789,23391.87,2964.185,3973.01,16.823,3093.08,6.9864,6.9959,7.8299,109.26,1.9417,1.6742,2.4243,,15.12,12.07
2019-11-11,0.6851,1345.0,56.86,,,62.18,,,98.2,1.1033,1.75,1.2855,1457.1,3.217,266.4,2.19321,2.275,,,,128.6,10613.63,3639.94,26926.55,4201.83,,,1052.88,2266.36,,8241.91,2.637,23331.84,2909.975,3902.98,16.802,3087.01,7.0076,7.0103,7.8269,109.05,1.9417,1.6742,2.4243,,18.31,12.69
2019-11-12,0.6841,1354.0,56.8,,,62.06,,,98.309,1.1009,1.75,1.2845,1453.7,3.253,264.55,2.32107,2.31482,,,,128.19,10691.09,3666.58,27065.28,4274.65,2137.76,3189.78,1055.83,2270.01,,8263.79,2.621,23520.01,2914.823,3903.69,16.692,3091.84,7.0242,7.0079,7.8279,109.01,1.9347,1.6623,2.4162,,17.25,12.68
2019-11-13,0.6838,1365.0,57.12,,,62.37,,,98.373,1.1007,1.75,1.2851,1463.3,3.231,263.95,2.39,2.37036,,,,129.25,10519.12,3608.24,26571.46,4241.97,2135.94,3196.77,1043.83,2268.33,,8259.81,2.6,23319.87,2905.241,3899.98,16.913,3094.04,7.0299,7.0234,7.8282,108.82,1.886,1.636,2.3648,,19.97,13.0
2019-11-14,0.6786,1364.0,56.77,,,62.28,,,98.163,1.1022,1.75,1.2882,1473.4,3.251,262.15,2.75143,2.42696,,,,129.63,10427.38,3573.75,26323.69,4283.88,2134.86,3207.93,1042.25,2265.29,,8257.83,2.647,23141.55,2909.87,3905.86,17.028,3096.63,7.0187,7.0208,7.8274,108.42,1.8186,1.5914,2.2997,,20.04,13.05
2019-11-15,0.6817,1357.0,57.72,,,63.3,,,97.999,1.1051,1.75,1.2897,1468.5,3.242,263.8,2.70786,2.48393,,,,129.16,10424.8,3574.15,26326.66,4284.37,2135.87,3204.39,1048.79,2282.8,,8315.52,2.688,23303.32,2891.343,3877.09,16.948,3120.46,7.0064,7.0081,7.8262,108.8,1.8308,1.6101,2.3047,,19.19,12.05
2019-11-18,0.6811,1338.0,57.05,,,62.44,,,97.794,1.1072,1.75,1.2953,1471.9,3.188,262.0,2.685,2.5322,,,,129.07,10556.56,3618.78,26681.09,4320.67,2135.57,3210.09,1052.12,2285.76,,8328.48,2.566,23416.76,2909.2,3907.93,17.0,3122.03,7.0259,7.0261,7.8276,108.68,1.8153,1.598,2.299,,17.84,12.46
2019-11-19,0.6828,1304.0,55.21,,,60.91,,,97.856,1.1078,1.75,1.2926,1474.3,3.176,265.65,2.53464,2.49994,,,,127.92,10696.56,3669.59,27093.8,4400.45,2132.75,3215.94,1057.16,2284.85,,8338.74,2.51,23292.65,2933.991,3947.04,17.118,3120.18,7.0275,7.0276,7.8277,108.54,1.7826,1.5961,2.2513,,17.16,12.86
2019-11-20,0.6803,1260.0,57.11,,,62.4,,,97.934,1.1073,1.75,1.2924,1474.2,3.176,264.95,2.53179,2.49464,,,,127.19,10619.51,3647.55,26889.61,4375.66,2130.34,3223.07,1052.0,2274.92,,8283.75,2.559,23148.57,2911.053,3907.86,17.115,3108.46,7.0405,7.0354,7.8254,108.61,1.7449,1.5757,2.209,,17.22,12.78
2019-11-21,0.6787,1255.0,58.58,,,63.97,,,97.993,1.1059,1.75,1.2914,1463.6,3.171,262.35,2.38679,2.4575,,,,128.07,10450.22,3588.44,26466.88,4249.5,2129.48,3214.81,1044.58,2270.36,,8265.62,2.567,23038.58,2903.638,3889.6,17.065,3103.54,7.0324,7.0289,7.8203,108.63,1.7723,1.6046,2.2315,,18.17,13.13
2019-11-22,0.6786,1284.0,57.77,,,63.39,,,98.27,1.1021,1.75,1.2834,1463.6,3.172,264.8,2.1153,2.35732,,,,127.32,10506.17,3607.94,26595.08,4293.8,2130.95,3217.71,1048.55,2273.89,,8272.05,2.665,23112.88,2885.288,3849.99,17.0,3110.29,7.0435,7.0383,7.8255,108.66,1.7706,1.6277,2.2209,,17.38,12.34
2019-11-25,0.6779,1351.0,58.01,,,63.65,,,98.323,1.1014,1.75,1.29,1456.9,3.197,264.75,1.96714,2.34554,,,,127.89,10628.88,3652.28,26993.04,4303.59,2134.24,3224.65,1053.47,2290.65,,8371.93,2.531,23292.81,2906.169,3878.21,16.886,3133.64,7.0313,7.0364,7.8261,108.93,1.7551,1.6134,2.2013,,17.59,11.87
2019-11-26,0.6788,1426.0,58.41,,,64.27,,,98.252,1.1021,1.75,1.2866,1460.3,3.184,267.75,1.99232,2.32036,,,,127.6,10617.37,3646.82,26913.92,4293.94,2137.12,3233.55,1047.84,2294.78,,8385.75,2.47,23373.32,2907.06,3891.65,17.045,3140.52,7.0145,7.0336,7.8285,109.05,1.7414,1.5819,2.179,,17.52,11.54
2019-11-27,0.6776,1440.0,58.11,,,64.06,,,98.37,1.0999,1.75,1.2921,1453.4,3.185,267.45,2.09482,2.34786,,,,127.43,10620.11,3653.64,26954.0,4333.06,2139.35,3230.22,1052.93,2302.67,,8444.71,2.501,23437.77,2903.195,3875.62,16.912,3153.63,7.0161,7.029,7.8272,109.54,1.7654,1.6259,2.1901,,17.17,11.75
2019-11-28,0.677,1467.0,,,,63.87,,,98.37,1.1009,1.75,1.2912,,3.181,,2.15101,2.35607,,,,127.48,10561.87,3649.39,26893.73,4375.13,,,1050.39,2301.79,,,,23409.14,2889.693,3862.3,,,7.0313,7.0353,7.8268,109.51,1.7654,1.6259,2.1901,,16.85,
2019-11-29,0.6763,1528.0,55.17,,,62.43,,,98.273,1.1018,1.75,1.2925,1465.6,3.175,264.2,2.18613,2.355,,,,129.42,10301.82,3579.25,26346.49,4294.92,2139.99,3229.97,1040.05,2292.26,,8403.69,2.281,23293.91,2871.981,3828.67,16.969,3140.98,7.0309,7.0324,7.8288,109.49,1.7758,1.6119,2.2054,,17.77,12.62
2019-11-30,,,,4.5,,,2.1,50.2,,,,,,,,,,3.0,,3.2,,,,,,,,,,48.1,,,,,,,,,,,,,,,3.6,,
2019-12-02,0.6819,1568.0,55.96,,,60.92,,,97.856,1.1079,1.75,1.2939,1462.3,3.212,263.25,2.52911,2.35054,,,,128.78,10363.91,3594.89,26444.72,4274.39,2138.17,3214.26,1040.22,2276.4,,8309.26,2.329,23529.5,2875.807,3836.06,16.836,3113.87,7.0436,7.0393,7.8285,108.98,1.8189,1.6,2.266,,17.04,14.91
2019-12-03,0.6847,1606.0,56.1,,,60.82,,,97.737,1.1082,1.75,1.2995,1478.2,3.199,260.8,2.44881,2.35125,,,,129.1,10355.92,3592.32,26391.3,4298.57,2136.6,3241.34,1037.38,2263.1,,8254.74,2.441,23379.81,2884.699,3851.09,17.125,3093.2,7.0697,7.0613,7.8295,108.63,1.7157,1.538,2.1636,,16.71,15.96
2019-12-04,0.6849,1599.0,58.43,,,63.0,,,97.648,1.1078,1.75,1.3104,1474.0,3.197,264.4,2.44881,2.35161,,,,129.5,10254.09,3550.1,26062.56,4256.63,2140.91,3229.02,1036.57,2275.47,,8296.53,2.399,23135.23,2878.116,3849.82,16.797,3112.76,7.0525,7.0499,7.8289,108.86,1.774,1.5721,2.2271,,17.4,14.8
2019-12-05,0.6834,1575.0,58.43,,,63.39,,,97.41,1.1104,1.75,1.3157,1476.9,3.19,264.85,2.42786,2.34839,,,,130.03,10321.83,3575.32,26217.04,4372.52,2143.16,3229.14,1042.85,2278.63,,8308.4,2.427,23300.09,2899.469,3879.36,16.942,3117.43,7.0411,7.0448,7.8291,108.76,1.8103,1.5923,2.2596,,16.06,14.52
2019-12-06,0.6841,1558.0,59.2,,,64.39,,,97.7,1.106,1.75,1.314,1459.1,3.205,271.1,2.41411,2.34946,,,,129.22,10407.18,3609.24,26498.37,4483.82,2147.57,3224.45,1048.96,2296.39,,8397.37,2.334,23354.4,2912.014,3902.39,16.481,3145.91,7.0246,7.035,7.8297,108.58,1.8363,1.6149,2.2774,,16.06,13.62
2019-12-09,0.6823,1551.0,59.02,,,64.25,,,97.644,1.1064,1.75,1.3147,1459.3,3.202,274.65,2.44625,2.35302,,,,128.83,10408.05,3608.03,26494.73,4471.46,2149.74,3230.63,1051.11,2292.58,,8362.74,2.232,23430.7,2914.478,3895.45,16.532,3135.96,7.0369,7.0392,7.8282,108.56,1.819,1.613,2.2546,,16.0,15.86
2019-12-10,0.6809,1528.0,59.24,,,64.34,,,97.413,1.1092,1.75,1.3156,1462.6,3.201,275.55,2.48071,2.35464,,,,128.67,10395.27,3596.47,26436.62,4465.88,2152.37,3231.55,1049.5,2289.67,,8354.29,2.264,23410.19,2917.316,3900.38,16.596,3132.52,7.0282,7.0342,7.8269,108.72,1.8416,1.6517,2.2645,,16.03,15.68
2019-12-11,0.6876,1460.0,58.76,,,63.72,,,97.078,1.113,1.75,1.3196,1469.4,3.19,278.25,2.48679,2.35179,,,,127.8,10502.53,3628.07,26645.43,4535.4,2154.67,3241.31,1058.23,2295.02,,8402.61,2.243,23391.86,2924.417,3902.75,16.744,3141.63,7.0285,7.0388,7.8081,108.56,1.7914,1.6133,2.2263,,15.9,14.99
2019-12-12,0.6909,1388.0,59.18,,,64.2,,,97.397,1.113,1.75,1.3161,1466.7,3.19,278.95,2.52238,2.37357,,,,126.73,10614.76,3668.43,26994.14,4581.44,2159.26,3220.58,1070.71,2309.36,,8466.9,2.328,23424.81,2915.698,3891.02,16.845,3168.57,6.9457,6.9849,7.805,109.31,1.8922,1.6582,2.3103,,15.88,13.94
2019-12-13,0.6876,1355.0,60.07,,,65.22,,,97.172,1.1121,1.75,1.3331,1475.6,3.2,278.05,2.51143,2.37571,,,,127.32,10838.11,3750.69,27687.76,4645.82,2163.81,3242.58,1086.91,2319.73,,8487.71,2.296,24023.1,2967.677,3968.22,16.912,3168.8,7.0144,6.9763,7.7972,109.38,1.8226,1.6037,2.2524,,15.51,12.63
2019-12-16,0.6885,1315.0,60.21,,,65.34,,,97.019,1.1144,1.75,1.3332,1475.0,3.2,282.05,2.6,2.39393,,,,127.38,10778.89,3737.4,27508.09,4698.19,2167.96,3231.65,1087.96,2337.45,,8570.33,2.341,23952.35,2984.393,3987.55,17.019,3191.45,6.9915,6.9935,7.7922,109.55,1.8713,1.6263,2.2866,,14.62,12.14
2019-12-17,0.6851,1281.0,60.94,,,66.1,,,97.222,1.115,1.75,1.3131,1474.6,3.225,281.95,2.63345,2.39321,,,,126.67,10964.99,3787.97,27843.71,4738.77,2172.6,3233.44,1102.61,2336.62,,8575.7,2.319,24066.12,3022.422,4041.8,16.978,3192.52,6.9988,6.9972,7.7879,109.48,1.8801,1.6224,2.306,,14.25,12.29
2019-12-18,0.6853,1221.0,60.93,,,66.17,,,97.4,1.1114,1.75,1.3078,1472.6,3.239,281.7,2.69673,2.41101,,,,126.24,11024.66,3790.96,27884.21,4717.83,2177.14,3229.45,1109.18,2333.28,,8580.62,2.286,23934.43,3017.044,4032.78,16.953,3191.14,7.0026,7.005,7.7877,109.55,1.9169,1.6287,2.3472,,14.16,12.58
2019-12-19,0.6886,1151.0,61.22,,,66.54,,,97.379,1.1122,1.75,1.3009,1478.2,3.233,283.15,2.71304,2.43232,,,,126.62,10985.89,3778.87,27800.49,4676.12,2177.89,3235.07,1106.63,2340.65,,8641.29,2.273,23864.85,3017.066,4027.15,17.058,3205.37,6.999,7.0104,7.7939,109.37,1.9204,1.6268,2.3538,,13.73,12.5
2019-12-20,0.69,1123.0,60.44,,,66.14,,,97.69,1.1079,1.75,1.2999,1474.7,3.201,281.1,2.68214,2.43161,,,,126.42,11030.23,3783.22,27871.35,4624.25,2178.61,3234.59,1107.64,2349.87,,8678.49,2.328,23816.63,3004.938,4017.25,17.128,3221.22,7.0031,7.0066,7.7955,109.44,1.9171,1.6294,2.3421,,13.66,12.51
2019-12-23,0.6922,1103.0,60.52,,,66.39,,,97.658,1.1089,1.75,1.2936,1482.5,3.167,281.7,2.67571,2.43304,,,,124.87,11052.68,3788.99,27906.41,4632.46,2180.36,3231.3,1111.64,2350.75,,8696.01,2.214,23821.11,2962.751,3967.1,17.403,3224.01,7.0081,7.0128,7.7869,109.4,1.9294,1.6523,2.3567,,12.93,12.61
2019-12-24,0.6922,1090.0,61.11,,,67.2,,,97.654,1.1089,1.75,1.2944,1499.1,3.166,283.85,2.69321,2.43411,,,,125.66,11035.98,3788.39,27864.21,4674.34,2180.4,3237.81,1109.07,2351.84,,8699.51,2.172,23830.58,2982.681,3992.96,17.757,3223.38,7.0044,7.0073,7.7881,109.39,1.8996,1.621,2.329,,13.18,12.67
2019-12-25,0.692,,,,,,,,97.632,1.1093,1.75,1.2961,,3.146,,,,,,,,,,,,,,1109.14,2351.22,,,,23782.87,2981.881,3990.87,,,6.9957,6.9894,7.7904,109.38,1.8996,1.621,2.329,,,
2019-12-26,0.6945,,61.68,,,67.92,,,97.534,1.1098,1.75,1.2993,1509.3,3.118,286.45,,,,,,,,,,,2181.45,3238.96,1112.08,2360.21,,8778.31,2.294,23924.92,3007.354,4025.99,17.894,3239.91,6.9918,6.9965,7.7872,109.63,1.8944,1.631,2.3218,,,12.65
2019-12-27,0.698,,61.72,,,68.16,,,96.919,1.1177,1.75,1.3078,1513.8,3.134,283.65,2.69286,2.43161,,,,124.98,11194.55,3834.49,28225.42,4713.0,2182.63,3248.14,1118.61,2364.9,,8770.98,2.158,23837.72,3005.035,4022.03,17.849,3240.02,6.9929,6.9957,7.7871,109.44,1.8752,1.5812,2.316,,14.66,13.43
2019-12-30,0.6994,,61.68,,,68.44,,,96.74,1.1199,1.75,1.3113,1518.6,3.145,283.35,2.7075,2.43304,,,,126.31,11225.31,3845.67,28319.39,4696.64,2182.43,3244.46,1118.42,2353.25,,8709.73,2.186,23656.62,3040.024,4081.63,18.001,3221.29,6.9846,6.9868,7.7879,108.88,1.8788,1.5653,2.3297,,15.07,14.82
2019-12-31,0.7021,,61.06,4.5,5.9,66.0,2.3,50.2,96.389,1.1213,1.75,1.3257,1523.1,3.144,279.7,2.66613,2.42786,2.9,-3.6,3.3,127.12,11168.06,3827.55,28189.75,4714.81,2182.77,3240.3,1114.66,2358.47,47.9,8733.07,2.189,,3050.124,4096.58,17.921,3230.78,6.9617,6.9632,7.7914,108.61,1.9175,1.5691,2.3896,3.6,15.61,13.78
2020-01-01,0.7017,,,,,,,,96.445,1.1212,1.75,1.3254,,,,,,,,,,,,,,,,1114.64,2358.48,,,,,,,,,6.9623,,7.7907,108.76,1.9175,1.5691,2.3896,,,
2020-01-02,0.6993,976.0,61.18,,,66.25,,,96.846,1.1172,1.75,1.3145,1528.1,,282.5,2.26768,2.40875,,,,126.35,11320.56,3884.27,28543.52,4852.78,2185.33,3246.15,1128.01,2375.94,,8872.22,2.122,,3085.198,4152.24,18.046,3257.85,6.9592,6.9643,7.7898,108.57,1.8771,1.569,2.3312,,15.13,12.47
2020-01-03,0.695,907.0,63.05,,,68.6,,,96.838,1.1161,1.75,1.3083,1552.4,3.146,278.7,2.14214,2.37393,,,,126.62,11253.55,3874.67,28451.5,4829.97,2187.15,3261.99,1123.87,2363.12,,8793.9,2.13,,3083.786,4144.96,18.151,3234.85,6.9663,6.966,7.7789,108.09,1.7881,1.5246,2.2444,,15.86,14.02
2020-01-06,0.694,844.0,63.27,,,68.91,,,96.671,1.1197,1.75,1.3171,1568.8,3.134,279.0,2.12429,2.35643,,,,126.93,11165.41,3843.92,28226.19,4795.97,2188.45,3252.4,1112.53,2364.49,,8848.52,2.135,23204.86,3083.408,4129.3,18.179,3246.28,6.9693,6.976,7.7697,108.37,1.809,1.5445,2.2858,,16.62,13.85
2020-01-07,0.687,791.0,62.7,,,68.27,,,97.005,1.1153,1.75,1.3126,1574.3,3.142,279.35,2.0981,2.35446,,,,128.14,11198.75,3864.96,28322.06,4843.87,2189.74,3246.61,1115.84,2362.43,,8846.45,2.162,23575.72,3104.802,4160.23,18.393,3237.18,6.9427,6.9453,7.7785,108.44,1.8177,1.5404,2.3052,,16.04,13.79
2020-01-08,0.6866,773.0,59.61,,,65.44,,,97.299,1.1105,1.75,1.3097,1560.2,3.138,281.2,2.08786,2.33161,,,,128.27,11079.79,3828.14,28087.92,4810.03,2189.89,3236.3,1111.4,2366.93,,8912.37,2.141,23204.76,3066.893,4112.32,18.167,3253.05,6.9368,6.9462,7.7754,109.12,1.8738,1.5806,2.3625,,16.81,13.45
2020-01-09,0.6858,772.0,59.56,,,65.37,,,97.45,1.1106,1.75,1.3067,1554.3,3.122,280.2,2.0825,2.32625,,,,126.92,11281.26,3896.57,28561.0,4948.41,2190.69,3246.19,1129.37,2379.85,,8989.63,2.166,23739.87,3094.882,4164.37,17.936,3274.7,6.9249,6.9318,7.7672,109.52,1.8545,1.5785,2.3297,,15.31,12.54
2020-01-10,0.6901,774.0,59.04,,,64.98,,,97.356,1.1121,1.75,1.3064,1560.1,3.08,281.35,2.18851,2.32696,,,,126.91,11267.48,3908.72,28638.2,5017.4,2192.25,3258.29,1133.63,2377.62,,8966.64,2.202,23850.57,3092.291,4163.18,18.105,3265.35,6.915,6.9193,7.7666,109.45,1.8196,1.5702,2.2786,,15.03,12.56
2020-01-13,0.6904,765.0,58.08,,,64.2,,,97.345,1.1134,1.75,1.2989,1550.6,3.094,286.1,2.16411,2.3253,,,,126.94,11396.76,3952.39,28954.94,5186.18,2194.43,3253.91,1144.0,2388.25,,9070.65,2.182,,3115.57,4203.99,17.996,3288.13,6.8823,6.8932,7.7715,109.95,1.8459,1.5843,2.3015,,15.43,12.32
2020-01-14,0.6902,763.0,58.23,,,64.49,,,97.372,1.1128,1.75,1.3019,1544.6,3.104,287.35,1.95798,2.28191,,,,127.17,11355.37,3947.42,28885.14,5107.63,2195.73,3258.88,1143.86,2388.5,,9033.42,2.187,24025.17,3106.82,4189.89,17.742,3283.15,6.8894,6.8842,7.777,109.99,1.8109,1.57,2.27,,15.54,12.39
2020-01-15,0.6902,768.0,57.81,,,64.0,,,97.229,1.115,1.75,1.3038,1554.0,3.091,286.6,1.89071,2.23667,,,,126.81,11295.47,3939.35,28773.59,5182.31,2196.97,3266.04,1137.98,2392.06,,9035.67,2.12,23916.58,3090.038,4166.73,17.988,3289.29,6.8923,6.8909,7.7713,109.9,1.783,1.5536,2.2359,,15.31,12.42
2020-01-16,0.6898,768.0,58.52,,,64.62,,,97.32,1.1137,1.75,1.308,1550.5,3.095,284.7,1.95661,2.22262,,,,126.19,11328.38,3954.03,28883.04,5223.91,2198.26,3264.93,1140.62,2406.17,,9125.0,2.077,23933.13,3074.081,4149.04,17.939,3316.81,6.8766,6.8789,7.7726,110.16,1.8074,1.5657,2.2578,,14.98,12.32
2020-01-17,0.6879,754.0,58.54,,,64.85,,,97.606,1.1092,1.75,1.3016,1560.3,3.088,284.55,1.95476,2.21512,,,,125.03,11419.91,3979.54,29056.42,5309.1,2198.28,3264.32,1146.83,2415.51,,9173.73,2.003,24041.26,3075.496,4154.85,18.073,3329.62,6.8674,6.8597,7.7668,110.14,1.8215,1.5592,2.2807,,14.44,12.1
2020-01-20,0.6873,729.0,,,,65.2,,,97.606,1.1095,1.75,1.301,,3.057,,1.98506,2.21941,,,,127.18,11331.49,3945.57,28795.91,5301.93,,,1145.68,2415.04,,,,24083.51,3095.787,4185.83,,,6.8672,6.8668,7.7688,110.18,1.8215,1.5592,2.2807,,15.38,
2020-01-21,0.6845,689.0,58.34,,,64.59,,,97.531,1.1082,1.75,1.305,1557.9,3.044,279.35,1.97857,2.21583,,,,128.69,10970.13,3829.67,27985.33,5136.94,2198.08,3280.73,1126.85,2409.29,,9166.63,1.895,23864.56,3052.142,4114.31,17.808,3320.79,6.9089,6.9058,7.7702,109.87,1.7743,1.5304,2.2358,,17.81,12.85
2020-01-22,0.6844,623.0,56.74,,,63.21,,,97.527,1.1093,1.75,1.3142,1556.7,3.028,276.5,2.05589,2.25679,,,,127.13,11174.7,3887.85,28341.04,5345.23,2197.16,3284.72,1133.4,2410.23,,9188.58,1.905,24031.35,3060.754,4131.93,17.828,3321.75,6.9105,6.9066,7.7716,109.84,1.7691,1.5283,2.2217,,16.91,12.91
2020-01-23,0.6847,576.0,55.59,,,62.04,,,97.693,1.1055,1.75,1.3123,1565.4,3.003,272.6,2.02857,2.23667,,,,126.19,10952.22,3809.89,27909.12,5162.48,2193.21,3288.29,1122.19,2406.14,,9216.98,1.926,23795.44,2976.528,4003.9,17.829,3325.54,6.932,6.9426,7.7723,109.49,1.7325,1.5137,2.1782,,19.1,12.98
2020-01-24,0.6832,557.0,54.19,,,60.69,,,97.853,1.1025,1.75,1.3073,1571.9,,268.4,2.04268,2.25536,,,,125.95,10976.19,3818.77,27949.64,5210.52,2188.95,3298.98,1119.39,2395.31,,9141.47,1.893,23827.18,,,18.113,3295.47,6.9304,,7.7724,109.28,1.6839,1.4947,2.1324,,18.58,14.56
2020-01-27,0.6761,546.0,53.14,,,59.32,,,97.956,1.1019,1.75,1.3057,1577.4,,259.65,,,,,,,,,,,2177.74,3304.85,1102.98,2356.09,,8952.18,1.902,23343.51,,,18.056,3243.63,6.9866,,7.7767,108.9,1.608,1.4409,2.0567,,,18.23
2020-01-28,0.6762,539.0,53.48,,,59.51,,,98.018,1.1022,1.75,1.3028,1569.8,,257.95,,,,,,,,,,,2185.49,3299.44,1101.72,2372.52,,9090.93,1.934,23215.71,,,17.458,3276.24,6.9661,,7.7766,109.15,1.6562,1.4625,2.1118,,,16.28
2020-01-29,0.6754,525.0,53.33,,,59.81,,,97.991,1.101,1.75,1.3021,1570.4,,255.4,2.08357,2.28488,,,,130.75,10618.72,3707.63,27160.63,5129.14,2187.2,3311.26,1097.51,2373.52,,9101.61,1.877,23379.4,,,17.487,3273.4,6.9697,,7.7728,109.02,1.5839,1.4128,2.0392,,21.12,16.39
2020-01-30,0.6722,498.0,52.14,,,58.29,,,97.867,1.1032,1.75,1.3093,1583.5,,252.4,2.20964,2.33756,,,,134.22,10325.09,3603.72,26449.13,4813.63,2183.68,3311.8,1072.79,2372.01,,9136.09,1.829,22977.75,,,17.992,3283.66,6.983,,7.7666,108.96,1.5856,1.4128,2.0506,,23.53,15.49
2020-01-31,0.6692,487.0,51.56,5.4,,58.16,2.5,50.0,97.39,1.1093,1.75,1.3206,1582.9,,251.7,2.23327,2.35232,1.4,,3.4,135.51,10240.51,3587.47,26312.63,4809.12,2183.35,3316.29,1062.34,2342.41,51.4,8991.51,1.841,23205.18,,,18.012,3225.52,6.9984,,7.7643,108.35,1.5068,1.3132,1.9996,3.6,23.41,18.84
2020-02-03,0.6692,466.0,50.11,,,54.45,,,97.8,1.106,1.75,1.2995,1577.2,,250.7,2.25286,2.35089,,,,124.25,10268.12,3599.87,26356.98,4853.47,2184.91,3318.63,1060.32,2351.45,,9126.23,1.819,22971.94,2746.606,3688.36,17.67,3248.92,7.014,7.0215,7.767,108.69,1.5272,1.353,2.0069,,22.98,17.97
2020-02-04,0.6739,453.0,49.61,,,53.96,,,97.961,1.1044,1.75,1.3031,1550.4,2.866,254.2,2.15661,2.32625,,,,125.5,10435.36,3663.52,26675.98,5035.23,2188.97,3303.67,1085.39,2383.3,,9334.06,1.872,23084.59,2783.288,3785.64,17.561,3297.59,6.9908,6.9985,7.7648,109.52,1.5991,1.409,2.0769,,21.18,16.05
2020-02-05,0.6746,430.0,50.75,,,55.28,,,98.301,1.0999,1.75,1.3002,1557.8,2.869,257.45,2.00512,2.2925,,,,124.93,10493.85,3680.52,26786.74,5096.25,2193.28,3298.3,1089.4,2404.96,,9367.48,1.861,23319.56,2818.088,3828.53,17.602,3334.69,6.9754,6.9714,7.7633,109.83,1.6508,1.4431,2.1385,,21.37,15.15
2020-02-06,0.673,431.0,50.95,,,54.93,,,98.496,1.0983,1.75,1.2931,1565.1,2.837,259.3,1.90518,2.26762,,,,123.6,10764.34,3764.41,27493.7,5231.07,2197.13,3304.33,1102.39,2416.48,,9445.92,1.862,23873.59,2866.51,3899.78,17.818,3345.78,6.9782,6.9707,7.7646,109.99,1.6422,1.4452,2.1089,,20.87,14.96
2020-02-07,0.6673,415.0,50.32,,,54.47,,,98.684,1.0946,1.75,1.2892,1568.6,2.806,255.3,1.90911,2.21768,,,,123.07,10705.17,3751.93,27404.27,5280.66,2196.88,3319.56,1091.65,2404.75,,9401.1,1.858,23827.98,2875.964,3899.87,17.692,3327.71,7.007,7.0025,7.7666,109.75,1.5834,1.4011,2.0484,,20.17,15.47
2020-02-10,0.6687,411.0,49.57,,,53.27,,,98.832,1.0911,1.75,1.2915,1574.7,2.792,255.05,1.87179,2.19738,,,,124.19,10654.43,3730.69,27241.34,5296.26,2197.14,3324.53,1086.93,2413.1,,9516.84,1.766,23685.98,2890.488,3916.01,17.785,3352.09,6.9847,6.9844,7.766,109.77,1.5696,1.3931,2.0389,,20.13,15.04
2020-02-11,0.6714,418.0,49.94,,,54.01,,,98.721,1.0916,1.75,1.2952,1565.6,2.833,258.3,1.84446,2.16232,,,,123.86,10808.52,3772.44,27583.88,5283.82,2203.32,3317.89,1099.41,2421.26,,9517.86,1.788,,2901.674,3952.46,17.597,3357.75,6.9708,6.9653,7.7656,109.79,1.6006,1.4234,2.0659,,18.73,15.18
2020-02-12,0.6737,421.0,51.17,,,55.79,,,99.049,1.0874,1.75,1.296,1567.4,2.836,260.0,1.79202,2.11268,,,,123.72,10884.69,3811.78,27823.66,5340.99,2205.71,3311.43,1109.7,2434.95,,9613.2,1.844,23861.21,2926.899,3984.43,17.497,3379.45,6.9742,6.9714,7.7704,110.09,1.6333,1.4437,2.089,,18.05,13.74
2020-02-13,0.6719,421.0,51.42,,,56.34,,,99.067,1.0841,1.75,1.3046,1575.1,2.827,261.3,1.73738,2.03464,,,,123.62,10835.38,3811.49,27730.0,5418.68,2206.99,3314.48,1106.07,2429.89,,9595.7,1.826,23827.73,2906.073,3959.92,17.619,3373.94,6.9891,6.977,7.7671,109.82,1.6173,1.4438,2.0706,,17.95,14.15
2020-02-14,0.6714,425.0,52.05,,,57.32,,,99.124,1.0831,1.75,1.3047,1582.7,2.866,259.95,1.77607,2.01411,,,,123.73,10863.45,3817.34,27815.6,5315.01,2207.09,3321.73,1106.3,2431.36,,9623.58,1.837,23687.59,2917.008,3987.73,17.734,3380.16,6.9929,6.9872,7.7686,109.78,1.5848,1.4279,2.0391,,17.39,13.68
2020-02-17,0.6714,434.0,,,,57.67,,,99.003,1.0836,1.75,1.3008,,2.893,,1.7753,1.99524,,,,124.59,10957.84,3843.76,27959.6,5417.99,,,1107.99,2430.69,,,,23523.24,2983.622,4077.42,,,6.985,6.9813,7.7679,109.88,1.5848,1.4279,2.0391,,16.8,
2020-02-18,0.6686,450.0,52.05,,,57.75,,,99.44,1.0792,1.75,1.2998,1600.0,2.881,260.4,1.77571,1.99,,,,124.62,10805.15,3788.48,27530.2,5295.17,2207.8,3329.38,1095.66,2421.47,,9629.8,1.981,23193.8,2984.972,4057.51,18.15,3370.29,7.0072,6.9967,7.7676,109.87,1.561,1.4116,2.0111,,17.76,14.83
2020-02-19,0.6675,465.0,53.29,,,59.12,,,99.705,1.0805,1.75,1.292,1607.5,2.885,260.6,1.74667,1.99661,,,,123.98,10908.57,3805.21,27655.81,5329.39,2209.79,3326.43,1103.69,2431.23,,9718.73,1.955,23400.7,2975.402,4051.31,18.311,3386.15,7.0132,6.9983,7.7723,111.37,1.5661,1.4219,2.0139,,16.98,14.38
2020-02-20,0.6615,480.0,53.78,,,59.31,,,99.865,1.0785,1.75,1.2882,1616.6,2.884,258.8,1.73929,1.99339,,,,125.57,10913.97,3807.19,27609.16,5412.57,2210.18,3332.58,1095.32,2420.21,,9627.83,1.92,23479.15,3030.154,4144.66,18.319,3373.23,7.0462,7.0238,7.7813,112.1,1.5152,1.3892,1.9606,,16.98,15.56
2020-02-21,0.6627,497.0,53.38,,,58.5,,,99.262,1.0847,1.75,1.2964,1644.6,2.859,260.8,1.70268,1.96018,,,,125.82,10790.84,3765.39,27308.81,5316.42,2209.12,3342.72,1084.22,2402.8,,9446.69,1.905,23386.74,3039.669,4149.49,18.53,3337.75,7.0366,7.0278,7.7876,111.61,1.4713,1.3543,1.9147,,18.23,17.08
2020-02-24,0.6605,506.0,51.43,,,56.3,,,99.359,1.0854,1.75,1.2924,1672.4,2.814,257.7,1.6925,1.94143,,,,127.6,10568.33,3693.78,26820.88,5235.06,2194.31,3349.97,1055.32,2330.75,,9079.63,1.827,,3031.233,4132.84,18.876,3225.89,7.0359,7.0304,7.7931,110.72,1.3705,1.2476,1.8347,,21.6,25.03
2020-02-25,0.6604,508.0,49.9,,,54.95,,,98.968,1.0882,1.75,1.3005,1646.9,2.82,257.8,1.69321,1.94143,,,,127.56,10579.92,3706.8,26893.23,5342.08,2188.52,3354.1,1056.54,2269.42,,8834.87,1.847,22605.41,3013.05,4123.85,18.191,3128.21,7.0256,7.0135,7.7911,110.2,1.3521,1.2248,1.8254,,21.29,27.85
2020-02-26,0.6544,517.0,48.73,,,53.43,,,98.996,1.0881,1.75,1.2905,1640.0,2.8,257.25,1.68375,1.93107,,,,128.05,10501.62,3679.63,26696.49,5202.44,2184.1,3354.23,1043.31,2258.62,,8873.76,1.821,22426.19,2987.929,4073.02,17.834,3116.39,7.0213,7.0229,7.7933,110.43,1.3371,1.1647,1.8241,,23.8,27.56
2020-02-27,0.6569,529.0,47.09,,,52.18,,,98.508,1.1001,1.75,1.2887,1642.5,2.783,257.15,1.67839,1.92982,,,,126.86,10593.11,3700.22,26778.62,5304.63,2166.03,3341.27,1030.67,2177.25,,8436.67,1.752,21948.23,2991.329,4084.88,17.658,2978.76,7.0084,7.0044,7.7936,109.59,1.2607,1.0615,1.7577,,23.7,39.16
2020-02-28,0.6515,535.0,44.76,,,50.52,,,98.132,1.1026,1.75,1.2823,1566.7,2.733,254.6,1.65464,1.88839,,,,126.73,10302.36,3601.21,26129.93,5071.12,2152.56,3360.66,1005.52,2141.12,,8461.83,1.684,21142.96,2880.304,3940.05,16.387,2954.22,6.9798,6.992,7.7935,107.89,1.1486,0.913,1.6752,,32.67,40.11
2020-02-29,,,,5.2,,,2.3,35.7,,,,,,,,,,2.2,,3.8,,,,,,,,,,50.1,,,,,,,,,,,,,,,3.5,,
2020-03-02,0.6537,539.0,46.75,,,51.9,,,97.36,1.1134,1.75,1.2754,1594.8,2.745,260.1,1.6253,1.79863,,,,128.49,10485.17,3641.39,26291.68,5149.22,2160.03,3362.5,1017.03,2212.38,,8877.98,1.756,21344.08,2970.931,4069.67,16.679,3090.23,6.9632,6.9609,7.7797,108.33,1.1632,0.9029,1.7213,,28.74,33.42
2020-03-03,0.6584,549.0,47.18,,,51.86,,,97.153,1.1173,1.25,1.2811,1644.4,2.763,257.95,1.55661,1.76548,,,,128.42,10485.16,3640.22,26284.82,5182.87,2171.99,3378.91,1027.82,2179.48,,8594.49,1.8,21082.73,2992.897,4091.36,17.129,3003.37,6.949,6.9676,7.7713,107.13,0.999,0.6991,1.6145,,25.85,36.82
2020-03-04,0.6627,562.0,46.78,,,51.13,,,97.336,1.1136,1.25,1.2872,1643.0,2.686,259.3,1.40429,1.60613,,,,130.13,10521.78,3641.74,26222.07,5140.43,2182.69,3387.39,1037.81,2243.09,,8949.28,1.827,21100.06,3011.666,4115.05,17.187,3130.12,6.9231,6.9245,7.7725,107.53,1.0522,0.6926,1.7014,,23.67,31.99
2020-03-05,0.6614,599.0,45.9,,,49.99,,,96.82,1.1237,1.25,1.2954,1668.0,2.685,258.25,1.28625,1.52071,,,,130.03,10728.07,3717.98,26767.87,5239.7,2171.28,3394.97,1039.34,2192.35,,8671.66,1.772,21329.12,3071.677,4206.73,17.342,3023.94,6.9412,6.9361,7.7729,106.16,0.912,0.5973,1.5407,,21.8,39.62
2020-03-06,0.6636,617.0,41.28,,,45.27,,,95.951,1.1284,1.25,1.3048,1672.4,2.626,257.3,1.18946,1.38816,,,,130.39,10456.93,3637.26,26146.67,5187.82,2143.0,3426.5,1012.08,2149.29,,8530.34,1.708,20749.75,3034.511,4138.51,17.214,2972.37,6.9324,6.9314,7.768,105.39,0.7623,0.5062,1.2874,,26.42,41.94
2020-03-09,0.6587,616.0,31.13,,,34.36,,,94.895,1.145,1.25,1.3117,1675.7,2.533,252.4,1.10964,1.35304,,,,131.44,9984.44,3470.96,25040.46,4859.24,2076.1,3399.26,947.92,1995.22,,7948.03,1.778,19698.76,2943.291,3997.13,17.001,2746.56,6.9529,6.9466,7.7709,102.36,0.5407,0.381,0.9953,,39.9,54.46
2020-03-10,0.6505,627.0,34.36,,,37.22,,,96.414,1.1281,1.25,1.2911,1660.3,2.615,253.4,1.08018,1.33446,,,,130.9,10153.37,3517.17,25392.51,4948.31,2075.44,3320.94,964.55,2051.96,,8372.27,1.936,19867.12,2996.762,4082.73,16.906,2882.23,6.9638,6.9581,7.7682,105.64,0.803,0.5342,1.2799,,33.87,47.3
2020-03-11,0.6484,631.0,32.98,,,35.79,,,96.507,1.127,1.25,1.282,1642.3,2.64,251.2,1.10732,1.32494,,,,129.83,10070.47,3496.4,25231.61,4851.3,2052.62,3280.61,946.62,1972.05,,8006.12,1.878,19416.06,2968.517,4028.43,16.729,2741.38,6.9688,6.9606,7.7692,104.54,0.8695,0.5195,1.3919,,36.67,53.9
2020-03-12,0.6236,633.0,31.5,,,33.22,,,97.468,1.1185,1.25,1.2571,1590.3,2.629,248.1,1.07155,1.31232,,,,131.76,9725.72,3361.38,24309.07,4598.97,1991.46,3208.5,883.13,1776.52,,7263.65,1.841,18559.63,2923.486,3950.91,15.961,2480.64,7.0279,7.0294,7.7775,104.64,0.8042,0.481,1.4399,,45.47,75.47
2020-03-13,0.6203,631.0,31.73,,,33.85,,,98.749,1.1107,1.25,1.2278,1516.7,2.686,247.4,1.14089,1.27435,,,,130.51,9650.15,3323.96,24032.91,4594.62,1989.78,3179.45,891.19,1881.64,,7995.26,1.869,17431.05,2887.427,3895.31,14.456,2711.02,7.0225,7.0086,7.773,107.62,0.9603,0.4903,1.5293,,54.18,57.83
2020-03-16,0.6117,623.0,28.7,,,30.05,,,98.069,1.1183,0.25,1.2271,1486.5,2.674,239.85,1.26786,1.25786,,,,132.38,9227.6,3159.82,23063.57,4194.76,1930.14,3178.97,833.18,1702.79,,7020.38,1.815,17002.04,2789.254,3727.84,12.772,2386.13,7.0127,6.9934,7.7666,105.83,0.7182,0.3599,1.2841,,64.8,82.69
2020-03-17,0.6,612.0,26.95,,,28.73,,,99.575,1.0997,0.25,1.2055,1525.8,2.72,231.55,1.43893,1.3875,,,,132.14,9216.17,3168.45,23263.73,4223.41,1904.91,3096.32,826.68,1772.94,,7473.95,1.729,17011.53,2779.641,3709.68,12.469,2529.19,7.0317,7.0057,7.761,107.7,1.0784,0.4925,1.6844,,55.72,75.91
2020-03-18,0.5773,629.0,20.37,,,24.88,,,101.16,1.0915,0.25,1.1608,1477.9,2.721,216.05,1.71964,1.57393,,,,134.57,8800.62,3032.77,22291.82,3988.87,1846.84,2977.07,787.81,1682.25,,7175.18,1.604,16726.55,2728.756,3636.26,11.735,2398.1,7.0745,7.0475,7.7639,108.08,1.1915,0.5337,1.7875,,59.92,76.45
2020-03-19,0.5743,630.0,25.22,,,28.47,,,102.755,1.0692,0.25,1.1485,1479.3,2.736,220.0,1.79375,1.63964,,,,134.68,8559.64,2954.16,21709.13,3988.02,1798.33,2915.42,766.41,1694.45,,7288.52,1.654,16552.83,2702.13,3589.09,12.097,2409.39,7.1545,7.1086,7.7611,110.71,1.1404,0.4507,1.7848,,60.19,72.0
2020-03-20,0.5785,625.0,22.43,,,26.98,,,102.817,1.0688,0.25,1.1629,1484.6,2.686,219.05,1.83464,1.72036,,,,130.79,9118.67,3116.97,22805.07,4237.52,1787.42,2897.32,803.23,1650.94,,6994.29,1.604,,2745.618,3653.22,12.349,2304.92,7.1227,7.096,7.7576,110.93,0.8454,0.3134,1.4169,,49.68,66.04
2020-03-23,0.5838,617.0,23.36,,,27.03,,,102.487,1.0726,0.25,1.1542,1567.6,2.627,211.95,1.84929,1.74179,,,,131.82,8751.76,2966.76,21696.13,4016.02,1750.98,2917.82,758.2,1602.11,,7006.92,1.602,16887.78,2660.167,3530.31,13.225,2237.4,7.1213,7.0886,7.756,111.23,0.7863,0.3123,1.3509,,59.99,61.59
2020-03-24,0.5958,603.0,24.01,,,27.15,,,102.039,1.0788,0.25,1.1762,1660.8,2.634,219.75,1.87643,1.76679,,,,130.49,9184.44,3101.3,22663.49,4210.06,1761.43,2948.37,801.66,1742.61,,7553.83,1.653,18092.35,2722.438,3625.12,14.229,2447.33,7.0858,7.0631,7.7527,111.23,0.8466,0.3715,1.3954,,44.72,61.67
2020-03-25,0.5959,582.0,24.49,,,27.39,,,101.05,1.0882,0.25,1.1878,1633.4,2.628,223.4,1.98571,1.80857,,,,127.95,9529.49,3231.77,23527.19,4414.89,1797.51,3000.09,836.54,1785.99,,7469.62,1.659,19546.63,2781.591,3722.52,14.837,2475.56,7.1268,7.1148,7.7523,111.21,0.8673,0.3299,1.4448,,41.58,63.95
2020-03-26,0.6063,569.0,22.6,,,26.34,,,99.352,1.1032,0.25,1.2203,1651.2,2.592,220.8,2.01625,1.85036,,,,128.36,9447.56,3220.34,23352.34,4429.89,1848.44,3047.03,851.28,1875.56,,7897.13,1.637,18664.6,2764.911,3698.05,14.64,2630.07,7.0814,7.0747,7.752,109.58,0.8447,0.2927,1.431,,44.98,61.0
2020-03-27,0.6168,556.0,21.51,,,24.93,,,98.365,1.1141,0.25,1.246,1625.0,2.602,219.7,2.02827,1.89089,,,,128.34,9504.92,3240.03,23484.28,4415.82,1877.94,3074.85,842.54,1827.17,,7588.37,1.634,19389.43,2772.203,3710.06,14.498,2541.47,7.0883,7.096,7.7518,107.94,0.6746,0.2418,1.2635,,48.49,65.54
2020-03-30,0.6174,548.0,20.09,,,22.76,,,99.181,1.1048,0.25,1.2414,1622.0,2.619,215.55,2.05155,1.92893,,,,128.67,9402.17,3190.73,23175.11,4306.4,1893.8,3106.79,832.02,1870.48,,7889.01,1.69,19084.97,2747.214,3674.11,14.132,2626.65,7.1142,7.1003,7.7548,107.76,0.7264,0.2281,1.3366,,47.57,57.08
2020-03-31,0.6131,626.0,20.48,4.3,-6.8,22.74,1.5,52.0,99.048,1.1031,0.25,1.242,1583.4,2.586,222.8,2.05012,1.93482,2.3,-9.4,4.3,125.3,9594.77,3258.03,23603.48,4441.07,1905.89,3122.54,848.58,1852.73,49.0,7813.5,1.64,18917.01,2750.296,3686.16,14.156,2584.59,7.0939,7.0825,7.7511,107.54,0.6695,0.2455,1.3214,4.4,40.89,53.54
2020-04-01,0.6071,624.0,20.31,,,24.74,,,99.673,1.0964,0.25,1.2371,1578.2,2.554,217.45,1.86196,1.93857,,,,126.98,9404.98,3192.63,23085.79,4396.69,1885.69,3116.58,827.26,1781.27,,7486.29,1.587,18065.41,2734.521,3675.08,13.984,2470.5,7.1227,7.1,7.7524,107.17,0.5832,0.2061,1.2191,,43.11,57.06
2020-04-02,0.6061,624.0,25.32,,,29.94,,,100.18,1.0858,0.25,1.2396,1625.7,2.6,221.85,1.84839,1.94821,,,,127.43,9526.56,3220.3,23280.06,4507.6,1878.79,3114.71,838.53,1803.07,,7635.66,1.552,17818.72,2780.638,3734.53,14.654,2526.9,7.0934,7.0858,7.7516,107.91,0.597,0.2255,1.2394,,37.5,50.91
2020-04-03,0.5997,616.0,28.34,,,34.11,,,100.576,1.0801,0.25,1.2269,1633.7,2.555,219.25,1.85446,1.94964,,,,127.21,9491.1,3206.59,23236.11,4453.37,1866.79,3113.9,831.72,1776.86,,7528.11,1.621,17820.19,2763.987,3713.22,14.494,2488.65,7.1111,7.0913,7.7525,108.55,0.5948,0.2289,1.2094,,35.51,46.8
2020-04-06,0.6088,604.0,26.08,,,33.05,,,100.685,1.0793,0.25,1.2231,1677.0,,221.75,1.83655,1.95863,,,,125.67,9652.31,3267.43,23749.12,4599.88,1871.77,3115.81,853.83,1881.48,,8081.66,1.731,18576.3,,,15.169,2663.68,7.1069,,7.7517,109.22,0.6698,0.2622,1.2785,,31.37,45.24
2020-04-07,0.617,596.0,23.63,,,31.87,,,99.9,1.0892,0.25,1.2332,1664.8,2.507,227.25,1.78774,1.96149,,,,125.86,9846.92,3342.69,24253.29,4711.5,1898.03,3133.09,878.15,1895.04,,8049.31,1.852,18950.18,2820.763,3798.02,15.48,2659.41,7.0671,7.0457,7.7524,108.76,0.7122,0.2601,1.2945,,30.35,46.7
2020-04-08,0.623,607.0,25.09,,,32.84,,,100.119,1.0858,0.25,1.2383,1665.4,2.477,226.0,1.67994,1.92339,,,,126.47,9681.95,3307.47,23970.37,4679.5,1907.62,3149.77,873.85,1940.08,,8229.54,1.783,19353.24,2815.369,3780.34,15.205,2749.98,7.0685,7.0658,7.7518,108.83,0.7722,0.252,1.3765,,32.49,43.35
2020-04-09,0.634,635.0,22.76,,,31.48,,,99.517,1.093,0.25,1.2458,1736.2,2.525,225.95,1.62667,1.94768,,,,125.78,9811.12,3360.38,24300.33,4697.75,1966.33,3207.48,887.58,1970.67,,8238.53,1.733,19345.77,2825.904,3792.81,16.053,2789.82,7.0596,7.0429,7.753,108.49,0.7191,0.2254,1.3435,,32.82,41.67
2020-04-10,0.6349,,,,,,,,99.482,1.0937,0.25,1.2455,,2.542,,,,,,,,,,,,,,888.16,1971.96,,,,19498.5,2796.631,3769.18,,,7.0473,7.036,7.7527,108.47,0.7191,0.2254,1.3435,,,
2020-04-13,0.6382,,22.41,,,31.74,,,99.348,1.0914,0.25,1.2515,1744.8,2.558,230.25,,,,,,,,,,,1996.32,3245.15,883.14,1956.75,,8332.74,1.724,19043.4,2783.048,3753.26,15.537,2761.63,7.0544,7.0516,7.7524,107.77,0.7713,0.2452,1.4071,,,41.17
2020-04-14,0.6442,679.0,20.11,,,29.6,,,98.887,1.098,0.25,1.2623,1756.7,2.551,232.95,1.59625,1.94696,,,,125.9,9847.47,3385.97,24435.4,4745.56,2014.83,3261.73,896.29,2006.81,,8692.16,1.65,19638.81,2827.283,3825.7,16.13,2846.06,7.0471,7.0512,7.7514,107.22,0.752,0.219,1.4017,,30.13,37.76
2020-04-15,0.6319,706.0,19.87,,,27.69,,,99.461,1.091,0.25,1.2518,1727.2,2.532,229.6,1.59911,1.91137,,,,126.68,9724.7,3353.37,24145.34,4788.3,2005.65,3274.74,888.14,1960.2,,8591.96,1.598,19550.09,2811.174,3797.36,15.505,2783.36,7.0711,7.0676,7.7511,107.46,0.6316,0.1969,1.2655,,29.9,40.84
2020-04-16,0.6327,726.0,19.87,,,27.82,,,100.025,1.084,0.25,1.2457,1720.4,2.511,229.1,1.56316,1.90012,,,,127.53,9672.6,3348.98,24006.45,4891.86,2007.36,3283.96,884.86,1964.33,,8757.83,1.686,19290.2,2819.935,3802.38,15.622,2799.55,7.0883,7.0814,7.7511,107.92,0.6267,0.2066,1.2234,,30.07,40.11
2020-04-17,0.6366,751.0,18.27,,,28.08,,,99.782,1.0875,0.25,1.2499,1689.2,2.551,234.45,1.57714,1.89869,,,,126.71,9815.2,3398.99,24380.0,4931.36,2017.47,3280.14,901.31,2017.51,,8832.41,1.753,19897.26,2838.494,3839.49,15.295,2874.56,7.0787,7.0737,7.7505,107.54,0.6417,0.2019,1.2601,,29.09,38.15
2020-04-20,0.6336,757.0,-37.63,,,25.57,,,99.955,1.0862,0.25,1.2442,1701.6,2.584,232.0,1.55304,1.8778,,,,127.01,9824.42,3401.37,24330.02,4992.68,2009.74,3279.39,899.33,1994.03,,8726.51,1.924,19669.12,2852.553,3853.46,15.614,2823.16,7.0911,7.0734,7.7503,107.62,0.6053,0.2016,1.2164,,28.71,43.83
2020-04-21,0.628,728.0,10.01,,,19.33,,,100.258,1.0858,0.25,1.2289,1678.2,2.571,222.95,1.58941,1.86696,,,,127.57,9614.93,3329.36,23793.55,4877.54,1980.8,3278.01,878.24,1932.25,,8403.0,1.821,19280.78,2827.013,3808.05,14.876,2736.56,7.1018,7.092,7.7501,107.8,0.5691,0.2034,1.1626,,32.95,45.41
2020-04-22,0.6323,694.0,13.78,,,20.37,,,100.388,1.0823,0.25,1.2334,1728.7,2.546,229.0,1.54595,1.82696,,,,127.49,9670.2,3354.69,23893.36,4991.72,1983.04,3274.39,888.64,1968.27,,8664.64,1.939,19137.95,2843.98,3839.38,15.335,2799.31,7.1008,7.0841,7.7501,107.75,0.619,0.2133,1.2146,,31.39,41.98
2020-04-23,0.637,672.0,16.5,,,21.33,,,100.433,1.0777,0.25,1.2344,1733.3,2.508,231.2,1.54524,1.79786,,,,127.15,9703.99,3363.64,23977.32,4988.33,1982.56,3286.13,891.81,1974.38,,8641.5,1.815,19429.44,2838.5,3829.75,15.357,2797.8,7.0941,7.0667,7.7504,107.6,0.6015,0.2191,1.1804,,30.51,41.38
2020-04-24,0.6371,665.0,16.94,,,21.44,,,100.38,1.0823,0.25,1.2367,1723.5,2.489,233.7,1.52875,1.78625,,,,126.5,9656.19,3333.36,23831.33,4859.56,1975.01,3287.37,879.41,1987.65,,8786.6,1.746,19262.0,2808.529,3796.97,15.263,2836.74,7.0904,7.0819,7.7505,107.51,0.6008,0.2245,1.1696,,30.74,35.93
2020-04-27,0.6465,661.0,12.78,,,19.99,,,100.041,1.0829,0.25,1.2431,1711.9,2.51,235.0,1.45887,1.75357,,,,124.81,9875.59,3396.27,24280.14,4937.51,1973.22,3275.08,895.33,2022.49,,8837.66,1.819,19783.22,2815.495,3822.77,15.21,2878.48,7.0926,7.0873,7.7502,107.25,0.6605,0.2223,1.2557,,28.28,33.29
2020-04-28,0.6491,655.0,12.34,,,20.46,,,99.865,1.082,0.25,1.2426,1710.5,2.504,234.55,1.23179,1.69518,,,,123.63,9983.69,3432.62,24575.96,5025.82,1976.58,3285.06,902.7,2023.35,,8677.6,1.794,19771.19,2810.024,3849.15,15.171,2863.39,7.0884,7.0796,7.7502,106.87,0.6129,0.2112,1.2042,,27.57,33.57
2020-04-29,0.6557,643.0,15.06,,,22.54,,,99.565,1.0873,0.25,1.2469,1713.4,2.484,237.45,1.14839,1.66363,,,,124.03,10040.87,3448.59,24643.59,4996.66,1984.02,3287.63,919.66,2070.76,,8982.76,1.869,,2822.442,3867.03,15.16,2939.51,7.0731,7.0768,7.7502,106.68,0.6269,0.2014,1.2499,,26.72,31.23
2020-04-30,0.6512,635.0,18.84,3.3,,25.27,0.3,50.8,99.016,1.0955,0.25,1.2594,1694.2,2.516,235.4,,,1.9,,5.2,,,,,,1991.76,3286.26,924.94,2052.85,41.8,9000.51,1.949,20193.69,2860.082,3912.58,14.898,2912.43,7.0817,7.0633,7.752,107.18,0.6393,0.1956,1.2848,14.8,,34.15
2020-05-01,0.6418,617.0,19.78,,,26.44,,,99.079,1.0981,0.25,1.2506,1700.9,,231.85,,,,,,,,,,,1988.12,3275.41,916.77,2004.79,,8718.18,1.89,19619.35,,,14.863,2830.71,7.1349,,7.7523,106.91,0.6118,0.19,1.2486,,,37.19
2020-05-04,0.6428,598.0,20.39,,,27.2,,,99.484,1.0907,0.25,1.2443,1713.3,,232.4,1.06125,1.63821,,,,130.74,9599.02,3313.44,23613.8,4829.64,1984.31,3269.91,887.98,1997.75,,8834.11,1.993,,,,14.722,2842.74,7.1305,,7.7535,106.74,0.6336,0.1822,1.2765,,35.96,35.97
2020-05-05,0.6431,575.0,24.56,,,30.97,,,99.709,1.084,0.25,1.2435,1710.6,,234.1,0.86339,1.45268,,,,129.54,9698.22,3348.14,23868.66,4896.38,1994.64,3268.17,895.74,2018.11,,8930.62,2.134,,,,15.057,2868.44,7.1226,,7.7535,106.57,0.6619,0.1882,1.332,,32.51,33.61
2020-05-06,0.64,534.0,23.99,,,29.72,,,100.091,1.0795,0.25,1.235,1688.5,2.567,235.25,0.84595,1.35571,,,,127.15,9807.76,3393.41,24137.48,5049.42,1996.55,3247.29,898.7,2007.6,,8984.86,1.944,,2878.14,3936.25,14.987,2848.42,7.1297,7.1046,7.7523,106.12,0.703,0.1784,1.3937,,29.58,34.12
2020-05-07,0.6495,514.0,23.55,,,29.46,,,99.889,1.0834,0.25,1.2362,1725.8,2.617,238.55,0.83393,1.34339,,,,126.93,9764.26,3377.7,23980.63,5050.33,2000.93,3259.22,896.89,2026.12,,9101.88,1.894,19674.77,2871.523,3924.9,15.562,2881.19,7.0922,7.0842,7.7509,106.28,0.6409,0.1388,1.329,,28.93,31.44
2020-05-08,0.6532,,24.74,,,30.97,,,99.734,1.0839,0.25,1.241,1713.9,2.611,240.85,0.84381,1.31006,,,,127.01,9868.34,3426.89,24230.17,5168.76,2004.61,3241.37,911.65,2061.89,,9220.35,1.823,20179.09,2895.344,3963.62,15.74,2929.8,7.0934,7.0742,7.752,106.65,0.6831,0.1568,1.3828,,27.38,27.98
2020-05-11,0.6489,474.0,24.14,,,29.63,,,100.236,1.0807,0.25,1.2335,1698.0,2.646,238.2,0.74875,1.23,,,,126.35,9990.48,3471.99,24602.06,5231.83,2005.7,3223.95,915.9,2060.7,,9298.92,1.826,20390.66,2894.802,3960.18,15.636,2930.32,7.1052,7.0987,7.7506,107.66,0.7099,0.1747,1.416,,25.58,27.57
2020-05-12,0.6471,433.0,25.78,,,29.98,,,99.933,1.0848,0.25,1.226,1706.8,2.645,236.05,0.71714,1.21857,,,,127.22,9832.1,3436.78,24245.68,5314.22,2012.66,3241.21,909.31,2034.06,,9112.45,1.72,20366.48,2891.556,3960.24,15.687,2870.12,7.1066,7.0835,7.7509,107.14,0.6651,0.1589,1.3698,,27.86,33.04
2020-05-13,0.6455,398.0,25.29,,,29.19,,,100.242,1.0818,0.25,1.2232,1716.4,2.683,234.9,0.70893,1.2025,,,,127.26,9835.71,3438.8,24180.3,5329.27,2003.6,3249.32,909.2,1998.48,,9000.08,1.616,20267.05,2898.05,3968.25,15.663,2820.0,7.1121,7.0926,7.7512,107.03,0.6525,0.1589,1.3451,,28.53,35.28
2020-05-14,0.6462,393.0,27.56,,,31.13,,,100.466,1.0805,0.25,1.223,1740.9,2.686,235.1,0.70607,1.19839,,,,127.94,9687.1,3399.41,23829.74,5382.38,1993.62,3256.48,900.87,1999.89,,9094.43,1.681,19914.78,2870.342,3925.22,16.136,2852.5,7.11,7.0957,7.7521,107.25,0.6218,0.147,1.2909,,31.22,32.61
2020-05-15,0.6413,407.0,29.43,,,32.5,,,100.402,1.082,0.25,1.2116,1756.3,2.659,233.35,0.64446,1.13762,,,,127.97,9674.57,3396.99,23797.47,5467.94,1991.15,3263.76,901.16,2008.41,,9152.64,1.646,20037.47,2868.459,3912.82,17.046,2863.7,7.1339,7.1019,7.7509,107.06,0.6428,0.1451,1.3266,,30.25,31.89
2020-05-18,0.6524,427.0,31.82,,,34.81,,,99.665,1.0913,0.25,1.2194,1734.4,2.72,240.5,0.61554,1.09429,,,,127.08,9726.43,3418.16,23934.77,5349.16,2010.7,3264.17,912.57,2069.0,,9331.93,1.783,20133.73,2875.417,3922.91,17.464,2953.91,7.1186,7.1096,7.7513,107.34,0.7257,0.1772,1.4365,,29.08,29.3
2020-05-19,0.6537,453.0,32.5,,,34.65,,,99.371,1.0923,0.25,1.2253,1745.6,2.741,242.3,0.59101,1.07637,,,,125.8,9883.37,3482.24,24388.13,5500.26,2017.56,3281.13,925.22,2061.37,,9298.55,1.83,20433.45,2898.576,3956.25,17.892,2922.94,7.1181,7.099,7.7509,107.71,0.6882,0.1652,1.4089,,26.45,30.53
2020-05-20,0.6597,477.0,33.49,,,35.75,,,99.124,1.098,0.25,1.2245,1752.1,2.673,246.75,0.59786,1.05946,,,,125.87,9898.0,3488.34,24399.95,5568.68,2031.27,3305.29,931.5,2092.03,,9485.02,1.771,20595.15,2883.738,3935.22,18.002,2971.61,7.1042,7.0935,7.7501,107.53,0.6801,0.1633,1.3978,,25.65,27.99
2020-05-21,0.6565,494.0,33.92,,,36.06,,,99.37,1.095,0.25,1.2223,1721.9,2.662,245.2,0.62827,1.05655,,,,125.77,9850.07,3460.53,24280.03,5438.79,2039.66,3309.84,930.01,2074.1,,9377.99,1.71,20552.31,2867.924,3913.8,17.335,2948.51,7.1325,7.1158,7.7547,107.61,0.672,0.1653,1.386,,25.16,29.53
2020-05-22,0.6537,498.0,33.25,,,35.13,,,99.863,1.0901,0.25,1.2173,1735.5,2.583,240.9,1.01893,1.28869,,,,127.56,9426.78,3281.98,22930.14,5138.16,2042.82,3313.51,905.25,2071.9,,9413.99,1.731,20388.16,2813.765,3824.06,17.664,2955.45,7.1485,7.1364,7.7558,107.64,0.6591,0.1676,1.3705,,35.28,28.16
2020-05-25,0.6545,,,,,35.53,,,99.863,1.0898,0.25,1.2191,,2.659,,1.13345,1.35571,,,,126.84,9465.94,3301.79,22952.24,5258.12,,,911.41,2081.83,,,,20741.65,2817.97,3829.32,,,7.148,7.1368,7.7547,107.71,0.6591,0.1676,1.3705,,33.53,
2020-05-26,0.6653,506.0,34.35,,,36.17,,,98.908,1.0982,0.25,1.2334,1705.6,2.702,243.85,0.96369,1.18232,,,,126.53,9595.2,3367.3,23384.66,5382.84,2062.38,3315.33,926.65,2114.27,,9389.98,1.793,21271.17,2846.547,3872.77,17.565,2991.77,7.1446,7.135,7.7527,107.54,0.6965,0.1717,1.4446,,31.66,28.01
2020-05-27,0.6622,502.0,32.81,,,34.74,,,99.062,1.1006,0.25,1.2261,1710.7,2.724,240.25,0.96226,1.16214,,,,126.18,9567.43,3340.5,23301.36,5260.53,2069.99,3322.7,927.36,2136.9,,9442.05,1.722,21419.23,2836.804,3845.61,17.686,3036.13,7.1763,7.168,7.7547,107.72,0.6819,0.1799,1.4399,,33.5,27.62
2020-05-28,0.6637,489.0,33.71,,,35.29,,,98.383,1.1077,0.25,1.2321,1713.3,2.692,241.35,1.06441,1.24738,,,,126.8,9551.56,3313.47,23132.76,5150.19,2079.61,3322.46,925.34,2148.33,,9416.71,1.827,21916.31,2846.222,3856.63,17.967,3029.73,7.1729,7.1455,7.7527,107.65,0.69,0.1701,1.4519,,34.73,28.59
2020-05-29,0.6667,504.0,35.49,,,35.33,,,98.344,1.1101,0.25,1.2343,1736.9,2.693,242.55,1.05095,1.24667,,,,125.96,9561.03,3321.58,22961.47,5259.97,2079.5,3337.67,930.35,2147.88,,9555.52,1.849,21877.89,2852.351,3867.02,18.499,3044.31,7.1332,7.1372,7.7512,107.83,0.6526,0.1603,1.4064,,33.99,27.51
2020-05-31,,,,2.4,,,0.1,50.6,,,,,,,,,,1.5,,5.9,,,,,,,,,,43.5,,,,,,,,,,,,,,,13.2,,
2020-06-01,0.6798,520.0,35.44,,,38.32,,,97.83,1.1136,0.25,1.2492,1737.8,2.736,247.05,1.01036,1.19857,,,,125.98,9833.83,3430.14,23732.52,5496.09,2085.18,3337.74,951.48,2163.93,,9598.89,1.774,22062.39,2915.431,3971.34,18.827,3055.73,7.1265,7.1278,7.7512,107.59,0.6591,0.1564,1.4506,,28.49,28.23
2020-06-02,0.6897,546.0,36.81,,,39.57,,,97.673,1.117,0.25,1.2551,1725.2,2.813,249.1,0.87143,1.13089,,,,126.7,9876.25,3459.45,23995.94,5523.68,2100.05,3344.67,967.48,2187.09,,9657.31,1.777,22325.61,2921.398,3983.57,18.26,3080.82,7.1068,7.1014,7.751,108.68,0.6852,0.1623,1.4873,,27.74,26.84
2020-06-03,0.6921,592.0,37.29,,,39.79,,,97.276,1.1233,0.25,1.2575,1697.8,2.793,248.75,0.86649,1.10143,,,,125.77,9967.53,3513.48,24325.62,5646.93,2119.67,3344.91,988.02,2222.54,,9704.69,1.821,22613.76,2923.371,3983.65,17.958,3122.87,7.117,7.1157,7.7504,108.9,0.7458,0.19,1.5305,,26.48,25.66
2020-06-04,0.6942,632.0,37.41,,,39.99,,,96.677,1.1338,0.25,1.2597,1718.9,2.835,248.95,0.83423,1.06036,,,,124.92,9967.93,3529.87,24366.3,5653.7,2123.3,3339.83,988.8,2218.5,,9629.66,1.822,22695.74,2919.25,3982.19,18.061,3112.35,7.1086,7.1112,7.7501,109.15,0.8234,0.194,1.6318,,25.63,25.81
2020-06-05,0.6969,679.0,39.55,,,42.3,,,96.937,1.1292,0.25,1.2668,1676.2,2.858,255.55,0.80571,1.03661,,,,124.44,10066.25,3569.02,24770.41,5699.28,2143.91,3354.66,1002.65,2266.76,,9824.39,1.782,22863.73,2930.799,4001.25,17.479,3193.93,7.0705,7.0835,7.7502,109.59,0.8951,0.2062,1.6656,,24.93,24.52
2020-06-08,0.7021,698.0,38.19,,,40.8,,,96.618,1.1294,0.25,1.2724,1698.3,2.821,256.55,0.80375,1.01887,,,,125.92,10008.88,3562.46,24776.77,5649.65,2150.74,3366.05,1007.46,2288.04,,9901.52,1.789,23178.1,2937.771,4021.95,17.893,3232.39,7.0563,7.0716,7.7501,108.43,0.8752,0.2261,1.6417,,25.83,25.81
2020-06-09,0.6961,714.0,38.94,,,41.18,,,96.324,1.134,0.25,1.2728,1714.7,2.82,259.9,0.7856,1.01887,,,,125.25,10121.13,3591.72,25057.22,5663.29,2144.58,3369.48,1009.61,2275.28,,9967.17,1.767,23091.03,2956.112,4047.03,17.794,3207.18,7.0766,7.0774,7.7501,107.76,0.8253,0.2024,1.5758,,24.75,27.57
2020-06-10,0.6998,764.0,39.6,,,41.73,,,95.959,1.1374,0.25,1.2747,1713.3,2.825,265.65,0.69054,0.9572,,,,124.5,10143.48,3603.45,25049.73,5718.01,2138.94,3380.21,1012.51,2267.36,,10094.26,1.78,23124.95,2943.752,4039.71,17.796,3190.14,7.0538,7.061,7.7501,107.12,0.7263,0.1667,1.5063,,23.34,27.57
2020-06-11,0.6855,839.0,36.34,,,38.55,,,96.733,1.1299,0.25,1.2602,1732.0,2.771,258.65,0.56071,0.90339,,,,125.51,9944.6,3535.56,24480.15,5664.67,2110.08,3373.29,993.59,2154.44,,9588.48,1.813,22472.91,2920.897,3995.88,17.889,3002.1,7.0807,7.065,7.7504,106.87,0.669,0.1967,1.4019,,25.99,40.79
2020-06-12,0.6866,923.0,36.26,,,38.73,,,97.319,1.1256,0.25,1.254,1729.3,2.76,260.0,0.55232,0.89411,,,,126.37,9832.53,3519.38,24301.38,5703.59,2114.1,3369.67,987.01,2164.46,,9663.77,1.731,22305.48,2919.741,4003.08,17.482,3041.31,7.0775,7.0842,7.7501,107.38,0.7034,0.193,1.4568,,29.08,36.09
2020-06-15,0.6919,973.0,37.12,,,39.72,,,96.706,1.1323,0.25,1.2605,1720.3,2.81,256.7,0.55,0.92756,,,,126.22,9655.83,3443.63,23776.95,5579.27,2114.04,3374.52,966.32,2171.44,,9776.89,1.669,21530.95,2890.031,3954.99,17.399,3066.59,7.0722,7.0908,7.7504,107.33,0.7215,0.189,1.4608,,32.34,34.4
2020-06-16,0.6889,1054.0,38.38,,,40.96,,,96.958,1.1264,0.25,1.2573,1729.6,2.857,256.45,0.51863,0.90941,,,,126.01,9867.63,3536.4,24344.09,5880.58,2140.11,3394.04,989.87,2219.1,,9949.37,1.614,22582.21,2931.749,4014.57,17.652,3124.74,7.0821,7.0862,7.7501,107.32,0.7528,0.1992,1.5431,,28.22,33.67
2020-06-17,0.6884,1246.0,37.96,,,40.71,,,97.158,1.1244,0.25,1.2555,1729.2,2.883,258.95,0.49714,0.89268,,,,125.48,9909.63,3557.71,24481.41,5926.6,2140.26,3394.3,994.62,2217.9,,9982.48,1.638,22455.76,2935.873,4017.59,17.775,3113.49,7.076,7.0855,7.7501,107.01,0.738,0.1952,1.5295,,27.56,33.47
2020-06-18,0.6852,1527.0,38.84,,,41.51,,,97.421,1.1205,0.25,1.2424,1724.8,2.86,258.8,0.43506,0.84691,,,,125.81,9916.45,3569.53,24464.94,6063.85,2133.2,3398.33,995.18,2215.64,,10012.05,1.638,22355.46,2939.315,4044.38,17.508,3115.34,7.0813,7.0893,7.7504,106.97,0.7084,0.1933,1.4816,,27.66,32.94
2020-06-19,0.6835,1555.0,39.75,,,42.19,,,97.623,1.1178,0.25,1.235,1745.9,2.881,261.1,0.44536,0.82095,,,,125.73,9974.59,3597.03,24643.89,6132.71,2132.49,3401.73,1001.36,2208.97,,10008.64,1.669,22478.79,2967.634,4098.71,17.847,3097.74,7.0745,7.071,7.7504,106.87,0.6937,0.1855,1.4582,,26.87,35.12
2020-06-22,0.6908,1558.0,40.46,,,43.08,,,97.039,1.1261,0.25,1.2469,1756.7,2.92,265.25,0.44595,0.82595,,,,127.23,9879.02,3572.03,24511.34,6136.53,2132.15,3400.46,1000.19,2217.82,,10130.33,1.664,22437.27,2965.272,4102.05,17.902,3117.86,7.0583,7.0684,7.7507,106.91,0.7085,0.1917,1.4642,,27.26,31.77
2020-06-23,0.693,1617.0,40.37,,,42.63,,,96.646,1.1308,0.25,1.252,1772.1,2.914,265.85,0.47298,0.82417,,,,126.3,9993.48,3631.11,24907.34,6350.31,2132.94,3397.05,1014.62,2236.04,,10209.82,1.637,22549.05,2970.62,4121.79,18.063,3131.29,7.0606,7.0581,7.7501,106.52,0.7118,0.1857,1.4917,,26.76,31.37
2020-06-24,0.6869,1705.0,38.01,,,40.31,,,97.148,1.1251,0.25,1.2419,1765.8,2.872,265.05,0.47262,0.82167,,,,127.66,9936.66,3623.23,24781.58,6454.19,2122.08,3392.62,1010.79,2180.12,,10002.7,1.597,22534.32,2979.551,4138.99,17.67,3050.33,7.0791,7.0782,7.7504,107.04,0.679,0.1876,1.4291,,26.38,33.84
2020-06-25,0.6887,1738.0,38.72,,,41.05,,,97.429,1.1218,0.25,1.2419,1762.1,,266.3,,,,,,,,,,,2114.22,3391.51,1004.44,2193.4,,10101.83,1.482,22259.79,,,17.895,3083.76,7.0827,,7.7506,107.19,0.6856,0.1857,1.4344,,,32.22
2020-06-26,0.6865,1749.0,38.49,,,41.02,,,97.433,1.1219,0.25,1.2336,1772.5,,265.9,0.46696,0.8206,,,,128.73,9853.18,3588.65,24549.99,6476.97,2107.93,3399.49,998.9,2157.19,,9849.36,1.495,22512.08,,,18.035,3009.05,7.0859,,7.7504,107.22,0.6413,0.1661,1.3701,,27.34,34.73
2020-06-29,0.6866,1794.0,39.7,,,41.71,,,97.536,1.1242,0.25,1.2298,1781.2,2.857,267.95,0.44268,0.79667,,,,127.92,9757.69,3546.57,24301.28,6334.84,2098.47,3399.23,993.96,2176.44,,9961.16,1.709,21995.04,2961.516,4109.72,17.98,3053.24,7.0764,7.0811,7.7504,107.58,0.6234,0.1485,1.3734,,28.56,31.78
2020-06-30,0.6903,1799.0,39.27,2.5,3.2,41.15,0.6,50.9,97.391,1.1234,0.25,1.2401,1800.5,2.851,271.35,0.44196,0.77786,0.7,-9.4,6.1,128.57,9758.63,3560.87,24427.19,6376.98,2099.86,3403.1,995.1,2201.79,52.6,10156.85,1.751,22288.14,2984.674,4163.96,18.541,3100.29,7.0699,7.064,7.7505,107.93,0.6561,0.1485,1.4107,11.0,26.44,30.43
2020-07-01,0.6915,1803.0,39.82,,,42.03,,,97.196,1.1251,0.25,1.2475,1779.9,2.849,271.7,,,,,,,,,,,2105.5,3408.3,1001.08,2211.27,,10279.25,1.671,22121.73,3025.981,4247.78,18.133,3115.86,7.0679,7.0708,7.7507,107.47,0.6758,0.1603,1.4232,,,28.62
2020-07-02,0.6924,1823.0,40.65,,,43.14,,,97.317,1.1239,0.25,1.2468,1790.0,2.864,273.35,0.46268,0.7856,,,,131.42,10056.86,3677.47,25124.19,6666.25,2115.24,3422.71,1023.48,2227.65,,10341.89,1.734,22145.96,3090.569,4335.84,18.244,3130.01,7.068,7.067,7.7503,107.5,0.6693,0.1526,1.4272,,24.42,27.68
2020-07-03,0.6939,1894.0,,,,42.8,,,97.172,1.1248,0.25,1.2483,,2.902,,0.42786,0.78345,,,,132.56,10243.29,3740.45,25373.12,6911.58,,,1033.09,2226.4,,,,22306.48,3152.813,4419.6,,,7.0678,7.0665,7.7503,107.51,0.6693,0.1526,1.4272,,23.7,
2020-07-06,0.6973,1956.0,40.63,,,43.1,,,96.725,1.1309,0.25,1.2492,1793.5,3.032,276.6,0.42143,0.73464,,,,133.35,10726.83,3874.65,26339.16,7242.69,2125.62,3431.24,1060.5,2264.29,,10604.06,1.83,22714.44,3332.881,4670.09,18.504,3179.72,7.0131,7.0188,7.75,107.35,0.6759,0.1566,1.4392,,26.48,27.94
2020-07-07,0.6947,1949.0,40.62,,,43.08,,,96.881,1.1274,0.25,1.2542,1809.9,3.034,278.75,0.41893,0.70756,,,,134.92,10600.41,3824.2,25975.66,7078.17,2127.78,3439.86,1052.54,2243.17,,10524.01,1.876,22614.69,3345.337,4698.13,18.628,3145.32,7.0229,7.0138,7.7501,107.52,0.6397,0.1567,1.3748,,27.29,29.43
2020-07-08,0.6982,1849.0,40.9,,,43.29,,,96.428,1.133,0.25,1.261,1820.6,3.065,281.45,0.39179,0.67036,,,,134.78,10748.11,3891.22,26129.18,7446.74,2126.12,3439.58,1070.14,2252.64,,10666.7,1.824,22438.65,3403.44,4774.0,19.081,3169.94,6.9986,7.0044,7.7501,107.26,0.6644,0.1587,1.3996,,25.84,28.08
2020-07-09,0.6964,1810.0,39.62,,,42.35,,,96.7,1.1285,0.25,1.2606,1803.8,3.096,282.8,0.41554,0.63768,,,,135.82,10781.89,3941.48,26210.16,7776.77,2123.64,3453.53,1079.69,2240.73,,10754.59,1.779,22529.29,3450.594,4840.77,18.882,3152.05,6.9976,6.9942,7.7501,107.2,0.6135,0.1508,1.3134,,25.63,29.26
2020-07-10,0.695,1810.0,40.55,,,43.24,,,96.652,1.13,0.25,1.2622,1801.9,3.032,288.7,0.39929,0.63161,,,,132.99,10541.26,3869.98,25727.41,7683.91,2122.32,3448.01,1069.27,2259.6,,10836.33,1.805,22290.81,3383.322,4753.13,18.983,3185.04,7.0107,7.0019,7.7526,106.93,0.6447,0.1529,1.3359,,26.4,27.29
2020-07-13,0.694,1792.0,40.1,,,42.72,,,96.464,1.1344,0.25,1.2555,1814.1,3.059,294.2,0.38232,0.60786,,,,132.98,10575.88,3889.13,25772.12,7736.67,2129.49,3451.85,1071.36,2253.76,,10602.21,1.739,22784.74,3443.286,4852.96,19.709,3155.22,7.001,6.9974,7.7509,107.29,0.6184,0.1509,1.3077,,27.09,32.19
2020-07-14,0.6975,1742.0,40.29,,,42.9,,,96.259,1.14,0.25,1.2553,1813.4,3.003,291.6,0.35589,0.57571,,,,133.13,10405.27,3815.1,25477.89,7461.2,2128.19,3458.97,1059.52,2270.69,,10689.52,1.746,22587.01,3414.619,4806.69,19.451,3197.52,7.0106,7.0058,7.7514,107.24,0.6233,0.157,1.3109,,28.04,29.52
2020-07-15,0.7008,1696.0,41.2,,,43.79,,,96.081,1.1412,0.25,1.2587,1813.8,2.957,287.05,0.3297,0.56393,,,,132.72,10390.54,3823.85,25481.58,7371.42,2139.71,3463.39,1066.29,2298.78,,10701.68,1.778,22945.5,3361.304,4744.47,19.685,3226.56,6.9822,6.9889,7.7524,106.94,0.6299,0.155,1.3321,,26.09,27.76
2020-07-16,0.6971,1699.0,40.75,,,43.37,,,96.346,1.1384,0.25,1.2553,1800.3,2.968,288.6,0.30446,0.56179,,,,131.41,10133.92,3696.12,24970.69,6725.21,2143.32,3472.32,1045.93,2288.81,,10626.46,1.723,22770.36,3210.099,4516.25,19.497,3215.57,6.9943,6.9902,7.7531,107.27,0.6168,0.145,1.3083,,25.95,28.0
2020-07-17,0.6996,1710.0,40.59,,,43.14,,,95.942,1.1428,0.25,1.2568,1810.0,2.966,288.75,0.29411,0.51768,,,,131.23,10203.57,3734.29,25089.17,6859.87,2146.46,3473.08,1055.06,2293.92,,10645.22,1.718,22696.42,3214.129,4544.7,19.685,3224.73,6.9928,6.9924,7.7539,107.02,0.6266,0.1451,1.3289,,24.16,25.68
2020-07-20,0.7016,1678.0,40.81,,,43.28,,,95.832,1.1448,0.25,1.2661,1817.4,2.943,289.85,0.275,0.48982,,,,133.55,10295.32,3754.4,25057.99,6880.91,2156.71,3483.53,1064.5,2312.95,,10952.08,1.641,22717.48,3314.149,4680.3,20.124,3251.84,6.9875,6.9836,7.7519,107.27,0.6102,0.1472,1.3116,,23.46,24.46
2020-07-21,0.7128,1594.0,41.96,,,44.32,,,95.117,1.1527,0.25,1.2731,1843.9,2.918,294.1,0.25964,0.4775,,,,132.68,10445.42,3862.07,25635.66,7376.93,2170.14,3495.4,1085.86,2321.55,,10833.07,1.675,22884.22,3320.895,4691.04,21.497,3257.3,6.9728,6.9811,7.7507,106.8,0.6004,0.1411,1.309,,22.34,24.84
2020-07-22,0.714,1473.0,41.9,,,44.29,,,94.988,1.157,0.25,1.2734,1865.1,2.895,290.85,0.25679,0.47994,,,,133.98,10243.51,3764.92,25057.94,7036.95,2176.14,3502.39,1077.78,2327.76,,10870.75,1.681,22751.61,3333.164,4714.45,23.083,3276.02,7.0176,7.0002,7.7524,107.15,0.5971,0.1492,1.293,,23.8,24.32
2020-07-23,0.7098,1388.0,41.07,,,43.31,,,94.692,1.1596,0.25,1.2741,1890.0,2.915,292.45,0.26875,0.48071,,,,132.76,10325.25,3809.25,25263.0,7225.23,2178.63,3508.61,1077.6,2308.12,,10580.59,1.785,,3325.11,4712.44,22.945,3235.66,7.0127,7.0041,7.7511,106.86,0.5774,0.1513,1.2311,,23.49,26.08
2020-07-24,0.7105,1317.0,41.29,,,43.34,,,94.435,1.1656,0.25,1.2794,1897.5,2.868,288.2,0.26589,0.47571,,,,131.52,10080.86,3696.23,24705.33,6862.7,2179.98,3506.16,1060.47,2291.58,,10483.13,1.808,,3196.768,4505.59,22.808,3215.63,7.0173,7.0184,7.7513,106.14,0.5888,0.1473,1.2293,,25.67,25.84
2020-07-27,0.7149,1293.0,41.6,,,43.41,,,93.668,1.1752,0.25,1.2882,1931.0,2.896,288.8,0.25393,0.45732,,,,131.81,10075.45,3676.16,24603.26,6774.78,2182.28,3501.38,1073.14,2311.62,,10674.38,1.734,22715.85,3205.227,4528.45,24.476,3239.41,7.0,6.9964,7.7515,105.37,0.6151,0.1514,1.2601,,25.62,24.74
2020-07-28,0.7158,1264.0,41.04,,,43.22,,,93.696,1.1716,0.25,1.2932,1944.6,2.94,290.5,0.25107,0.45429,,,,131.85,10151.89,3724.65,24772.76,7012.62,2182.51,3504.27,1082.02,2299.91,,10532.5,1.8,22657.38,3227.96,4568.26,24.266,3218.44,7.0051,7.0008,7.7503,105.09,0.579,0.1387,1.2168,,24.56,25.44
2020-07-29,0.7188,1317.0,41.27,,,43.75,,,93.453,1.1792,0.25,1.2997,1953.4,2.967,290.55,0.25393,0.45071,,,,133.22,10184.41,3743.86,24883.14,7085.15,2189.46,3502.93,1086.62,2319.71,,10662.98,1.854,22397.11,3294.552,4679.01,24.293,3258.44,6.9993,7.0016,7.7501,104.92,0.5741,0.1309,1.2362,,23.78,24.1
2020-07-30,0.7195,1348.0,39.92,,,42.94,,,93.021,1.1847,0.25,1.3096,1942.3,2.935,291.4,0.25536,0.45214,,,,133.26,10097.08,3732.38,24710.59,7100.21,2194.25,3510.74,1082.06,2304.01,,10715.51,1.829,22339.23,3286.822,4656.15,23.362,3246.22,7.0032,7.0088,7.7501,104.73,0.5462,0.1172,1.2068,,24.07,24.76
2020-07-31,0.7143,1350.0,40.27,2.7,,43.3,1.0,51.1,93.349,1.1778,0.25,1.3085,1962.8,2.976,286.8,0.25393,0.45119,-2.3,,6.0,134.95,10039.96,3725.7,24595.35,7155.03,2198.3,3513.73,1078.92,2304.98,53.8,10905.88,1.799,21710.0,3310.007,4695.05,24.216,3271.12,6.9892,6.9752,7.7503,105.83,0.5282,0.1054,1.1925,10.2,23.74,24.46
2020-08-03,0.7124,1385.0,41.01,,,44.15,,,93.542,1.1762,0.25,1.3075,1966.0,2.949,291.2,0.25155,0.45,,,,136.45,10033.2,3736.61,24458.13,7292.45,2202.82,3509.39,1077.87,2324.08,,11055.08,2.101,22195.38,3367.966,4771.31,24.417,3294.61,6.9823,6.9809,7.7505,105.95,0.5543,0.1093,1.2318,,23.56,24.28
2020-08-04,0.716,1463.0,41.7,,,44.43,,,93.382,1.1803,0.25,1.3071,2001.2,2.947,289.45,0.25214,0.45286,,,,135.89,10203.88,3813.64,24946.63,7436.59,2202.84,3522.62,1089.58,2336.82,,11096.54,2.193,22573.66,3371.688,4775.8,26.028,3306.51,6.9746,6.9734,7.75,105.72,0.5069,0.1073,1.1857,,23.36,23.76
2020-08-05,0.7192,1475.0,42.19,,,45.17,,,92.868,1.1863,0.25,1.3114,2031.1,2.978,291.7,0.25321,0.47661,,,,135.52,10256.64,3843.36,25102.54,7547.2,2208.86,3523.34,1103.03,2355.94,,11125.44,2.191,22514.85,3377.565,4777.11,26.89,3327.77,6.9434,6.9366,7.7501,105.6,0.5477,0.1171,1.2217,,22.53,22.99
2020-08-06,0.7236,1500.0,41.95,,,45.09,,,92.788,1.1877,0.25,1.3143,2051.5,2.985,291.05,0.24125,0.46036,,,,136.47,10202.41,3835.78,24930.58,7576.84,2209.68,3531.01,1106.58,2359.89,,11267.08,2.165,22418.15,3386.463,4762.76,28.4,3349.16,6.9438,6.9535,7.7503,105.55,0.5362,0.1151,1.1981,,22.05,22.65
2020-08-07,0.7157,1501.0,41.22,,,44.4,,,93.435,1.1787,0.25,1.3052,2010.1,2.987,279.25,0.24054,0.45125,,,,136.17,10063.43,3776.71,24531.62,7386.66,2210.69,3527.41,1089.32,2355.97,,11139.39,2.238,22329.94,3354.035,4707.93,27.54,3351.28,6.9695,6.968,7.7503,105.92,0.564,0.129,1.2336,,23.13,22.21
2020-08-10,0.715,1506.0,41.94,,,44.99,,,93.582,1.1738,0.25,1.3073,2024.4,2.961,286.15,0.24125,0.44571,,,,137.48,9990.67,3738.93,24377.43,7176.17,2211.11,3524.74,1086.45,2360.87,,11085.17,2.153,,3379.252,4724.87,29.261,3360.47,6.961,6.9619,7.7501,105.96,0.5755,0.131,1.2538,,23.62,22.13
2020-08-11,0.7143,1510.0,41.61,,,44.5,,,93.628,1.174,0.25,1.3048,1932.6,2.979,287.55,0.24125,0.45768,,,,135.35,10153.4,3785.8,24890.68,7129.84,2213.3,3503.3,1091.23,2359.47,,10876.08,2.171,22750.24,3340.29,4681.78,26.049,3333.69,6.9415,6.9463,7.7502,106.49,0.6415,0.1489,1.329,,22.8,24.03
2020-08-12,0.7162,1540.0,42.67,,,45.43,,,93.443,1.1784,0.25,1.3034,1934.9,2.977,289.1,0.22589,0.44143,,,,135.27,10215.91,3799.28,25244.02,7010.72,2210.61,3498.42,1093.98,2391.8,,11157.72,2.152,22843.96,3319.266,4647.64,25.979,3380.35,6.9333,6.9372,7.7514,106.91,0.6747,0.1609,1.3738,,23.14,22.28
2020-08-13,0.7149,1577.0,42.24,,,44.96,,,93.335,1.1814,0.25,1.3067,1956.7,2.959,280.7,0.23,0.445,,,,135.08,10244.6,3805.77,25230.67,7031.81,2205.8,3480.65,1096.18,2390.08,,11178.37,2.182,23249.61,3320.726,4635.71,27.718,3373.43,6.948,6.9451,7.7504,106.93,0.7208,0.1629,1.4277,,22.17,22.13
2020-08-14,0.7171,1595.0,42.01,,,44.8,,,93.096,1.1842,0.25,1.3086,1937.0,2.944,285.9,0.23,0.44643,,,,136.15,10266.46,3813.72,25183.01,7038.26,2200.22,3471.62,1093.16,2384.2,,11164.45,2.356,23289.36,3360.099,4704.63,26.089,3372.85,6.9444,6.9503,7.7508,106.6,0.7094,0.145,1.4471,,21.71,22.05
2020-08-17,0.7214,1598.0,42.89,,,45.37,,,92.851,1.187,0.25,1.3103,1985.0,2.953,290.15,0.22857,0.44286,,,,137.25,10385.9,3837.51,25347.34,7075.03,2199.8,3472.79,1099.96,2393.97,,11288.57,2.339,23096.75,3438.801,4815.23,27.667,3381.99,6.9324,6.9329,7.7505,106.0,0.6882,0.1511,1.4341,,21.85,21.35
2020-08-18,0.7243,1586.0,42.89,,,45.46,,,92.271,1.1931,0.25,1.3239,1999.4,2.98,297.5,0.22857,0.44429,,,,137.21,10425.42,3872.15,25367.38,7196.01,2200.58,3473.34,1104.96,2399.37,,11399.03,2.417,23051.08,3451.089,4812.76,28.075,3389.78,6.906,6.9218,7.7502,105.41,0.6687,0.1431,1.3955,,21.38,21.51
2020-08-19,0.7182,1568.0,42.93,,,45.37,,,92.887,1.1838,0.25,1.3098,1958.7,2.998,302.3,0.23071,0.44429,,,,136.23,10313.31,3847.68,25178.91,7150.41,2201.49,3471.7,1099.41,2394.47,,11318.64,2.426,23110.61,3408.129,4740.68,27.34,3374.85,6.922,6.9207,7.7502,106.12,0.6801,0.1391,1.4238,,21.35,22.54
2020-08-20,0.7192,1518.0,42.58,,,44.9,,,92.793,1.186,0.25,1.3214,1933.8,2.999,297.45,0.23143,0.44286,,,,136.9,10155.81,3809.5,24791.39,7167.6,2200.64,3478.02,1080.54,2389.15,,11477.05,2.352,22880.62,3363.899,4679.15,27.147,3385.51,6.9071,6.9158,7.75,105.8,0.6509,0.1411,1.3833,,22.2,22.72
2020-08-21,0.7161,1481.0,42.34,,,44.35,,,93.247,1.1797,0.25,1.309,1934.6,2.99,291.75,0.24125,0.45018,,,,137.48,10212.21,3850.12,25113.84,7168.87,2201.38,3482.07,1091.85,2392.11,,11555.16,2.448,22920.3,3380.683,4718.84,26.732,3397.16,6.9208,6.9194,7.7502,105.8,0.6282,0.1432,1.3407,,21.72,22.54
2020-08-24,0.7163,1491.0,42.62,,,45.13,,,93.298,1.1788,0.25,1.3063,1927.7,3.0,292.65,0.24679,0.44339,,,,136.74,10336.95,3932.25,25551.58,7329.91,2206.85,3482.95,1108.23,2417.05,,11626.17,2.513,22985.51,3385.638,4755.85,26.607,3431.28,6.9122,6.9196,7.7501,105.98,0.6542,0.1513,1.3559,,22.09,22.37
2020-08-25,0.7195,1518.0,43.35,,,45.86,,,93.019,1.1835,0.25,1.3152,1911.8,3.052,293.4,0.26375,0.44196,,,,136.47,10291.85,3918.51,25486.22,7223.67,2212.33,3472.47,1114.72,2422.95,,11721.81,2.489,23296.77,3373.578,4761.95,26.273,3443.62,6.9042,6.9128,7.7504,106.39,0.6835,0.1493,1.3935,,22.05,22.03
2020-08-26,0.7233,1509.0,43.39,,,45.64,,,93.006,1.183,0.25,1.321,1940.7,3.051,296.15,0.25732,0.44339,,,,136.33,10300.36,3924.51,25491.79,7275.44,2213.78,3467.25,1119.34,2446.05,,11971.94,2.461,23290.86,3329.739,4706.13,27.449,3478.73,6.8807,6.886,7.7504,105.99,0.6884,0.1504,1.4135,,22.34,23.27
2020-08-27,0.7259,1504.0,43.04,,,45.09,,,93.001,1.1822,0.25,1.3201,1921.6,3.063,296.75,0.26089,0.45964,,,,137.92,10201.94,3929.61,25281.15,7540.86,2216.09,3448.35,1117.22,2442.79,,11926.16,2.579,23208.86,3350.113,4731.35,27.025,3484.55,6.8887,6.8941,7.7502,106.57,0.7522,0.1583,1.5096,,23.13,24.47
2020-08-28,0.7365,1488.0,42.97,,,45.05,,,92.371,1.1903,0.25,1.3353,1966.8,3.075,299.5,0.36732,0.47119,,,,140.62,10182.83,3938.96,25422.06,7580.9,2217.93,3450.83,1121.6,2456.86,,11995.85,2.657,22882.65,3403.807,4844.27,27.61,3508.01,6.859,6.8654,7.7504,105.37,0.7211,0.127,1.501,,23.8,22.96
2020-08-31,0.7376,,42.61,2.4,,45.28,1.3,51.0,92.144,1.1936,0.25,1.337,1970.5,3.024,304.1,0.37262,0.48845,-0.4,,6.1,142.13,9991.48,3896.29,25177.05,7543.86,2219.2,3465.28,1101.5,2455.51,55.4,12110.7,2.63,23139.76,3395.677,4816.22,28.437,3500.31,6.8477,6.8485,7.7502,105.91,0.7048,0.1309,1.4747,8.4,24.36,26.41
2020-09-01,0.7372,1471.0,42.76,,,45.58,,,92.338,1.1912,0.25,1.3384,1970.8,3.065,300.95,0.44875,0.51161,,,,142.75,10013.32,3922.79,25184.85,7674.71,2221.12,3477.36,1120.02,2467.25,,12292.86,2.527,23138.07,3410.607,4842.12,28.486,3526.65,6.837,6.8281,7.75,105.96,0.6689,0.1309,1.42,,23.69,26.12
2020-09-02,0.7338,1445.0,41.51,,,44.43,,,92.847,1.1855,0.25,1.335,1936.9,3.108,300.3,0.41911,0.51625,,,,143.19,10000.96,3938.61,25120.09,7909.39,2224.73,3493.26,1118.9,2494.1,,12420.54,2.486,23247.15,3404.802,4843.89,27.249,3580.84,6.8329,6.8383,7.7502,106.18,0.6477,0.1329,1.3788,,23.13,26.57
2020-09-03,0.7273,1395.0,41.37,,,44.07,,,92.739,1.1852,0.25,1.3281,1930.2,3.12,295.8,0.41911,0.51554,,,,142.61,9940.13,3901.03,25007.6,7706.06,2222.79,3497.68,1108.85,2425.78,,11771.37,2.487,23465.53,3384.981,4817.1,26.735,3455.06,6.8472,6.8488,7.7503,106.19,0.6347,0.127,1.3616,,22.92,33.6
2020-09-04,0.7282,1362.0,39.77,,,42.66,,,92.719,1.1838,0.25,1.3279,1926.2,3.128,304.65,0.42125,0.51839,,,,141.81,9883.98,3852.89,24695.45,7588.02,2216.94,3463.82,1099.5,2399.6,,11622.13,2.588,23205.43,3355.367,4770.22,26.576,3426.96,6.8369,6.8425,7.7506,106.24,0.718,0.1428,1.4714,,25.07,30.75
2020-09-07,0.7277,1349.0,,,,42.01,,,92.719,1.1817,0.25,1.3166,,3.149,,0.39952,0.51482,,,,142.76,9764.82,3807.73,24589.65,7240.96,,,1094.56,2408.05,,,,23089.95,3292.591,4669.37,,,6.8325,6.8305,7.7502,106.27,0.718,0.1428,1.4714,,25.3,
2020-09-08,0.7214,1328.0,36.76,,,39.78,,,93.445,1.1778,0.25,1.2982,1935.1,3.129,301.25,0.38893,0.51482,,,,142.9,9830.39,3800.66,24624.34,7123.28,2211.57,3467.79,1087.51,2354.41,,11068.26,2.4,23274.13,3316.417,4694.39,26.864,3331.84,6.8538,6.8464,7.7505,106.03,0.6788,0.1408,1.4213,,24.3,31.46
2020-09-09,0.7283,1296.0,38.05,,,40.79,,,93.255,1.1803,0.25,1.3002,1946.8,3.089,304.0,0.38339,0.52262,,,,142.31,9728.52,3767.33,24468.93,7015.64,2213.34,3463.44,1085.75,2393.75,,11395.85,2.406,23032.54,3254.628,4584.59,26.955,3398.96,6.8317,6.8333,7.7507,106.18,0.7001,0.1468,1.457,,23.99,28.81
2020-09-10,0.7258,1269.0,37.3,,,40.06,,,93.336,1.1815,0.25,1.2805,1956.0,3.1,298.7,0.38375,0.52333,,,,143.07,9683.75,3753.24,24313.54,6999.72,2213.59,3469.32,1085.31,2367.8,,11154.12,2.323,23235.47,3234.823,4581.98,27.163,3339.19,6.8451,6.8343,7.7504,106.13,0.6772,0.1389,1.4187,,22.74,29.71
2020-09-11,0.7284,1267.0,37.33,,,39.83,,,93.333,1.1846,0.25,1.2796,1939.5,3.148,303.4,0.39411,0.54327,,,,143.39,9752.5,3793.82,24503.31,7178.27,2212.0,3474.34,1091.79,2368.14,,11087.4,2.269,23406.49,3260.346,4627.28,26.739,3340.97,6.8331,6.8344,7.7503,106.16,0.6658,0.127,1.4116,,21.43,26.87
2020-09-14,0.7288,1282.0,37.26,,,39.61,,,93.052,1.1866,0.25,1.2846,1954.7,3.153,306.65,0.37893,0.54054,,,,143.71,9806.64,3825.24,24640.28,7317.31,2211.82,3479.01,1104.27,2396.37,,11277.76,2.31,23559.3,3278.814,4651.05,27.229,3383.54,6.8084,6.8105,7.7501,105.73,0.6723,0.137,1.4116,,20.19,25.85
2020-09-15,0.7302,1289.0,38.28,,,40.53,,,93.05,1.1847,0.25,1.2889,1958.0,3.112,306.3,0.40018,0.54268,,,,144.47,9829.07,3849.7,24732.76,7348.72,2213.77,3477.88,1112.62,2407.97,,11438.87,2.362,23454.89,3295.679,4688.48,27.346,3401.2,6.7803,6.7826,7.7501,105.44,0.6789,0.139,1.431,,19.46,25.59
2020-09-16,0.7306,1281.0,40.16,,,42.22,,,93.214,1.1816,0.25,1.2967,1962.0,3.13,305.8,0.40196,0.54411,,,,144.79,9845.79,3864.75,24725.63,7430.09,2216.91,3478.56,1116.99,2403.5,,11247.6,2.267,23475.53,3283.924,4657.36,27.355,3385.49,6.7453,6.7548,7.7502,104.95,0.6969,0.137,1.459,,19.6,26.04
2020-09-17,0.7313,1294.0,40.97,,,43.3,,,92.97,1.1848,0.25,1.2973,1941.3,3.14,306.65,0.40821,0.57369,,,,145.06,9732.15,3812.21,24340.85,7301.56,2215.31,3481.17,1106.82,2383.54,,11080.95,2.042,23319.37,3270.435,4632.71,26.985,3357.01,6.7539,6.7638,7.7501,104.74,0.6887,0.135,1.4388,,21.24,26.46
2020-09-18,0.7289,1296.0,41.11,,,43.15,,,92.926,1.184,0.25,1.2917,1953.2,3.123,311.35,0.46816,0.60351,,,,147.19,9803.1,3837.87,24455.41,7371.82,2214.21,3477.73,1108.53,2367.99,,10936.98,2.048,23360.3,3338.09,4737.09,27.028,3319.47,6.7791,6.7691,7.7501,104.57,0.6937,0.1391,1.4532,,20.42,25.83
2020-09-21,0.7224,1314.0,39.31,,,41.44,,,93.656,1.1771,0.25,1.2817,1902.1,3.099,302.95,0.5,0.63113,,,,147.69,9640.42,3763.39,23950.69,7195.75,2200.76,3475.99,1090.35,2329.49,,10980.22,1.835,,3316.935,4691.43,24.299,3281.06,6.7929,6.8053,7.7501,104.65,0.6658,0.1371,1.4148,,22.86,27.78
2020-09-22,0.7171,1364.0,39.6,,,41.72,,,93.988,1.1708,0.25,1.2733,1899.3,3.091,305.9,0.53714,0.66018,,,,146.63,9576.81,3730.44,23716.85,7233.32,2195.81,3478.6,1082.87,2343.39,,11186.37,1.834,,3274.302,4635.76,24.442,3315.57,6.784,6.7799,7.7501,104.93,0.6708,0.1351,1.4233,,23.75,26.86
2020-09-23,0.7072,1426.0,39.93,,,41.77,,,94.389,1.166,0.25,1.2724,1860.5,3.093,299.35,0.52643,0.65,,,,147.35,9558.78,3745.16,23742.51,7298.62,2192.51,3471.36,1077.7,2305.57,,10833.33,2.125,23346.49,3279.71,4652.33,23.014,3236.92,6.8252,6.8091,7.7501,105.39,0.6724,0.1387,1.4168,,22.64,28.58
2020-09-24,0.7047,1605.0,40.31,,,41.94,,,94.354,1.1672,0.25,1.2747,1868.9,3.091,296.9,0.50696,0.63232,,,,147.84,9371.19,3666.86,23311.07,7054.28,2182.1,3463.0,1057.74,2300.3,,10896.47,2.248,23087.82,3223.177,4563.07,23.118,3246.59,6.826,6.8287,7.7502,105.41,0.6659,0.1328,1.4077,,23.29,28.51
2020-09-25,0.7031,1667.0,40.25,,,41.92,,,94.642,1.1631,0.25,1.2746,1857.8,3.133,297.3,0.49679,0.62875,,,,148.88,9302.59,3635.17,23235.42,6918.77,2180.44,3453.86,1059.1,2326.85,,11151.13,2.139,23204.62,3219.418,4570.02,23.017,3298.46,6.8284,6.8238,7.75,105.58,0.6544,0.1289,1.4007,,23.49,26.38
2020-09-28,0.7071,1654.0,40.6,,,42.43,,,94.278,1.1666,0.25,1.2834,1872.8,3.117,298.95,0.47643,0.61964,,,,147.57,9383.4,3676.89,23476.05,6978.59,2187.48,3455.86,1069.88,2366.41,,11364.45,2.101,23511.62,3217.535,4581.91,23.528,3351.6,6.8131,6.8113,7.7501,105.5,0.6528,0.125,1.4149,,23.53,26.19
2020-09-29,0.713,1658.0,39.29,,,41.03,,,93.891,1.1744,0.25,1.2863,1894.3,3.137,299.0,0.48054,0.61125,,,,148.87,9281.52,3652.43,23275.53,6977.3,2190.07,3462.61,1068.79,2359.63,,11322.95,2.561,23539.1,3224.359,4591.8,24.445,3335.47,6.8167,6.8159,7.75,105.66,0.6495,0.123,1.4149,,23.59,26.27
2020-09-30,0.7162,1725.0,40.22,1.7,4.9,40.95,1.4,51.5,93.886,1.1721,0.25,1.292,1887.5,3.148,303.25,0.48446,0.60857,-2.2,-4.0,6.2,147.46,9397.37,3694.05,23459.05,7087.64,2196.37,3455.36,1082.0,2367.27,55.5,11418.06,2.527,23185.12,3218.052,4587.4,23.494,3363.0,6.7838,6.7908,7.75,105.48,0.684,0.127,1.4552,7.8,22.26,26.37
2020-10-01,0.7185,1869.0,38.72,,,40.93,,,93.711,1.1748,0.25,1.2891,1908.4,,286.55,,,,,,,,,,,2200.05,3459.37,1084.83,2380.02,,11583.2,2.527,23185.12,,,24.254,3380.8,6.7492,,7.7501,105.53,0.6774,0.127,1.4552,,,26.7
2020-10-02,0.7161,2020.0,37.05,,,39.27,,,93.844,1.1716,0.25,1.2935,1900.2,,297.75,,,,,,,,,,,2199.8,3455.96,1081.71,2362.41,,11255.69,2.438,23029.9,,,24.029,3348.44,6.7537,,7.7503,105.29,0.7005,0.1289,1.4868,,,27.63
2020-10-05,0.7181,2071.0,39.22,,,41.29,,,93.513,1.1783,0.25,1.2979,1912.5,,296.3,0.465,0.58714,,,,147.4,9447.99,3735.96,23767.78,7092.06,2208.57,3447.34,1091.38,2403.5,,11509.06,2.615,23312.14,,,24.56,3408.63,6.7192,,7.7502,105.75,0.7817,0.1447,1.5892,,22.8,27.96
2020-10-06,0.7102,2097.0,40.67,,,42.65,,,93.686,1.1734,0.25,1.2881,1901.1,,296.35,0.44036,0.57661,,,,146.11,9536.49,3790.13,23980.65,7336.35,2216.26,3461.43,1102.47,2382.57,,11291.27,2.52,23433.73,,,23.921,3360.95,6.7475,,7.7501,105.63,0.7353,0.1467,1.5366,,21.49,29.48
2020-10-07,0.7139,2044.0,39.95,,,41.99,,,93.63,1.1763,0.25,1.2919,1883.6,,303.3,0.44125,0.56964,,,,146.19,9629.29,3823.64,24242.86,7494.59,2218.22,3451.02,1107.9,2409.4,,11503.19,2.606,23422.82,,,23.896,3419.45,6.7346,,7.7501,105.98,0.7868,0.1507,1.5859,,21.23,28.06
2020-10-08,0.7165,1970.0,41.19,,,43.34,,,93.605,1.1759,0.25,1.2938,1888.6,,304.2,0.41911,0.55893,,,,145.03,9624.48,3835.13,24193.35,7511.11,2222.73,3458.55,1117.44,2427.36,,11550.94,2.627,23647.07,,,23.876,3446.83,6.7382,,7.7502,106.03,0.7852,0.1508,1.5866,,21.2,26.36
2020-10-09,0.724,1892.0,40.6,,,42.85,,,93.057,1.1826,0.25,1.3036,1919.5,3.19,308.25,0.40607,0.55,,,,149.28,9617.85,3823.14,24119.13,7503.27,2226.14,3460.01,1122.51,2447.76,,11725.85,2.741,23619.69,3272.076,4681.14,25.108,3477.13,6.6878,6.6947,7.7501,105.62,0.7737,0.1529,1.5717,,20.57,25.0
2020-10-12,0.7209,1807.0,39.43,,,41.72,,,93.065,1.1813,0.25,1.3064,1922.5,3.18,306.4,0.40631,0.54929,,,,148.78,9878.74,3900.23,24649.68,7748.85,,,1137.17,2477.92,,12088.11,2.881,23558.69,3358.465,4823.16,25.271,3534.22,6.7449,6.7459,7.75,105.33,0.7737,0.1529,1.5717,,20.93,25.07
2020-10-13,0.7161,1732.0,40.2,,,42.45,,,93.531,1.1746,0.25,1.2937,1888.5,3.193,304.45,,,,,,148.1,,,,,2231.04,3478.11,1136.42,2464.18,,12083.17,2.855,23601.78,3359.75,4839.2,24.129,3511.93,6.7384,6.7466,7.7501,105.48,0.7272,0.139,1.5107,,,26.07
2020-10-14,0.7162,1637.0,41.04,,,43.32,,,93.382,1.1746,0.25,1.3012,1901.3,3.22,305.05,0.39661,0.55,,,,147.96,9920.77,3905.84,24667.09,7819.84,2230.67,3479.48,1135.56,2453.61,,11985.36,2.636,23626.73,3340.778,4807.1,24.395,3488.67,6.7108,6.715,7.75,105.17,0.7256,0.139,1.5054,,20.77,26.4
2020-10-15,0.7094,1561.0,40.96,,,43.16,,,93.856,1.1708,0.25,1.2909,1903.2,3.228,308.55,0.36554,0.54125,,,,149.37,9762.28,3825.34,24158.54,7541.04,2224.77,3474.27,1120.54,2435.93,,11898.57,2.775,23507.23,3332.183,4798.74,24.224,3483.34,6.7134,6.7254,7.7501,105.45,0.7322,0.139,1.5134,,21.43,26.97
2020-10-16,0.7081,1477.0,40.88,,,42.93,,,93.682,1.1718,0.25,1.2915,1900.8,3.217,306.75,0.3556,0.54196,,,,147.81,9914.9,3856.0,24386.79,7604.61,2227.4,3475.78,1124.08,2440.14,,11852.17,2.773,23410.63,3336.358,4791.68,24.405,3483.81,6.6939,6.6976,7.7501,105.4,0.7456,0.1431,1.5287,,21.21,27.41
2020-10-19,0.7074,1409.0,40.83,,,42.62,,,93.427,1.1769,0.25,1.2948,1906.4,3.201,308.6,0.36786,0.54196,,,,146.65,9978.16,3857.24,24542.26,7570.71,2229.35,3472.51,1127.28,2417.93,,11634.35,2.795,23671.13,3312.667,4755.49,24.698,3426.92,6.679,6.683,7.7501,105.43,0.769,0.1451,1.5597,,21.77,29.18
2020-10-20,0.7048,1350.0,41.46,,,43.16,,,93.067,1.1822,0.25,1.2948,1910.4,3.198,314.8,0.42625,0.54125,,,,146.62,9988.33,3874.63,24569.54,7644.48,2230.01,3462.31,1133.94,2422.71,,11677.84,2.913,23567.04,3328.103,4793.47,24.98,3443.12,6.663,6.6767,7.7501,105.5,0.7857,0.1431,1.5915,,21.54,29.35
2020-10-21,0.7117,1346.0,40.03,,,41.73,,,92.611,1.1861,0.25,1.3149,1924.6,3.183,319.85,0.43679,0.54857,,,,147.57,10077.78,3901.21,24754.42,7618.06,2229.48,3458.77,1137.91,2417.83,,11665.37,3.023,23639.46,3325.025,4792.83,25.241,3435.56,6.6441,6.651,7.7501,104.59,0.8226,0.1472,1.6354,,21.52,28.65
2020-10-22,0.7118,1401.0,40.64,,,42.46,,,92.951,1.1818,0.25,1.3083,1901.1,3.17,315.35,0.44107,0.54054,,,,145.67,10085.18,3903.03,24786.13,7620.34,2229.36,3451.26,1136.54,2421.0,,11662.91,3.007,23474.27,3312.501,4777.98,24.709,3453.49,6.6701,6.6851,7.7501,104.86,0.8562,0.1533,1.6756,,21.86,28.11
2020-10-23,0.7139,1415.0,39.85,,,41.77,,,92.768,1.186,0.25,1.3039,1902.0,3.196,312.9,0.43869,0.54054,,,,144.29,10125.59,3899.96,24918.78,7484.48,2231.0,3456.98,1136.45,2430.54,,11692.57,2.971,23516.59,3277.997,4718.49,24.675,3465.39,6.6679,6.6867,7.7501,104.71,0.8429,0.1554,1.641,,22.05,27.55
2020-10-26,0.7123,1402.0,38.56,,,40.46,,,93.045,1.181,0.25,1.3024,1902.7,3.19,308.95,,,,,,,,,,,2225.82,3466.55,1130.65,2390.08,,11504.52,3.024,23494.34,3251.119,4691.24,24.42,3400.97,6.7006,6.7122,7.7501,104.84,0.801,0.1494,1.5909,,,32.46
2020-10-27,0.7129,1413.0,39.57,,,41.2,,,92.94,1.1796,0.25,1.3044,1908.8,3.17,309.35,0.41571,0.54054,,,,144.38,10003.1,3888.27,24787.19,7547.66,2222.95,3474.82,1133.99,2381.65,,11598.95,3.019,23485.8,3254.316,4699.28,24.57,3390.68,6.7152,6.7055,7.7501,104.42,0.7676,0.1453,1.553,,23.26,33.35
2020-10-28,0.7045,1384.0,37.39,,,39.12,,,93.405,1.1746,0.25,1.2983,1876.2,3.183,306.4,0.43833,0.54054,,,,146.03,9963.36,3894.95,24708.8,7656.45,2209.52,3468.06,1120.75,2306.65,,11142.76,2.996,23418.51,3269.238,4737.27,23.359,3271.03,6.7285,6.729,7.7501,104.32,0.771,0.1466,1.5537,,23.8,40.28
2020-10-29,0.7029,1297.0,36.17,,,37.65,,,93.955,1.1674,0.25,1.293,1868.0,3.185,305.65,0.40696,0.51054,,,,146.99,9955.46,3903.75,24586.6,7675.42,2208.65,3453.86,1120.1,2318.44,,11350.74,3.301,23331.94,3272.727,4772.92,23.36,3310.11,6.7089,6.715,7.7518,104.61,0.823,0.1466,1.6019,,24.97,37.59
2020-10-30,0.7028,1283.0,35.79,,,37.46,,,94.038,1.1647,0.25,1.2947,1879.9,3.185,304.75,0.40268,0.50268,,,,147.99,9760.24,3828.44,24107.42,7534.39,2207.52,3449.14,1103.46,2292.93,,11052.95,3.354,22977.13,3224.532,4695.33,23.646,3269.96,6.6964,6.6915,7.7522,104.66,0.8737,0.1525,1.6598,,27.9,38.02
2020-10-31,,,,0.5,,,1.2,51.4,,,,,,,,,,-0.4,,6.3,,,,,,,,,,58.7,,,,,,,,,,,,,,,6.9,,
2020-11-02,0.7055,1284.0,36.81,,,38.97,,,94.129,1.1641,0.25,1.2917,1892.5,3.186,307.7,0.32339,0.47946,,,,144.11,9936.56,3882.13,24460.01,7585.76,2212.38,3454.87,1114.76,2322.14,,11084.76,3.244,23295.48,3225.12,4720.83,24.033,3310.24,6.6889,6.6909,7.75,104.72,0.8434,0.1545,1.6163,,27.4,37.13
2020-11-03,0.7164,1263.0,37.66,,,39.71,,,93.553,1.1715,0.25,1.3059,1910.4,3.183,309.25,0.27964,0.46089,,,,144.36,10071.41,3937.51,24939.73,7714.73,2221.59,3453.26,1120.88,2369.27,,11279.91,3.059,,3271.074,4777.56,24.334,3369.16,6.6829,6.6776,7.7522,104.49,0.8993,0.1663,1.68,,25.88,35.55
2020-11-04,0.7182,1224.0,39.15,,,41.23,,,93.407,1.1726,0.25,1.2988,1896.2,3.175,310.7,0.28351,0.46071,,,,143.74,10099.16,3954.24,24886.14,7758.72,2240.55,3489.62,1135.26,2416.61,,11777.02,3.046,23695.23,3277.44,4813.66,23.893,3443.44,6.6237,6.6524,7.7559,104.52,0.7629,0.1447,1.541,,24.28,29.57
2020-11-05,0.7283,1194.0,38.79,,,40.93,,,92.525,1.1826,0.25,1.3148,1946.8,3.191,311.0,0.24667,0.43571,,,,143.12,10478.84,4096.56,25695.92,8181.62,2254.6,3501.92,1166.23,2466.58,,12078.07,2.942,24105.28,3320.133,4885.11,25.191,3510.45,6.6092,6.6065,7.7524,103.49,0.7629,0.1447,1.5236,,21.63,27.58
2020-11-06,0.7258,1196.0,37.14,,,39.45,,,92.229,1.1874,0.25,1.3156,1951.7,3.201,315.4,0.20881,0.42286,,,,142.86,10497.8,4094.89,25712.97,8152.54,2254.14,3494.84,1176.36,2470.05,,12091.35,2.888,24325.23,3312.159,4885.72,25.662,3509.44,6.5915,6.6124,7.7536,103.35,0.8185,0.1527,1.6,,22.0,24.86
2020-11-09,0.7284,1207.0,40.29,,,42.4,,,92.725,1.1813,0.25,1.3166,1854.4,3.24,315.6,0.17,0.37518,,,,143.72,10633.07,4148.79,26016.17,8394.19,2278.49,3479.47,1192.37,2502.06,,11830.39,2.859,24839.84,3373.734,4981.35,23.701,3550.5,6.6163,6.6295,7.7524,105.38,0.9235,0.1706,1.7089,,21.38,25.75
2020-11-10,0.7284,1200.0,41.36,,,43.61,,,92.749,1.1815,0.25,1.3272,1876.4,3.226,315.55,0.14089,0.34679,,,,140.64,10586.89,4134.03,26301.48,7961.74,2274.06,3473.94,1179.92,2507.1,,11624.29,2.949,24905.59,3360.148,4953.88,24.462,3545.53,6.599,6.617,7.7541,105.3,0.9595,0.1807,1.7415,,20.49,24.8
2020-11-11,0.7281,1141.0,41.45,,,43.8,,,93.043,1.1777,0.25,1.3222,1861.6,3.251,313.4,0.13411,0.33446,,,,139.27,10541.34,4070.93,26226.98,7465.44,,,1178.86,2528.25,,11892.93,3.031,25349.6,3342.202,4904.9,24.267,3572.66,6.618,6.631,7.7547,105.43,0.9753,0.1807,1.7415,,20.19,23.45
2020-11-12,0.7232,1124.0,41.12,,,43.53,,,92.963,1.1806,0.25,1.3118,1873.3,3.263,314.5,0.12018,0.32536,,,,138.64,10579.47,4099.21,26169.38,7706.58,2264.9,3490.05,1182.1,2509.24,,11827.14,2.976,25520.88,3338.679,4908.46,24.306,3537.01,6.6174,6.613,7.7541,105.13,0.8815,0.1768,1.6385,,19.89,25.35
2020-11-13,0.727,1115.0,40.13,,,42.78,,,92.755,1.1834,0.25,1.3189,1886.2,3.274,317.8,0.11661,0.3225,,,,139.11,10545.27,4120.46,26156.86,7939.72,2264.9,3490.74,1188.35,2529.29,,11937.84,2.995,25385.87,3310.104,4856.85,24.775,3585.15,6.6001,6.6065,7.7533,104.63,0.8963,0.179,1.6469,,20.09,23.1
2020-11-16,0.732,1111.0,41.34,,,43.82,,,92.642,1.1852,0.25,1.3199,1887.8,3.271,322.2,0.10714,0.32179,,,,140.71,10578.94,4166.14,26381.67,8075.83,2271.69,3495.15,1203.04,2561.5,,12013.38,2.697,25906.93,3346.969,4904.17,24.802,3626.91,6.5743,6.5848,7.7532,104.58,0.9061,0.1771,1.6628,,20.08,22.45
2020-11-17,0.7301,1112.0,41.43,,,43.75,,,92.416,1.1862,0.25,1.3246,1885.1,3.283,319.8,0.10714,0.32393,,,,140.26,10550.2,4151.34,26415.09,7933.13,2274.75,3506.07,1201.43,2558.43,,11977.49,2.692,26014.62,3339.895,4894.79,24.651,3609.53,6.5481,6.5567,7.7527,104.19,0.857,0.1692,1.6059,,19.87,22.71
2020-11-18,0.7305,1115.0,41.82,,,44.34,,,92.316,1.1853,0.25,1.3273,1873.9,3.334,319.8,0.10911,0.32321,,,,140.53,10640.05,4175.15,26544.29,7972.21,2278.66,3512.25,1207.55,2543.36,,11894.71,2.712,25728.14,3347.303,4891.67,24.448,3567.79,6.5618,6.5605,7.7528,103.82,0.8701,0.1732,1.6,,19.37,23.84
2020-11-19,0.7288,1134.0,41.74,,,44.2,,,92.294,1.1875,0.25,1.3261,1861.5,3.36,320.2,0.10286,0.32321,,,,141.5,10555.36,4146.73,26356.97,7903.37,2278.51,3524.56,1200.44,2546.31,,11985.43,2.592,25634.34,3363.088,4927.99,24.048,3581.87,6.5771,6.584,7.7532,103.74,0.8293,0.1612,1.5453,,19.32,23.11
2020-11-20,0.7302,1148.0,42.15,,,44.96,,,92.392,1.1857,0.25,1.3275,1872.4,3.335,329.1,0.10321,0.31196,,,,142.41,10553.35,4175.01,26451.54,7997.52,2278.77,3533.34,1209.26,2540.02,,11906.44,2.65,25527.37,3377.727,4943.29,24.363,3557.54,6.552,6.563,7.7522,103.86,0.8243,0.1573,1.5196,,19.38,23.7
2020-11-23,0.7286,1169.0,43.06,,,46.06,,,92.505,1.1841,0.25,1.3321,1837.8,3.289,325.8,0.10321,0.30804,,,,142.74,10666.53,4192.7,26486.2,8088.86,2282.59,3528.58,1220.52,2546.9,,11905.94,2.711,,3414.49,5005.03,23.633,3577.59,6.5815,6.586,7.7518,104.52,0.8537,0.1594,1.5531,,19.53,22.66
2020-11-24,0.7361,1178.0,44.91,,,47.86,,,92.226,1.1892,0.25,1.3357,1804.6,3.318,329.95,0.10179,0.30268,,,,143.03,10612.58,4194.05,26588.2,8107.1,2290.75,3526.27,1225.99,2587.19,,12079.81,2.775,26165.59,3402.823,4974.29,23.3,3635.41,6.5751,6.5915,7.7518,104.44,0.8799,0.1602,1.6052,,19.1,21.64
2020-11-25,0.7365,1197.0,45.71,,,48.61,,,91.994,1.1917,0.25,1.338,1805.5,3.296,330.95,0.1025,0.30196,,,,142.74,10557.83,4165.12,26669.75,7921.35,2291.96,3525.91,1218.29,2589.67,,12152.22,2.896,26296.86,3362.327,4910.7,23.362,3629.65,6.5631,6.579,7.751,104.46,0.8816,0.1583,1.6237,,19.48,21.25
2020-11-26,0.7362,1219.0,,,,47.8,,,91.994,1.1913,0.25,1.3358,,3.304,,0.10321,0.30196,,,,142.02,10701.49,4207.03,26819.45,8057.14,,,1229.58,2590.15,,,,26537.31,3369.733,4919.59,,,6.5695,6.5756,7.7509,104.26,0.8816,0.1583,1.6237,,19.25,
2020-11-27,0.7387,1230.0,45.53,,,48.18,,,91.79,1.1963,0.25,1.3311,1781.9,3.318,339.95,0.10661,0.29982,,,,142.25,10790.3,4226.36,26894.68,8090.05,2293.18,3537.77,1230.72,2601.45,,12258.21,2.843,26644.71,3408.307,4980.77,22.553,3638.35,6.5754,6.5781,7.7506,104.09,0.8373,0.1524,1.5699,,18.91,20.84
2020-11-30,0.7344,1227.0,45.34,-0.5,,47.59,1.2,52.1,91.869,1.1927,0.25,1.3323,1775.7,3.273,342.05,0.11268,0.30089,-0.3,,6.2,144.08,10546.47,4140.23,26341.49,8019.36,2294.85,3545.23,1205.07,2583.14,57.3,12268.32,2.882,26433.62,3391.755,4960.25,22.534,3621.63,6.5839,6.5789,7.7514,104.31,0.8389,0.1485,1.5673,6.7,20.23,20.57
2020-12-01,0.7371,1211.0,44.55,,,47.42,,,91.313,1.2071,0.25,1.342,1814.1,3.299,346.8,0.14839,0.30679,,,,144.24,10659.64,4182.05,26567.68,7985.36,2299.29,3532.21,1224.0,2609.01,,12455.33,2.88,26787.54,3451.938,5067.1,24.033,3662.45,6.5524,6.5722,7.7518,104.33,0.926,0.1662,1.6682,,19.31,20.77
2020-12-02,0.7416,1201.0,45.28,,,48.25,,,91.118,1.2115,0.25,1.3365,1825.7,3.318,347.5,0.17804,0.30679,,,,143.98,10573.79,4156.09,26532.58,7848.25,2302.83,3528.78,1228.71,2613.91,,12456.41,2.78,26800.98,3449.381,5067.14,24.025,3669.01,6.5436,6.563,7.7518,104.42,0.936,0.1584,1.6856,,18.52,21.17
2020-12-03,0.7439,1189.0,45.64,,,48.71,,,90.714,1.2144,0.25,1.345,1836.8,3.304,347.9,0.19393,0.30536,,,,144.35,10586.37,4179.04,26728.5,7940.19,2308.22,3541.87,1239.46,2621.28,,12467.13,2.507,26809.37,3442.136,5057.06,24.087,3666.72,6.5356,6.5429,7.7509,103.84,0.9063,0.1486,1.6529,,18.15,21.28
2020-12-04,0.7425,1197.0,46.26,,,49.25,,,90.701,1.2121,0.25,1.3441,1835.9,3.304,351.4,0.20286,0.30607,,,,143.0,10624.65,4197.38,26835.92,7952.8,2312.97,3526.78,1251.04,2639.66,,12528.48,2.575,26751.24,3444.581,5065.92,24.203,3699.12,6.5173,6.5315,7.7507,104.17,0.9659,0.1507,1.7344,,17.38,20.79
2020-12-07,0.7421,1162.0,45.76,,,48.79,,,90.792,1.2109,0.25,1.338,1861.8,3.295,350.85,0.21304,0.31107,,,,145.1,10473.32,4148.42,26506.85,7944.79,2316.0,3536.67,1253.39,2635.88,,12596.47,2.406,26547.44,3416.604,5022.24,24.741,3691.96,6.5196,6.5297,7.7511,104.05,0.9228,0.1408,1.6796,,18.51,21.3
2020-12-08,0.7411,1121.0,45.6,,,48.84,,,90.965,1.2104,0.25,1.3355,1870.8,3.28,349.4,0.23143,0.32839,,,,145.94,10409.59,4129.57,26304.56,8085.11,2317.59,3535.45,1254.23,2642.05,,12635.72,2.399,26467.08,3410.177,5009.88,24.684,3702.25,6.5202,6.5331,7.7512,104.16,0.9179,0.1508,1.6622,,18.26,20.68
2020-12-09,0.7447,1122.0,45.52,,,48.86,,,91.087,1.2081,0.25,1.3399,1834.6,3.303,350.8,0.24786,0.34196,,,,144.52,10488.32,4143.01,26502.84,8101.77,2316.91,3521.12,1255.85,2627.53,,12364.64,2.442,26817.94,3371.964,4942.7,23.93,3672.82,6.5284,6.5435,7.7515,104.23,0.9361,0.1488,1.6843,,17.53,22.27
2020-12-10,0.7535,1161.0,46.78,,,50.25,,,90.824,1.2138,0.25,1.3295,1833.6,3.286,357.05,0.25071,0.34857,,,,144.46,10415.72,4125.69,26410.59,8025.83,2317.36,3534.57,1255.03,2628.59,,12401.74,2.553,26756.24,3373.276,4940.52,24.031,3668.1,6.5356,6.544,7.7513,104.24,0.9063,0.1369,1.627,,17.56,22.52
2020-12-11,0.7533,1211.0,46.57,,,49.97,,,90.976,1.2112,0.25,1.3224,1839.8,3.311,352.4,0.24929,0.35,,,,143.43,10452.5,4145.82,26505.87,8080.6,2317.07,3536.02,1257.66,2621.89,,12375.41,2.591,26652.52,3347.191,4889.63,24.032,3663.46,6.5397,6.5462,7.7513,104.04,0.8964,0.115,1.627,,17.74,23.31
2020-12-14,0.7535,1235.0,46.99,,,50.29,,,90.711,1.2144,0.25,1.3324,1828.7,3.307,352.2,0.26696,0.36554,,,,143.92,10443.12,4129.92,26389.52,8128.81,2319.16,3537.44,1250.45,2619.43,,12462.21,2.682,26732.44,3369.12,4934.84,23.985,3647.49,6.529,6.551,7.7518,104.05,0.8931,0.115,1.629,,18.38,24.72
2020-12-15,0.7559,1273.0,47.62,,,50.76,,,90.473,1.2151,0.25,1.346,1852.3,3.296,353.8,0.26696,0.37036,,,,143.31,10399.56,4107.89,26207.29,8094.42,2320.67,3532.97,1250.21,2643.74,,12595.92,2.682,26687.84,3367.233,4945.1,24.581,3694.62,6.5171,6.5394,7.7515,103.67,0.908,0.113,1.6502,,18.65,22.89
2020-12-16,0.7577,1296.0,47.82,,,51.08,,,90.45,1.22,0.25,1.3509,1856.1,3.3,355.4,0.27661,0.37643,,,,142.75,10461.9,4150.53,26460.29,8146.4,2321.47,3537.29,1263.82,2654.79,,12668.16,2.677,26757.4,3366.983,4953.87,24.985,3701.17,6.5125,6.5328,7.7522,103.47,0.9163,0.115,1.6555,,18.17,22.5
2020-12-17,0.7622,1301.0,48.36,,,51.5,,,89.822,1.2268,0.25,1.3585,1887.2,3.294,359.7,0.27929,0.37786,,,,143.53,10545.73,4193.89,26678.38,8332.66,2323.48,3539.72,1272.96,2674.87,,12752.06,2.636,26806.67,3404.873,5017.48,26.1,3722.48,6.5168,6.5338,7.7524,103.11,0.9329,0.121,1.6803,,18.11,21.93
2020-12-18,0.7622,1325.0,49.1,,,52.26,,,90.016,1.2257,0.25,1.3523,1885.7,3.302,362.85,0.28,0.37714,,,,143.3,10483.34,4178.89,26498.6,8253.83,2324.64,3535.14,1268.36,2666.3,,12738.18,2.7,26763.39,3394.896,4999.97,25.949,3709.41,6.518,6.54,7.7522,103.3,0.9462,0.121,1.6918,,18.45,21.57
2020-12-21,0.7587,1323.0,47.74,,,50.91,,,90.043,1.2244,0.25,1.3464,1879.2,3.264,357.3,0.27762,0.37714,,,,143.54,10401.83,4163.19,26306.68,8159.95,2320.45,3534.25,1257.01,2644.97,,12690.26,2.705,26714.42,3420.569,5046.84,26.278,3694.92,6.5359,6.5497,7.7532,103.32,0.9346,0.121,1.673,,19.43,25.16
2020-12-22,0.7523,1330.0,47.02,,,50.08,,,90.654,1.2163,0.25,1.3361,1866.6,3.235,351.8,0.25696,0.37429,,,,141.95,10384.18,4128.04,26119.25,8186.66,2321.82,3542.47,1248.7,2643.07,,12717.56,2.78,26436.39,3356.782,4964.77,25.434,3687.26,6.5401,6.5429,7.7527,103.64,0.9164,0.1129,1.6482,,20.75,24.23
2020-12-23,0.7575,1362.0,48.12,,,51.2,,,90.413,1.2187,0.25,1.3493,1874.7,3.217,355.2,0.24321,0.37643,,,,143.35,10482.52,4174.29,26343.1,8426.07,2324.92,3536.57,1258.1,2651.41,,12653.14,2.608,26524.79,3382.32,5007.12,25.824,3690.01,6.5339,6.5406,7.753,103.57,0.943,0.1169,1.681,,19.76,23.31
2020-12-24,0.7597,1366.0,48.23,,,51.29,,,90.323,1.2187,0.25,1.3558,1879.9,3.229,356.0,0.25,0.36304,,,,141.87,10430.53,4159.96,26386.56,8142.81,2326.43,3544.1,1253.53,2659.04,,12711.01,2.518,26668.35,3363.113,5000.02,25.811,3703.06,6.5178,6.53,7.7538,103.65,0.9231,0.1189,1.6602,,19.19,21.53
2020-12-25,0.7605,,,,,,,,90.223,1.2193,0.25,1.356,,3.193,,,,,,,,,,,,,,1255.2,2659.27,,,,26656.61,3396.563,5042.01,,,6.5104,6.5418,7.7538,103.43,0.9231,0.1189,1.6602,,,
2020-12-28,0.7579,,47.62,,,50.86,,,90.337,1.2216,0.25,1.3452,1877.2,3.167,357.0,0.22613,0.36196,,,,140.13,10311.48,4131.62,26314.63,7795.78,2334.9,3547.95,1252.33,2676.8,,12838.86,2.305,26854.03,3397.285,5064.41,26.46,3735.36,6.5332,6.5371,7.7559,103.81,0.9231,0.1189,1.6589,,20.31,21.7
2020-12-29,0.7606,,48.0,,,51.09,,,89.994,1.2249,0.25,1.3503,1879.7,3.162,355.3,0.19571,0.35911,,,,139.61,10449.17,4169.2,26568.49,7997.83,2336.15,3550.43,1266.77,2682.19,,12843.49,2.467,27568.15,3379.036,5042.94,26.138,3727.04,6.518,6.5308,7.754,103.58,0.9364,0.125,1.675,,19.85,23.08
2020-12-30,0.7686,,48.4,,,51.34,,,89.68,1.2298,0.25,1.3625,1893.4,3.135,354.9,0.18268,0.35643,,,,138.92,10662.93,4264.48,27147.11,8295.37,2337.39,3555.16,1289.03,2686.06,,12845.36,2.422,27444.17,3414.453,5113.71,26.573,3732.04,6.5062,6.5232,7.7526,103.19,0.9231,0.1211,1.6556,,19.36,22.77
2020-12-31,0.7694,,48.52,0.2,6.5,51.8,1.4,51.9,89.937,1.2216,0.25,1.367,1895.1,3.146,351.9,0.17982,0.35143,-1.0,-3.5,6.6,139.76,10738.4,4294.66,27231.13,8425.9,2338.05,3560.67,1291.26,2690.04,60.2,12888.28,2.539,,3473.069,5211.29,26.412,3756.07,6.5028,6.5272,7.7531,103.25,0.9132,0.1211,1.6449,6.7,19.28,22.75
2021-01-01,0.7694,,,,,,,,,1.2215,0.25,1.3672,,,,,,,,,,,,,,,,1291.75,2690.04,,,,,,,,,,,7.7529,103.2,0.9132,0.1211,1.6449,,,
2021-01-04,0.7665,1374.0,47.62,,,51.09,,,89.869,1.2248,0.25,1.3571,1946.6,3.177,355.45,0.15,0.33054,,,,140.88,10722.99,4329.86,27472.81,8489.69,2337.86,3553.45,1304.43,2670.04,,12694.66,2.581,27258.38,3502.958,5267.72,27.364,3700.65,6.4551,6.4615,7.7536,103.13,0.9132,0.1132,1.6556,,19.55,26.97
2021-01-05,0.7759,1418.0,49.93,,,53.6,,,89.436,1.2298,0.25,1.3627,1954.4,3.137,363.95,0.13482,0.30982,,,,140.75,10774.15,4357.13,27649.86,8463.55,2338.55,3536.62,1319.97,2684.18,,12802.38,2.702,27158.63,3528.677,5368.51,27.64,3726.86,6.437,6.4561,7.7533,102.72,0.9549,0.1211,1.7081,,19.63,25.34
2021-01-06,0.7802,1425.0,50.63,,,54.3,,,89.53,1.2327,0.25,1.3608,1908.6,3.131,365.05,0.13518,0.30036,,,,141.54,10899.83,4390.37,27692.3,8609.6,2340.42,3509.9,1315.33,2699.51,,12623.35,2.716,27055.94,3550.877,5417.67,27.042,3748.14,6.4498,6.4629,7.7532,103.04,1.0355,0.1369,1.814,,20.02,25.07
2021-01-07,0.7769,1448.0,50.83,,,54.38,,,89.826,1.2272,0.25,1.3568,1913.6,3.129,369.6,0.13304,0.29821,,,,141.09,10796.73,4363.59,27548.52,8400.85,2342.12,3509.67,1322.3,2734.19,,12939.57,2.729,27490.13,3576.205,5513.66,27.261,3803.79,6.4714,6.4783,7.7534,103.81,1.0795,0.1369,1.8527,,20.58,22.37
2021-01-08,0.7757,1606.0,52.24,,,55.99,,,90.098,1.2218,0.25,1.3568,1835.4,3.149,367.35,0.13482,0.29232,,,,139.84,10955.55,4425.63,27878.22,8630.32,2343.54,3506.61,1353.53,2753.31,,13105.2,2.7,28139.03,3570.108,5495.43,24.637,3824.68,6.4649,6.4746,7.7562,103.94,1.1153,0.1329,1.8733,,20.15,21.56
2021-01-11,0.7697,1761.0,52.25,,,55.66,,,90.465,1.2151,0.25,1.3518,1850.8,3.166,356.45,0.13,0.28107,,,,137.71,11059.51,4424.97,27908.22,8665.47,2341.57,3501.58,1349.6,2730.05,,12902.49,2.747,,3531.498,5441.16,25.284,3799.61,6.4794,6.4814,7.7555,104.26,1.146,0.1449,1.8832,,21.4,24.08
2021-01-12,0.7772,1849.0,53.21,,,56.58,,,90.093,1.2207,0.25,1.3664,1844.2,3.149,360.55,0.12929,0.27214,,,,138.35,11217.69,4471.97,28276.75,8726.64,2338.69,3500.83,1353.57,2734.4,,12892.09,2.753,28164.34,3608.339,5596.35,25.435,3801.19,6.4424,6.4636,7.7549,103.76,1.1291,0.1449,1.8719,,20.3,23.33
2021-01-13,0.7733,1856.0,52.91,,,56.06,,,90.355,1.2157,0.25,1.3639,1854.9,3.136,361.7,0.12321,0.27054,,,,137.63,11184.9,4469.16,28235.6,8669.71,2340.98,3522.23,1364.07,2739.87,,12973.63,2.727,28456.59,3598.652,5577.97,25.572,3809.84,6.467,6.4683,7.7537,103.89,1.0832,0.143,1.8155,,19.65,22.21
2021-01-14,0.7778,1792.0,53.57,,,56.42,,,90.239,1.2155,0.25,1.3689,1851.4,3.113,366.45,0.11714,0.27054,,,,136.96,11299.17,4510.13,28496.86,8895.21,2345.24,3514.54,1370.76,2738.09,,12898.69,2.666,28698.26,3565.905,5470.46,25.802,3795.54,6.4643,6.4745,7.7531,103.8,1.1292,0.139,1.8719,,19.15,23.25
2021-01-15,0.7703,1754.0,52.36,,,55.1,,,90.772,1.2082,0.25,1.359,1829.9,3.148,360.2,0.11643,0.26875,,,,136.0,11320.53,4516.53,28573.86,8775.54,2346.26,3519.97,1358.03,2714.81,,12803.93,2.737,28519.18,3566.378,5458.08,24.866,3768.25,6.4847,6.4809,7.754,103.85,1.0835,0.133,1.8331,,18.63,24.34
2021-01-18,0.7681,1740.0,,,,54.75,,,90.765,1.2077,0.25,1.3587,,3.176,,0.11714,0.27161,,,,135.69,11462.52,4584.75,28862.77,9116.24,,,1358.98,2713.49,,,,28242.21,3596.224,5518.52,,,6.4971,6.4925,7.7535,103.69,1.0835,0.133,1.8331,,19.48,
2021-01-19,0.7695,1766.0,52.98,,,55.9,,,90.498,1.2129,0.25,1.363,1840.2,3.161,363.35,0.11304,0.25,,,,133.86,11734.33,4700.36,29642.28,9374.79,2349.11,3527.74,1381.31,2732.48,,12996.54,2.546,28633.46,3566.381,5437.52,25.32,3798.91,6.4808,6.4791,7.7524,103.9,1.0886,0.131,1.8338,,21.46,23.24
2021-01-20,0.7747,1828.0,53.24,,,56.08,,,90.475,1.2106,0.25,1.3654,1866.5,3.159,364.15,0.10929,0.24214,,,,132.88,11949.35,4788.0,29962.47,9885.22,2352.83,3528.65,1400.97,2761.48,,13296.45,2.539,28523.26,3583.092,5476.43,25.766,3851.85,6.4617,6.4656,7.7518,103.54,1.0802,0.127,1.8296,,21.48,21.58
2021-01-21,0.7764,1837.0,53.13,,,56.1,,,90.131,1.2164,0.25,1.3733,1865.9,3.144,364.75,0.115,0.24089,,,,133.43,11889.45,4777.88,29927.76,9809.84,2353.18,3517.27,1406.07,2765.57,,13404.99,2.491,28756.86,3621.264,5564.97,25.854,3853.07,6.4653,6.462,7.7518,103.5,1.1058,0.1189,1.8692,,21.09,21.32
2021-01-22,0.7715,1810.0,52.27,,,55.41,,,90.238,1.2171,0.25,1.3686,1856.2,3.126,362.6,0.10893,0.24018,,,,134.84,11677.45,4723.89,29447.85,9765.76,2349.23,3517.26,1392.85,2755.66,,13366.4,2.446,28631.45,3606.75,5569.78,25.556,3841.47,6.497,6.4815,7.7521,103.78,1.0855,0.1209,1.8466,,21.77,21.91
2021-01-25,0.7713,1765.0,52.77,,,55.88,,,90.391,1.2139,0.25,1.3675,1855.2,3.143,362.95,0.11607,0.24018,,,,134.28,11960.49,4846.21,30159.01,10206.61,2349.28,3528.34,1410.2,2756.87,,13483.29,2.602,28822.29,3624.238,5625.92,25.484,3855.36,6.4871,6.4801,7.7517,103.75,1.0295,0.1149,1.792,,23.06,23.19
2021-01-26,0.7747,1659.0,52.61,,,55.91,,,90.17,1.216,0.25,1.3736,1850.9,3.168,361.95,0.13476,0.245,,,,135.09,11695.43,4724.7,29391.26,9967.45,2349.78,3527.58,1388.76,2754.12,,13490.19,2.656,28546.18,3569.429,5512.97,25.538,3849.62,6.4727,6.4651,7.752,103.62,1.0347,0.1211,1.7906,,23.4,23.02
2021-01-27,0.7663,1540.0,52.85,,,55.81,,,90.647,1.2111,0.25,1.3687,1844.9,3.164,355.75,0.14202,0.24143,,,,136.06,11651.24,4690.54,29297.53,9807.73,2345.43,3526.07,1371.42,2694.42,,13112.65,2.76,28635.21,3573.341,5528.0,25.389,3750.77,6.4961,6.4836,7.752,104.11,1.0161,0.1191,1.774,,22.66,37.21
2021-01-28,0.7683,1470.0,52.34,,,55.53,,,90.455,1.2122,0.25,1.3721,1837.9,3.197,357.8,0.14518,0.24,,,,136.89,11334.03,4555.18,28550.77,9372.88,2348.15,3521.53,1350.59,2710.6,,13201.53,2.664,28197.42,3505.176,5377.14,25.922,3787.38,6.4743,6.4495,7.7527,104.24,1.0449,0.1172,1.8046,,27.15,30.21
2021-01-29,0.7644,1452.0,52.2,,,55.88,,,90.584,1.2136,0.25,1.3708,1847.3,3.185,355.6,0.15691,0.2425,,,,138.07,11208.78,4522.31,28283.71,9358.11,2345.78,3514.98,1329.57,2661.69,,12925.38,2.564,27663.39,3483.069,5351.96,26.914,3714.24,6.4522,6.4292,7.7534,104.68,1.0655,0.1093,1.8291,,26.56,33.09
2021-01-31,,,,-0.3,,,1.4,51.3,,,,,,,,,,2.6,,7.0,,,,,,,,,,59.2,,,,,,,,,,,,,,,6.4,,
2021-02-01,0.7621,1444.0,53.55,,,56.35,,,90.98,1.206,0.25,1.3663,1860.8,3.175,354.6,0.15732,0.24214,,,,137.53,11454.18,4635.66,28892.86,9765.89,2347.46,3516.65,1361.09,2697.88,,13248.9,2.85,28091.05,3505.284,5417.65,29.418,3773.86,6.4743,6.4679,7.7529,104.93,1.0792,0.1073,1.8538,,25.16,30.24
2021-02-02,0.7607,1380.0,54.76,,,57.46,,,91.197,1.2044,0.25,1.3668,1830.5,3.183,352.45,0.15964,0.23929,,,,136.61,11609.02,4714.21,29248.7,9976.44,2351.92,3509.99,1381.19,2731.95,,13456.12,2.845,28362.17,3533.685,5501.09,26.402,3826.31,6.4589,6.4574,7.7517,104.98,1.0963,0.1132,1.8694,,24.39,25.56
2021-02-03,0.7618,1327.0,55.69,,,58.46,,,91.171,1.2036,0.25,1.3647,1832.2,3.212,356.55,0.15607,0.23768,,,,135.23,11651.84,4745.9,29307.46,10125.72,2355.66,3501.28,1392.64,2737.93,,13402.37,2.789,28646.5,3517.308,5485.2,26.889,3830.17,6.4595,6.462,7.7515,105.03,1.1374,0.1171,1.9252,,22.35,22.91
2021-02-04,0.76,1327.0,56.23,,,58.84,,,91.529,1.1964,0.25,1.3672,1788.9,3.238,355.3,0.14685,0.23839,,,,135.65,11563.5,4702.21,29113.5,9897.37,2358.99,3503.48,1387.61,2757.66,,13560.89,2.935,28341.95,3501.859,5473.95,26.234,3871.74,6.4726,6.4718,7.7528,105.54,1.1392,0.1112,1.9383,,22.03,21.77
2021-02-05,0.7678,1333.0,56.85,,,59.34,,,91.042,1.2046,0.25,1.3735,1810.9,3.221,362.6,0.13518,0.23536,,,,136.02,11561.32,4715.98,29288.68,9795.16,2362.3,3498.06,1395.35,2773.45,,13603.96,2.863,28779.19,3496.333,5483.41,27.019,3886.83,6.4593,6.4656,7.7529,105.39,1.1635,0.1013,1.9711,,20.49,20.87
2021-02-08,0.7702,1317.0,57.97,,,60.56,,,90.934,1.205,0.25,1.3741,1831.9,3.24,366.6,0.14714,0.2375,,,,136.42,11560.01,4733.79,29319.47,9756.81,2365.81,3506.93,1399.81,2795.89,,13695.02,2.882,29388.5,3532.447,5564.56,27.576,3915.59,6.4411,6.4484,7.7523,105.23,1.1705,0.1111,1.9529,,20.12,21.24
2021-02-09,0.7739,1306.0,58.36,,,61.09,,,90.439,1.2119,0.25,1.3817,1835.3,3.235,372.0,0.14679,0.23536,,,,136.94,11602.76,4771.23,29476.19,9961.71,2367.35,3507.21,1409.14,2798.55,,13687.08,2.835,29505.93,3603.489,5686.25,27.402,3911.23,6.4204,6.4353,7.7518,104.59,1.1568,0.1151,1.9478,,18.94,21.63
2021-02-10,0.7722,1303.0,58.68,,,61.47,,,90.371,1.2118,0.25,1.3834,1840.6,3.243,377.25,0.14821,0.23536,,,,136.99,11810.25,4859.58,30038.72,10214.73,2368.45,3515.71,1422.94,2800.68,,13655.27,2.911,29562.93,3655.088,5807.72,27.078,3909.88,6.429,6.4583,7.7522,104.59,1.1225,0.1071,1.9074,,20.19,21.99
2021-02-11,0.7752,1313.0,58.24,,,61.14,,,90.417,1.213,0.25,1.3816,1824.9,,377.15,0.14679,0.23393,,,,136.2,11880.49,4889.79,30173.57,10411.2,2369.59,3509.16,1427.89,2807.16,,13734.35,2.868,,,,27.047,3916.38,6.4233,,7.7529,104.75,1.1632,0.1091,1.95,,20.44,21.25
2021-02-12,0.7761,1339.0,59.47,,,62.43,,,90.48,1.212,0.25,1.3849,1821.6,,378.8,,,,,,,,,,,2369.47,3495.05,1428.87,2818.85,,13807.7,2.912,29520.07,,,27.328,3934.83,6.4217,,7.7528,104.94,1.2082,0.109,2.0086,,,19.97
2021-02-15,0.7781,1364.0,,,,63.3,,,90.48,1.2129,0.25,1.3903,,,,,,,,,,,,,,,,1437.72,2829.67,,,,30084.15,,,,,6.406,,7.7527,105.38,1.2082,0.109,2.0086,,,
2021-02-16,0.7758,1495.0,60.05,,,63.35,,,90.509,1.2106,0.25,1.3903,1797.2,,383.4,0.14071,0.23464,,,,132.47,12036.15,4978.46,30746.66,10694.68,2369.82,3478.76,1442.17,2828.15,,13773.77,3.129,30467.75,,,27.325,3932.59,6.4251,,7.7523,106.04,1.3141,0.119,2.0918,,22.06,21.46
2021-02-17,0.7751,1756.0,61.14,,,64.34,,,90.951,1.2038,0.25,1.3857,1771.1,,382.05,0.14089,0.23393,,,,130.29,12228.63,5040.82,31084.94,10945.22,2369.27,3489.12,1444.93,2815.98,,13699.71,3.219,30292.19,,,27.315,3931.33,6.4355,,7.7527,105.87,1.2703,0.1029,2.0371,,22.92,21.5
2021-02-18,0.7768,1770.0,60.52,,,63.93,,,90.592,1.2092,0.25,1.3975,1773.4,3.284,390.1,0.13821,0.23321,,,,134.7,12041.53,4938.1,30595.27,10591.53,2368.01,3487.11,1425.13,2802.92,,13637.51,3.082,30236.09,3675.357,5768.38,27.078,3913.97,6.46,6.4878,7.7527,105.69,1.2956,0.1049,2.0817,,23.22,22.49
2021-02-19,0.7869,1698.0,59.24,,,62.91,,,90.364,1.2119,0.25,1.4016,1775.8,3.266,407.4,0.13411,0.2325,,,,135.11,12106.77,4950.02,30644.73,10560.97,2368.32,3470.41,1430.03,2806.47,,13580.78,3.069,30017.92,3696.168,5778.84,27.254,3906.71,6.4542,6.4577,7.7531,105.45,1.3364,0.1048,2.1335,,22.34,22.05
2021-02-22,0.7916,1709.0,61.49,,,65.24,,,90.01,1.2157,0.25,1.4063,1806.7,3.273,414.1,0.12554,0.23393,,,,135.81,11893.68,4854.66,30319.83,9977.41,2366.78,3454.71,1397.67,2788.11,,13223.74,2.953,30156.03,3642.445,5597.33,28.085,3876.5,6.4667,6.4648,7.7535,105.08,1.3653,0.1109,2.1733,,24.12,23.45
2021-02-23,0.7911,1727.0,61.67,,,65.37,,,90.169,1.215,0.25,1.4113,1804.4,3.265,417.85,0.12304,0.2325,,,,134.41,11909.63,4872.36,30632.64,9863.82,2365.29,3448.97,1398.2,2789.21,,13194.71,2.879,,3636.357,5579.67,27.688,3881.37,6.4601,6.4668,7.7538,105.25,1.3416,0.1108,2.18,,23.49,23.11
2021-02-24,0.7968,1709.0,63.22,,,67.04,,,90.176,1.2166,0.25,1.4141,1796.4,3.272,429.45,0.12464,0.23321,,,,135.83,11509.73,4700.14,29718.24,9360.95,2365.25,3445.72,1376.76,2802.4,,13302.19,2.854,29671.7,3564.08,5437.57,27.859,3925.43,6.4476,6.4571,7.755,105.87,1.3756,0.123,2.2325,,26.57,21.34
2021-02-25,0.7873,1700.0,63.53,,,66.88,,,90.134,1.2175,0.25,1.4015,1775.4,3.27,426.6,0.12393,0.22786,,,,135.58,11717.41,4779.35,30074.17,9496.79,2357.25,3413.91,1383.81,2760.26,,12828.31,2.777,30168.27,3585.046,5469.56,27.637,3829.34,6.4892,6.4549,7.7541,106.21,1.5199,0.172,2.2734,,24.99,28.89
2021-02-26,0.7706,1675.0,61.5,,,66.13,,,90.879,1.2075,0.25,1.3933,1728.8,3.279,409.45,0.1225,0.22714,,,,137.55,11247.21,4585.32,28980.21,8954.44,2354.4,3454.43,1339.26,2726.91,,12909.44,2.771,28966.01,3509.08,5336.76,26.402,3811.15,6.4807,6.4789,7.7566,106.57,1.4049,0.127,2.1513,,26.76,27.95
2021-02-28,,,,-0.2,,,1.7,50.6,,,,,,,,,,0.5,,7.2,,,,,,,,,,60.4,,,,,,,,,,,,,,,6.2,,
2021-03-01,0.7772,1651.0,60.64,,,63.69,,,91.039,1.2049,0.25,1.3925,1723.0,3.256,411.95,0.12179,0.22643,,,,136.5,11453.68,4691.26,29452.57,9298.79,2360.35,3443.91,1362.47,2783.7,,13282.95,2.777,29663.5,3551.4,5418.78,26.647,3901.82,6.4699,6.466,7.7563,106.76,1.417,0.1191,2.1906,,24.46,23.35
2021-03-02,0.782,1673.0,59.75,,,62.7,,,90.785,1.2091,0.25,1.3955,1733.6,3.254,423.15,0.125,0.22411,,,,136.17,11361.35,4637.16,29095.86,9257.99,2361.4,3446.45,1359.65,2768.25,,13059.95,2.839,29408.17,3508.591,5349.63,26.85,3870.29,6.4748,6.4706,7.757,106.69,1.3914,0.1211,2.1913,,24.29,24.1
2021-03-03,0.7775,1763.0,61.28,,,64.07,,,90.947,1.2063,0.25,1.3954,1715.8,3.254,415.3,0.12714,0.22589,,,,134.93,11666.24,4744.04,29880.42,9366.51,2359.36,3429.19,1378.02,2741.68,,12683.33,2.816,29559.1,3576.905,5452.21,26.357,3819.72,6.4774,6.4679,7.7567,107.01,1.4808,0.1407,2.2759,,22.98,26.67
2021-03-04,0.7726,1779.0,63.83,,,66.74,,,91.631,1.1969,0.25,1.3895,1700.7,3.265,399.1,0.12607,0.22518,,,,136.13,11325.58,4589.61,29236.79,8819.62,2353.67,3410.93,1346.34,2706.48,,12464.0,2.746,28930.11,3503.492,5280.71,25.434,3768.47,6.4918,6.4699,7.7592,107.98,1.564,0.1447,2.3205,,23.9,28.57
2021-03-05,0.7686,1829.0,66.09,,,69.36,,,91.977,1.1915,0.25,1.3841,1698.5,3.249,408.7,0.12714,0.22518,,,,135.39,11292.22,4554.96,29098.29,8634.22,2350.68,3400.85,1339.31,2728.56,,12668.51,2.701,28864.32,3501.987,5262.8,25.257,3841.94,6.5163,6.4971,7.7632,108.31,1.5661,0.1369,2.2974,,24.51,24.66
2021-03-08,0.765,1853.0,65.05,,,68.24,,,92.313,1.1847,0.25,1.3824,1678.0,3.244,410.35,0.1275,0.22589,,,,134.21,11014.79,4417.47,28540.83,8081.63,2346.6,3382.96,1308.14,2722.64,,12299.08,2.664,28743.25,3421.414,5080.02,25.24,3821.35,6.5515,6.526,7.7691,108.89,1.5907,0.1626,2.3159,,26.24,25.47
2021-03-09,0.7714,1901.0,64.01,,,67.52,,,91.958,1.1901,0.25,1.3892,1716.9,3.247,401.95,0.15946,0.24357,,,,133.29,10973.15,4436.82,28773.23,8063.12,2345.46,3395.92,1317.85,2761.82,,12794.49,2.662,29027.94,3359.292,4971.0,26.148,3875.44,6.5187,6.5065,7.7607,108.48,1.5263,0.1607,2.2335,,25.48,24.03
2021-03-10,0.7736,1980.0,64.44,,,67.9,,,91.823,1.1929,0.25,1.3932,1721.8,3.245,404.2,0.1678,0.24952,,,,131.91,11059.67,4485.71,28907.52,8216.58,2346.16,3404.98,1324.9,2775.34,,12752.07,2.692,29036.56,3357.737,5003.61,26.102,3898.81,6.4948,6.5055,7.7614,108.38,1.5178,0.1528,2.2381,,24.56,22.56
2021-03-11,0.779,1970.0,66.02,,,69.63,,,91.42,1.1986,0.25,1.3991,1722.6,3.249,414.3,0.16976,0.23732,,,,132.37,11340.4,4607.52,29385.61,8640.16,2353.34,3406.59,1357.6,2806.07,,13052.9,2.668,29211.64,3436.831,5128.22,26.162,3939.34,6.4788,6.4938,7.7595,108.51,1.537,0.1389,2.2945,,23.67,21.91
2021-03-12,0.7764,1960.0,65.61,,,69.22,,,91.679,1.1953,0.25,1.3924,1719.8,3.259,414.55,0.16655,0.23661,,,,133.91,11172.95,4526.61,28739.72,8456.43,2349.31,3378.96,1348.2,2807.21,,12937.29,2.6,29717.83,3453.078,5146.38,25.88,3943.34,6.4962,6.5085,7.7629,109.03,1.6247,0.147,2.3776,,24.1,20.69
2021-03-15,0.7755,1983.0,65.39,,,68.88,,,91.833,1.1929,0.25,1.39,1729.2,3.272,414.65,0.16607,0.23696,,,,134.71,11144.08,4506.87,28833.76,8264.42,2349.2,3384.85,1340.25,2821.85,,13082.54,2.484,29766.97,3419.946,5035.54,26.253,3968.94,6.498,6.5001,7.7655,109.13,1.6055,0.151,2.3573,,23.63,20.03
2021-03-16,0.7746,2017.0,64.8,,,68.39,,,91.865,1.1903,0.25,1.3891,1730.9,3.262,407.9,0.16679,0.23518,,,,134.66,11329.43,4566.97,29027.69,8530.82,2348.39,3383.29,1349.07,2823.69,,13152.28,2.562,29921.09,3446.733,5079.36,25.974,3962.71,6.5011,6.506,7.7649,109.0,1.6179,0.149,2.3785,,22.39,19.79
2021-03-17,0.7798,2105.0,64.6,,,68.0,,,91.442,1.1979,0.25,1.3966,1727.1,3.256,412.8,0.16583,0.23661,,,,133.55,11358.66,4584.41,29034.12,8574.04,2344.81,3378.83,1342.8,2826.79,,13202.38,2.528,29914.33,3445.551,5100.86,26.03,3974.12,6.4861,6.5041,7.7653,108.84,1.6427,0.133,2.418,,21.38,19.23
2021-03-18,0.7759,2215.0,60.0,,,63.28,,,91.862,1.1915,0.25,1.3925,1732.5,3.256,411.7,0.16583,0.23423,,,,133.55,11470.43,4632.1,29405.72,8676.33,2337.83,3366.04,1347.33,2802.27,,12789.14,2.481,30216.75,3463.068,5141.77,26.321,3915.46,6.5072,6.5069,7.7649,108.89,1.7082,0.1531,2.4483,,20.77,21.58
2021-03-19,0.7742,2281.0,61.42,,,64.53,,,91.919,1.1904,0.25,1.3872,1741.7,3.237,412.35,0.16655,0.23423,,,,133.36,11283.92,4563.16,28990.94,8551.32,2336.8,3372.04,1336.84,2796.14,,12866.99,2.535,29792.05,3404.663,5007.09,26.292,3913.1,6.5079,6.509,7.7653,108.88,1.721,0.1492,2.4333,,21.01,20.95
2021-03-22,0.7746,2319.0,61.55,,,64.62,,,91.742,1.1933,0.25,1.3864,1738.1,3.23,414.9,0.15631,0.23518,,,,133.46,11306.71,4557.13,28885.34,8508.85,2342.83,3384.11,1336.27,2809.65,,13086.51,2.582,29174.15,3443.439,5057.15,25.741,3940.59,6.5071,6.5077,7.766,108.85,1.6946,0.1472,2.3984,,21.04,18.88
2021-03-23,0.7624,2271.0,57.76,,,60.79,,,92.336,1.1849,0.25,1.3752,1725.1,3.205,408.8,0.15232,0.2325,,,,134.51,11111.18,4473.35,28497.38,8295.42,2346.07,3394.38,1323.77,2788.01,,13017.79,2.508,28995.92,3411.509,5009.25,25.2,3910.52,6.5203,6.5162,7.7672,108.59,1.6206,0.1452,2.3264,,21.23,20.3
2021-03-24,0.7582,2194.0,61.18,,,64.41,,,92.528,1.1813,0.25,1.3686,1733.2,3.193,407.15,0.14071,0.23179,,,,135.31,10847.98,4365.05,27918.14,8040.99,2350.23,3400.41,1298.44,2767.26,,12798.88,2.518,28405.52,3367.061,4928.69,25.201,3889.14,6.5292,6.5245,7.768,108.73,1.6084,0.1465,2.3095,,21.61,21.2
2021-03-25,0.758,2172.0,58.56,,,61.95,,,92.848,1.1764,0.25,1.3734,1725.1,3.187,398.5,0.13464,0.22911,,,,134.54,10744.27,4356.86,27899.61,7944.8,2349.94,3392.98,1288.42,2775.06,,12780.51,2.57,28729.88,3363.592,4926.35,25.022,3909.52,6.5482,6.5463,7.7685,109.19,1.6332,0.1367,2.3568,,20.04,19.81
2021-03-26,0.7637,2178.0,60.97,,,64.57,,,92.766,1.1794,0.25,1.3789,1732.3,3.198,407.85,0.1325,0.22768,,,,134.25,10966.06,4436.7,28336.43,8129.63,2351.62,3389.36,1307.48,2814.86,,12979.12,2.557,29176.7,3418.327,5037.99,25.092,3974.54,6.5401,6.5411,7.7689,109.64,1.676,0.1387,2.3781,,19.17,18.86
2021-03-29,0.7633,2162.0,61.56,,,64.98,,,92.944,1.1765,0.25,1.3762,1712.2,3.195,404.3,0.12911,0.22696,,,,132.75,10942.94,4432.18,28338.3,7981.07,2353.23,3382.95,1310.11,2811.53,,12965.74,2.586,29384.52,3435.296,5046.88,24.747,3971.09,6.5751,6.5701,7.7734,109.81,1.7081,0.1407,2.405,,19.4,20.74
2021-03-30,0.7597,2103.0,60.55,,,64.14,,,93.297,1.1717,0.25,1.374,1683.9,3.211,397.85,0.13054,0.22911,,,,132.84,11020.87,4480.7,28577.5,8180.32,2352.95,3390.19,1319.5,2805.1,,12896.53,2.623,29432.7,3456.677,5094.73,24.137,3958.55,6.5729,6.5718,7.7749,110.36,1.7029,0.1465,2.3687,,18.54,19.61
2021-03-31,0.7598,2046.0,59.16,0.4,18.9,63.54,2.6,51.9,93.232,1.173,0.25,1.3783,1713.8,3.188,399.55,0.12887,0.22673,0.6,8.2,6.8,134.37,10972.04,4447.99,28378.35,8183.8,2357.92,3395.15,1316.43,2811.7,63.8,13091.44,2.608,29178.8,3441.912,5048.36,24.532,3972.89,6.5647,6.5528,7.7741,110.72,1.7404,0.1603,2.4106,6.1,18.32,19.4
2021-04-01,0.7617,2072.0,61.45,,,64.86,,,92.929,1.1777,0.25,1.3833,1726.5,3.194,399.05,0.12125,0.22589,,,,132.95,11217.41,4560.88,28938.74,8569.64,2362.02,3416.35,1335.24,2840.19,,13329.51,2.639,29388.87,3466.332,5110.78,24.948,4019.87,6.5747,6.5652,7.7756,110.62,1.6699,0.1585,2.3322,,17.79,17.33
2021-04-02,0.761,,61.45,,,,,,93.022,1.1759,0.25,1.3832,1726.5,3.199,399.05,,,,,,,,,,,2362.17,3406.88,1338.23,2841.89,,,2.639,29854.0,3484.392,5161.56,24.948,,6.5771,6.567,7.7759,110.69,1.7216,0.1862,2.3564,,,
2021-04-05,0.7651,,58.65,,,62.15,,,92.595,1.1813,0.25,1.39,1727.0,,413.75,,,,,,,,,,,2366.8,3409.32,1338.79,2872.97,,13598.16,2.511,30089.25,,,24.78,4077.91,6.5565,,7.776,110.18,1.7003,0.1664,2.3463,,,17.91
2021-04-06,0.7664,2092.0,59.33,,,62.74,,,92.335,1.1876,0.25,1.3824,1741.5,3.207,411.65,,,,,,,,,,,2370.97,3420.7,1346.91,2876.23,,13578.46,2.456,29696.63,3482.967,5140.34,25.227,4073.94,6.5424,6.5395,7.7766,109.75,1.656,0.1566,2.323,,,18.12
2021-04-07,0.7614,2127.0,59.77,,,63.16,,,92.455,1.1868,0.25,1.3737,1740.1,3.226,405.45,0.12661,0.20821,,,,133.63,11070.58,4527.11,28674.8,8451.85,2373.14,3414.72,1338.76,2881.15,,13616.7,2.52,29730.79,3479.625,5103.74,25.247,4079.95,6.5484,6.5425,7.7849,109.85,1.6739,0.1527,2.3612,,18.3,17.16
2021-04-08,0.7653,2088.0,59.6,,,63.2,,,92.059,1.1914,0.25,1.3735,1756.8,3.223,409.45,0.12554,0.22304,,,,133.47,11109.48,4560.73,29008.07,8458.11,2375.34,3426.53,1343.36,2895.61,,13758.5,2.522,29708.98,3482.555,5112.21,25.585,4097.17,6.5569,6.5511,7.7774,109.26,1.6192,0.1488,2.3068,,17.25,16.95
2021-04-09,0.7623,2085.0,59.32,,,62.95,,,92.163,1.1899,0.25,1.3707,1743.3,3.21,404.0,0.12042,0.22077,,,,133.14,10977.37,4509.51,28698.8,8305.93,2374.72,3421.27,1330.36,2910.1,,13845.05,2.526,29768.06,3450.677,5035.34,25.325,4128.8,6.5584,6.5526,7.7779,109.67,1.6585,0.1548,2.3293,,17.1,16.69
2021-04-12,0.7623,2145.0,59.7,,,63.28,,,92.138,1.1911,0.25,1.3741,1731.2,3.191,401.85,0.11464,0.21196,,,,133.46,10874.83,4454.4,28453.28,8169.5,2373.37,3421.02,1322.31,2907.25,,13819.35,2.561,29538.73,3412.948,4947.75,24.867,4127.99,6.548,6.5483,7.7738,109.38,1.6657,0.1668,2.3332,,17.72,16.91
2021-04-13,0.7641,2140.0,60.18,,,63.67,,,91.852,1.1948,0.25,1.375,1746.2,3.169,403.15,0.11393,0.21125,,,,133.07,10850.53,4442.52,28497.25,8038.81,2371.86,3431.1,1323.95,2918.19,,13986.49,2.619,29751.61,3396.47,4939.64,25.426,4141.59,6.5436,6.5441,7.7733,109.06,1.6145,0.1589,2.2939,,18.08,16.65
2021-04-14,0.7728,2178.0,63.15,,,66.58,,,91.69,1.198,0.25,1.3779,1734.9,3.161,412.85,0.10744,0.20643,,,,132.23,10999.3,4507.96,28900.83,8225.67,2373.27,3429.94,1336.59,2913.53,,13803.91,2.618,29620.99,3416.721,4980.63,25.524,4124.66,6.5316,6.5297,7.7661,108.93,1.6323,0.161,2.3116,,18.04,16.99
2021-04-15,0.7752,2323.0,63.46,,,66.94,,,91.671,1.1967,0.25,1.3787,1765.4,3.176,421.85,0.10357,0.20161,,,,132.16,10905.89,4489.14,28793.14,8142.92,2377.86,3449.15,1341.09,2941.75,,14026.19,2.658,29642.69,3398.988,4948.97,25.964,4170.42,6.5266,6.5226,7.7673,108.76,1.5759,0.159,2.2694,,18.47,16.57
2021-04-16,0.7734,2385.0,63.13,,,66.77,,,91.556,1.1983,0.25,1.3832,1779.0,3.159,416.8,0.10286,0.20232,,,,132.33,11027.51,4528.12,28969.71,8232.13,2379.36,3434.73,1348.69,2953.35,,14041.91,2.68,29683.37,3426.618,4966.18,26.105,4185.47,6.5261,6.5206,7.7713,108.8,1.5798,0.1612,2.2649,,18.79,16.25
2021-04-19,0.7759,2432.0,63.38,,,67.05,,,91.069,1.2037,0.25,1.3986,1769.4,3.152,423.8,0.10286,0.20161,,,,133.17,11092.95,4562.63,29106.15,8346.39,2378.53,3427.63,1348.55,2944.05,,13907.67,2.749,29685.37,3477.549,5087.02,25.837,4163.26,6.509,6.5103,7.7659,108.17,1.6047,0.1572,2.2963,,19.41,17.29
2021-04-20,0.7726,2472.0,62.44,,,66.57,,,91.241,1.2036,0.25,1.3937,1777.3,3.159,421.3,0.09679,0.19,,,,132.38,11085.87,4568.01,29135.73,8311.69,2375.47,3433.16,1347.61,2915.78,,13809.3,2.727,29100.38,3472.943,5083.37,25.84,4134.94,6.5005,6.4995,7.7613,108.11,1.5589,0.1492,2.2512,,19.08,18.68
2021-04-21,0.7754,2710.0,61.35,,,65.32,,,91.155,1.2035,0.25,1.3931,1792.3,3.151,427.9,0.09411,0.18321,,,,133.67,10888.52,4495.58,28621.92,8185.0,2375.5,3437.22,1336.86,2932.98,,13935.15,2.692,28508.55,3472.93,5098.74,26.57,4173.42,6.4902,6.4905,7.7643,108.08,1.5555,0.1472,2.2505,,19.7,17.5
2021-04-22,0.7707,2750.0,61.43,,,65.4,,,91.333,1.2015,0.25,1.3839,1781.2,3.158,427.3,0.09161,0.17929,,,,134.05,10939.12,4521.77,28755.34,8279.74,2376.74,3442.37,1341.43,2923.91,,13762.36,2.749,29188.17,3465.114,5089.24,26.18,4134.98,6.4958,6.4901,7.7599,107.97,1.538,0.1472,2.218,,18.37,18.71
2021-04-23,0.7739,2788.0,62.14,,,66.11,,,90.859,1.2097,0.25,1.3876,1777.0,3.175,433.6,0.08607,0.17589,,,,133.12,11067.84,4575.0,29078.75,8467.75,2378.69,3442.75,1353.02,2946.11,,13941.44,2.73,29020.63,3474.166,5135.45,26.075,4180.17,6.49,6.4963,7.7593,107.88,1.5577,0.1575,2.2339,,17.8,17.33
2021-04-26,0.78,2808.0,61.91,,,65.65,,,90.807,1.2086,0.25,1.3899,1779.2,3.198,444.1,0.08929,0.17446,,,,133.49,10981.31,4557.58,28952.83,8485.24,2380.81,3442.19,1360.64,2956.13,,14026.16,2.79,29126.23,3441.166,5077.24,26.209,4187.62,6.4724,6.4855,7.7603,108.08,1.5667,0.1677,2.24,,17.54,17.64
2021-04-27,0.7765,2889.0,62.94,,,66.42,,,90.909,1.2091,0.25,1.3913,1778.0,3.199,448.8,0.09143,0.17518,,,,133.91,10983.46,4564.82,28941.54,8516.45,2381.49,3431.0,1361.96,2952.01,,13960.28,2.873,28991.89,3442.611,5090.52,26.41,4186.72,6.4804,6.4831,7.7619,108.7,1.6216,0.1798,2.2942,,17.08,17.56
2021-04-28,0.7791,2957.0,63.86,,,67.27,,,90.609,1.2126,0.25,1.3935,1773.2,3.192,449.8,0.09,0.17446,,,,134.0,11014.69,4581.5,29071.34,8532.76,2381.56,3432.86,1364.96,2951.88,,13901.62,2.925,29053.97,3457.068,5119.24,26.085,4183.18,6.4759,6.479,7.7631,108.6,1.6094,0.1641,2.2889,,16.22,17.28
2021-04-29,0.7766,3007.0,65.01,,,68.56,,,90.614,1.2121,0.25,1.3944,1768.3,3.184,449.3,0.09071,0.17375,,,,134.97,11049.88,4606.1,29303.26,8500.13,2382.86,3428.81,1364.54,2963.31,,13970.21,2.911,,3474.901,5164.17,26.053,4211.47,6.4647,6.4722,7.7633,108.93,1.6343,0.1622,2.2982,,16.46,17.61
2021-04-30,0.7716,3053.0,63.58,0.9,,67.25,4.2,51.1,91.28,1.202,0.25,1.3822,1767.7,3.156,447.9,0.09018,0.17375,0.8,,6.4,135.61,10825.25,4524.63,28724.88,8313.18,2383.53,3432.76,1347.61,2938.76,60.8,13860.76,2.931,28812.63,3446.856,5123.49,25.853,4181.17,6.4735,6.4749,7.7675,109.31,1.6259,0.1584,2.2967,6.1,16.89,18.61
2021-05-03,0.7763,,64.49,,,67.56,,,90.945,1.2064,0.25,1.3911,1791.8,,454.3,0.08179,0.17446,,,,136.66,10713.0,4482.33,28357.54,8227.89,2386.01,3437.05,1338.89,2948.67,,13799.72,2.966,,,,26.943,4192.66,6.4707,,7.7666,109.07,1.5976,0.1585,2.2837,,18.04,18.31
2021-05-04,0.7707,3157.0,65.69,,,68.88,,,91.288,1.2014,0.25,1.3887,1776.0,,453.6,0.08089,0.17518,,,,135.84,10765.72,4514.29,28557.14,8284.12,2384.75,3442.19,1334.99,2922.5,,13544.67,2.967,,,,26.539,4164.66,6.4838,,7.768,109.33,1.5924,0.1585,2.2615,,17.32,19.48
2021-05-05,0.7747,3266.0,65.63,,,68.96,,,91.308,1.2005,0.25,1.3905,1784.3,,453.9,0.07929,0.17446,,,,135.26,10721.87,4482.0,28417.98,8107.9,2387.32,3446.6,1333.05,2932.85,,13503.37,2.938,,,,26.502,4167.59,6.4875,,7.7694,109.21,1.566,0.1506,2.2425,,17.8,19.15
2021-05-06,0.7782,3212.0,64.71,,,68.09,,,90.951,1.2065,0.25,1.3889,1815.7,3.143,461.9,0.07857,0.17321,,,,134.66,10756.37,4501.7,28637.46,8136.87,2388.4,3450.29,1340.8,2952.03,,13613.73,2.928,29331.37,3441.283,5061.12,27.462,4201.62,6.4644,6.4641,7.768,109.09,1.5696,0.1527,2.2417,,17.52,18.39
2021-05-07,0.7844,3183.0,64.9,,,68.28,,,90.233,1.2166,0.25,1.3984,1831.3,3.152,476.6,0.07881,0.17321,,,,134.87,10699.0,4474.59,28610.65,7954.82,2390.52,3450.18,1348.57,2979.41,,13719.63,2.958,29357.82,3418.874,4996.05,27.462,4232.6,6.4161,6.4333,7.7659,108.6,1.5771,0.1448,2.2769,,17.34,16.69
2021-05-10,0.783,3240.0,64.92,,,68.32,,,90.212,1.2129,0.25,1.4118,1837.6,3.141,473.35,0.08143,0.17321,,,,134.91,10651.07,4472.46,28595.66,7886.02,2391.58,3439.72,1346.35,2961.57,,13359.08,2.932,29518.34,3427.991,4992.42,27.479,4188.43,6.4221,6.4165,7.7654,108.81,1.602,0.1528,2.3256,,17.28,19.66
2021-05-11,0.7842,3254.0,65.28,,,68.55,,,90.141,1.2148,0.25,1.4142,1836.1,3.133,477.85,0.085,0.17393,,,,136.76,10431.55,4380.7,28013.81,7649.68,2386.69,3428.39,1329.08,2928.33,,13351.27,2.955,28608.59,3441.845,5023.06,27.657,4152.1,6.4288,6.4292,7.7687,108.62,1.6217,0.1588,2.3451,,18.55,21.84
2021-05-12,0.7725,3139.0,66.08,,,69.32,,,90.713,1.2072,0.25,1.4054,1822.8,3.137,475.25,0.08357,0.17179,,,,136.6,10556.57,4420.27,28231.04,7861.18,2382.78,3413.39,1315.25,2876.79,,13001.63,2.969,28147.51,3462.751,5044.55,27.231,4063.04,6.4588,6.4564,7.7657,109.67,1.6916,0.1629,2.4113,,18.53,27.59
2021-05-13,0.773,3077.0,63.82,,,67.05,,,90.752,1.2081,0.25,1.4052,1824.0,3.135,470.55,0.08571,0.17321,,,,137.97,10339.99,4327.21,27718.67,7599.62,2382.16,3420.43,1292.78,2892.48,,13109.15,2.973,27448.01,3429.536,4992.97,27.044,4112.5,6.4481,6.452,7.7681,109.47,1.6574,0.1529,2.3955,,20.41,23.13
2021-05-14,0.7771,2939.0,65.37,,,68.71,,,90.321,1.2141,0.25,1.4097,1838.1,3.136,466.4,0.08214,0.17179,,,,139.0,10404.95,4364.96,28027.57,7565.31,2384.16,3434.12,1307.53,2938.63,,13393.12,2.961,28084.47,3490.376,5110.59,27.353,4173.85,6.4378,6.4371,7.7677,109.35,1.6284,0.147,2.3401,,18.87,18.81
2021-05-17,0.7764,2856.0,66.27,,,69.46,,,90.164,1.2152,0.25,1.4134,1867.6,3.142,472.15,0.085,0.17321,,,,137.99,10503.84,4413.84,28194.09,7699.96,2384.53,3432.81,1311.45,2934.18,,13312.91,3.109,27824.83,3517.616,5184.98,28.26,4163.29,6.4425,6.439,7.7662,109.21,1.6488,0.1531,2.3626,,18.38,19.72
2021-05-18,0.7792,2795.0,65.49,,,68.71,,,89.75,1.2222,0.25,1.4189,1868.0,3.134,473.55,0.08429,0.17179,,,,137.58,10654.3,4476.35,28593.81,7817.69,2384.32,3429.7,1333.18,2928.68,,13217.68,3.012,28406.84,3529.014,5187.6,28.314,4127.83,6.4217,6.4257,7.7657,108.9,1.6369,0.1491,2.3597,,17.51,21.34
2021-05-19,0.7728,2801.0,63.36,,,66.66,,,90.191,1.2175,0.25,1.4115,1881.5,3.117,458.95,,,,,,,,,,,2379.69,3420.81,1327.54,2910.94,,13237.91,2.964,28044.45,3510.965,5172.27,28.008,4115.68,6.4402,6.4349,7.7648,109.22,1.671,0.1552,2.3691,,,22.18
2021-05-20,0.7776,2824.0,62.05,,,65.11,,,89.808,1.2228,0.25,1.419,1881.9,3.092,458.2,0.08357,0.17179,,,,137.88,10642.8,4465.35,28450.29,7915.72,2380.61,3435.67,1329.31,2942.21,,13494.09,2.925,28098.25,3506.944,5186.41,28.052,4159.12,6.4339,6.4348,7.7625,108.78,1.625,0.1451,2.3306,,17.99,20.67
2021-05-21,0.7732,2869.0,63.58,,,66.44,,,90.017,1.2182,0.25,1.415,1876.7,3.071,449.6,0.08571,0.17321,,,,137.12,10702.57,4478.22,28458.44,8025.31,2382.07,3440.31,1330.04,2943.13,,13411.74,2.906,28317.83,3486.557,5134.15,27.473,4155.86,6.4368,6.434,7.7642,108.96,1.6216,0.1533,2.3176,,17.15,20.15
2021-05-24,0.7752,2881.0,66.05,,,68.46,,,89.844,1.2216,0.25,1.4157,1884.5,3.08,454.15,0.08321,0.17179,,,,137.42,10641.4,4463.47,28412.26,7876.61,2384.53,3447.13,1326.68,2966.44,,13641.75,2.886,28364.61,3497.282,5155.59,27.887,4197.05,6.4096,6.4193,7.7647,108.75,1.6012,0.1493,2.2989,,17.09,18.4
2021-05-25,0.7751,2809.0,66.07,,,68.65,,,89.639,1.225,0.25,1.4153,1898.0,3.076,452.2,0.08286,0.16964,,,,138.09,10792.63,4532.08,28910.86,8004.37,2386.15,3460.93,1345.49,2965.51,,13657.73,2.913,28553.98,3581.342,5318.48,28.037,4188.13,6.4113,6.4107,7.7625,108.78,1.5588,0.1412,2.2477,,16.59,18.84
2021-05-26,0.7743,2754.0,66.21,,,68.87,,,90.042,1.2192,0.25,1.4119,1901.2,3.066,453.3,0.08446,0.17107,,,,137.75,10855.58,4565.8,29166.01,8072.46,2387.24,3458.11,1351.95,2969.51,,13702.74,2.984,28642.19,3593.357,5320.59,27.853,4195.99,6.3814,6.3908,7.7623,109.15,1.5757,0.1485,2.2561,,16.72,17.36
2021-05-27,0.7747,2688.0,66.85,,,69.46,,,89.971,1.2195,0.25,1.4207,1895.7,3.077,466.3,0.08286,0.17179,,,,138.3,10848.35,4570.28,29113.2,8123.88,2388.84,3452.56,1354.31,2970.64,,13657.85,2.958,28549.01,3608.851,5338.23,27.94,4200.88,6.3732,6.3833,7.7607,109.81,1.6062,0.1446,2.2825,,16.4,16.74
2021-05-28,0.7712,2596.0,66.32,,,69.63,,,90.031,1.2192,0.25,1.4188,1902.5,3.088,467.75,0.08286,0.17179,,,,138.34,10793.55,4547.92,29124.41,7957.63,2390.58,3459.13,1360.78,2979.3,,13686.51,2.986,29149.41,3600.784,5321.09,28.014,4204.11,6.3603,6.3685,7.7617,109.85,1.5943,0.1407,2.2824,,16.25,16.76
2021-05-31,0.7734,,,1.3,,69.32,5.0,51.0,89.829,1.2227,0.25,1.4212,,3.074,,0.08393,0.1725,1.0,,6.0,137.37,10889.12,4580.33,29151.8,8104.35,2390.58,3459.13,1376.21,2975.7,61.6,,,28860.08,3615.477,5331.57,,,6.3728,6.3701,7.7611,109.58,1.5943,0.1407,2.2824,5.8,16.55,
2021-06-01,0.7754,2568.0,67.72,,,70.25,,,89.831,1.2213,0.25,1.415,1902.9,3.087,465.35,0.08571,0.1725,,,,137.27,10990.75,4628.59,29468.0,8305.74,2392.41,3452.49,1390.85,2982.02,,13654.59,3.104,28814.34,3624.714,5341.68,28.102,4202.04,6.3831,6.3812,7.7592,109.48,1.6062,0.1466,2.2867,,17.16,17.9
2021-06-02,0.7754,2530.0,68.83,,,71.35,,,89.909,1.2211,0.25,1.4171,1907.5,3.096,459.15,0.085,0.1725,,,,136.82,10951.84,4606.84,29297.62,8235.1,2395.27,3456.98,1388.47,2985.97,,13675.79,3.075,28946.14,3597.138,5289.97,28.204,4208.12,6.3833,6.3811,7.7586,109.56,1.5875,0.1446,2.2717,,16.9,17.48
2021-06-03,0.7658,2472.0,68.81,,,71.31,,,90.512,1.2127,0.25,1.4106,1871.2,3.089,446.3,0.085,0.17321,,,,137.41,10826.78,4554.58,28966.03,8164.34,2395.19,3448.03,1383.57,2972.87,,13529.68,3.041,29058.11,3584.212,5255.29,27.477,4192.85,6.3992,6.4038,7.7582,110.29,1.625,0.1545,2.296,,16.92,18.04
2021-06-04,0.7739,2438.0,69.62,,,71.89,,,90.136,1.2167,0.25,1.4157,1889.8,3.13,452.9,0.08429,0.1725,,,,137.51,10805.64,4536.78,28918.1,8095.64,2397.24,3466.98,1381.56,2997.36,,13770.77,3.097,28941.52,3591.845,5282.28,27.896,4229.89,6.3923,6.3952,7.7567,109.52,1.5534,0.1448,2.2313,,16.44,16.42
2021-06-07,0.7754,2428.0,69.23,,,71.49,,,89.95,1.219,0.25,1.4183,1896.8,3.141,452.65,0.08649,0.17036,,,,138.25,10748.2,4522.77,28787.28,8042.73,2399.58,3464.03,1380.59,3000.97,,13802.89,3.07,29019.24,3599.541,5277.63,28.018,4226.52,6.3875,6.3974,7.7592,109.25,1.5687,0.1547,2.2468,,16.86,16.42
2021-06-08,0.7742,2420.0,70.05,,,72.22,,,90.076,1.2173,0.25,1.4157,1892.2,3.14,455.6,0.08839,0.17107,,,,138.44,10729.52,4515.42,28781.38,7981.01,2402.22,3473.28,1377.43,3001.83,,13810.86,3.128,28963.56,3580.106,5232.12,27.731,4227.26,6.3998,6.4005,7.7601,109.5,1.5331,0.1508,2.2151,,16.44,17.07
2021-06-09,0.7731,2481.0,69.96,,,72.22,,,90.12,1.218,0.25,1.4118,1893.2,3.14,453.1,0.09018,0.1725,,,,138.89,10704.75,4513.77,28742.63,7972.09,2405.65,3485.32,1372.8,2996.64,,13814.94,3.129,28860.8,3591.396,5236.45,28.002,4219.55,6.3876,6.3872,7.7597,109.63,1.4908,0.1548,2.1684,,16.38,17.89
2021-06-10,0.7754,2669.0,70.29,,,72.52,,,90.075,1.217,0.25,1.4177,1894.2,3.13,448.5,0.08804,0.17107,,,,139.18,10716.28,4512.18,28738.88,7969.17,2407.42,3497.85,1378.85,3007.46,,13960.35,3.149,28958.56,3610.859,5271.47,28.031,4239.18,6.3862,6.3932,7.7603,109.33,1.4318,0.1429,2.127,,16.41,16.1
2021-06-11,0.7708,2857.0,70.91,,,72.69,,,90.555,1.2109,0.25,1.4107,1877.4,3.15,453.75,0.08804,0.17107,,,,138.69,10750.95,4527.12,28842.13,7991.12,2409.13,3497.18,1381.99,3012.67,,13998.3,3.296,28948.73,3589.748,5224.7,28.146,4247.44,6.3966,6.3987,7.7616,109.66,1.4518,0.1469,2.1379,,15.75,15.65
2021-06-14,0.7712,2944.0,70.88,,,72.86,,,90.522,1.212,0.25,1.4112,1864.0,,452.7,,,,,,,,,,,2410.14,3487.77,1383.19,3019.88,,14128.2,3.352,29161.8,,,28.039,4255.15,6.4058,,7.7618,110.07,1.494,0.157,2.1822,,,16.39
2021-06-15,0.7687,3025.0,72.12,,,73.99,,,90.536,1.2126,0.25,1.4083,1854.5,3.146,433.3,0.09161,0.1725,,,,138.28,10668.93,4489.8,28638.53,7961.02,2410.34,3488.59,1378.27,3017.27,,14030.41,3.24,29441.3,3556.559,5166.56,27.693,4246.59,6.4069,6.4061,7.7624,110.08,1.4922,0.163,2.1864,,16.94,17.02
2021-06-16,0.761,3176.0,72.15,,,74.39,,,91.129,1.1995,0.25,1.3988,1859.5,3.164,438.5,0.09161,0.17321,,,,139.02,10562.97,4438.69,28436.84,7830.67,2410.16,3480.49,1370.0,3008.48,,13983.01,3.251,29291.01,3518.329,5080.49,27.812,4223.7,6.4405,6.398,7.7632,110.71,1.5754,0.2052,2.2073,,17.34,18.15
2021-06-17,0.7552,3267.0,71.04,,,73.08,,,91.889,1.1907,0.25,1.3922,1773.8,3.171,417.8,0.08946,0.1725,,,,137.91,10589.67,4456.36,28558.59,7901.52,2408.38,3498.84,1362.88,2996.51,,14163.81,3.253,29018.33,3525.604,5101.89,25.856,4221.86,6.4571,6.4483,7.7645,110.21,1.504,0.2093,2.0927,,16.97,17.75
2021-06-18,0.7479,3218.0,71.64,,,73.51,,,92.225,1.1864,0.25,1.381,1767.9,3.152,415.7,0.08875,0.17179,,,,138.04,10646.39,4488.49,28801.27,8041.45,2407.36,3517.34,1361.25,2954.19,,14049.58,3.215,28964.08,3525.097,5102.47,25.969,4166.45,6.4616,6.4531,7.7628,110.21,1.4381,0.2541,2.0127,,16.81,20.7
2021-06-21,0.7535,3190.0,73.66,,,74.9,,,91.899,1.1919,0.25,1.3934,1781.8,3.112,418.4,0.09018,0.1725,,,,138.11,10547.86,4446.53,28489.0,7955.95,2409.41,3500.29,1350.52,2982.11,,14137.23,3.191,28010.93,3529.183,5090.39,26.025,4224.79,6.4672,6.4669,7.765,110.27,1.4886,0.2543,2.1097,,18.08,17.89
2021-06-22,0.7554,3119.0,73.06,,,74.81,,,91.756,1.194,0.25,1.3949,1776.3,3.098,423.0,0.0875,0.17179,,,,138.69,10469.8,4426.61,28309.76,7812.23,2409.9,3504.03,1346.84,3001.14,,14270.42,3.258,28884.13,3557.412,5122.16,25.857,4246.44,6.4806,6.4811,7.7668,110.65,1.4632,0.2281,2.0859,,18.22,16.66
2021-06-23,0.7575,3147.0,73.08,,,75.19,,,91.802,1.1926,0.25,1.3964,1782.3,3.092,433.05,0.08982,0.17107,,,,137.58,10673.91,4501.1,28817.07,8020.23,2411.98,3498.99,1360.5,2998.0,,14274.24,3.333,28874.89,3566.22,5147.39,26.111,4241.84,6.4781,6.4743,7.765,110.96,1.4852,0.2622,2.1083,,17.5,16.32
2021-06-24,0.7583,3175.0,73.3,,,75.56,,,91.814,1.1932,0.25,1.3922,1775.6,3.093,431.1,0.08917,0.1725,,,,137.8,10677.31,4507.19,28882.46,8039.76,2414.13,3501.13,1367.39,3013.36,,14365.96,3.418,28875.23,3566.654,5155.97,26.05,4266.49,6.4709,6.4719,7.7632,110.87,1.4919,0.2681,2.0981,,16.78,15.97
2021-06-25,0.759,3255.0,74.05,,,76.18,,,91.851,1.1935,0.25,1.3879,1776.6,3.098,429.2,0.09286,0.1725,,,,137.7,10878.45,4571.41,29288.22,8235.63,2416.19,3492.86,1379.59,3024.94,,14345.18,3.496,29066.18,3607.562,5239.97,26.087,4280.7,6.4612,6.4562,7.7614,110.75,1.5241,0.2661,2.1487,,16.51,15.62
2021-06-28,0.7567,3324.0,72.91,,,74.68,,,91.887,1.1925,0.25,1.3883,1779.6,3.102,427.8,0.09244,0.17107,,,,137.9,10863.57,4573.79,29268.3,8276.63,2418.45,3507.03,1380.9,3025.22,,14524.98,3.617,29048.02,3606.372,5251.76,26.223,4290.61,6.4613,6.4566,7.7624,110.63,1.4765,0.2543,2.0946,,16.39,15.76
2021-06-29,0.7512,3418.0,72.98,,,74.76,,,92.049,1.1897,0.25,1.3836,1763.6,3.1,427.65,0.10042,0.17179,,,,138.12,10757.3,4532.75,28994.1,8201.05,2420.11,3510.69,1377.15,3024.44,,14572.75,3.63,28812.61,3573.178,5190.54,25.872,4291.8,6.4659,6.4637,7.7634,110.53,1.4697,0.2504,2.0837,,16.2,16.02
2021-06-30,0.7498,3383.0,73.47,1.1,8.1,75.13,5.4,50.9,92.436,1.1858,0.25,1.3831,1771.6,3.093,429.65,0.09899,0.17036,0.7,7.6,5.4,138.89,10663.39,4509.66,28827.95,8155.37,2422.6,3515.56,1374.64,3017.23,61.3,14554.8,3.65,28791.53,3591.197,5224.04,26.165,4297.5,6.4683,6.4571,7.7651,111.11,1.468,0.2486,2.0857,5.9,16.07,15.83
2021-07-01,0.747,3338.0,75.23,,,75.84,,,92.597,1.185,0.25,1.3767,1776.8,3.092,424.2,,,,,,,,,,,2425.84,3513.11,1368.22,3028.2,,14560.05,3.661,28707.04,3588.781,5229.66,26.075,4319.94,6.4726,6.4691,7.7659,111.53,1.4578,0.2527,2.0607,,,15.48
2021-07-02,0.7526,3285.0,75.16,,,76.17,,,92.226,1.1865,0.25,1.3824,1783.3,3.082,428.2,0.09827,0.17036,,,,137.98,10415.58,4428.18,28310.42,7892.4,2427.4,3521.04,1355.38,3046.09,,14727.63,3.7,28783.28,3518.76,5081.12,26.481,4352.34,6.4717,6.473,7.7661,111.05,1.4238,0.2336,2.0404,,17.39,15.07
2021-07-05,0.753,3224.0,,,,77.16,,,92.212,1.1864,0.25,1.3844,,3.082,,0.09554,0.17036,,,,139.21,10274.18,4393.12,28143.5,7712.19,,,1354.47,3049.84,,,,28598.19,3534.322,5085.79,,,6.462,6.4642,7.7673,110.97,1.4238,0.2336,2.0404,,17.79,
2021-07-06,0.7497,3179.0,73.37,,,74.53,,,92.546,1.1824,0.25,1.38,1794.2,3.092,425.8,0.09411,0.16893,,,,139.53,10269.6,4374.92,28072.86,7646.94,2431.48,3538.43,1346.58,3042.63,,14786.36,3.637,28643.21,3530.259,5083.1,26.154,4343.54,6.4796,6.4791,7.7668,110.63,1.3481,0.2179,1.9739,,17.4,16.44
2021-07-07,0.7487,3241.0,72.2,,,73.43,,,92.644,1.179,0.25,1.3801,1802.1,3.058,432.9,0.08875,0.16381,,,,139.79,10149.84,4367.65,27960.62,7603.77,2433.76,3546.39,1340.68,3049.66,,14810.54,3.596,28366.95,3553.716,5140.49,26.11,4358.13,6.4745,6.4728,7.7682,110.66,1.3163,0.2141,1.9378,,17.98,16.2
2021-07-08,0.7429,3281.0,72.94,,,74.12,,,92.417,1.1845,0.25,1.3786,1800.2,2.99,427.15,0.09,0.16738,,,,141.44,9822.56,4239.63,27153.13,7321.98,2431.17,3548.35,1316.25,3022.24,,14722.14,3.688,28118.03,3525.504,5088.26,25.967,4320.82,6.4934,6.4905,7.7681,109.72,1.2928,0.1944,1.9266,,21.22,19.0
2021-07-09,0.7488,3300.0,74.56,,,75.55,,,92.13,1.1876,0.25,1.3901,1810.6,2.998,435.25,0.09179,0.16667,,,,141.35,9885.42,4254.09,27344.54,7429.49,2432.35,3531.42,1318.17,3053.12,,14826.09,3.674,27940.42,3524.088,5069.44,26.211,4369.55,6.4813,6.479,7.7674,110.14,1.3595,0.2126,1.9889,,19.35,16.18
2021-07-12,0.7476,3300.0,74.1,,,75.16,,,92.261,1.1861,0.25,1.3883,1805.9,2.952,432.3,0.08893,0.16821,,,,140.52,9945.73,4286.5,27515.24,7514.15,2433.78,3531.69,1326.83,3068.27,,14877.89,3.749,28569.02,3547.836,5132.71,26.217,4384.63,6.4764,6.4759,7.7663,110.37,1.3645,0.2267,1.9975,,18.26,16.17
2021-07-13,0.7447,3228.0,75.25,,,76.49,,,92.752,1.1776,0.25,1.3814,1809.9,2.935,431.45,0.08786,0.1625,,,,140.25,10113.32,4351.73,27963.41,7659.59,2432.9,3519.74,1339.51,3059.28,,14874.54,3.696,28718.24,3566.522,5142.1,26.115,4369.21,6.4797,6.4688,7.7658,110.63,1.4166,0.2528,2.0469,,17.17,17.12
2021-07-14,0.7481,3139.0,73.13,,,74.76,,,92.41,1.1837,0.25,1.386,1825.0,2.94,427.7,0.08143,0.15911,,,,139.37,10065.07,4331.9,27787.46,7667.56,2431.8,3536.28,1338.13,3058.59,,14900.44,3.66,28608.49,3528.501,5083.08,26.246,4374.3,6.4592,6.4692,7.7665,109.97,1.3459,0.223,1.971,,17.2,16.33
2021-07-15,0.7423,3073.0,71.65,,,73.47,,,92.624,1.1812,0.25,1.3829,1829.0,2.957,433.3,0.07911,0.15804,,,,138.52,10174.27,4366.82,27996.27,7661.25,2429.43,3546.36,1348.48,3043.52,,14794.69,3.614,28279.09,3564.59,5151.46,26.375,4360.03,6.4613,6.4609,7.7677,109.83,1.2989,0.2231,1.9206,,16.94,17.01
2021-07-16,0.7401,3039.0,71.81,,,73.59,,,92.687,1.1806,0.25,1.3767,1815.0,2.948,433.25,0.07863,0.15839,,,,137.31,10152.95,4360.51,28004.68,7614.35,2428.71,3542.4,1340.08,3024.66,,14681.38,3.674,28003.08,3539.304,5094.77,25.777,4327.16,6.4755,6.4791,7.7677,110.07,1.2903,0.2215,1.9192,,16.53,18.45
2021-07-19,0.7344,3059.0,66.42,,,68.62,,,92.891,1.18,0.25,1.3675,1809.2,2.948,421.05,0.07857,0.15607,,,,138.54,9958.56,4283.7,27489.78,7431.99,2417.17,3563.11,1317.22,2975.55,,14549.09,3.779,27652.74,3539.123,5113.5,25.126,4258.49,6.495,6.4905,7.771,109.46,1.1888,0.2156,1.8197,,19.11,22.5
2021-07-20,0.733,3053.0,67.42,,,69.35,,,92.973,1.1781,0.25,1.3628,1811.4,2.931,427.35,0.07696,0.15357,,,,139.45,9864.57,4238.5,27259.25,7337.55,2421.18,3555.75,1311.07,3005.86,,14728.21,3.876,27388.16,3536.791,5108.99,24.977,4323.06,6.4882,6.485,7.773,109.85,1.2218,0.1996,1.8771,,19.95,19.73
2021-07-21,0.7359,3058.0,70.3,,,72.23,,,92.754,1.1794,0.25,1.3713,1803.4,2.922,428.25,0.07357,0.15089,,,,139.8,9831.02,4234.12,27224.58,7327.7,2426.53,3544.12,1312.15,3036.72,,14842.63,3.959,27548.0,3562.661,5144.04,25.238,4358.69,6.4645,6.468,7.7731,110.29,1.2884,0.2078,1.9387,,19.83,17.91
2021-07-22,0.7379,3103.0,71.91,,,73.79,,,92.822,1.1771,0.25,1.3768,1805.4,2.929,434.8,0.07339,0.15018,,,,139.04,10006.57,4305.85,27723.84,7490.13,2428.64,3556.08,1326.38,3046.6,,14940.17,4.003,,3574.734,5151.75,25.365,4367.48,6.4757,6.4707,7.7708,110.14,1.2783,0.1998,1.9165,,18.48,17.69
2021-07-23,0.7366,3199.0,72.07,,,74.1,,,92.912,1.1771,0.25,1.3748,1801.8,2.912,440.65,0.07339,0.14946,,,,139.27,9839.05,4230.7,27321.98,7268.14,2430.35,3550.98,1311.3,3072.38,,15111.79,4.06,,3550.396,5089.23,25.218,4411.79,6.4764,6.4813,7.77,110.55,1.2763,0.1981,1.9151,,19.98,17.2
2021-07-26,0.7385,3210.0,71.91,,,74.5,,,92.649,1.1803,0.25,1.3818,1799.2,2.879,458.9,0.07357,0.14946,,,,139.99,9355.24,4034.85,26192.32,6790.96,2431.57,3548.79,1279.99,3080.41,,15125.95,4.102,27833.29,3467.441,4925.3,25.295,4422.3,6.4835,6.4829,7.7787,110.39,1.2896,0.1941,1.9418,,25.11,17.58
2021-07-27,0.7362,3166.0,71.65,,,74.48,,,92.432,1.1817,0.25,1.3879,1799.8,2.921,454.6,0.08071,0.15018,,,,140.2,8879.58,3836.05,25086.43,6249.65,2429.37,3560.55,1252.43,3068.87,,14956.97,3.971,27970.22,3381.183,4751.31,24.632,4401.46,6.5269,6.5112,7.7855,109.78,1.2411,0.2035,1.8936,,33.68,19.36
2021-07-28,0.7376,3154.0,72.39,,,74.74,,,92.322,1.1845,0.25,1.3902,1799.7,2.927,447.9,0.08839,0.14946,,,,138.36,9071.1,3910.52,25473.88,6443.31,2429.56,3564.62,1268.21,3069.49,,15018.1,4.044,27581.66,3361.59,4760.48,24.856,4400.64,6.4859,6.4909,7.7808,109.91,1.2327,0.2016,1.8801,,28.42,18.31
2021-07-29,0.7396,3214.0,73.62,,,76.05,,,91.864,1.1887,0.25,1.3959,1831.2,2.896,452.35,0.08125,0.14804,,,,137.82,9415.69,4057.83,26315.32,6958.77,2431.23,3557.31,1295.41,3089.82,,15048.36,4.059,27782.42,3411.724,4850.27,25.782,4419.15,6.4574,6.4564,7.7703,109.48,1.2693,0.2035,1.9195,,23.95,17.7
2021-07-30,0.7344,3292.0,73.95,,,76.33,,,92.174,1.187,0.25,1.3904,1812.6,2.855,448.25,0.08268,0.14875,,,,137.91,9233.22,4004.47,25961.03,6780.97,2431.83,3563.68,1277.8,3069.25,,14959.9,3.914,27283.59,3397.357,4811.17,25.547,4395.26,6.4633,6.4614,7.7718,109.72,1.2223,0.1839,1.8922,,25.13,18.24
2021-07-31,,,,1.0,,,5.4,50.4,,,,,,,,,,3.7,,4.9,,,,,,,,,,60.2,,,,,,,,,,,,,,,5.4,,
2021-08-02,0.7361,3282.0,71.26,,,72.89,,,92.048,1.187,0.25,1.3883,1818.1,2.829,443.3,0.0825,0.14875,,,,137.71,9336.6,4055.48,26235.8,6796.25,2432.11,3574.25,1293.11,3077.11,,14963.62,3.935,27781.02,3464.285,4933.74,25.575,4387.16,6.465,6.4621,7.7724,109.31,1.1773,0.1722,1.8498,,23.55,19.46
2021-08-03,0.7396,3281.0,70.56,,,72.41,,,92.081,1.1864,0.25,1.3916,1810.1,2.832,438.6,0.08821,0.15089,,,,136.52,9320.38,4042.72,26194.82,6696.66,2429.38,3573.96,1294.18,3092.51,,15061.42,4.027,27641.83,3447.991,4934.46,25.582,4423.15,6.4666,6.4703,7.7784,109.04,1.1722,0.1703,1.8408,,23.78,18.04
2021-08-04,0.7379,3318.0,68.15,,,70.38,,,92.27,1.1837,0.25,1.3889,1810.5,2.83,433.25,0.08125,0.14875,,,,136.44,9419.25,4077.75,26426.55,6859.4,2427.44,3574.19,1303.99,3085.83,,15083.39,4.158,27584.08,3477.219,4978.85,25.461,4402.66,6.463,6.4662,7.7754,109.48,1.182,0.1802,1.8389,,21.81,17.97
2021-08-05,0.7405,3376.0,69.09,,,71.29,,,92.244,1.1834,0.25,1.3931,1805.1,2.826,434.8,0.07768,0.15018,,,,137.32,9296.43,4023.84,26204.69,6715.33,2427.27,3563.54,1300.09,3102.23,,15181.64,4.14,27728.12,3466.549,4948.67,25.292,4429.1,6.462,6.4615,7.7771,109.77,1.2235,0.198,1.8612,,23.0,17.28
2021-08-06,0.7356,3371.0,68.28,,,70.7,,,92.8,1.1762,0.25,1.3872,1760.0,2.816,434.8,0.07768,0.14946,,,,137.65,9273.55,4018.96,26179.4,6697.1,2427.17,3539.31,1292.53,3098.06,,15109.36,4.14,27820.04,3458.228,4921.56,24.326,4436.52,6.4786,6.4831,7.7802,110.25,1.2969,0.2083,1.9454,,22.79,16.15
2021-08-09,0.7333,3371.0,66.48,,,69.04,,,92.945,1.1737,0.25,1.3847,1723.4,2.864,428.95,0.07661,0.14946,,,,137.72,9313.97,4037.53,26283.4,6664.91,2425.4,3530.61,1294.2,3097.06,,15133.11,4.06,,3494.635,4985.56,23.269,4432.35,6.4864,6.4864,7.7838,110.29,1.3237,0.2203,1.9703,,22.67,16.72
2021-08-10,0.735,3375.0,68.29,,,70.63,,,93.055,1.172,0.25,1.3843,1728.8,2.875,435.4,0.07429,0.14946,,,,137.29,9499.18,4106.61,26605.62,6830.15,2423.3,3523.27,1300.33,3099.49,,15053.58,4.089,27888.15,3529.931,5043.15,23.392,4436.75,6.4874,6.4859,7.7814,110.57,1.349,0.2383,1.9988,,21.01,16.79
2021-08-11,0.7374,3410.0,69.25,,,71.44,,,92.922,1.1739,0.25,1.3868,1750.4,2.887,436.75,0.07107,0.14679,,,,136.67,9548.13,4112.77,26660.16,6820.68,2421.55,3524.21,1297.58,3109.97,,15027.76,4.059,28070.51,3532.621,5015.34,23.488,4447.7,6.4763,6.4795,7.7787,110.43,1.3303,0.2186,1.9988,,19.98,16.06
2021-08-12,0.7335,3503.0,69.09,,,71.31,,,93.035,1.173,0.25,1.3808,1749.0,2.869,436.0,0.06589,0.14286,,,,137.28,9465.46,4083.82,26517.82,6719.19,2422.14,3524.87,1290.91,3115.74,,15088.98,3.933,28015.02,3524.737,4973.35,23.116,4460.83,6.4776,6.4795,7.7814,110.41,1.359,0.2227,1.9988,,19.78,15.59
2021-08-13,0.737,3566.0,68.44,,,70.59,,,92.518,1.1797,0.25,1.3866,1775.2,2.892,439.15,0.06554,0.14286,,,,136.98,9377.79,4063.32,26391.62,6589.54,2423.36,3545.85,1280.86,3125.12,,15136.68,3.861,27977.15,3516.299,4945.98,23.779,4468.0,6.4776,6.4774,7.7829,109.59,1.2767,0.2071,1.9291,,19.79,15.45
2021-08-16,0.7338,3606.0,67.29,,,69.51,,,92.628,1.1778,0.25,1.3849,1786.9,2.894,432.7,0.06411,0.14196,,,,137.27,9265.24,4026.05,26181.46,6420.14,2423.98,3550.45,1272.19,3121.99,,15140.77,3.946,27523.19,3517.345,4941.07,23.791,4479.71,6.4761,6.4747,7.7843,109.24,1.265,0.2092,1.927,,20.66,16.12
2021-08-17,0.7253,3657.0,66.59,,,69.03,,,93.13,1.171,0.25,1.3741,1785.0,2.882,420.6,0.0675,0.14143,,,,137.58,9057.88,3947.14,25745.87,6218.89,2423.04,3546.15,1255.78,3100.12,,15002.83,3.837,27424.47,3446.976,4837.4,23.659,4448.08,6.4912,6.4863,7.7924,109.6,1.2617,0.2133,1.9189,,22.89,17.91
2021-08-18,0.7232,3833.0,65.46,,,68.23,,,93.136,1.1711,0.25,1.3756,1781.6,2.852,412.0,0.07804,0.14424,,,,138.49,9150.36,3972.5,25867.01,6226.69,2423.83,3547.22,1261.6,3078.01,,14857.92,3.852,27585.91,3485.286,4894.24,23.422,4400.27,6.485,6.4847,7.7879,109.77,1.2583,0.2155,1.8972,,22.11,21.57
2021-08-19,0.7147,3976.0,63.69,,,66.45,,,93.568,1.1675,0.25,1.3639,1780.2,2.838,404.1,0.07464,0.14393,,,,139.72,8916.02,3889.73,25316.33,6044.03,2420.5,3552.13,1232.41,3063.22,,14933.94,3.83,27281.17,3465.555,4862.14,23.23,4405.8,6.5011,6.4949,7.79,109.74,1.2433,0.2196,1.8709,,24.72,21.67
2021-08-20,0.7132,4092.0,62.32,,,65.18,,,93.496,1.1698,0.25,1.3623,1781.0,2.848,413.7,0.07268,0.14411,,,,140.73,8742.44,3809.71,24849.72,5895.06,2421.97,3552.53,1220.78,3080.02,,15092.57,3.851,27013.25,3427.334,4769.27,23.112,4441.67,6.5002,6.5015,7.7909,109.78,1.255,0.2241,1.8688,,27.2,18.56
2021-08-23,0.7209,4147.0,65.64,,,68.75,,,92.958,1.1745,0.25,1.3719,1803.2,2.868,423.7,0.06911,0.14482,,,,139.44,8815.56,3866.76,25109.59,6021.27,2426.41,3554.64,1237.53,3112.57,,15312.82,3.945,27494.24,3477.132,4835.88,23.656,4479.53,6.4771,6.4816,7.7927,109.7,1.2517,0.2242,1.8708,,25.33,17.15
2021-08-24,0.7258,4201.0,67.54,,,71.05,,,92.893,1.1756,0.25,1.3729,1805.6,2.856,425.8,0.06982,0.14554,,,,139.16,9098.68,3975.26,25727.92,6446.18,2430.34,3546.83,1270.01,3122.0,,15357.68,3.896,27732.1,3514.471,4888.39,23.894,4486.23,6.4696,6.4714,7.7876,109.65,1.2935,0.2223,1.9161,,23.0,17.22
2021-08-25,0.7276,4193.0,68.36,,,72.25,,,92.825,1.1772,0.25,1.3763,1788.2,2.861,426.75,0.06554,0.14184,,,,138.98,9076.03,3981.62,25693.95,6458.97,2433.06,3538.44,1275.31,3125.83,,15368.92,3.897,27724.8,3540.384,4898.16,23.775,4496.19,6.4701,6.4757,7.7838,110.02,1.339,0.2386,1.9482,,23.1,16.79
2021-08-26,0.7237,4195.0,67.42,,,71.07,,,93.062,1.1752,0.25,1.37,1792.2,2.89,424.75,0.06268,0.14064,,,,139.3,8937.29,3936.49,25415.69,6337.03,2434.09,3541.03,1266.13,3110.27,,15278.52,4.184,27742.29,3501.664,4801.61,23.55,4470.0,6.4846,6.4818,7.7875,110.09,1.3491,0.2406,1.9468,,23.56,18.84
2021-08-27,0.7312,4235.0,68.74,,,72.7,,,92.686,1.1795,0.25,1.3764,1816.6,2.873,431.85,0.06339,0.14071,,,,139.6,8957.81,3939.5,25407.89,6322.28,2438.86,3552.38,1272.67,3133.67,,15432.95,4.37,27641.14,3522.157,4827.04,24.062,4509.37,6.4624,6.472,7.7876,109.84,1.307,0.2151,1.9167,,23.91,16.39
2021-08-30,0.7296,,69.21,,,73.41,,,92.653,1.1797,0.25,1.376,1809.8,2.853,436.1,0.06625,0.14271,,,,138.87,8995.82,3966.45,25539.54,6391.17,2442.65,3559.57,1285.39,3146.63,,15605.09,4.305,27789.29,3528.151,4813.27,23.96,4528.79,6.4654,6.4667,7.7863,109.92,1.2785,0.2014,1.8964,,23.24,16.19
2021-08-31,0.7316,4132.0,68.5,0.8,,72.99,5.3,50.1,92.626,1.1809,0.25,1.3755,1815.8,2.848,436.0,0.06482,0.15149,1.6,,4.6,139.75,9183.76,4024.55,25878.99,6607.78,2444.32,3552.9,1308.67,3141.35,59.8,15582.51,4.377,28089.54,3543.94,4805.61,23.96,4522.68,6.4542,6.4607,7.7771,110.02,1.3088,0.2093,1.9324,5.1,22.13,16.48
2021-09-01,0.7366,4013.0,68.59,,,71.59,,,92.449,1.1839,0.25,1.377,1813.8,2.821,426.3,0.06607,0.14804,,,,140.59,9271.32,4050.52,26028.29,6693.66,2445.67,3553.47,1312.44,3151.66,,15611.57,4.615,28451.02,3567.101,4869.46,24.177,4524.09,6.4519,6.4599,7.7769,110.01,1.2936,0.2094,1.9133,,20.43,16.11
2021-09-02,0.74,4001.0,69.99,,,73.03,,,92.225,1.1875,0.25,1.3833,1809.4,2.834,429.0,0.06821,0.14696,,,,140.94,9341.3,4068.06,26090.43,6801.47,2448.15,3559.72,1311.91,3161.46,,15604.25,4.641,28543.51,3597.042,4869.41,23.875,4536.95,6.4493,6.4565,7.7708,109.94,1.2835,0.2056,1.897,,19.76,16.41
2021-09-03,0.746,3944.0,69.29,,,72.61,,,92.035,1.188,0.25,1.3871,1831.5,2.833,432.55,0.06607,0.14554,,,,140.1,9291.71,4050.94,25901.99,6728.84,2448.93,3549.6,1315.91,3163.99,,15652.86,4.712,29128.11,3581.734,4843.06,24.762,4535.43,6.4386,6.4552,7.7719,109.71,1.3223,0.2061,1.942,,20.21,16.41
2021-09-06,0.7439,3822.0,,,,72.22,,,92.035,1.187,0.25,1.3837,,2.834,,0.06607,0.14214,,,,139.97,9371.15,4094.2,26163.63,6778.49,,,1324.37,3169.64,,,,29659.89,3621.859,4933.73,,,6.4506,6.4582,7.7735,109.86,1.3223,0.2061,1.942,,19.53,
2021-09-07,0.7386,3707.0,68.35,,,71.69,,,92.512,1.184,0.25,1.3786,1796.3,2.86,427.75,0.06839,0.14411,,,,140.46,9468.22,4122.34,26353.63,6887.94,2448.51,3536.04,1325.65,3158.94,,15675.76,4.568,29916.14,3676.587,4992.83,24.334,4520.03,6.4615,6.4667,7.7746,110.28,1.3732,0.2201,1.9868,,18.7,18.14
2021-09-08,0.7365,3618.0,69.3,,,72.6,,,92.653,1.1816,0.25,1.3771,1791.2,2.869,423.2,0.06863,0.14482,,,,141.26,9449.39,4117.14,26320.93,6871.28,2448.83,3544.55,1313.6,3146.96,,15620.85,4.914,30181.21,3675.187,4972.13,24.012,4514.07,6.4569,6.4617,7.7758,110.25,1.3376,0.2162,1.9557,,19.71,17.96
2021-09-09,0.7368,3643.0,68.14,,,71.45,,,92.479,1.1825,0.25,1.3837,1797.8,2.873,428.35,0.06792,0.14482,,,,143.02,9183.58,4018.22,25716.0,6560.39,2450.59,3562.13,1299.97,3136.04,,15561.05,5.031,30008.19,3693.13,4970.01,24.133,4493.28,6.4513,6.4554,7.7776,109.72,1.2971,0.2124,1.8977,,21.8,18.8
2021-09-10,0.7356,3864.0,69.72,,,72.92,,,92.582,1.1814,0.25,1.3839,1789.9,2.871,444.8,0.06411,0.14411,,,,142.14,9386.84,4085.08,26205.91,6748.36,2451.56,3553.65,1308.94,3122.07,,15440.75,4.938,30381.84,3703.11,5013.52,23.855,4458.58,6.4432,6.4443,7.7776,109.94,1.3411,0.2127,1.9337,,19.73,20.95
2021-09-13,0.7369,4163.0,70.45,,,73.51,,,92.675,1.1811,0.25,1.3838,1792.3,2.89,436.35,0.06482,0.14257,,,,142.86,9238.99,4027.83,25813.81,6595.03,2453.8,3562.24,1301.54,3126.1,,15434.5,5.231,30447.37,3715.372,4991.66,23.753,4468.73,6.4424,6.4518,7.7801,109.99,1.3259,0.2129,1.9044,,21.11,19.37
2021-09-14,0.732,4221.0,70.46,,,73.6,,,92.623,1.1803,0.25,1.381,1805.0,2.887,431.8,0.06411,0.14036,,,,142.99,9081.73,3976.88,25502.23,6502.35,2455.01,3574.77,1296.15,3116.08,,15382.9,5.26,30670.1,3662.602,4917.16,23.842,4443.05,6.4346,6.4386,7.7781,109.69,1.2836,0.207,1.8592,,22.04,19.46
2021-09-15,0.7333,4233.0,72.61,,,75.46,,,92.548,1.1817,0.25,1.384,1792.6,2.898,440.35,0.06339,0.14071,,,,143.5,8936.53,3898.08,25033.21,6298.09,2455.65,3570.3,1288.68,3127.71,,15503.53,5.46,30511.71,3656.223,4867.32,23.759,4480.7,6.4269,6.4325,7.7819,109.38,1.2988,0.2111,1.8592,,23.65,18.18
2021-09-16,0.7292,4215.0,72.61,,,75.67,,,92.932,1.1767,0.25,1.3795,1754.6,2.889,427.85,0.06232,0.14066,,,,143.43,8805.8,3833.76,24667.85,6232.93,2455.49,3562.39,1276.78,3122.57,,15515.91,5.335,30323.34,3607.092,4807.7,22.752,4473.75,6.453,6.4576,7.7829,109.73,1.3378,0.2193,1.8834,,25.18,18.69
2021-09-17,0.7265,4275.0,71.97,,,75.34,,,93.195,1.1725,0.25,1.3741,1749.4,2.879,424.55,0.06339,0.14071,,,,143.71,8940.47,3883.55,24920.76,6452.19,2455.11,3556.45,1279.35,3096.62,,15333.47,5.105,30500.05,3613.966,4855.94,22.295,4432.99,6.4713,6.4661,7.7828,109.93,1.3616,0.2217,1.8989,,24.14,20.81
2021-09-20,0.7252,4304.0,70.29,,,73.92,,,93.276,1.1726,0.25,1.3657,1761.8,,411.7,0.06482,0.14143,,,,149.26,8638.55,3766.1,24099.14,6271.37,2447.61,3568.17,1258.23,3046.2,,15012.19,4.985,,,,22.163,4357.73,6.483,,7.7871,109.44,1.3107,0.2158,1.8471,,29.84,25.71
2021-09-21,0.7231,4410.0,70.56,,,74.36,,,93.204,1.1726,0.25,1.3659,1776.1,,412.8,0.06411,0.14179,,,,148.27,8640.37,3782.65,24221.54,6242.61,2450.32,3568.64,1261.4,3049.68,,15027.77,4.805,29839.71,,,22.573,4354.19,6.4816,,7.7864,109.23,1.3226,0.2139,1.8558,,28.7,24.36
2021-09-22,0.7247,4560.0,72.23,,,76.19,,,93.462,1.1687,0.25,1.3622,1776.7,2.863,425.25,,,,,,,,,,,2453.34,3575.82,1262.79,3074.35,,15176.51,4.805,29639.4,3628.49,4821.77,22.869,4395.64,6.4662,6.4622,7.7864,109.78,1.3006,0.2363,1.8078,,,20.87
2021-09-23,0.7295,4651.0,73.3,,,77.25,,,93.085,1.1739,0.25,1.372,1747.7,2.86,423.1,0.06196,0.14107,,,,146.64,8733.73,3829.97,24510.98,6300.49,2453.75,3551.5,1272.52,3106.42,,15316.58,4.976,,3642.22,4853.2,22.642,4448.98,6.4624,6.4589,7.7844,110.33,1.4301,0.2608,1.9398,,26.55,18.63
2021-09-24,0.7262,4644.0,73.98,,,78.09,,,93.327,1.172,0.25,1.3679,1749.7,2.869,428.75,0.06161,0.13929,,,,146.54,8604.99,3773.2,24192.16,6159.96,2451.83,3543.89,1265.1,3103.53,,15329.68,5.14,30248.81,3613.067,4849.43,22.388,4455.48,6.4619,6.4662,7.7855,110.73,1.4509,0.2695,1.9833,,27.75,17.75
2021-09-27,0.7286,4717.0,75.45,,,79.53,,,93.383,1.1695,0.25,1.3698,1750.0,2.877,429.35,0.06411,0.14071,,,,145.96,8583.82,3761.62,24208.78,6103.89,2450.57,3539.73,1267.36,3095.56,,15204.83,5.706,30240.06,3582.831,4877.37,22.657,4443.11,6.458,6.457,7.7834,111.0,1.4871,0.2779,1.9944,,26.54,18.76
2021-09-28,0.7236,4962.0,75.29,,,79.09,,,93.766,1.1683,0.25,1.3537,1735.9,2.878,424.5,0.06339,0.14,,,,145.63,8720.3,3812.57,24500.39,6231.55,2443.88,3515.8,1260.89,3032.7,,14770.3,5.841,30183.96,3602.219,4883.83,22.43,4352.63,6.4662,6.4603,7.783,111.5,1.5374,0.301,2.086,,25.51,23.25
2021-09-29,0.7176,5197.0,74.83,,,78.64,,,94.338,1.1598,0.25,1.3427,1721.5,2.865,419.9,0.06411,0.14071,,,,143.56,8760.44,3814.98,24663.5,6179.43,2445.41,3519.4,1251.28,3028.75,,14752.89,5.477,29544.29,3536.294,4833.93,21.485,4359.46,6.4777,6.4708,7.7858,111.96,1.5167,0.2892,2.0604,,24.99,22.56
2021-09-30,0.7227,5167.0,75.03,0.7,5.5,78.52,5.4,49.6,94.23,1.158,0.25,1.3474,1755.3,2.877,408.9,0.06339,0.14,1.4,5.6,4.5,143.38,8726.38,3815.98,24575.64,6101.52,2444.06,3515.5,1253.1,3006.6,60.8,14689.62,5.867,29452.66,3568.167,4866.38,22.047,4307.54,6.4492,6.4448,7.7863,111.29,1.4873,0.2755,2.0449,4.7,24.67,23.14
2021-10-01,0.7258,5202.0,75.88,,,79.28,,,94.035,1.1596,0.25,1.3546,1757.0,,418.85,,,,,,,,,,,2444.11,3529.28,1246.6,3022.83,,14791.87,5.619,28771.07,,,22.536,4357.04,6.4369,,7.7858,111.05,1.4616,0.2638,2.0287,,,21.15
2021-10-04,0.7281,5267.0,77.62,,,81.26,,,93.776,1.1621,0.25,1.361,1766.2,,423.85,0.06411,0.14143,,,,146.44,8521.19,3746.58,24036.37,5973.8,2442.55,3523.7,1236.41,2992.89,,14472.12,5.766,28444.89,,,22.644,4300.46,6.4505,,7.7873,110.93,1.4789,0.2776,2.0442,,27.51,22.96
2021-10-05,0.7292,5409.0,78.93,,,82.56,,,93.975,1.1598,0.25,1.3629,1759.6,,419.25,0.0618,0.13268,,,,145.46,8515.55,3748.22,24104.15,5955.22,2441.91,3513.12,1236.51,3016.19,,14674.15,6.312,27822.12,,,22.608,4345.72,6.4493,,7.7858,111.46,1.5258,0.2836,2.0953,,26.88,21.3
2021-10-06,0.7272,5647.0,77.43,,,81.08,,,94.266,1.1556,0.25,1.3582,1760.5,,414.75,0.06217,0.13607,,,,145.8,8412.72,3722.66,23966.49,5866.15,2435.86,3513.46,1227.13,3015.95,,14766.75,5.675,27528.87,,,22.532,4363.55,6.454,,7.7864,111.41,1.5206,0.2935,2.0789,,26.53,21.0
2021-10-07,0.7312,5650.0,78.3,,,81.95,,,94.217,1.1552,0.25,1.3619,1757.9,,424.35,0.06238,0.1375,,,,142.93,8713.05,3833.84,24701.73,6172.04,2438.73,3501.24,1253.28,3046.57,,14897.13,5.677,27678.21,,,22.658,4399.76,6.4524,,7.7851,111.63,1.5729,0.3055,2.1263,,24.26,19.54
2021-10-08,0.7309,5526.0,79.35,,,82.39,,,94.067,1.1569,0.25,1.3615,1756.3,2.904,427.55,0.06344,0.13679,,,,144.87,8775.65,3841.59,24837.85,6206.77,2436.06,3488.39,1257.04,3043.74,,14820.75,5.565,28048.94,3592.167,4929.94,22.705,4391.34,6.4455,6.4437,7.7841,112.24,1.6118,0.3178,2.164,,24.07,18.77
2021-10-11,0.7351,5488.0,80.52,,,83.65,,,94.316,1.1552,0.25,1.3595,1754.6,2.969,436.65,0.06299,0.13714,,,,144.78,8999.26,3899.56,25325.09,6403.69,,,1265.65,3031.57,,14713.73,5.345,28498.2,3591.709,4936.19,22.665,4361.19,6.4591,6.4506,7.7781,113.31,1.6118,0.3178,2.164,,23.45,20.0
2021-10-12,0.735,5378.0,80.64,,,83.42,,,94.516,1.153,0.25,1.3588,1758.3,2.965,432.55,0.06374,0.13899,,,,144.93,8849.17,3849.8,24962.59,6199.75,2431.79,3500.57,1253.63,3024.72,,14662.11,5.505,28230.61,3546.936,4883.84,22.514,4350.65,6.4558,6.4489,7.7819,113.61,1.5769,0.3379,2.0954,,24.07,19.85
2021-10-13,0.7379,5206.0,80.44,,,83.18,,,94.08,1.1594,0.25,1.3659,1793.7,2.958,451.6,,,,,,145.19,,,,,2431.83,3512.3,1260.23,3039.01,,14774.6,5.59,28140.28,3561.762,4940.11,23.17,4363.8,6.4281,6.4284,7.7794,113.25,1.5368,0.358,2.0287,,,18.64
2021-10-14,0.7416,5062.0,81.31,,,84.0,,,93.956,1.1597,0.25,1.3673,1796.7,2.957,463.15,,,,,,,,,,,2438.8,3522.07,1266.67,3084.59,,15052.42,5.687,28550.93,3558.28,4913.61,23.477,4438.26,6.4359,6.4397,7.7784,113.68,1.5107,0.3602,2.0146,,,16.86
2021-10-15,0.7421,4854.0,82.28,,,84.86,,,93.937,1.1601,0.25,1.3751,1767.2,2.989,472.95,0.06437,0.14476,,,,144.34,8966.17,3907.42,25330.96,6318.91,2439.64,3513.33,1283.67,3109.47,,15146.92,5.41,29068.63,3572.366,4932.11,23.349,4471.37,6.4346,6.4356,7.7774,114.22,1.5703,0.3949,2.0414,,21.71,16.3
2021-10-18,0.7411,4732.0,82.44,,,84.33,,,93.953,1.161,0.25,1.3726,1764.8,3.038,472.55,0.06411,0.15143,,,,143.75,8971.4,3924.05,25409.75,6324.27,2438.64,3513.83,1283.02,3114.01,,15300.89,4.989,29025.46,3568.138,4874.77,23.264,4486.46,6.4278,6.4298,7.7777,114.32,1.6002,0.4254,2.0336,,21.33,16.31
2021-10-19,0.7474,4714.0,82.96,,,85.08,,,93.734,1.1633,0.25,1.3797,1769.7,3.007,470.3,0.06482,0.15339,,,,143.63,9136.07,3980.06,25787.21,6518.59,2440.04,3499.6,1294.57,3136.19,,15410.72,5.088,29215.52,3593.153,4922.72,23.883,4519.63,6.3763,6.3826,7.7752,114.38,1.6372,0.3953,2.0847,,20.49,15.7
2021-10-20,0.7516,4751.0,83.87,,,85.82,,,93.558,1.1651,0.25,1.3824,1784.1,3.005,473.45,0.06643,0.15196,,,,142.87,9276.69,4021.26,26136.02,6691.33,2440.54,3492.87,1301.13,3147.7,,15388.71,5.17,29255.55,3587.001,4910.18,24.445,4536.19,6.3946,6.393,7.7734,114.31,1.6567,0.3854,2.1343,,20.22,15.49
2021-10-21,0.7467,4653.0,82.5,,,84.61,,,93.77,1.1623,0.25,1.3793,1781.2,2.973,455.85,0.06339,0.15125,,,,143.08,9273.57,4002.88,26017.53,6636.18,2440.51,3485.11,1293.0,3152.33,,15489.59,5.115,28708.58,3594.783,4928.02,24.17,4549.78,6.3942,6.3932,7.775,113.99,1.7011,0.4545,2.1474,,20.17,15.01
2021-10-22,0.7466,4410.0,83.76,,,85.53,,,93.642,1.1643,0.25,1.3755,1795.5,2.996,449.8,0.06482,0.15268,,,,142.42,9356.85,4027.4,26126.93,6754.34,2437.76,3496.36,1293.14,3151.16,,15355.07,5.28,28804.85,3582.604,4959.73,24.449,4544.9,6.3837,6.385,7.7731,113.5,1.6324,0.4534,2.0683,,19.37,15.43
2021-10-25,0.7491,4257.0,83.76,,,85.99,,,93.813,1.1608,0.25,1.3767,1806.0,2.986,452.8,0.06679,0.15161,,,,143.67,9322.08,4023.5,26132.03,6744.74,2437.83,3498.32,1297.26,3159.88,,15514.19,5.898,28600.41,3609.863,4979.52,24.592,4566.48,6.3829,6.3858,7.7743,113.71,1.6307,0.4353,2.0812,,18.75,15.24
2021-10-26,0.7501,4056.0,84.65,,,86.4,,,93.949,1.1596,0.25,1.3767,1792.7,2.976,448.6,0.06703,0.15196,,,,143.17,9259.43,4008.08,26038.27,6654.19,2438.64,3509.73,1296.06,3167.44,,15559.49,5.882,29106.01,3597.638,4963.1,24.088,4574.79,6.3787,6.3833,7.7756,114.16,1.6079,0.4396,2.0407,,18.58,15.98
2021-10-27,0.7517,3808.0,82.66,,,84.58,,,93.802,1.1603,0.25,1.3745,1797.9,2.983,438.95,0.06714,0.15324,,,,143.53,9093.8,3937.07,25628.74,6441.62,2439.68,3531.93,1282.89,3152.05,,15598.39,6.202,29098.24,3562.305,4898.16,24.191,4551.68,6.3939,6.3924,7.7776,113.83,1.5413,0.5029,1.9507,,19.13,16.98
2021-10-28,0.7544,3630.0,82.81,,,84.32,,,93.345,1.1681,0.25,1.379,1802.6,2.966,443.85,0.06786,0.15375,,,,143.24,9052.7,3920.32,25555.73,6445.17,2440.57,3522.96,1276.07,3179.44,,15778.16,5.782,28820.09,3518.417,4864.14,24.12,4596.42,6.3892,6.3918,7.7772,113.58,1.58,0.4891,1.9811,,19.08,16.53
2021-10-29,0.7518,3519.0,83.57,,,84.38,,,94.123,1.1558,0.25,1.3682,1783.9,2.97,436.8,0.06786,0.15375,,,,144.33,8961.73,3902.21,25377.24,6375.85,2439.87,3524.22,1264.75,3174.73,,15850.47,5.426,28892.69,3547.336,4908.77,23.949,4605.38,6.4049,6.4056,7.779,113.95,1.5521,0.497,1.9328,,19.36,16.26
2021-10-31,,,,1.5,,,6.2,49.2,,,,,,,,,,1.7,,4.3,,,,,,,,,,60.7,,,,,,,,,,,,,,,4.5,,
2021-11-01,0.7526,3428.0,84.05,,,84.71,,,93.879,1.1606,0.25,1.3665,1795.8,2.942,439.35,0.06714,0.15304,,,,144.52,8899.32,3860.7,25154.32,6279.39,2439.14,3516.76,1264.54,3190.54,,15905.28,5.186,29647.08,3544.479,4890.69,24.073,4613.67,6.3942,6.3977,7.7829,114.0,1.5557,0.4992,1.9576,,20.03,16.41
2021-11-02,0.7429,3187.0,83.91,,,84.72,,,94.09,1.1579,0.25,1.3612,1789.4,2.93,436.6,0.06786,0.15589,,,,144.73,8863.83,3840.87,25099.67,6314.31,2440.17,3525.76,1263.96,3195.67,,15972.49,5.542,29520.9,3505.628,4839.85,23.507,4630.65,6.4028,6.4,7.782,113.96,1.5488,0.4499,1.9589,,20.33,16.03
2021-11-03,0.7448,2892.0,80.86,,,81.99,,,93.864,1.1612,0.25,1.3687,1763.9,2.936,432.1,0.06482,0.15518,,,,144.11,8856.99,3832.59,25024.75,6273.44,2440.57,3516.92,1262.46,3212.35,,16144.5,5.67,,3498.537,4821.11,23.231,4660.57,6.3948,6.4066,7.7844,114.01,1.6034,0.4659,2.0203,,20.24,15.1
2021-11-04,0.7401,2769.0,78.81,,,80.54,,,94.347,1.1554,0.25,1.35,1793.5,2.92,432.05,0.06786,0.15857,,,,144.08,8953.12,3862.95,25225.19,6375.32,2445.84,3533.94,1268.45,3224.63,,16346.24,5.716,29794.37,3526.866,4868.74,23.911,4680.06,6.3974,6.3972,7.7822,113.76,1.5262,0.4244,1.9631,,19.15,15.44
2021-11-05,0.74,2715.0,81.27,,,82.74,,,94.32,1.1567,0.25,1.3498,1816.8,2.889,434.3,0.06446,0.15821,,,,145.05,8820.83,3806.17,24870.51,6276.52,2454.84,3555.69,1264.07,3232.26,,16359.38,5.516,29611.57,3491.568,4842.35,24.157,4697.53,6.3944,6.3988,7.7828,113.41,1.4513,0.4008,1.887,,19.99,16.48
2021-11-08,0.7423,2718.0,81.93,,,83.43,,,94.049,1.1587,0.25,1.3563,1828.0,2.9,439.9,0.06714,0.15857,,,,144.28,8793.73,3793.44,24763.77,6193.98,2457.34,3548.54,1268.82,3237.63,,16336.03,5.427,29507.05,3498.631,4848.18,24.542,4701.7,6.3884,6.3927,7.7885,113.23,1.4897,0.4426,1.8816,,20.79,17.22
2021-11-09,0.7378,2805.0,84.15,,,84.78,,,93.955,1.1593,0.25,1.3557,1830.8,2.897,437.3,0.06857,0.15898,,,,144.16,8806.02,3807.43,24813.13,6221.85,2458.19,3562.03,1272.95,3227.8,,16219.94,4.979,29285.46,3507.002,4846.74,24.318,4685.25,6.3897,6.3928,7.7906,112.87,1.4358,0.4208,1.8178,,20.06,17.78
2021-11-10,0.7327,2861.0,81.34,,,82.64,,,94.85,1.1479,0.25,1.3405,1848.3,2.906,432.3,0.06982,0.1625,,,,143.49,8910.98,3839.13,24996.14,6349.94,2452.3,3530.06,1274.39,3201.57,,15985.57,4.88,29106.78,3492.462,4821.19,24.772,4646.71,6.4003,6.3888,7.7914,113.91,1.5493,0.5129,1.904,,20.18,18.73
2021-11-11,0.7294,2844.0,81.59,,,82.87,,,95.178,1.1451,0.25,1.3372,1863.9,2.932,439.95,0.07054,0.16661,,,,143.01,9048.39,3878.85,25247.99,6464.53,,,1281.4,3201.99,,16032.47,5.149,29277.86,3532.786,4898.65,25.301,4649.27,6.391,6.3914,7.7919,114.06,1.5493,0.5129,1.8997,,19.99,17.66
2021-11-12,0.7332,2807.0,80.79,,,82.17,,,95.128,1.1445,0.25,1.3414,1868.5,2.936,444.95,0.07424,0.17429,,,,142.73,9114.37,3901.2,25327.97,6565.53,2448.61,3520.63,1285.48,3223.82,,16199.88,4.791,29609.97,3539.1,4888.38,25.346,4682.85,6.38,6.3797,7.7908,113.89,1.5613,0.5115,1.9308,,19.67,16.29
2021-11-15,0.7347,2759.0,80.88,,,82.05,,,95.407,1.1368,0.25,1.3416,1866.6,2.925,440.0,0.07054,0.17464,,,,143.28,9085.6,3905.38,25390.91,6601.15,2444.84,3501.34,1286.82,3226.45,,16189.12,5.017,29776.8,3533.302,4882.38,25.105,4682.8,6.3829,6.3831,7.7887,114.12,1.6145,0.5157,1.9959,,19.6,16.49
2021-11-16,0.7303,2591.0,80.76,,,82.43,,,95.915,1.132,0.25,1.343,1854.1,2.918,435.15,0.07125,0.17982,,,,141.34,9225.81,3959.38,25713.78,6712.31,2442.47,3495.23,1290.55,3231.95,,16309.77,5.177,29808.12,3521.787,4883.32,24.944,4700.9,6.3903,6.3928,7.7869,114.82,1.6335,0.5179,2.0285,,18.95,16.37
2021-11-17,0.7267,2430.0,78.36,,,80.28,,,95.828,1.1319,0.25,1.3487,1870.2,2.924,426.6,0.08054,0.18292,,,,141.18,9193.21,3962.92,25650.08,6672.28,2441.01,3504.57,1286.87,3221.03,,16308.07,4.816,29688.33,3537.366,4885.75,25.167,4688.67,6.3753,6.378,7.7879,114.08,1.5889,0.4979,1.9755,,18.67,17.11
2021-11-18,0.7277,2454.0,79.01,,,81.24,,,95.544,1.1371,0.25,1.3494,1861.4,2.913,430.45,0.08714,0.18875,,,,141.74,9036.04,3905.73,25319.72,6474.55,2440.81,3509.41,1273.87,3226.37,,16482.97,4.902,29598.66,3520.711,4837.62,24.9,4704.54,6.3802,6.3861,7.789,114.26,1.5855,0.5021,1.9685,,19.07,17.59
2021-11-19,0.7235,2552.0,76.1,,,78.89,,,96.031,1.129,0.25,1.3451,1851.6,2.928,440.75,0.09661,0.20167,,,,142.53,8970.67,3888.79,25049.97,6457.97,2439.33,3519.7,1269.22,3219.9,,16573.34,5.065,29745.87,3560.373,4890.06,24.781,4697.96,6.3903,6.3871,7.7907,113.99,1.5462,0.5067,1.91,,19.34,17.91
2021-11-22,0.7225,2645.0,76.75,,,79.7,,,96.548,1.1237,0.25,1.3397,1806.3,2.917,439.65,0.09696,0.20625,,,,143.09,8929.78,3869.89,24951.34,6410.89,2437.02,3499.0,1261.56,3201.49,,16380.98,4.789,29774.11,3582.08,4912.4,24.297,4682.94,6.3907,6.3851,7.7902,114.88,1.6236,0.5842,1.9615,,19.61,19.17
2021-11-23,0.7228,2715.0,78.5,,,82.31,,,96.491,1.1248,0.25,1.3378,1783.8,2.915,442.35,0.09741,0.20857,,,,143.29,8827.67,3836.1,24651.58,6323.48,2427.21,3476.7,1255.39,3196.88,,16306.72,4.967,,3589.089,4913.35,23.435,4690.7,6.3911,6.392,7.7944,115.14,1.6651,0.6142,2.0229,,20.46,19.38
2021-11-24,0.7196,2654.0,78.39,,,82.25,,,96.875,1.1199,0.25,1.3328,1784.3,2.907,445.9,0.09768,0.20893,,,,143.32,8794.82,3842.88,24685.5,6292.16,2423.5,3489.85,1253.15,3198.12,,16367.81,5.068,29302.66,3592.702,4916.66,23.496,4701.46,6.3956,6.3924,7.7986,115.43,1.6341,0.6398,1.9594,,20.03,18.58
2021-11-25,0.719,2678.0,,,,82.22,,,96.774,1.1209,0.25,1.3322,,2.888,,0.09482,0.21069,,,,142.86,8809.72,3860.46,24740.16,6358.54,,,1254.69,3202.44,,,,29499.28,3584.179,4896.44,,,6.3877,6.3862,7.7968,115.36,1.6341,0.6398,1.9594,,19.37,
2021-11-26,0.7123,2767.0,68.15,,,72.72,,,96.089,1.1317,0.25,1.3337,1785.5,2.858,428.35,0.09375,0.22536,,,,144.2,8576.07,3761.46,24080.52,6151.99,2410.75,3517.35,1223.13,3131.98,,16025.58,5.447,28751.62,3564.089,4860.13,23.107,4594.62,6.3975,6.3933,7.7984,113.38,1.4731,0.498,1.8213,,23.89,28.62
2021-11-29,0.7143,2881.0,69.95,,,73.44,,,96.341,1.1291,0.25,1.3315,1782.3,2.861,433.7,0.10143,0.23149,,,,144.65,8498.26,3733.61,23852.24,6099.35,2418.83,3511.25,1218.99,3155.73,,16399.24,4.854,28283.92,3562.697,4851.42,22.799,4655.27,6.3865,6.3882,7.7998,113.53,1.4987,0.4843,1.8545,,24.93,22.96
2021-11-30,0.7127,3018.0,66.18,2.3,,70.57,6.8,50.1,95.994,1.1338,0.25,1.3299,1773.6,2.862,427.8,0.10196,0.23512,1.8,,4.2,146.06,8368.49,3680.2,23475.26,6028.63,2416.14,3526.39,1212.42,3101.8,60.8,16135.92,4.567,27821.76,3563.887,4832.03,22.765,4567.0,6.3671,6.3644,7.7974,113.17,1.4443,0.565,1.7911,4.1,24.26,27.19
2021-12-01,0.7105,3047.0,65.57,,,68.87,,,96.028,1.132,0.25,1.3279,1781.6,2.876,424.75,0.16244,0.24964,,,,145.74,8426.24,3703.49,23658.92,6058.8,2420.71,3530.07,1226.81,3087.98,,15877.72,4.258,27935.62,3576.885,4843.85,22.299,4513.04,6.3721,6.3681,7.7929,112.78,1.4037,0.5513,1.7393,,23.33,31.12
2021-12-02,0.7094,3115.0,66.5,,,69.67,,,96.156,1.1301,0.25,1.3305,1760.7,2.895,429.9,0.18107,0.25077,,,,144.33,8506.36,3719.5,23788.93,6017.56,2422.43,3524.63,1236.19,3111.17,,15990.76,4.056,27753.37,3573.836,4856.16,22.28,4577.1,6.3729,6.3771,7.7911,113.11,1.4443,0.6126,1.7625,,23.47,27.95
2021-12-03,0.7001,3171.0,66.26,,,69.88,,,96.117,1.1315,0.25,1.3236,1782.0,2.903,426.65,0.19274,0.25768,,,,144.34,8455.45,3708.53,23766.69,5925.52,2425.99,3547.72,1224.64,3086.44,,15712.04,4.132,28029.57,3607.432,4901.02,22.445,4538.43,6.3748,6.3765,7.7954,112.8,1.343,0.5873,1.6727,,23.05,30.67
2021-12-06,0.705,3235.0,69.49,,,73.08,,,96.328,1.1285,0.25,1.3264,1777.5,2.863,433.7,0.20054,0.25929,,,,146.45,8274.77,3625.69,23349.38,5727.49,2433.48,3534.37,1213.96,3117.31,,15846.16,3.657,27927.37,3589.306,4892.62,22.228,4591.67,6.3748,6.3763,7.8005,113.48,1.4342,0.6312,1.7704,,25.44,27.18
2021-12-07,0.7119,3352.0,72.05,,,75.44,,,96.369,1.1267,0.25,1.3244,1782.6,2.88,433.8,0.21137,0.26226,,,,145.63,8527.12,3722.48,23983.66,5968.5,2445.91,3530.05,1235.56,3184.17,,16325.66,3.708,28455.6,3595.088,4922.1,22.487,4686.75,6.364,6.3663,7.7985,113.6,1.4733,0.6892,1.8025,,22.61,21.89
2021-12-08,0.7172,3423.0,72.36,,,75.82,,,95.894,1.1343,0.25,1.3204,1783.4,2.889,439.1,0.20631,0.26083,,,,146.22,8522.9,3731.19,23996.87,5970.23,2444.59,3511.45,1241.01,3196.39,,16394.34,3.815,28860.62,3637.567,4995.93,22.39,4701.21,6.3459,6.3442,7.7974,113.67,1.5212,0.6815,1.8928,,21.3,19.9
2021-12-09,0.7149,3343.0,70.94,,,74.42,,,96.271,1.1293,0.25,1.3221,1774.6,2.884,433.0,0.20488,0.25732,,,,145.54,8657.77,3783.89,24254.86,6103.16,2442.26,3515.78,1247.71,3172.49,,16149.57,3.814,28725.47,3673.041,5078.69,21.974,4667.45,6.3798,6.3776,7.7972,113.49,1.499,0.6877,1.8763,,19.86,21.58
2021-12-10,0.7172,3272.0,71.67,,,75.15,,,96.097,1.1313,0.25,1.3273,1782.9,2.876,428.3,0.20827,0.26042,,,,146.15,8578.33,3736.97,23995.72,6035.23,2441.87,3514.09,1238.54,3188.26,,16331.98,3.925,28437.77,3666.348,5055.12,22.16,4712.02,6.3763,6.37,7.7989,113.44,1.4837,0.6543,1.8777,,19.87,18.69
2021-12-13,0.7131,3216.0,71.29,,,74.39,,,96.317,1.1284,0.25,1.3217,1786.3,2.887,428.0,0.20625,0.25946,,,,146.27,8551.14,3725.61,23954.58,6022.23,2442.46,3531.49,1230.61,3162.0,,16082.55,3.794,28640.49,3681.082,5083.8,22.29,4668.97,6.3756,6.367,7.8014,113.54,1.4156,0.6324,1.7998,,19.46,20.31
2021-12-14,0.7104,2932.0,70.73,,,73.7,,,96.571,1.1259,0.25,1.3231,1770.4,2.88,425.4,0.20518,0.25911,,,,146.77,8418.61,3668.53,23635.95,5884.82,2439.39,3522.01,1222.1,3138.06,,15914.9,3.747,28432.64,3661.525,5049.7,21.887,4634.09,6.3742,6.3672,7.801,113.7,1.4411,0.6568,1.828,,20.61,21.89
2021-12-15,0.7169,2665.0,70.87,,,73.88,,,96.511,1.1289,0.25,1.3262,1762.6,2.883,417.95,0.20458,0.25732,,,,148.52,8342.91,3628.65,23420.76,5795.44,2440.74,3511.81,1214.5,3175.11,,16289.59,3.802,28459.72,3647.63,5005.9,21.508,4709.85,6.3742,6.3675,7.8024,114.04,1.4565,0.6631,1.8599,,20.86,19.29
2021-12-16,0.7184,2498.0,72.38,,,75.02,,,96.042,1.133,0.25,1.3323,1796.6,2.895,430.05,0.19923,0.25732,,,,147.93,8349.65,3649.24,23475.5,5822.14,2444.79,3518.41,1223.89,3167.33,,15863.94,3.766,29066.32,3675.016,5034.73,22.455,4668.67,6.3806,6.3683,7.8035,113.67,1.4106,0.6128,1.8524,,20.01,20.57
2021-12-17,0.7125,2379.0,70.86,,,73.52,,,96.565,1.124,0.25,1.3245,1803.8,2.895,429.1,0.19441,0.25661,,,,147.64,8218.0,3597.83,23192.63,5680.47,2443.63,3526.28,1216.3,3139.75,,15801.46,3.69,28545.68,3632.364,4954.76,22.507,4620.64,6.3872,6.3754,7.8027,113.63,1.4021,0.6376,1.8064,,21.38,21.57
2021-12-20,0.7112,2371.0,68.23,,,71.52,,,96.551,1.1279,0.25,1.3207,1793.7,2.857,428.8,0.19369,0.25732,,,,148.81,8042.74,3516.91,22744.86,5498.49,2441.18,3515.12,1190.08,3100.5,,15627.64,3.834,27937.81,3593.602,4880.42,22.275,4568.02,6.3827,6.3757,7.8011,113.61,1.4225,0.6317,1.8511,,23.82,22.87
2021-12-21,0.7155,2294.0,71.12,,,73.98,,,96.491,1.1285,0.25,1.3262,1787.9,2.854,433.8,0.1947,0.25804,,,,149.37,8141.47,3560.42,22971.33,5612.69,2447.64,3512.94,1203.66,3152.31,,15986.28,3.869,28517.59,3625.125,4913.49,22.502,4649.23,6.3762,6.3721,7.8005,114.1,1.4617,0.6665,1.8627,,21.7,21.01
2021-12-22,0.7214,2229.0,72.76,,,75.29,,,96.076,1.1326,0.25,1.3352,1801.6,2.834,438.95,0.19506,0.25732,,,,148.53,8195.23,3581.97,23102.33,5685.29,2452.17,3520.44,1209.88,3183.62,,16180.14,3.976,28562.21,3622.618,4914.46,22.792,4696.56,6.3776,6.3699,7.7997,114.1,1.4515,0.6606,1.849,,20.67,18.63
2021-12-23,0.7244,2219.0,73.79,,,76.85,,,96.019,1.1327,0.25,1.3408,1811.2,2.823,438.7,0.19435,0.25839,,,,148.08,8204.31,3605.76,23193.64,5638.31,2456.02,3512.34,1219.59,3206.08,,16308.21,3.731,28798.37,3643.339,4948.74,22.931,4725.79,6.3753,6.3702,7.7984,114.39,1.4927,0.6881,1.9052,,19.92,17.96
2021-12-24,0.7221,2217.0,,,,76.14,,,,1.1319,0.25,1.3386,,2.825,,0.1947,0.25911,,,,147.1,8201.95,3605.45,23223.76,5619.39,,,1220.55,3206.85,,,,28782.59,3618.053,4921.35,,,6.3739,6.3677,7.8,114.38,1.4927,0.6881,1.9052,,19.89,
2021-12-27,0.7239,,75.57,,,78.6,,,96.093,1.1328,0.25,1.3441,1808.1,2.814,446.5,,,,,,147.22,,,,,2461.96,3520.81,1221.76,3237.7,,16567.5,4.06,28676.46,3615.974,4919.32,22.979,4791.19,6.375,6.371,7.7989,114.87,1.4756,0.6987,1.8839,,,17.68
2021-12-28,0.7229,,75.98,,,78.94,,,96.202,1.131,0.25,1.3434,1810.2,2.801,442.0,0.19369,0.25804,,,,147.3,8194.45,3603.94,23280.56,5569.42,2463.02,3518.94,1227.12,3239.28,,16488.66,4.055,29069.16,3630.112,4955.96,23.111,4786.35,6.3745,6.3686,7.7984,114.82,1.4807,0.75,1.8997,,20.38,17.54
2021-12-29,0.725,,76.56,,,79.23,,,95.929,1.1349,0.25,1.349,1805.1,2.793,440.2,0.19506,0.25839,,,,147.22,8098.76,3568.91,23086.54,5471.87,2461.94,3504.71,1217.93,3243.95,,16491.01,4.024,28906.88,3597.0,4883.48,22.848,4793.06,6.3711,6.3678,7.7968,114.95,1.5496,0.7461,1.961,,20.89,16.95
2021-12-30,0.7256,,76.99,,,79.32,,,95.968,1.1325,0.25,1.3499,1814.1,2.775,439.25,0.19298,0.25661,,,,147.66,8096.44,3569.02,23112.01,5475.7,2461.56,3517.0,1222.75,3237.07,,16429.1,3.561,28791.71,3619.189,4921.51,23.06,4778.73,6.3758,6.3731,7.7994,115.08,1.5083,0.7244,1.917,,20.16,17.33
2021-12-31,0.7263,,75.21,1.5,4.5,77.78,7.0,50.3,95.67,1.137,0.25,1.3532,1828.6,2.779,446.35,0.15911,0.25875,2.4,4.7,4.0,147.0,8236.35,3626.5,23397.67,5670.96,2461.43,3523.57,1232.01,3231.73,58.3,16320.08,3.73,,3639.775,4940.37,23.352,4766.18,6.357,6.3561,7.7966,115.08,1.5101,0.7322,1.9032,3.9,19.55,17.22
2022-01-03,0.719,,76.08,,,78.98,,,96.213,1.1297,0.25,1.348,1800.1,,442.15,0.14929,0.25696,,,,147.32,8188.76,3616.64,23274.75,5640.47,2459.46,3483.58,1233.5,3241.43,,16501.77,3.815,,,,22.81,4796.56,6.3744,,7.7977,115.32,1.628,0.7678,2.024,,19.42,16.6
2022-01-04,0.7236,2285.0,76.99,,,80.0,,,96.262,1.1287,0.25,1.353,1814.6,2.791,447.5,0.14298,0.25381,,,,146.99,8180.16,3605.17,23289.84,5581.9,2456.22,3481.73,1234.95,3248.12,,16279.73,3.717,29301.79,3632.329,4917.77,23.056,4793.54,6.3757,6.3726,7.794,116.16,1.6473,0.7599,2.065,,18.72,16.91
2022-01-05,0.7221,2289.0,77.85,,,80.8,,,96.171,1.1314,0.25,1.3557,1825.1,2.806,441.35,0.13655,0.25411,,,,147.6,8015.7,3533.07,22907.25,5323.47,2451.74,3472.5,1222.74,3203.03,,15771.78,3.882,29332.16,3595.176,4868.12,23.17,4700.58,6.3755,6.3639,7.7968,116.11,1.7052,0.8256,2.0947,,20.06,19.73
2022-01-06,0.7162,2296.0,79.46,,,81.99,,,96.32,1.1297,0.25,1.3532,1789.2,2.823,435.45,0.13512,0.25363,,,,146.87,8068.93,3545.56,23072.86,5396.65,2443.91,3466.87,1217.07,3184.62,,15765.36,3.812,28487.87,3586.079,4818.23,22.19,4696.05,6.3944,6.383,7.8007,115.83,1.7211,0.8656,2.0758,,19.42,19.61
2022-01-07,0.7181,2289.0,78.9,,,81.75,,,95.719,1.136,0.25,1.3588,1797.4,2.819,441.0,0.12976,0.25363,,,,145.47,8231.28,3600.57,23493.38,5503.91,2438.28,3455.42,1226.1,3177.54,,15592.19,3.916,28478.56,3579.543,4822.37,22.409,4677.03,6.3829,6.3778,7.7974,115.56,1.762,0.8621,2.1159,,18.63,18.76
2022-01-10,0.717,2277.0,78.23,,,80.87,,,95.991,1.1326,0.25,1.3577,1798.8,2.806,435.2,0.12821,0.24304,,,,144.45,8365.37,3651.62,23746.54,5625.5,2433.05,3451.08,1232.27,3166.14,,15614.43,4.079,,3593.519,4844.05,22.462,4670.29,6.3806,6.3762,7.795,115.2,1.7603,0.8944,2.089,,18.65,19.4
2022-01-11,0.721,2151.0,81.22,,,83.72,,,95.624,1.1367,0.25,1.3635,1818.5,2.801,442.9,0.13762,0.24321,,,,143.56,8369.01,3651.55,23739.06,5619.67,2441.11,3459.21,1243.04,3193.39,,15844.12,4.249,28222.48,3567.441,4797.77,22.812,4713.07,6.3774,6.374,7.7955,115.3,1.7357,0.8825,2.0622,,18.54,18.41
2022-01-12,0.7284,2027.0,82.64,,,84.67,,,94.915,1.1442,0.25,1.37,1827.3,2.794,457.65,0.13542,0.23964,,,,142.55,8612.85,3750.78,24402.17,5899.82,2446.34,3457.26,1267.34,3214.19,,15905.1,4.857,28765.66,3597.432,4845.58,23.207,4726.35,6.3626,6.3584,7.7909,114.64,1.7428,0.9189,2.0861,,18.68,17.62
2022-01-13,0.7283,1873.0,82.12,,,84.47,,,94.79,1.1455,0.25,1.3706,1821.4,2.79,454.6,0.13464,0.24036,,,,141.07,8602.38,3741.47,24429.77,5796.78,2445.14,3464.01,1263.3,3182.06,,15495.62,4.27,28489.13,3555.259,4765.92,23.162,4659.03,6.3645,6.3598,7.7866,114.2,1.7041,0.8929,2.0427,,18.14,20.31
2022-01-14,0.7208,1764.0,83.82,,,86.06,,,95.165,1.1411,0.25,1.3675,1816.5,2.793,442.05,0.14714,0.2553,,,,139.59,8554.79,3738.53,24383.32,5769.05,2440.02,3440.07,1257.46,3173.12,,15611.59,4.262,28124.28,3521.256,4726.73,22.918,4662.85,6.3578,6.3527,7.7846,114.19,1.7841,0.9668,2.1219,,18.41,19.19
2022-01-17,0.7217,1731.0,,,,86.48,,,95.258,1.1408,0.25,1.3647,,2.786,,0.15012,0.26095,,,,140.68,8463.88,3708.72,24218.03,5724.5,,,1254.4,3176.19,,,,28333.52,3541.666,4767.28,,,6.3512,6.3484,7.7908,114.63,1.7841,0.9668,2.1219,,18.84,
2022-01-18,0.7185,1644.0,85.43,,,87.51,,,95.732,1.1325,0.25,1.3596,1812.4,2.745,438.25,0.15083,0.26661,,,,141.68,8449.0,3700.68,24112.78,5698.54,2431.2,3413.41,1241.58,3124.21,,15210.76,4.283,28257.25,3569.914,4813.35,23.492,4577.11,6.3606,6.353,7.7923,114.61,1.8735,1.0425,2.1879,,18.7,22.79
2022-01-19,0.7211,1570.0,86.96,,,88.44,,,95.51,1.1343,0.25,1.3612,1843.2,2.733,447.0,0.155,0.2822,,,,140.77,8441.69,3701.84,24127.85,5642.91,2432.86,3422.45,1239.83,3098.6,,15047.84,4.031,27467.23,3558.18,4780.38,24.231,4532.76,6.3511,6.3451,7.7909,114.33,1.8646,1.0572,2.176,,19.18,23.85
2022-01-20,0.7226,1474.0,86.9,,,88.38,,,95.735,1.1312,0.25,1.36,1842.6,2.725,458.25,0.15542,0.28661,,,,139.45,8761.56,3813.88,24952.35,5896.71,2430.77,3425.62,1255.74,3082.25,,14846.46,3.802,27772.93,3555.063,4823.51,24.716,4482.73,6.347,6.3411,7.7864,114.11,1.804,1.0249,2.1169,,19.13,25.59
2022-01-21,0.7185,1415.0,85.14,,,87.89,,,95.642,1.1344,0.25,1.3553,1831.8,2.707,452.4,0.1606,0.29339,,,,137.99,8787.3,3818.58,24965.55,5870.57,2423.52,3435.51,1244.31,3025.1,,14438.4,3.999,27522.26,3522.568,4779.31,24.32,4397.94,6.3414,6.3387,7.7865,113.68,1.7581,1.0014,2.071,,20.42,28.85
2022-01-24,0.7145,1391.0,83.31,,,86.27,,,95.918,1.1326,0.25,1.3488,1841.7,2.677,441.25,0.16458,0.30083,,,,139.0,8658.11,3768.19,24656.46,5703.63,2416.61,3424.7,1222.16,3005.52,,14509.58,4.027,27588.37,3524.105,4786.74,23.8,4410.13,6.3337,6.3307,7.7861,113.95,1.7706,0.971,2.1118,,21.89,29.9
2022-01-25,0.7151,1343.0,85.6,,,88.2,,,95.948,1.1301,0.25,1.3501,1852.5,2.697,445.0,0.165,0.30411,,,,138.71,8503.35,3698.17,24243.61,5552.68,2414.67,3420.38,1210.45,2975.48,,14149.12,4.053,27131.34,3433.061,4678.45,23.896,4356.45,6.3311,6.3261,7.7863,113.88,1.7689,1.0174,2.1118,,24.23,31.16
2022-01-26,0.7115,1296.0,87.35,,,89.96,,,96.478,1.124,0.25,1.3463,1829.7,2.717,451.5,0.18214,0.31042,,,,139.75,8512.29,3701.19,24289.9,5597.03,2415.43,3401.57,1211.45,2979.7,,14172.76,4.277,27011.33,3455.668,4712.31,23.807,4349.93,6.3355,6.3209,7.7868,114.64,1.8637,1.1504,2.1649,,23.81,31.96
2022-01-27,0.7033,1302.0,86.61,,,89.34,,,97.255,1.1145,0.25,1.3383,1793.1,2.73,442.35,0.19768,0.32446,,,,138.64,8291.3,3621.58,23807.0,5383.63,2400.95,3409.28,1192.06,2955.34,,14003.11,6.265,26170.3,3394.247,4619.88,22.676,4326.51,6.3685,6.3682,7.7898,115.37,1.7994,1.1882,2.0928,,25.77,30.49
2022-01-28,0.6988,1381.0,86.82,,,90.03,,,97.27,1.1151,0.25,1.3401,1784.9,2.711,431.0,0.19607,0.32946,,,,139.16,8210.29,3575.23,23550.08,5291.7,2392.45,3405.8,1191.14,3005.63,,14454.61,4.639,26717.34,3361.44,4563.77,22.301,4431.85,6.3678,6.3612,7.7925,115.26,1.7694,1.1623,2.0733,,25.33,27.66
2022-01-31,0.7067,1418.0,88.15,0.9,,91.21,7.5,50.1,96.54,1.1235,0.25,1.3447,1795.0,,432.45,0.19821,0.33042,1.2,,3.9,138.36,8349.95,3619.85,23802.26,5416.29,2394.13,3404.96,1208.23,3059.05,57.4,14930.05,4.874,27001.98,,,22.393,4515.55,6.3707,,7.7974,115.11,1.7767,1.1787,2.1075,4.0,24.24,24.83
2022-02-01,0.7129,1440.0,88.2,,,89.16,,,96.385,1.1272,0.25,1.3522,1800.3,,443.4,,,,,,,,,,,2403.62,3407.3,1214.01,3086.62,,15019.68,4.751,27078.48,,,22.595,4546.54,6.3691,,7.794,114.71,1.7875,1.1651,2.109,,,21.96
2022-02-02,0.7137,1419.0,88.26,,,89.47,,,95.936,1.1305,0.25,1.3577,1809.2,,449.6,,,,,,,,,,,2409.75,3413.66,1213.23,3113.84,,15139.74,5.501,27533.6,,,22.707,4589.38,6.3579,,7.7957,114.46,1.7751,1.1535,2.1083,,,22.09
2022-02-03,0.7141,1425.0,90.27,,,91.11,,,95.379,1.144,0.25,1.3598,1803.0,,447.1,,,,,,,,,,,2399.73,3394.27,1210.27,3052.5,,14501.11,4.888,27241.31,,,22.375,4477.44,6.3536,,7.793,114.97,1.8306,1.1959,2.1517,,,24.35
2022-02-04,0.7072,1423.0,92.31,,,93.27,,,95.485,1.1449,0.25,1.3531,1806.6,,448.75,0.19679,0.33369,,,,134.86,8584.37,3726.62,24573.29,5581.63,2385.22,3364.93,1221.1,3061.46,,14694.35,4.572,27439.99,,,22.475,4500.53,6.3635,,7.7882,115.26,1.9085,1.3099,2.2101,,22.92,23.22
2022-02-07,0.7126,1422.0,91.32,,,92.69,,,95.399,1.1442,0.25,1.3536,1820.6,2.724,446.25,0.19601,0.33441,,,,137.8,8589.53,3730.69,24579.55,5529.51,2383.84,3366.05,1219.33,3059.44,,14571.25,4.232,27248.87,3429.581,4634.09,23.076,4483.87,6.3626,6.3623,7.7924,115.1,1.9159,1.2903,2.2169,,23.19,22.86
2022-02-08,0.7146,1503.0,89.36,,,90.78,,,95.643,1.1415,0.25,1.3543,1826.6,2.723,446.1,0.1956,0.33762,,,,139.18,8513.3,3701.28,24329.49,5436.92,2383.98,3357.65,1219.81,3077.13,,14747.03,4.248,27284.52,3452.629,4608.77,23.2,4521.54,6.3661,6.3665,7.7938,115.55,1.9632,1.3414,2.2571,,22.54,21.44
2022-02-09,0.7179,1711.0,89.66,,,91.55,,,95.494,1.1425,0.25,1.3535,1835.2,2.73,460.25,0.19054,0.35369,,,,138.47,8723.33,3775.5,24829.99,5635.5,2390.62,3363.36,1239.79,3124.93,,15056.96,4.009,27579.87,3479.946,4652.06,23.341,4587.18,6.3631,6.3627,7.7906,115.52,1.9415,1.3644,2.2449,,22.23,19.96
2022-02-10,0.7167,1940.0,89.88,,,91.41,,,95.553,1.1428,0.25,1.3557,1836.2,2.764,465.95,0.18,0.36179,,,,138.18,8789.92,3801.39,24924.35,5666.99,2376.69,3330.23,1251.09,3087.98,,14705.64,3.959,27696.08,3485.907,4639.86,23.522,4504.08,6.3636,6.3541,7.7952,116.01,2.0294,1.5786,2.3163,,22.11,23.91
2022-02-11,0.7137,1977.0,93.1,,,94.44,,,96.082,1.135,0.25,1.3564,1840.8,2.788,450.6,0.16488,0.36125,,,,137.92,8784.39,3789.0,24906.66,5597.05,2362.24,3351.8,1240.51,3039.18,,14253.84,3.941,,3462.948,4601.4,23.369,4418.64,6.3655,6.3546,7.8005,115.42,1.9371,1.4997,2.2385,,23.2,27.36
2022-02-14,0.7127,1984.0,95.46,,,96.48,,,96.374,1.1307,0.25,1.3528,1868.0,2.798,450.75,0.15691,0.38964,,,,137.8,8618.48,3732.23,24556.57,5502.18,2351.33,3326.16,1220.42,3011.45,,14268.59,4.195,27079.59,3428.882,4551.69,23.848,4401.67,6.3575,6.3573,7.802,115.54,1.9875,1.5744,2.2861,,25.23,28.33
2022-02-15,0.7152,1968.0,92.07,,,93.28,,,95.989,1.1359,0.25,1.3538,1854.8,2.798,453.15,0.15113,0.4,,,,139.73,8528.27,3713.19,24355.71,5490.28,2355.25,3314.66,1229.05,3054.26,,14620.82,4.306,26865.19,3446.089,4600.1,23.342,4471.07,6.3366,6.3393,7.8012,115.61,2.0434,1.5774,2.3572,,25.34,25.7
2022-02-16,0.7195,1896.0,93.66,,,94.81,,,95.701,1.1373,0.25,1.3586,1870.2,2.785,453.65,0.14488,0.40554,,,,138.65,8678.94,3769.24,24718.9,5616.38,2357.94,3314.05,1244.19,3060.29,,14603.64,4.717,27460.4,3465.831,4617.99,23.605,4475.01,6.3324,6.3372,7.801,115.52,2.0382,1.5208,2.3454,,23.63,24.29
2022-02-17,0.7187,1886.0,91.76,,,92.97,,,95.8,1.1361,0.25,1.3616,1900.7,2.783,452.3,0.14006,0.40821,,,,137.92,8711.4,3783.84,24792.77,5662.28,2357.02,3317.27,1242.92,3009.09,,14171.74,4.486,27232.87,3468.035,4629.17,23.875,4380.26,6.3346,6.3384,7.7992,114.94,1.9615,1.4662,2.2941,,23.62,28.11
2022-02-18,0.7177,1964.0,91.07,,,93.54,,,96.043,1.1322,0.25,1.3589,1898.6,2.81,451.95,0.15042,0.41506,,,,139.28,8537.97,3728.1,24327.71,5479.9,2356.28,3322.47,1231.77,2983.59,,14009.54,4.431,27122.07,3490.757,4651.24,23.992,4348.87,6.3248,6.3256,7.8002,115.01,1.9286,1.4654,2.2399,,25.01,27.75
2022-02-21,0.719,2045.0,,,,95.39,,,96.078,1.1311,0.25,1.3602,,2.849,,0.15399,0.41798,,,,138.67,8455.99,3692.23,24170.07,5327.44,,,1219.46,2975.91,,,,26910.87,3490.612,4634.31,,,6.3263,6.3352,7.8013,114.74,1.9286,1.4654,2.2399,,24.43,
2022-02-22,0.7219,2148.0,92.35,,,96.84,,,96.025,1.1325,0.25,1.3585,1906.1,2.839,451.05,0.15256,0.41691,,,,139.48,8270.69,3608.58,23520.0,5226.7,2356.53,3317.77,1206.63,2949.64,,13870.53,4.498,26449.61,3457.146,4574.15,24.311,4304.76,6.3239,6.3264,7.8022,115.08,1.939,1.5491,2.2371,,27.52,28.81
2022-02-23,0.7234,2244.0,92.1,,,96.84,,,96.19,1.1307,0.25,1.3544,1909.2,2.81,448.4,0.15768,0.41762,,,,140.03,8317.22,3625.48,23660.28,5299.24,2356.19,3297.57,1206.86,2909.33,,13509.43,4.623,,3489.146,4623.05,24.553,4225.5,6.3121,6.3145,7.8049,115.01,1.9912,1.6016,2.2941,,25.33,31.02
2022-02-24,0.7163,2187.0,92.81,,,99.08,,,97.137,1.1192,0.25,1.338,1925.1,2.805,445.6,0.16893,0.41833,,,,141.53,8030.9,3507.69,22901.56,5069.79,2347.99,3294.69,1154.86,2905.94,,13974.67,4.568,25970.82,3429.956,4529.32,24.687,4288.7,6.3229,6.3292,7.808,115.53,1.9633,1.5797,2.2782,,29.48,30.32
2022-02-25,0.7226,2076.0,91.59,,,97.93,,,96.615,1.1268,0.25,1.3409,1887.6,2.789,447.2,0.18399,0.43815,,,,142.8,7991.64,3500.97,22767.18,5112.62,2365.0,3304.72,1171.99,2980.2,,14189.16,4.47,26476.5,3451.406,4573.43,23.997,4384.65,6.3141,6.3175,7.8082,115.55,1.9617,1.5697,2.2738,,26.57,27.59
2022-02-28,0.7263,2040.0,95.72,0.9,,100.99,7.9,50.2,96.707,1.1219,0.25,1.342,1900.7,2.79,444.45,0.20071,0.43792,1.6,,4.5,142.36,8023.93,3491.27,22713.02,5118.02,2369.55,3336.85,1171.31,2977.95,58.1,14237.81,4.402,26526.82,3462.306,4581.65,24.361,4373.94,6.314,6.3092,7.8138,115.0,1.825,1.4323,2.1611,3.9,26.99,30.15
2022-03-01,0.7252,2069.0,103.41,,,104.97,,,97.409,1.1125,0.25,1.3325,1943.8,2.821,458.65,0.22304,0.43506,,,,142.6,8053.04,3512.29,22761.71,5155.69,2369.85,3355.88,1176.43,2930.77,,14005.99,4.573,26844.72,3488.835,4619.69,25.534,4306.26,6.319,6.3119,7.8155,114.92,1.7275,1.3407,2.1046,,25.47,33.32
2022-03-02,0.7297,2137.0,110.6,,,112.93,,,97.385,1.1119,0.25,1.3406,1922.3,2.832,465.55,0.22994,0.4372,,,,144.26,7908.18,3441.38,22343.92,5015.74,2370.66,3307.37,1168.41,2964.24,,14243.69,4.762,26393.03,3484.192,4578.6,25.183,4386.54,6.3233,6.3211,7.8128,115.52,1.8767,1.512,2.2485,,27.81,30.74
2022-03-03,0.7329,2104.0,107.67,,,110.46,,,97.785,1.1066,0.25,1.3348,1935.9,2.845,477.15,0.22679,0.44304,,,,144.16,7900.04,3453.97,22467.34,4957.61,2370.0,3319.98,1172.56,2942.45,,14035.21,4.722,26577.27,3481.113,4551.63,25.205,4363.49,6.3225,6.3203,7.816,115.46,1.8405,1.53,2.2199,,25.95,30.48
2022-03-04,0.737,2148.0,115.68,,,118.11,,,98.648,1.0928,0.25,1.323,1966.6,2.824,492.9,0.23244,0.44845,,,,144.76,7686.87,3360.54,21905.29,4737.93,2361.17,3332.01,1144.91,2896.52,,13837.83,5.016,25985.47,3447.649,4496.43,25.782,4328.87,6.3252,6.3196,7.8136,114.82,1.7307,1.4759,2.1554,,27.94,31.98
2022-03-07,0.7317,2235.0,119.4,,,123.21,,,99.293,1.0854,0.25,1.3104,1995.9,2.837,472.2,0.23607,0.47512,,,,147.68,7412.59,3238.14,21057.63,4527.83,2347.73,3303.9,1107.3,2819.54,,13319.38,4.833,25221.41,3372.855,4352.78,25.713,4201.09,6.327,6.3208,7.8193,115.32,1.7734,1.5503,2.1857,,33.29,36.45
2022-03-08,0.7269,2352.0,123.7,,,127.98,,,99.062,1.0899,0.25,1.3102,2043.3,2.84,470.05,0.24179,0.48857,,,,148.18,7237.8,3174.08,20765.87,4382.32,2338.18,3274.49,1096.05,2797.7,,13267.61,4.527,24790.95,3293.53,4265.39,26.888,4170.7,6.3258,6.3187,7.8184,115.67,1.8456,1.5987,2.227,,33.91,35.13
2022-03-09,0.7322,2558.0,108.7,,,111.14,,,97.968,1.1076,0.25,1.3181,1988.2,2.859,456.4,0.25327,0.49524,,,,147.5,7189.58,3153.75,20627.71,4393.91,2340.37,3268.45,1090.67,2881.78,,13742.2,4.526,24717.53,3256.388,4226.35,25.757,4277.88,6.3233,6.3176,7.8196,115.83,1.9531,1.6798,2.3352,,32.6,32.45
2022-03-10,0.7358,2704.0,106.02,,,109.33,,,98.507,1.0986,0.25,1.3086,2000.4,2.857,464.35,0.25345,0.5253,,,,145.37,7255.82,3197.37,20890.26,4436.65,2330.82,3245.16,1102.74,2871.52,,13591.0,4.631,25690.4,3296.092,4292.84,26.202,4259.52,6.3272,6.3222,7.8229,116.14,1.9864,1.6963,2.367,,30.45,30.23
2022-03-11,0.7293,2718.0,109.33,,,112.67,,,99.124,1.0912,0.25,1.3037,1985.0,2.795,461.6,0.25345,0.53464,,,,147.33,7060.6,3137.02,20553.79,4246.97,2324.82,3242.42,1085.66,2840.05,,13301.83,4.725,25162.78,3309.747,4306.52,26.106,4204.31,6.358,6.3393,7.8293,117.29,1.9917,1.748,2.3537,,31.75,30.75
2022-03-14,0.7188,2727.0,103.01,,,106.9,,,98.999,1.094,0.25,1.3002,1960.8,2.769,451.25,0.26393,0.55018,,,,149.07,6555.55,2955.03,19531.66,3778.6,2304.25,3203.15,1055.01,2826.49,,13046.64,4.658,25307.85,3223.533,4174.76,25.244,4173.11,6.395,6.3657,7.8298,118.19,2.133,1.8609,2.471,,38.02,31.77
2022-03-15,0.7196,2689.0,96.44,,,99.91,,,99.097,1.0956,0.25,1.3042,1929.7,2.819,450.15,0.27339,0.57131,,,,151.71,6123.94,2769.93,18415.08,3472.42,2302.51,3207.97,1026.77,2865.89,,13458.56,4.568,25346.48,3063.965,3983.81,25.123,4262.45,6.3816,6.3706,7.8281,118.3,2.1437,1.8491,2.4779,,49.44,29.83
2022-03-16,0.729,2591.0,95.04,,,98.02,,,98.618,1.1035,0.5,1.3149,1909.2,2.804,458.8,0.26536,0.5756,,,,149.26,6889.45,3044.49,20087.5,4243.39,2317.75,3228.94,1081.0,2936.33,,13956.79,4.748,25762.01,3170.71,4156.08,24.67,4357.86,6.3637,6.3526,7.8196,118.73,2.1849,1.9379,2.4528,,41.1,26.67
2022-03-17,0.7376,2588.0,102.98,,,106.64,,,97.974,1.1091,0.5,1.3149,1943.2,2.8,469.05,0.2847,0.59024,,,,141.28,7407.57,3257.72,21501.23,4572.79,2333.73,3247.93,1120.93,2981.31,,14118.6,4.99,26652.89,3215.044,4237.7,25.584,4411.67,6.3631,6.347,7.8186,118.6,2.1706,1.9138,2.4688,,37.58,25.67
2022-03-18,0.7415,2605.0,104.7,,,107.93,,,98.233,1.1051,0.5,1.3178,1929.3,2.81,473.05,0.29214,0.59887,,,,141.92,7366.42,3251.19,21412.4,4484.93,2336.78,3261.51,1122.98,3010.59,,14420.08,4.863,26827.43,3251.073,4265.9,25.055,4463.12,6.367,6.3612,7.8245,119.17,2.1494,1.9362,2.4202,,33.21,23.87
2022-03-21,0.74,2589.0,112.12,,,115.62,,,98.498,1.1016,0.5,1.3169,1929.5,2.817,470.15,0.2897,0.60696,,,,144.42,7244.48,3216.37,21221.34,4416.33,2329.77,3229.88,1115.26,3010.08,,14376.09,4.9,,3253.686,4258.75,25.282,4461.18,6.3711,6.3559,7.8253,119.47,2.2896,2.1153,2.5173,,33.89,23.53
2022-03-22,0.747,2546.0,111.76,,,115.48,,,98.493,1.1029,0.5,1.3262,1921.5,2.836,468.9,0.28696,0.61024,,,,142.7,7538.55,3310.25,21889.28,4653.7,2324.58,3220.29,1131.41,3040.37,,14654.33,5.187,27224.11,3259.862,4255.3,24.885,4511.61,6.3765,6.3663,7.8265,120.8,2.3825,2.1641,2.6011,,30.07,22.94
2022-03-23,0.7499,2575.0,114.93,,,121.6,,,98.622,1.1004,0.5,1.3205,1937.3,2.831,476.25,0.29679,0.62929,,,,141.57,7635.13,3345.45,22154.08,4749.12,2324.7,3240.12,1140.72,3012.79,,14447.55,5.232,28040.16,3271.032,4276.52,25.17,4456.24,6.389,6.3724,7.8242,121.15,2.2917,2.0961,2.4842,,28.28,23.57
2022-03-24,0.7513,2567.0,112.34,,,119.03,,,98.789,1.0997,0.5,1.3187,1962.2,2.807,472.9,0.31893,0.64286,,,,141.59,7528.14,3316.74,21945.95,4609.02,2325.05,3226.25,1136.95,3041.48,,14765.69,5.401,28110.39,3250.264,4251.31,25.9,4520.16,6.3832,6.3678,7.8229,122.35,2.3718,2.1387,2.5383,,28.71,21.67
2022-03-25,0.7515,2544.0,113.9,,,120.65,,,98.789,1.0983,0.5,1.3182,1954.2,2.8,468.6,0.32333,0.66077,,,,142.63,7283.92,3227.38,21404.88,4379.33,2321.72,3205.18,1125.01,3049.11,,14754.31,5.571,28149.84,3212.24,4174.57,25.595,4543.06,6.3838,6.3662,7.8284,122.05,2.4731,2.2696,2.5846,,31.56,20.81
2022-03-28,0.7489,2484.0,105.96,,,112.48,,,99.091,1.0985,0.5,1.3088,1939.8,2.793,471.4,0.3128,0.66714,,,,142.88,7396.25,3261.97,21684.97,4494.01,2320.02,3215.25,1124.82,3061.63,,14987.4,5.508,27943.89,3214.503,4148.47,25.176,4575.52,6.3868,6.3721,7.8299,123.86,2.4585,2.3277,2.5399,,30.16,19.63
2022-03-29,0.7509,2417.0,104.24,,,110.23,,,98.404,1.1086,0.5,1.3093,1912.2,2.789,471.65,0.31208,0.66786,,,,142.05,7513.0,3299.39,21927.63,4607.09,2335.32,3238.19,1136.45,3110.81,,15239.32,5.336,28252.42,3203.939,4134.14,24.716,4631.6,6.3755,6.3642,7.8273,122.88,2.3944,2.3646,2.5012,,28.17,18.9
2022-03-30,0.7509,2369.0,107.82,,,113.45,,,97.792,1.1159,0.5,1.3134,1933.5,2.777,475.05,0.3128,0.61441,,,,142.08,7609.37,3352.02,22232.03,4622.57,2341.02,3249.16,1149.3,3096.67,,15071.55,5.605,28027.25,3266.596,4254.1,25.113,4602.45,6.3598,6.3477,7.8272,121.83,2.3488,2.3063,2.4743,,26.76,19.33
2022-03-31,0.7482,2358.0,100.28,1.5,4.8,107.91,8.5,49.5,98.312,1.1067,0.5,1.3138,1949.2,2.787,475.1,0.3081,0.55476,1.7,-4.0,5.1,142.54,7525.89,3312.11,21996.85,4557.99,2342.38,3252.71,1141.79,3053.07,57.2,14838.49,5.642,27821.43,3252.203,4222.6,25.133,4530.41,6.3547,6.34,7.8326,121.7,2.338,2.3345,2.4476,3.7,25.82,20.56
2022-04-01,0.7496,2357.0,99.27,,,104.39,,,98.632,1.1043,0.5,1.3114,1919.1,2.777,468.85,0.23899,0.52887,,,,141.98,7537.16,3325.09,22039.55,4524.25,2338.83,3249.15,1145.85,3057.07,,14861.21,5.72,27665.98,3282.717,4276.16,24.654,4545.86,6.3678,6.3629,7.834,122.52,2.3822,2.4564,2.4317,,25.81,19.63
2022-04-04,0.7543,2307.0,103.28,,,107.53,,,99.0,1.0972,0.5,1.3116,1929.2,,478.15,0.20589,0.51155,,,,138.74,7770.98,3403.03,22502.31,4769.99,2343.76,3253.88,1161.65,3081.38,,15159.58,5.712,27736.47,,,24.59,4582.64,6.3741,,7.8351,122.79,2.3951,2.4221,2.456,,25.1,18.57
2022-04-05,0.7579,2213.0,101.96,,,106.64,,,99.472,1.0905,0.5,1.3074,1922.9,,479.5,,,,,,,,,,,2337.71,3221.37,1156.75,3049.39,,14820.64,6.032,27787.98,,,24.534,4525.12,6.3775,,7.8348,123.6,2.5469,2.5139,2.5729,,,21.03
2022-04-06,0.7512,2128.0,96.23,,,101.07,,,99.599,1.0896,0.5,1.3069,1918.4,2.759,473.8,0.19615,0.50649,,,,141.58,7608.8,3344.33,22080.52,4587.73,2321.7,3203.87,1142.5,3012.24,,14498.88,6.029,27350.3,3283.426,4263.84,24.458,4481.15,6.359,6.3598,7.8382,123.8,2.5975,2.4714,2.626,,26.97,22.1
2022-04-07,0.748,2061.0,96.03,,,100.58,,,99.751,1.0879,0.5,1.3075,1933.8,2.743,469.95,0.18845,0.5081,,,,141.69,7495.54,3290.2,21808.98,4474.13,2315.84,3195.48,1126.06,3014.08,,14531.81,6.359,26888.57,3236.695,4209.1,24.735,4500.21,6.3632,6.3604,7.8377,123.95,2.6578,2.4595,2.679,,27.83,21.55
2022-04-08,0.7458,2055.0,98.26,,,102.78,,,99.796,1.0877,0.5,1.3025,1941.6,2.759,472.5,0.18464,0.50738,,,,141.15,7490.37,3302.29,21872.01,4422.74,2307.5,3172.46,1127.93,3012.19,,14327.26,6.278,26985.8,3251.85,4230.77,24.823,4488.28,6.3699,6.365,7.8392,124.34,2.7,2.5115,2.7182,,27.07,21.16
2022-04-11,0.7417,2031.0,94.29,,,98.48,,,99.932,1.0884,0.5,1.303,1944.3,2.771,463.4,0.18839,0.5081,,,,142.2,7208.49,3194.7,21208.3,4191.03,2291.64,3147.55,1111.76,2972.4,,13990.21,6.643,26821.52,3167.126,4100.07,24.987,4412.53,6.3884,6.37,7.8382,125.37,2.7801,2.4975,2.8084,,31.5,24.37
2022-04-12,0.7456,2035.0,100.6,,,104.64,,,100.292,1.0828,0.5,1.3001,1972.1,2.773,470.95,0.18538,0.50845,,,,143.43,7264.43,3214.13,21319.13,4249.59,2296.96,3153.39,1110.4,2959.78,,13940.24,6.68,26334.98,3213.33,4179.97,25.735,4397.45,6.3765,6.3657,7.8374,125.38,2.7213,2.4054,2.8092,,30.58,24.26
2022-04-13,0.7451,2068.0,104.25,,,108.78,,,99.875,1.0888,0.5,1.3117,1981.0,2.765,471.2,0.18655,0.50786,,,,142.23,7314.82,3227.59,21374.37,4268.91,2300.42,3154.42,1119.32,2985.07,,14217.29,6.997,26843.49,3186.824,4139.74,26.03,4446.59,6.3778,6.3682,7.8394,125.62,2.6987,2.3481,2.8109,,28.72,21.82
2022-04-14,0.7419,2137.0,106.95,,,111.7,,,100.321,1.0828,0.5,1.3071,1970.9,2.761,472.35,0.18726,0.50786,,,,140.97,7385.58,3263.97,21518.08,4320.1,2300.16,3132.23,1117.36,2960.64,,13893.21,7.3,27172.0,3225.641,4191.57,25.7,4392.59,6.3898,6.3784,7.8428,125.88,2.8275,2.4539,2.9147,,27.69,22.7
2022-04-15,0.7395,,,,,,,,100.5,1.081,0.5,1.306,,2.791,,,,,,,140.6,,,,,,,1112.9,2959.67,,,,27093.19,3211.245,4188.75,,,6.3815,6.3715,7.844,126.46,2.8275,2.4539,2.9147,,,
2022-04-18,0.7349,,108.21,,,113.16,,,100.781,1.0782,0.5,1.3019,1982.9,2.811,480.2,,,,,,138.18,,,,,2295.04,3118.08,1106.68,2954.15,,13910.76,7.82,26799.71,3195.524,4166.38,26.15,4391.69,6.3777,6.3671,7.8429,126.99,2.8527,2.448,2.9407,,,22.17
2022-04-19,0.7374,2115.0,102.56,,,107.25,,,100.961,1.0788,0.5,1.2998,1955.7,2.823,471.8,0.19893,0.51685,,,,141.3,7167.67,3192.02,21027.76,4156.42,2292.4,3097.39,1096.0,2984.7,,14210.26,7.176,26985.09,3194.029,4134.9,25.391,4462.21,6.4192,6.3935,7.8424,128.91,2.9361,2.5915,2.9949,,29.27,21.37
2022-04-20,0.745,2142.0,102.75,,,106.8,,,100.39,1.0853,0.5,1.3068,1952.3,2.844,465.2,0.18768,0.515,,,,141.29,7098.29,3170.77,20944.67,4134.04,2295.09,3119.95,1095.63,2994.64,,13998.53,6.937,27217.85,3151.05,4070.79,25.271,4459.45,6.4449,6.4192,7.8438,127.86,2.832,2.5753,2.872,,27.76,20.32
2022-04-21,0.7374,2239.0,103.79,,,108.33,,,100.578,1.0834,0.5,1.303,1944.9,2.826,470.4,0.18839,0.52304,,,,140.22,6962.2,3119.8,20682.22,3990.08,2289.61,3100.89,1086.93,2959.92,,13720.45,6.957,27553.06,3079.808,3995.83,24.621,4393.66,6.4808,6.4507,7.8447,128.38,2.9095,2.6822,2.9278,,28.91,22.68
2022-04-22,0.7244,2307.0,102.07,,,106.65,,,101.22,1.079,0.5,1.2839,1931.0,2.846,458.15,0.18881,0.5256,,,,140.95,6972.38,3116.64,20638.52,4001.08,2279.9,3087.34,1075.6,2882.45,,13356.87,6.534,27105.26,3086.919,4013.25,24.259,4271.78,6.5262,6.5014,7.8467,128.5,2.8987,2.6672,2.9444,,28.95,28.21
2022-04-25,0.7178,2356.0,98.54,,,102.32,,,101.752,1.0713,0.5,1.2741,1893.2,2.818,444.9,0.20298,0.55,,,,139.96,6684.73,2993.38,19869.34,3806.19,2276.71,3103.36,1046.04,2877.71,,13533.22,6.669,26590.78,2928.512,3814.91,23.67,4296.12,6.5721,6.5594,7.8474,128.14,2.8198,2.6257,2.8884,,35.13,27.02
2022-04-26,0.7123,2404.0,101.7,,,104.99,,,102.303,1.0638,0.5,1.2574,1901.4,2.83,444.1,0.20696,0.62417,,,,140.15,6747.42,3004.45,19934.71,3915.27,2277.78,3118.87,1049.39,2811.0,,13009.71,6.85,26700.11,2886.426,3784.12,23.544,4175.2,6.5898,6.5566,7.8453,127.23,2.7205,2.4773,2.8274,,34.06,33.52
2022-04-27,0.7126,2425.0,102.02,,,105.32,,,102.954,1.0557,0.5,1.2545,1885.9,2.845,445.65,0.21208,0.66881,,,,140.36,6786.02,3017.88,19946.36,3981.14,2273.01,3099.71,1043.74,2807.51,,13003.36,7.267,26386.63,2958.282,3895.54,23.46,4183.96,6.5868,6.5606,7.8464,128.43,2.8318,2.591,2.9212,,33.7,31.6
2022-04-28,0.7097,2403.0,105.36,,,107.59,,,103.623,1.0499,0.5,1.2457,1891.3,2.847,441.35,0.20798,0.69988,,,,137.52,6918.62,3070.45,20276.17,4066.89,2270.06,3095.06,1053.82,2861.55,,13456.06,6.888,26847.9,2975.485,3921.11,23.129,4287.5,6.6597,6.6266,7.847,130.85,2.8224,2.6173,2.8928,,31.44,29.99
2022-04-29,0.7061,2404.0,104.69,,,109.34,,,102.959,1.0545,0.5,1.2574,1911.7,2.839,439.5,0.20619,0.72875,,,,138.49,7298.69,3188.56,21089.39,4471.75,2259.09,3074.85,1076.19,2795.62,,12854.8,7.244,,3047.063,4016.24,23.04,4131.93,6.6404,6.6085,7.8468,129.7,2.9336,2.7146,2.9972,,31.51,33.4
2022-04-30,,,,2.1,,,8.3,47.4,,,,,,,,,,1.3,,5.5,,,,,,,,,,55.3,,,,,,,,,,,,,,,3.7,,
2022-05-02,0.705,,105.17,,,107.58,,,103.744,1.0507,0.5,1.2492,1863.6,,425.55,,,,,,,,,,,2246.86,3052.21,1072.56,2796.33,,13075.85,7.475,26818.53,,,22.544,4155.38,6.6742,,7.8478,130.16,2.9807,2.7312,3.0327,,,32.34
2022-05-03,0.7096,2412.0,102.41,,,104.97,,,103.465,1.0521,0.5,1.2499,1870.6,,427.1,0.19899,0.72625,,,,138.48,7267.25,3190.35,21101.89,4409.93,2250.92,3063.01,1069.24,2809.82,,13089.9,7.954,,,,22.621,4175.48,6.6487,,7.8473,130.14,2.9712,2.7824,3.0088,,31.32,29.25
2022-05-04,0.726,2485.0,107.81,,,110.14,,,102.587,1.0622,1.0,1.2631,1868.8,,432.85,0.19018,0.73935,,,,138.87,7137.63,3149.27,20869.52,4264.91,2254.98,3080.08,1063.84,2864.43,,13535.71,8.415,,,,22.362,4300.17,6.6223,,7.8486,129.09,2.9344,2.6421,3.0345,,30.46,25.42
2022-05-05,0.7112,2644.0,108.26,,,110.9,,,103.752,1.0542,1.0,1.2362,1875.7,2.829,428.5,0.18708,0.74185,,,,139.6,7117.75,3135.69,20793.4,4258.88,2246.92,3051.62,1058.72,2784.12,,12850.55,8.783,,3067.759,4010.21,22.4,4146.87,6.6819,6.6558,7.8494,130.2,3.0365,2.7034,3.1192,,29.61,31.2
2022-05-06,0.7076,2718.0,109.77,,,112.39,,,103.66,1.0551,1.0,1.2348,1882.8,2.831,426.15,0.1772,0.74893,,,,139.57,6809.52,3016.76,20001.96,4036.26,2232.26,3034.2,1031.5,2762.21,,12693.54,8.043,27003.56,3001.561,3908.82,22.325,4123.34,6.718,6.6668,7.8496,130.56,3.1265,2.7308,3.2254,,32.95,30.19
2022-05-09,0.6952,2831.0,103.09,,,105.94,,,103.651,1.0561,1.0,1.2332,1858.6,2.818,419.3,,,,,,138.08,,,,,2212.82,3042.93,1014.68,2671.83,,12187.72,7.026,26319.34,3004.141,3877.44,21.782,3991.24,6.7566,6.7308,7.8498,130.29,3.0338,2.5938,3.1504,,,34.75
2022-05-10,0.6938,2939.0,99.76,,,102.46,,,103.92,1.0529,1.0,1.2316,1841.0,2.808,415.45,0.18375,0.75292,,,,140.78,6658.25,2964.06,19633.69,3906.43,2213.4,3052.23,1007.22,2677.25,,12345.86,7.385,26167.1,3035.844,3919.87,21.39,4001.05,6.7477,6.7347,7.8498,130.45,2.9908,2.6124,3.1231,,35.55,32.99
2022-05-11,0.6938,3052.0,105.71,,,107.51,,,103.846,1.0513,1.0,1.2251,1853.7,2.825,421.25,0.17905,0.76339,,,,141.08,6769.72,2996.11,19824.57,4019.28,2212.45,3069.42,1011.22,2652.59,,11967.56,7.64,26213.64,3058.703,3976.42,21.55,3935.18,6.7643,6.7217,7.85,129.97,2.9207,2.6371,3.0456,,34.38,32.56
2022-05-12,0.6856,3117.0,106.13,,,107.45,,,104.851,1.038,1.0,1.2202,1824.6,2.811,410.5,0.17976,0.79054,,,,141.81,6594.81,2932.71,19380.34,3864.95,2202.89,3069.02,987.82,2639.75,,11945.5,7.739,25748.72,3054.994,3958.74,20.757,3930.08,6.8273,6.7863,7.85,128.34,2.8479,2.5592,3.0154,,35.37,31.77
2022-05-13,0.694,3104.0,110.49,,,111.55,,,104.563,1.0412,1.0,1.2262,1808.2,2.819,418.05,0.17958,0.82661,,,,141.32,6807.03,3009.5,19898.77,4038.97,2205.27,3052.54,1004.52,2701.33,,12387.4,7.663,26427.65,3084.284,3988.6,20.984,4023.89,6.7999,6.7892,7.8499,129.22,2.9185,2.578,3.0786,,33.19,28.87
2022-05-16,0.6971,3085.0,114.2,,,114.24,,,104.187,1.0434,1.0,1.2319,1814.0,2.823,419.65,0.19173,0.83774,,,,140.17,6826.31,3018.18,19950.21,4039.36,2204.48,3055.56,1007.5,2693.95,,12243.58,7.956,26547.05,3073.749,3956.54,21.535,4008.01,6.7975,6.7861,7.8499,129.16,2.8822,2.5698,3.0984,,32.93,27.47
2022-05-17,0.7029,3095.0,112.4,,,111.93,,,103.36,1.055,1.0,1.2493,1818.9,2.819,423.95,0.18863,0.85399,,,,139.46,7076.8,3108.62,20602.52,4272.95,2204.43,3036.39,1030.83,2746.82,,12564.1,8.304,26659.75,3093.697,4005.89,21.737,4088.85,6.7412,6.7377,7.8493,129.38,2.986,2.7003,3.1778,,31.9,26.1
2022-05-18,0.6955,3189.0,109.59,,,109.11,,,103.81,1.0464,1.0,1.2341,1815.9,2.802,418.2,0.17935,0.87119,,,,138.23,7089.29,3117.26,20644.28,4260.37,2189.4,3048.94,1033.19,2665.06,,11928.31,8.368,26911.2,3085.977,3991.91,21.533,3923.68,6.7807,6.7542,7.8492,128.23,2.884,2.6694,3.0647,,30.85,30.96
2022-05-19,0.7049,3289.0,112.21,,,112.04,,,102.724,1.0588,1.0,1.2467,1841.2,2.809,428.5,0.18607,0.88673,,,,139.17,6899.19,3046.02,20120.68,4090.72,2187.87,3053.69,1014.89,2651.55,,11875.63,8.308,26402.84,3096.965,3999.6,21.898,3900.79,6.7253,6.7125,7.8477,127.79,2.837,2.6073,3.0491,,32.71,29.35
2022-05-20,0.704,3344.0,113.23,,,112.55,,,103.15,1.0564,1.0,1.248,1842.1,2.819,428.1,0.1875,0.89042,,,,139.34,7121.18,3129.56,20717.24,4284.42,2190.01,3065.91,1035.31,2655.91,,11835.62,8.083,26739.03,3146.567,4077.6,21.669,3901.36,6.6998,6.693,7.8482,127.88,2.7811,2.5807,2.9859,,31.5,29.43
2022-05-23,0.7109,3369.0,110.29,,,113.42,,,102.076,1.0691,1.0,1.2588,1847.8,2.799,434.75,0.18375,0.89774,,,,140.2,7022.45,3096.88,20470.06,4177.65,2194.59,3052.88,1034.51,2702.25,,12034.28,8.744,27001.52,3146.857,4053.98,21.723,3973.75,6.6617,6.6497,7.8492,127.9,2.8514,2.6204,3.0524,,31.62,28.48
2022-05-24,0.7106,3253.0,109.77,,,113.56,,,101.857,1.0736,1.0,1.2532,1865.4,2.797,432.55,0.18304,0.9,,,,139.77,6883.14,3041.04,20112.1,4032.34,2198.14,3082.06,1016.99,2680.46,,11769.84,8.796,26748.14,3070.927,3959.15,22.063,3941.48,6.6574,6.6537,7.8492,126.83,2.7506,2.4787,2.9667,,31.96,29.45
2022-05-25,0.7091,3127.0,110.33,,,114.03,,,102.056,1.0681,1.0,1.2574,1846.3,2.77,427.7,0.1872,0.89952,,,,140.06,6898.56,3051.57,20171.27,4043.69,2219.91,3100.71,1019.59,2700.09,,11943.93,8.971,26677.8,3107.464,3983.18,21.86,3978.73,6.7127,6.6932,7.8498,127.32,2.7452,2.4919,2.9691,,31.33,28.37
2022-05-26,0.7098,2933.0,114.09,,,117.4,,,101.829,1.0725,1.0,1.26,1847.6,2.743,425.5,0.18952,0.90143,,,,138.93,6877.21,3048.31,20116.2,4033.79,2249.14,3111.84,1022.96,2743.96,,12276.79,8.908,26604.84,3123.108,3993.04,21.941,4057.84,6.7674,6.7389,7.8496,127.12,2.7469,2.4758,2.9819,,30.52,27.5
2022-05-27,0.7162,2681.0,115.07,,,119.43,,,101.668,1.0735,1.0,1.2631,1851.3,2.748,430.65,0.1881,0.89952,,,,138.18,7082.38,3116.08,20697.36,4186.95,2263.18,3116.81,1043.17,2802.59,,12681.42,8.727,26781.68,3130.24,4001.3,22.096,4158.24,6.7208,6.6994,7.8492,127.11,2.7378,2.4758,2.9635,,28.36,25.72
2022-05-30,0.7196,2571.0,,,,121.67,,,101.668,1.0779,1.0,1.2652,,2.774,,0.19417,0.89881,,,,138.58,7255.13,3171.84,21123.93,4352.02,,,1065.09,2814.75,,,,27369.43,3149.061,4029.02,,,6.6715,6.6614,7.8485,127.59,2.7378,2.4758,2.9635,,27.74,26.54
2022-05-31,0.7177,2566.0,114.67,2.1,,122.84,8.6,49.6,101.752,1.0734,1.0,1.2602,1842.7,2.797,429.6,0.19542,0.89738,1.2,,5.1,137.17,7416.75,3227.68,21415.2,4483.6,2264.63,3103.56,1077.67,2791.01,55.9,12642.1,8.145,27279.8,3186.427,4091.52,21.688,4132.15,6.6787,6.6718,7.8471,128.67,2.8441,2.5565,3.0451,3.6,27.47,26.19
2022-06-01,0.7175,2633.0,115.26,,,116.29,,,102.498,1.065,1.0,1.2487,1843.3,2.8,432.85,0.22857,0.89952,,,,137.32,7345.64,3214.78,21294.94,4433.38,2263.08,3095.57,1067.86,2770.43,,12548.36,8.696,27457.89,3182.156,4083.18,21.915,4101.23,6.698,6.6862,7.8478,130.13,2.9058,2.6416,3.0566,,27.06,25.69
2022-06-02,0.7265,,116.87,,,117.61,,,101.824,1.0747,1.0,1.2578,1866.5,2.807,455.25,0.23952,0.89994,,,,138.85,7267.57,3187.69,21082.13,4397.74,2264.05,3096.91,1061.44,2814.03,,12892.89,8.485,27413.88,3195.458,4089.57,22.275,4176.82,6.6567,6.6603,7.8449,129.84,2.9076,2.6296,3.0747,,27.61,24.72
2022-06-03,0.7207,,118.87,,,119.72,,,102.14,1.0719,1.0,1.2488,1845.4,,447.2,,,,,,,,,,,2255.32,3090.34,1060.74,2779.06,,12548.03,8.523,27761.57,,,21.908,4108.54,6.6557,,7.8453,130.88,2.9332,2.6525,3.0862,,,24.79
2022-06-06,0.7193,2560.0,118.5,,,119.51,,,102.437,1.0696,1.0,1.2532,1839.2,2.819,443.5,0.23685,0.89923,,,,138.77,7499.97,3260.47,21653.9,4601.95,2250.21,3071.03,1071.33,2789.83,,12599.63,9.322,27915.89,3236.372,4166.09,22.092,4121.43,6.657,6.6539,7.8449,131.88,3.0399,2.7262,3.1959,,28.26,25.07
2022-06-07,0.7232,2514.0,119.41,,,120.57,,,102.318,1.0703,1.0,1.2592,1847.5,2.811,443.55,0.2481,0.89923,,,,139.2,7467.87,3249.52,21531.67,4599.48,2243.74,3081.87,1061.02,2805.33,,12711.68,9.293,27943.95,3241.763,4179.13,22.178,4160.68,6.6717,6.6705,7.8464,132.59,2.9736,2.7265,3.1236,,27.99,24.02
2022-06-08,0.7194,2410.0,122.11,,,123.58,,,102.542,1.0716,1.0,1.2537,1851.9,2.811,445.45,0.25982,0.89756,,,,138.75,7679.6,3325.49,22014.59,4818.36,2238.49,3071.74,1073.74,2783.29,,12615.13,8.699,28234.29,3263.793,4219.81,22.094,4115.77,6.7011,6.6838,7.8484,134.25,3.0215,2.7739,3.1714,,27.81,23.96
2022-06-09,0.7098,2342.0,121.51,,,123.07,,,103.223,1.0617,1.0,1.2493,1848.8,2.799,438.1,0.26768,0.89994,,,,139.09,7606.35,3302.93,21869.05,4749.57,2227.28,3065.54,1067.15,2721.85,,12269.78,8.963,28246.53,3238.954,4175.68,21.817,4017.82,6.7009,6.6925,7.849,134.36,3.0418,2.8113,3.163,,27.44,26.09
2022-06-10,0.7058,2320.0,120.67,,,122.01,,,104.148,1.0519,1.0,1.2315,1871.5,2.794,429.45,0.26911,0.92,,,,140.89,7609.56,3300.16,21806.18,4826.42,2202.87,3035.07,1054.64,2641.69,,11832.82,8.85,27824.29,3284.834,4238.99,21.931,3900.86,6.7303,6.7091,7.8495,134.41,3.1555,3.0632,3.1935,,27.68,27.75
2022-06-13,0.6923,2260.0,120.93,,,122.27,,,105.078,1.0409,1.0,1.2134,1828.0,2.808,421.15,0.30917,0.94071,,,,140.86,7340.52,3193.85,21067.58,4598.65,2145.37,2975.51,1016.46,2545.05,,11288.32,8.609,26987.44,3255.551,4189.35,21.255,3749.63,6.7826,6.7546,7.8499,134.42,3.3598,3.3541,3.3476,,31.54,34.02
2022-06-14,0.6871,2284.0,118.93,,,121.17,,,105.518,1.0416,1.0,1.1997,1809.5,2.813,415.65,0.38232,1.03839,,,,143.03,7333.61,3192.69,21067.99,4595.74,2140.34,2957.4,1017.87,2525.88,,11311.69,7.189,26629.86,3288.906,4222.31,20.954,3735.48,6.7549,6.741,7.85,135.47,3.4733,3.4267,3.4243,,31.11,32.69
2022-06-15,0.7003,2387.0,115.31,,,118.51,,,105.158,1.0444,1.75,1.218,1815.3,2.823,416.35,0.52411,1.09375,,,,143.25,7452.89,3225.47,21308.21,4703.72,2156.93,2993.77,1020.1,2556.67,,11593.77,7.42,26326.16,3305.406,4278.22,21.42,3789.99,6.6687,6.7149,7.8499,133.84,3.2839,3.1908,3.3283,,30.96,29.62
2022-06-16,0.7047,2462.0,117.59,,,119.81,,,103.631,1.0549,1.75,1.2352,1845.7,2.817,410.8,0.58435,1.17524,,,,143.74,7259.41,3157.11,20845.43,4547.22,2134.71,2995.27,1008.11,2490.54,,11127.57,7.464,26431.2,3285.385,4250.06,21.885,3666.77,6.6843,6.7044,7.8495,132.21,3.1952,3.0933,3.2474,,31.65,32.95
2022-06-17,0.6932,2578.0,109.56,,,113.12,,,104.7,1.0499,1.75,1.2241,1835.6,2.814,401.35,0.60119,1.28982,,,,144.06,7367.68,3185.29,21075.0,4653.36,2139.02,2999.06,1004.63,2485.77,,11265.99,6.944,25963.0,3316.786,4309.04,21.587,3674.84,6.7092,6.7167,7.8499,135.02,3.2256,3.1785,3.2795,,31.07,31.13
2022-06-20,0.6951,2596.0,,,,114.13,,,104.7,1.0511,1.75,1.2253,,2.828,,0.60911,1.34577,,,,143.18,7399.6,3202.84,21163.91,4657.37,,,1000.42,2494.99,,,,25771.22,3315.43,4330.43,,,6.6893,6.6925,7.85,135.07,3.2256,3.1785,3.2795,,30.56,31.03
2022-06-21,0.6971,2484.0,110.65,,,114.65,,,104.435,1.0533,1.75,1.2277,1834.6,2.829,403.9,0.64816,1.42661,,,,141.32,7549.58,3261.4,21559.59,4760.14,2143.72,2983.65,1016.98,2543.36,,11546.76,6.808,26246.31,3306.719,4325.57,21.768,3764.79,6.6922,6.6895,7.85,136.57,3.2749,3.1963,3.3372,,29.0,30.19
2022-06-22,0.6927,2349.0,106.19,,,111.74,,,104.197,1.0566,1.75,1.2266,1834.3,2.825,394.4,0.70625,1.47792,,,,141.64,7335.0,3184.19,21008.34,4552.33,2135.92,3004.99,993.59,2537.26,,11527.71,6.858,26149.55,3267.202,4270.62,21.421,3759.89,6.7127,6.7023,7.85,136.26,3.1561,3.0559,3.2492,,29.97,28.95
2022-06-23,0.6897,2354.0,104.27,,,110.05,,,104.431,1.0523,1.75,1.226,1825.7,2.829,373.9,0.82399,1.61036,,,,142.67,7463.08,3223.7,21273.87,4655.91,2138.67,3015.55,995.34,2549.05,,11697.68,6.239,26171.25,3320.149,4343.88,21.042,3795.73,6.6995,6.699,7.8499,134.95,3.087,3.0145,3.1996,,29.67,29.05
2022-06-24,0.6945,2331.0,107.62,,,113.12,,,104.185,1.0553,1.75,1.2268,1826.5,2.849,374.05,0.87506,1.68179,,,,142.14,7629.06,3291.33,21719.06,4844.58,2151.12,3009.39,1011.18,2619.48,,12105.85,6.22,26491.97,3349.747,4394.77,21.125,3911.74,6.6816,6.6898,7.8492,135.23,3.1301,3.0632,3.2571,,29.83,27.23
2022-06-27,0.6926,2295.0,109.57,,,115.09,,,103.939,1.0584,1.75,1.2265,1820.9,2.83,376.25,0.90321,1.72792,,,,141.12,7816.94,3359.46,22229.52,5072.89,2151.5,2996.36,1027.55,2623.2,,12008.24,6.501,26871.27,3379.185,4444.26,21.168,3900.11,6.6927,6.6918,7.8471,135.46,3.1997,3.1212,3.3119,,31.02,26.95
2022-06-28,0.6908,2204.0,111.76,,,117.98,,,104.506,1.0519,1.75,1.2184,1817.5,2.845,377.4,0.89345,1.73786,,,,139.59,7893.76,3389.38,22418.97,5103.89,2136.36,2995.3,1030.07,2584.26,,11637.77,6.551,27049.47,3409.21,4490.52,20.806,3821.55,6.7024,6.708,7.8478,136.14,3.1715,3.1096,3.2788,,30.42,28.36
2022-06-29,0.688,2186.0,109.78,,,116.26,,,105.106,1.0442,1.75,1.2124,1817.5,2.833,377.9,0.88375,1.74113,,,,140.8,7694.64,3324.33,21996.89,4937.23,2120.43,3009.46,1013.2,2574.45,,11658.26,6.498,26804.6,3361.518,4421.36,20.668,3818.83,6.7081,6.7009,7.8467,136.59,3.0891,3.0385,3.2185,,30.8,28.16
2022-06-30,0.6903,2240.0,105.76,2.5,0.8,114.81,9.1,50.2,104.685,1.0484,1.75,1.2178,1807.3,2.816,371.45,0.87101,1.75226,1.8,-1.5,4.7,141.89,7666.88,3305.78,21859.79,4870.3,2112.15,3016.66,1000.67,2546.19,53.5,11503.72,5.424,26393.04,3398.616,4485.01,20.282,3785.38,6.6941,6.6993,7.8463,135.72,3.0129,2.9533,3.1827,3.6,30.69,28.71
2022-07-01,0.6814,2214.0,108.43,,,111.63,,,105.138,1.0414,1.75,1.2095,1801.5,2.829,361.9,,,,,,141.1,,,,,2116.06,3033.35,992.84,2559.95,,11585.68,5.73,25935.62,3387.637,4466.72,19.597,3825.33,6.6974,6.7015,7.8468,135.21,2.8803,2.8329,3.1031,,,26.7
2022-07-04,0.6865,2159.0,,,,113.5,,,105.138,1.0422,1.75,1.2118,,2.849,,0.84839,1.75423,,,,143.39,7647.7,3297.62,21830.35,4884.18,,,992.8,2567.87,,,,26153.81,3405.427,4496.03,,,6.6942,6.7006,7.8457,135.62,2.8803,2.8329,3.1031,,30.27,27.53
2022-07-05,0.6802,2098.0,99.5,,,102.77,,,106.535,1.0266,1.75,1.1947,1763.9,2.834,342.5,0.78851,1.74589,,,,143.85,7642.45,3298.45,21853.07,4861.4,2116.91,3043.53,991.47,2553.95,,11779.9,5.523,26423.47,3404.025,4489.54,19.052,3831.39,6.7118,6.7197,7.8468,135.85,2.8054,2.8184,3.0397,,29.43,27.54
2022-07-06,0.6779,2043.0,98.53,,,100.69,,,107.096,1.0182,1.75,1.1926,1736.5,2.837,341.8,0.82946,1.73036,,,,144.41,7545.92,3260.13,21586.66,4801.75,2122.14,3028.47,981.01,2561.2,,11852.59,5.51,26107.65,3355.35,4423.97,19.085,3845.08,6.715,6.708,7.8471,135.95,2.928,3.0018,3.1181,,28.78,26.73
2022-07-07,0.6838,2073.0,102.73,,,104.65,,,107.13,1.016,1.75,1.2023,1739.7,2.837,358.2,0.78375,1.72744,,,,145.21,7538.98,3266.39,21643.58,4780.04,2138.92,3026.14,994.34,2602.03,,12109.05,6.297,26490.53,3364.398,4443.47,19.122,3902.62,6.6931,6.7007,7.8477,136.01,2.9945,3.0141,3.1845,,27.93,26.08
2022-07-08,0.6857,2067.0,104.79,,,107.02,,,107.007,1.0185,1.75,1.2033,1742.3,2.839,353.2,0.74196,1.71393,,,,143.93,7551.7,3272.34,21725.78,4808.47,2144.2,3018.53,999.57,2603.62,,12125.69,6.034,26517.19,3356.078,4428.78,19.167,3899.38,6.6862,6.6946,7.8485,136.1,3.0803,3.1047,3.2436,,26.32,24.64
2022-07-11,0.6734,2081.0,104.09,,,107.1,,,108.021,1.004,1.75,1.1892,1731.7,2.821,343.75,0.73,1.70679,,,,144.6,7320.91,3187.14,21124.2,4622.92,2147.09,3035.94,981.15,2572.33,,11860.28,6.426,26812.3,3313.584,4354.62,19.067,3854.43,6.7259,6.719,7.8498,137.44,2.9928,3.0718,3.1744,,28.46,26.17
2022-07-12,0.6758,2013.0,95.84,,,99.49,,,108.072,1.0037,1.75,1.1889,1724.8,2.811,329.65,0.72887,1.70714,,,,144.92,7191.64,3143.8,20844.74,4524.11,2148.74,3039.23,967.31,2554.19,,11744.99,6.163,26336.66,3281.467,4313.62,18.899,3818.8,6.7352,6.7249,7.85,136.87,2.9687,3.0491,3.1618,,29.16,27.29
2022-07-13,0.676,2002.0,96.3,,,99.57,,,107.957,1.0059,1.75,1.1889,1735.5,2.809,332.55,0.71679,1.70774,,,,145.69,7145.83,3135.92,20797.95,4547.1,2147.09,3049.3,970.46,2544.68,,11728.53,6.689,26478.77,3284.292,4321.46,19.138,3801.78,6.726,6.7187,7.85,137.39,2.9336,3.1547,3.1182,,28.7,26.82
2022-07-14,0.675,2010.0,95.78,,,99.1,,,108.544,1.0018,1.75,1.1824,1705.8,2.79,321.05,0.74905,1.735,,,,145.92,7125.95,3131.86,20751.21,4587.73,2138.11,3034.9,965.45,2520.92,,11768.4,6.6,26643.39,3281.744,4322.07,18.169,3790.38,6.7612,6.7561,7.8498,138.96,2.9595,3.1321,3.104,,28.7,26.4
2022-07-15,0.6793,2150.0,97.59,,,101.16,,,108.063,1.008,1.75,1.1855,1703.6,2.787,323.45,0.75464,1.73571,,,,145.28,6958.02,3059.43,20297.72,4440.11,2149.81,3050.49,961.85,2568.64,,11983.62,7.016,26788.47,3228.061,4248.53,18.548,3863.16,6.7607,6.7572,7.8499,138.57,2.9152,3.1201,3.0751,,29.97,24.23
2022-07-18,0.6812,2162.0,102.6,,,106.27,,,107.366,1.0143,1.75,1.1953,1710.2,2.785,334.8,0.78542,1.75536,,,,144.32,7168.89,3135.05,20846.18,4574.4,2159.59,3045.73,980.48,2567.68,,11877.5,7.479,,3278.103,4292.59,18.791,3830.85,6.7603,6.7432,7.85,138.14,2.9855,3.1744,3.1551,,29.15,25.3
2022-07-19,0.6897,2145.0,104.22,,,107.35,,,106.682,1.0227,1.75,1.1995,1710.7,2.789,329.15,0.86101,1.80375,,,,145.01,7097.39,3109.86,20661.06,4506.74,2169.06,3039.65,979.94,2628.34,,12249.42,7.264,26961.68,3279.431,4269.34,18.67,3936.69,6.7454,6.7442,7.85,138.19,3.0209,3.2374,3.1746,,28.84,24.5
2022-07-20,0.6888,2113.0,102.26,,,106.92,,,107.076,1.018,1.75,1.1973,1700.2,2.77,332.95,0.92125,1.87851,,,,144.77,7179.07,3141.13,20890.22,4576.86,2183.93,3043.57,986.56,2643.93,,12439.68,8.007,27680.26,3304.724,4283.8,18.639,3959.9,6.7741,6.7558,7.85,138.21,3.0265,3.2272,3.1585,,27.35,23.88
2022-07-21,0.6934,2118.0,96.35,,,103.86,,,106.91,1.023,1.75,1.1995,1713.4,2.763,330.2,0.94506,1.92155,,,,144.63,7099.55,3099.42,20574.63,4582.36,2192.26,3072.4,990.69,2663.84,,12619.41,7.932,27803.0,3272.001,4236.06,18.687,3998.95,6.7707,6.7668,7.849,137.36,2.8747,3.085,3.0423,,27.67,23.11
2022-07-22,0.6929,2146.0,94.7,,,103.2,,,106.73,1.0213,1.75,1.1999,1727.4,2.786,334.85,1.01143,1.9897,,,,144.85,7106.7,3100.82,20609.14,4597.64,2203.07,3098.81,990.37,2650.82,,12396.47,8.299,27914.66,3269.974,4238.23,18.585,3961.63,6.7669,6.7515,7.8485,136.12,2.7504,2.97,2.9717,,26.74,23.03
2022-07-25,0.6955,2114.0,96.7,,,105.15,,,106.483,1.022,1.75,1.2043,1719.1,2.781,335.1,1.06214,2.01786,,,,144.67,7077.09,3087.0,20562.94,4534.34,2205.46,3082.54,987.08,2651.22,,12328.41,8.727,27699.25,3250.388,4212.64,18.294,3966.84,6.7521,6.7509,7.8492,136.69,2.7959,3.0161,3.0162,,26.76,23.36
2022-07-26,0.6939,2061.0,94.98,,,104.4,,,107.189,1.0117,1.75,1.2028,1717.7,2.769,338.25,1.19185,2.0531,,,,143.49,7185.19,3132.28,20905.88,4596.34,2198.97,3078.83,989.92,2624.49,,12086.9,8.993,27655.21,3277.436,4245.98,18.487,3921.05,6.7673,6.7638,7.8493,136.91,2.8068,3.0528,3.0268,,25.29,24.69
2022-07-27,0.6992,2007.0,97.26,,,106.62,,,106.452,1.02,2.5,1.2158,1719.1,2.77,342.95,1.30941,2.14155,,,,143.55,7091.47,3095.08,20670.04,4536.62,2206.61,3087.14,989.89,2675.09,,12601.47,8.687,27715.75,3275.755,4225.04,18.553,4023.61,6.744,6.759,7.8493,136.57,2.7849,2.9979,3.0653,,25.18,23.24
2022-07-28,0.6989,1945.0,96.42,,,107.14,,,106.351,1.0197,2.5,1.218,1750.3,2.769,347.45,1.38435,2.19161,,,,143.75,7082.58,3095.08,20622.68,4552.54,2220.14,3107.92,997.61,2709.82,,12717.87,8.134,27815.48,3282.576,4225.67,19.868,4072.43,6.7445,6.7473,7.8499,134.27,2.6759,2.8622,3.0227,,23.82,22.33
2022-07-29,0.6985,1895.0,98.62,,,110.01,,,105.903,1.022,2.5,1.2171,1762.9,2.765,357.35,1.3306,2.2,,,,144.41,6885.48,3021.28,20156.51,4331.19,2236.84,3114.32,993.78,2746.37,,12947.97,8.229,27801.64,3253.238,4170.1,20.197,4130.29,6.7498,6.7445,7.85,133.27,2.6487,2.8844,3.0097,,24.69,21.33
2022-07-31,,,,2.7,,,8.5,49.0,,,,,,,,,,1.9,,4.3,,,,,,,,,,52.9,,,,,,,,,,,,,,,3.5,,
2022-08-01,0.7023,1872.0,93.89,,,100.03,,,105.45,1.0262,2.5,1.225,1769.0,2.744,354.25,1.31964,2.20768,,,,144.27,6876.71,3013.84,20165.84,4324.03,2243.78,3133.4,995.04,2749.26,,12940.78,8.283,27993.35,3259.958,4188.68,20.362,4118.63,6.7837,6.7688,7.85,131.61,2.5732,2.8701,2.9143,,25.71,22.84
2022-08-02,0.692,1817.0,94.42,,,100.54,,,106.241,1.0166,2.5,1.217,1771.1,2.737,351.85,1.28786,2.2006,,,,144.81,6702.07,2942.97,19689.21,4194.04,2245.37,3097.62,984.32,2728.3,,12901.6,7.706,27594.73,3186.266,4107.02,20.139,4091.19,6.7786,6.7525,7.85,133.17,2.7483,3.0508,3.0065,,28.98,23.93
2022-08-03,0.6948,1731.0,90.66,,,96.78,,,106.506,1.0166,2.5,1.2149,1758.0,2.73,346.7,1.30512,2.20696,,,,144.24,6736.96,2952.32,19767.09,4246.13,2248.28,3117.96,985.81,2755.25,,13253.26,8.266,27741.9,3163.674,4066.98,19.894,4155.17,6.7628,6.758,7.8499,133.86,2.7046,3.0651,2.9453,,26.89,21.95
2022-08-04,0.6971,1603.0,88.54,,,94.12,,,105.693,1.0246,2.5,1.216,1788.5,2.733,348.15,1.43458,2.22083,,,,143.93,6879.69,3008.87,20174.04,4381.12,2256.32,3123.63,994.59,2761.65,,13311.04,8.122,27932.2,3189.039,4101.54,20.122,4151.94,6.7511,6.7493,7.8498,132.89,2.6883,3.0427,2.9653,,25.33,21.44
2022-08-05,0.6911,1560.0,89.01,,,94.92,,,106.621,1.0183,2.5,1.2073,1772.9,2.746,355.2,1.46149,2.22982,,,,144.42,6902.18,3021.91,20201.94,4415.86,2251.5,3086.54,1002.87,2752.06,,13207.69,8.064,28175.87,3227.027,4156.91,19.842,4145.19,6.7659,6.7619,7.8499,135.01,2.8268,3.2257,3.0662,,23.99,21.15
2022-08-08,0.6988,1566.0,90.76,,,96.65,,,106.435,1.0197,2.5,1.2082,1786.8,2.748,358.65,1.50804,2.28661,,,,143.97,6821.52,2998.51,20045.77,4335.54,2258.45,3103.16,1001.79,2758.72,,13159.16,7.589,28249.24,3236.934,4148.08,20.614,4140.06,6.7622,6.7512,7.85,134.95,2.7572,3.2053,2.9847,,24.64,21.29
2022-08-09,0.6966,1564.0,90.5,,,96.31,,,106.374,1.0213,2.5,1.208,1794.0,2.751,358.55,1.54554,2.30958,,,,143.87,6794.77,2992.6,20003.44,4295.24,2250.07,3093.0,1001.69,2743.62,,13008.17,7.833,27999.96,3247.432,4156.29,20.482,4122.47,6.7552,6.7527,7.85,135.05,2.7773,3.2696,2.9895,,23.45,21.77
2022-08-10,0.7089,1592.0,91.93,,,97.4,,,105.196,1.0299,2.5,1.2219,1795.6,2.748,364.95,1.56691,2.32226,,,,144.78,6644.13,2934.53,19610.84,4173.77,2265.13,3101.66,997.2,2803.37,,13378.32,8.202,27819.33,3230.02,4109.74,20.742,4210.24,6.7231,6.7238,7.8466,132.89,2.7809,3.2141,3.0326,,25.54,19.74
2022-08-11,0.7106,1556.0,94.34,,,99.6,,,105.09,1.032,2.5,1.2205,1789.7,2.74,370.65,1.63756,2.35631,,,,144.84,6823.39,3004.11,20082.43,4326.85,2270.44,3086.56,1014.29,2802.23,,13291.99,8.874,,3281.665,4193.54,20.349,4207.27,6.7438,6.7448,7.8444,133.02,2.8876,3.2185,3.1749,,23.81,20.2
2022-08-12,0.7121,1477.0,92.09,,,98.15,,,105.631,1.0259,2.5,1.2138,1798.6,2.743,366.85,1.68375,2.37786,,,,144.3,6857.48,3017.44,20175.62,4350.07,2272.71,3105.21,1016.83,2834.51,,13565.87,8.768,28546.98,3276.888,4191.15,20.698,4280.15,6.738,6.7428,7.8375,133.42,2.8312,3.2422,3.1078,,23.19,19.53
2022-08-15,0.7023,1404.0,89.41,,,95.1,,,106.546,1.016,2.5,1.2055,1781.4,2.667,361.75,1.71815,2.39089,,,,144.72,6814.47,2996.16,20040.86,4308.31,2275.77,3112.17,1015.0,2842.48,,13667.18,8.728,28871.78,3276.087,4185.68,20.272,4297.14,6.8158,6.7735,7.8379,133.32,2.7878,3.1821,3.1013,,23.83,19.95
2022-08-16,0.7022,1387.0,86.53,,,92.34,,,106.5,1.0171,2.5,1.2096,1773.2,2.639,362.45,1.87446,2.44935,,,,144.7,6727.94,2973.75,19830.52,4221.03,2272.05,3109.74,1014.22,2844.42,,13635.21,9.329,28868.91,3277.885,4177.84,20.085,4305.2,6.792,6.7882,7.8415,134.22,2.8041,3.2574,3.0891,,24.31,19.69
2022-08-17,0.6934,1394.0,88.11,,,93.65,,,106.574,1.018,2.5,1.2048,1760.3,2.641,358.35,1.90143,2.49911,,,,145.59,6755.31,2985.17,19922.45,4238.9,2260.42,3088.6,1015.59,2822.87,,13470.86,9.244,29222.77,3292.526,4216.96,19.731,4274.04,6.7942,6.7811,7.8433,135.05,2.8968,3.2848,3.1513,,23.73,19.9
2022-08-18,0.6917,1320.0,90.5,,,96.59,,,107.484,1.0087,2.5,1.193,1755.3,2.624,363.15,1.9,2.50792,,,,145.73,6700.42,2962.52,19763.91,4192.64,2257.47,3092.65,1009.58,2826.41,,13505.99,9.188,28942.14,3277.544,4180.1,19.464,4283.74,6.8031,6.7863,7.8447,135.89,2.8822,3.1974,3.1365,,23.86,19.56
2022-08-19,0.6875,1279.0,90.77,,,96.72,,,108.169,1.0037,2.5,1.1829,1747.6,2.63,366.45,1.85232,2.51691,,,,144.87,6719.88,2970.69,19773.03,4192.31,2245.24,3066.93,1001.46,2787.71,,13242.9,9.336,28930.33,3258.078,4151.07,19.069,4228.48,6.8358,6.8176,7.8453,136.97,2.9721,3.2338,3.212,,23.17,20.6
2022-08-22,0.6877,1270.0,90.23,,,96.48,,,109.046,0.9943,2.5,1.1767,1734.0,2.635,365.15,1.79774,2.52345,,,,145.24,6695.29,2956.84,19656.98,4152.04,2225.53,3051.24,991.9,2736.1,,12890.54,9.68,28794.5,3277.794,4181.4,18.878,4137.99,6.8678,6.8483,7.8465,137.48,3.0146,3.3098,3.2255,,23.47,23.8
2022-08-23,0.6931,1271.0,93.74,,,100.22,,,108.624,0.997,2.5,1.1836,1746.8,2.634,369.55,1.78137,2.54101,,,,145.83,6648.85,2935.78,19503.25,4141.04,2221.0,3048.08,989.54,2730.35,,12881.79,9.193,28452.75,3276.223,4161.08,19.026,4128.73,6.8544,6.835,7.8472,136.77,3.0461,3.2997,3.255,,23.95,24.11
2022-08-24,0.6909,1213.0,94.89,,,101.22,,,108.677,0.9967,2.5,1.1799,1747.8,2.638,364.4,1.80327,2.55512,,,,145.8,6565.69,2894.92,19268.74,4026.45,2221.68,3041.51,985.13,2736.01,,12917.86,9.33,28313.47,3215.203,4082.42,18.907,4140.77,6.8774,6.8595,7.8469,137.12,3.1039,3.3905,3.3123,,24.47,22.82
2022-08-25,0.6981,1123.0,92.52,,,99.34,,,108.47,0.9975,2.5,1.1832,1757.7,2.659,369.9,1.80982,2.57804,,,,144.94,6848.89,2990.69,19968.38,4268.54,2227.42,3062.01,1003.44,2768.48,,13143.58,9.375,28479.01,3246.248,4116.24,19.12,4199.12,6.8515,6.8492,7.8466,136.49,3.0258,3.3661,3.2407,,24.23,21.78
2022-08-26,0.6897,1082.0,93.06,,,100.99,,,108.803,0.9966,2.5,1.1744,1736.1,2.661,369.7,1.80911,2.59887,,,,143.63,6920.99,3018.19,20170.04,4302.17,2221.63,3059.76,1006.5,2694.62,,12605.17,9.296,28641.38,3236.223,4107.55,18.746,4057.66,6.8947,6.8717,7.8467,137.64,3.0409,3.3966,3.192,,24.48,25.56
2022-08-29,0.6903,,97.01,,,105.09,,,108.835,0.9997,2.5,1.1709,1736.6,2.637,361.2,1.82208,2.62,,,,143.4,6872.26,2994.33,20023.22,4249.17,2209.62,3041.56,991.65,2668.79,,12484.32,9.353,27878.96,3240.728,4089.52,18.557,4030.61,6.9155,6.9088,7.8473,138.72,3.1024,3.4232,3.2399,,25.55,26.21
2022-08-30,0.6854,1017.0,91.64,,,99.31,,,108.773,1.0015,2.5,1.1656,1726.9,2.636,354.5,1.8406,2.6297,,,,143.91,6840.17,2983.96,19949.03,4227.43,2194.84,3040.53,992.76,2645.37,,12342.7,9.042,28195.58,3227.22,4075.79,18.159,3986.16,6.9236,6.9114,7.8486,138.79,3.1025,3.4416,3.2155,,24.96,26.21
2022-08-31,0.6842,965.0,89.55,2.5,,96.49,8.3,49.4,108.7,1.0054,2.5,1.1622,1716.9,2.644,351.85,1.86542,2.6528,1.9,,4.1,145.04,6865.12,2986.88,19954.39,4273.68,2185.29,3022.99,994.11,2627.32,53.0,12272.03,9.127,28091.53,3202.138,4078.84,17.762,3955.0,6.9069,6.8904,7.8493,138.96,3.1926,3.4929,3.2926,3.6,24.9,25.87
2022-09-01,0.6788,1002.0,86.61,,,92.36,,,109.691,0.9946,2.5,1.1545,1699.6,2.631,341.45,1.88887,2.68161,,,,145.33,6742.04,2942.3,19597.31,4204.03,2173.04,2996.76,976.14,2610.26,,12274.63,9.262,27661.47,3184.98,4043.74,17.551,3966.85,6.9157,6.907,7.8486,140.21,3.2533,3.4994,3.3609,,26.51,25.56
2022-09-02,0.6812,1086.0,86.87,,,93.02,,,109.534,0.9954,2.5,1.1509,1713.0,2.636,342.15,1.88024,2.70774,,,,146.13,6672.42,2919.17,19452.09,4143.53,2181.59,3009.37,972.02,2605.21,,12098.44,8.786,27650.84,3186.478,4023.61,17.776,3924.26,6.916,6.9,7.8495,140.2,3.1894,3.3873,3.3435,,26.43,25.47
2022-09-05,0.6797,1133.0,,,,95.74,,,109.534,0.9929,2.5,1.1517,,2.628,,1.91036,2.72226,,,,143.59,6577.53,2885.19,19225.7,4063.91,,,967.8,2596.7,,,,27619.61,3199.912,4015.43,,,6.9428,6.934,7.8492,140.6,3.1894,3.3873,3.3435,,27.34,25.99
2022-09-06,0.6735,1114.0,86.88,,,92.83,,,110.214,0.9904,2.5,1.152,1703.4,2.626,346.9,1.92946,2.74595,,,,143.93,6555.8,2885.55,19202.73,4066.83,2176.73,2976.6,965.24,2584.97,,12011.31,8.145,27626.51,3243.447,4052.28,17.795,3908.19,6.9703,6.9545,7.8497,142.8,3.3492,3.5029,3.5011,,26.37,26.91
2022-09-07,0.6769,1133.0,81.94,,,88.0,,,109.84,1.0006,2.5,1.1533,1718.2,2.627,343.8,1.91024,2.75982,,,,144.04,6513.22,2864.26,19044.3,4014.01,2184.49,2997.94,956.51,2614.1,,12259.39,7.842,27430.3,3246.294,4054.98,18.137,3979.87,6.9591,6.9656,7.8498,143.74,3.2635,3.4309,3.4109,,26.68,24.64
2022-09-08,0.6751,1178.0,83.54,,,89.15,,,109.707,0.9997,2.5,1.1504,1710.6,2.628,353.6,1.94691,2.76441,,,,145.11,6436.6,2834.17,18854.62,3974.05,2195.13,2990.84,957.22,2636.17,,12321.19,7.915,28065.28,3235.586,4037.68,18.33,4006.18,6.9615,6.9576,7.8493,144.11,3.317,3.5035,3.475,,26.79,23.61
2022-09-09,0.6841,1213.0,86.79,,,92.84,,,109.003,1.0042,2.5,1.1589,1718.8,2.643,358.1,2.00816,2.78917,,,,144.27,6628.14,2904.5,19362.25,4077.32,2210.12,2996.68,970.29,2682.9,,12588.29,7.996,28214.75,3262.054,4093.79,18.658,4067.36,6.9377,6.9265,7.8488,142.47,3.3097,3.5565,3.4474,,25.44,22.79
2022-09-12,0.6888,1256.0,87.78,,,94.0,,,108.33,1.0122,2.5,1.1683,1730.8,,362.55,,,,,,,,,,,2216.31,2993.33,979.05,2719.01,,12739.72,8.249,28542.11,,,19.755,4110.41,6.9181,,7.8488,142.84,3.3578,3.5714,3.5121,,,23.87
2022-09-13,0.673,1408.0,87.31,,,93.17,,,109.815,0.997,2.5,1.1493,1707.1,2.65,358.1,2.06494,2.79518,,,,144.64,6633.05,2900.71,19326.86,4069.29,2193.51,2979.27,979.91,2619.5,,12033.62,8.284,28614.63,3263.797,4111.11,19.39,3932.69,6.9828,6.9305,7.8498,144.58,3.408,3.756,3.4868,,25.8,27.27
2022-09-14,0.6748,1595.0,88.48,,,94.1,,,109.658,0.9981,2.5,1.1539,1698.2,2.665,354.55,2.09071,2.82899,,,,144.96,6470.65,2836.33,18847.1,3953.37,2186.79,2981.67,962.55,2617.84,,12134.4,9.114,27818.62,3237.542,4065.36,19.471,3946.01,6.973,6.9618,7.8492,143.08,3.4043,3.7881,3.4581,,26.63,26.16
2022-09-15,0.6702,1612.0,85.1,,,90.84,,,109.739,1.0001,2.5,1.1467,1666.8,2.663,352.35,2.17661,2.90042,,,,144.05,6508.99,2844.38,18930.38,3963.31,2176.97,2974.56,958.58,2592.0,,11927.49,8.324,27875.91,3199.919,4027.12,19.175,3901.35,7.0131,6.9946,7.8491,143.52,3.4489,3.8646,3.4662,,25.69,26.27
2022-09-16,0.6716,1553.0,85.11,,,91.35,,,109.764,1.0016,2.5,1.142,1672.8,2.68,356.1,2.35982,2.97875,,,,142.17,6420.66,2808.8,18761.69,3858.46,2165.38,2966.88,944.12,2569.29,,11861.38,7.764,27567.65,3126.398,3932.68,19.296,3873.33,6.9997,6.987,7.8492,142.92,3.4494,3.8671,3.5131,,26.5,26.3
2022-09-19,0.6727,,85.73,,,92.0,,,109.737,1.0024,2.5,1.1431,1667.6,2.676,355.75,2.44625,3.01577,,,,143.41,6338.3,2774.76,18565.97,3778.77,2167.7,2965.08,938.53,2580.55,,11953.27,7.752,,3115.602,3928.0,19.273,3899.89,7.0048,7.005,7.8492,143.21,3.4905,3.9358,3.515,,27.31,25.76
2022-09-20,0.6689,1729.0,84.45,,,90.62,,,110.215,0.9971,2.5,1.1381,1661.0,2.661,354.8,2.54685,3.08464,,,,142.95,6405.38,2803.45,18781.42,3853.98,2163.19,2950.89,946.17,2554.02,,11851.54,7.717,27688.42,3122.406,3932.84,19.102,3855.93,7.0305,7.0183,7.8496,143.75,3.563,3.9665,3.5707,,26.52,27.16
2022-09-21,0.663,1746.0,82.94,,,89.83,,,110.642,0.9837,3.25,1.127,1665.8,2.644,351.2,2.59488,3.15845,,,,143.73,6267.16,2752.13,18444.62,3737.32,2164.81,2963.67,932.08,2516.59,,11637.79,7.779,27313.13,3117.177,3903.74,19.411,3789.93,7.0752,7.0502,7.85,144.06,3.5299,4.0484,3.5023,,27.78,27.99
2022-09-22,0.6645,1720.0,83.49,,,90.46,,,111.353,0.9836,3.25,1.1261,1671.4,2.65,349.85,2.60583,3.18202,,,,143.85,6195.9,2711.69,18147.95,3673.8,2147.84,2924.82,922.61,2489.36,,11501.65,7.089,27153.83,3108.91,3869.34,19.548,3757.99,7.0819,7.0781,7.8495,142.39,3.7138,4.1222,3.6403,,27.77,27.35
2022-09-23,0.6528,1816.0,78.74,,,86.15,,,113.192,0.9687,3.25,1.0859,1645.3,2.68,337.15,2.60952,3.20113,,,,145.1,6114.4,2671.48,17933.27,3589.63,2127.51,2919.16,905.84,2438.5,,11311.24,6.828,,3088.369,3856.02,18.841,3693.23,7.1377,7.1283,7.8494,143.31,3.6846,4.2011,3.6059,,27.93,29.92
2022-09-26,0.6456,1813.0,76.71,,,84.06,,,114.103,0.9609,3.25,1.0689,1623.6,2.701,331.35,2.6106,3.22018,,,,144.37,6137.78,2659.82,17855.14,3647.39,2108.59,2881.35,888.58,2408.44,,11254.11,6.903,26431.55,3051.226,3836.68,18.406,3655.04,7.1739,7.1372,7.8498,144.75,3.9244,4.3406,3.74,,29.89,32.26
2022-09-27,0.6435,1807.0,78.5,,,86.27,,,114.106,0.9594,3.25,1.0733,1626.5,2.693,332.3,2.60988,3.24452,,,,145.13,6150.47,2667.71,17860.31,3667.41,2099.54,2848.35,891.89,2403.88,,11271.75,6.651,26571.87,3093.862,3892.3,18.257,3647.29,7.1794,7.1761,7.85,144.8,3.9451,4.2829,3.8254,,29.49,32.6
2022-09-28,0.6522,1799.0,82.15,,,89.32,,,112.604,0.9735,3.25,1.0889,1660.3,2.708,338.2,2.60881,3.25107,,,,146.49,5958.62,2576.85,17250.88,3526.23,2104.82,2885.05,875.85,2438.78,,11493.83,6.868,26173.98,3045.067,3828.71,18.796,3719.04,7.1624,7.2005,7.8492,144.16,3.7312,4.1349,3.699,,33.18,30.18
2022-09-29,0.65,1757.0,81.23,,,88.49,,,112.254,0.9815,3.25,1.1117,1658.5,2.716,341.8,2.62768,3.28536,,,,148.29,5912.25,2554.68,17165.87,3482.52,2094.77,2864.59,873.29,2401.32,,11164.78,6.874,26422.05,3041.205,3827.14,18.712,3640.47,7.0978,7.1249,7.8499,144.46,3.7856,4.1924,3.7238,,34.76,31.84
2022-09-30,0.64,1760.0,79.49,2.8,4.0,87.96,8.2,50.1,112.117,0.9802,3.25,1.117,1662.4,2.75,341.25,2.61607,3.33327,4.4,-4.9,4.0,148.85,5914.08,2557.39,17222.83,3450.12,2098.5,2864.12,875.79,2378.65,51.1,10971.22,6.766,25937.21,3024.39,3804.89,19.039,3585.62,7.1419,7.116,7.8498,144.74,3.8286,4.2787,3.7759,3.5,32.66,31.62
2022-10-03,0.6516,1788.0,83.63,,,88.86,,,111.745,0.9826,3.25,1.1323,1692.9,,341.0,2.5822,3.35018,,,,150.68,5856.82,2539.34,17079.51,3427.13,2109.72,2898.1,876.15,2429.91,,11229.73,6.47,26215.79,,,20.589,3678.43,7.1046,,7.85,144.55,3.6387,4.1134,3.6783,,33.39,30.1
2022-10-04,0.6501,1865.0,86.52,,,91.8,,,110.065,0.9986,3.25,1.1476,1721.1,,349.0,,,,,,,,,,,2137.34,2909.59,893.65,2511.72,,11582.54,6.837,26992.21,,,21.099,3790.93,7.0416,,7.8494,144.13,3.6329,4.0926,3.6945,,,29.07
2022-10-05,0.6488,1996.0,87.76,,,93.37,,,111.208,0.9884,3.25,1.1326,1711.4,,350.05,2.51964,3.40077,,,,142.67,6224.61,2682.61,18087.97,3685.51,2136.32,2890.88,909.52,2500.07,,11573.18,6.93,27120.53,,,20.544,3783.28,7.0684,,7.85,144.64,3.7528,4.1481,3.7538,,29.43,28.55
2022-10-06,0.6406,1992.0,88.45,,,94.42,,,112.258,0.9791,3.25,1.1162,1711.7,,344.6,2.48363,3.45571,,,,143.75,6185.58,2668.42,18012.15,3660.72,2139.37,2886.68,910.57,2478.42,,11485.5,6.972,27311.3,,,20.66,3744.52,7.0837,,7.8499,145.14,3.8236,4.2558,3.7838,,29.13,30.52
2022-10-07,0.6375,1961.0,92.64,,,97.92,,,112.795,0.9744,3.25,1.1086,1700.5,,338.65,2.44637,3.52917,,,,145.94,6074.65,2621.32,17740.05,3539.87,2128.3,2868.46,897.74,2417.72,,11039.47,6.748,27116.11,,,20.255,3639.66,7.1336,,7.8499,145.25,3.8814,4.3078,3.8417,,29.94,31.36
2022-10-10,0.6303,1944.0,91.13,,,96.19,,,113.144,0.9702,3.25,1.1055,1667.3,2.726,343.05,2.42048,3.55857,,,,147.79,5880.71,2543.24,17216.66,3398.88,,,884.81,2395.61,,10926.97,6.435,,2974.146,3720.94,19.615,3612.39,7.1536,7.1554,7.8498,145.72,3.8814,4.3078,3.8417,,33.42,32.45
2022-10-11,0.6272,1904.0,89.35,,,94.29,,,113.221,0.9708,3.25,1.0968,1678.7,2.746,346.2,2.3981,3.60333,,,,149.14,5729.58,2490.61,16832.36,3278.24,2109.39,2846.92,864.66,2376.29,,10791.35,6.596,26401.25,2979.792,3727.69,19.487,3588.84,7.1733,7.1687,7.85,145.86,3.947,4.3058,3.9223,,35.99,33.63
2022-10-12,0.6278,1873.0,87.27,,,92.45,,,113.32,0.9703,3.25,1.11,1670.3,2.73,342.5,2.42988,3.62292,,,,151.44,5692.42,2474.26,16701.03,3269.54,2107.06,2845.02,865.34,2367.69,,10785.62,6.435,26396.83,3025.506,3784.31,18.938,3577.03,7.175,7.1748,7.85,146.91,3.8962,4.2911,3.8744,,36.22,33.57
2022-10-13,0.6298,1818.0,89.11,,,94.57,,,112.363,0.9776,3.25,1.1326,1670.0,2.729,344.05,2.47125,3.68506,,,,151.95,5560.8,2431.0,16389.11,3157.75,2103.0,2833.83,854.53,2411.69,,11033.58,6.741,26237.42,3016.356,3752.67,18.918,3669.91,7.1773,7.1695,7.8497,147.12,3.9435,4.4635,3.9164,,37.72,31.94
2022-10-14,0.6199,1838.0,85.61,,,91.63,,,113.311,0.9722,3.25,1.1172,1641.7,2.702,342.35,2.51613,3.81536,,,,152.18,5629.3,2465.72,16587.69,3206.63,2104.66,2821.86,863.33,2376.64,,10692.06,6.453,27090.76,3071.987,3842.47,18.071,3583.07,7.2203,7.1925,7.85,148.67,4.0184,4.4959,3.9916,,36.35,32.02
2022-10-17,0.6291,1843.0,85.46,,,91.62,,,112.039,0.9841,3.25,1.1358,1657.0,2.704,341.55,2.56619,3.95089,,,,150.84,5633.23,2469.06,16612.9,3200.12,2116.38,2824.85,865.77,2431.84,,11062.53,5.999,26775.79,3084.942,3846.41,18.719,3677.95,7.2091,7.1965,7.85,149.04,4.0104,4.4433,4.0204,,35.82,31.37
2022-10-18,0.6309,1875.0,82.82,,,90.03,,,112.13,0.9858,3.25,1.132,1649.0,2.703,336.2,2.63316,4.04488,,,,149.04,5756.31,2519.37,16914.58,3336.25,2127.06,2834.44,879.07,2457.86,,11147.74,5.745,27156.14,3080.958,3838.27,18.6,3719.98,7.2241,7.2023,7.8496,149.26,4.0066,4.4286,4.0297,,33.66,30.5
2022-10-19,0.627,1871.0,85.55,,,92.41,,,112.984,0.9773,3.25,1.1219,1627.5,2.71,331.8,2.73214,4.11869,,,,149.14,5597.79,2461.14,16511.28,3196.58,2116.1,2808.53,865.91,2439.3,,11103.38,5.462,27257.38,3044.378,3776.53,18.359,3695.16,7.2683,7.2287,7.8499,149.9,4.1335,4.5563,4.1249,,33.5,30.76
2022-10-20,0.6281,1837.0,85.98,,,92.38,,,112.881,0.9786,3.25,1.1235,1630.8,2.719,341.05,2.84792,4.15071,,,,148.93,5512.3,2425.12,16280.22,3120.83,2111.63,2791.75,864.76,2429.26,,11046.71,5.358,27006.96,3035.05,3754.93,18.689,3665.78,7.2536,7.2145,7.8492,150.15,4.2283,4.61,4.2191,,35.33,29.98
2022-10-21,0.6379,1819.0,85.05,,,93.5,,,112.012,0.9862,3.25,1.1303,1651.0,2.739,347.45,2.95643,4.24214,,,,148.31,5517.44,2421.73,16211.12,3101.37,2110.6,2787.56,865.04,2462.42,,11310.33,4.959,26890.58,3038.929,3742.89,19.066,3752.75,7.2299,7.2306,7.8495,147.65,4.2167,4.4723,4.3335,,35.1,29.69
2022-10-24,0.6312,1797.0,84.58,,,93.26,,,111.989,0.9874,3.25,1.1278,1648.7,2.72,343.05,3.01685,4.31756,,,,152.66,5114.48,2265.54,15180.69,2801.99,2116.54,2789.29,842.76,2493.06,,11430.26,5.199,26974.9,2977.555,3633.37,19.189,3797.34,7.3264,7.263,7.8499,148.91,4.2424,4.5046,4.3784,,43.12,29.85
2022-10-25,0.6394,1755.0,85.32,,,93.52,,,110.95,0.9966,3.25,1.1472,1652.8,2.73,339.7,3.06566,4.38506,,,,150.65,5180.31,2269.02,15165.59,2884.79,2128.01,2820.06,844.51,2537.54,,11669.99,5.613,27250.28,2976.283,3627.45,19.349,3859.11,7.314,7.2687,7.85,147.93,4.1021,4.4771,4.2575,,41.21,28.46
2022-10-26,0.6497,1706.0,87.91,,,95.69,,,109.7,1.0081,3.25,1.1625,1664.0,2.71,354.5,3.0806,4.41476,,,,152.47,5217.54,2299.99,15317.67,2956.41,2139.09,2834.4,851.81,2535.68,,11405.9,5.606,27431.84,2999.504,3656.9,19.486,3830.6,7.1875,7.173,7.8499,146.37,4.0028,4.4039,4.138,,38.6,27.28
2022-10-27,0.6452,1612.0,89.08,,,96.96,,,110.587,0.9964,3.25,1.1565,1660.7,2.701,351.95,3.08125,4.47982,,,,150.94,5242.86,2312.86,15427.94,2989.18,2151.33,2849.1,859.46,2523.59,,11191.63,5.186,27345.24,2982.903,3631.15,19.494,3807.3,7.2525,7.229,7.8496,146.29,3.9187,4.2741,4.0832,,36.58,27.39
2022-10-28,0.6411,1534.0,87.9,,,95.77,,,110.752,0.9965,3.25,1.1615,1644.8,2.675,342.9,3.11726,4.55351,,,,152.42,5028.98,2225.13,14863.06,2822.92,2162.16,2842.54,845.58,2561.04,,11546.21,5.684,27105.2,2915.926,3541.33,19.147,3901.06,7.2672,7.2524,7.8486,147.6,4.0123,4.4142,4.1414,,39.7,25.75
2022-10-31,0.6399,1463.0,86.53,2.1,,94.83,7.7,49.2,111.527,0.9882,3.25,1.1469,1640.7,2.648,337.5,3.17339,4.58536,1.8,,3.8,154.54,4938.56,2194.36,14687.02,2852.57,2153.03,2834.5,848.16,2547.72,50.3,11405.57,6.355,27587.46,2893.483,3508.7,19.119,3871.98,7.3363,7.305,7.8497,148.71,4.0478,4.4824,4.1639,3.6,39.47,25.88
2022-11-01,0.6395,1377.0,88.37,,,94.65,,,111.481,0.9877,3.25,1.1484,1649.7,2.665,347.25,3.20893,4.63238,,,,153.45,5209.6,2310.17,15455.27,3075.16,2155.13,2845.4,867.58,2546.4,,11288.95,5.714,27678.92,2969.199,3634.17,19.667,3856.1,7.3084,7.2775,7.8498,148.27,4.0419,4.5447,4.0919,,38.03,25.81
2022-11-02,0.6351,1321.0,90.0,,,96.16,,,111.345,0.9818,4.0,1.1392,1650.0,2.689,346.85,3.20845,4.68399,,,,150.92,5355.03,2369.54,15827.17,3156.59,2153.49,2842.88,873.02,2499.79,,10906.34,6.268,27663.39,3003.37,3677.81,19.594,3759.69,7.343,7.29,7.8497,147.9,4.1005,4.6197,4.1405,,36.57,25.86
2022-11-03,0.6289,1290.0,88.17,,,94.67,,,112.93,0.9749,4.0,1.116,1630.9,2.678,342.7,3.20714,4.72714,,,,152.31,5170.51,2303.74,15339.49,3035.39,2133.15,2828.69,860.9,2467.89,,10690.6,5.975,,2997.806,3647.9,19.43,3719.89,7.3317,7.3015,7.8498,148.26,4.1469,4.7138,4.1812,,37.05,25.3
2022-11-04,0.647,1323.0,92.61,,,98.57,,,110.877,0.9957,4.0,1.1379,1676.6,2.706,368.65,3.19196,4.76714,,,,151.04,5482.52,2425.02,16161.14,3264.23,2135.57,2825.83,884.98,2507.22,,10857.03,6.4,27199.74,3070.796,3767.18,20.784,3770.55,7.1865,7.1851,7.8497,146.62,4.1584,4.6584,4.2463,,37.74,24.55
2022-11-07,0.6479,1337.0,91.79,,,97.92,,,110.12,1.002,4.0,1.1514,1680.5,2.705,360.35,3.19155,4.77774,,,,147.98,5636.21,2495.51,16595.91,3396.64,2139.36,2821.36,897.36,2533.64,,10977.0,6.944,27527.64,3077.817,3775.3,20.919,3806.8,7.2298,7.2312,7.8498,146.63,4.2135,4.7217,4.319,,37.67,24.35
2022-11-08,0.6507,1356.0,88.91,,,95.36,,,109.636,1.0074,4.0,1.1544,1716.0,2.688,368.25,3.15321,4.79827,,,,147.86,5602.61,2487.0,16557.31,3343.76,2138.8,2835.25,900.02,2554.87,,11059.5,6.138,27872.11,3064.493,3749.33,21.502,3828.11,7.2302,7.231,7.8499,145.68,4.1234,4.6506,4.2749,,36.16,25.54
2022-11-09,0.6431,1393.0,85.83,,,92.65,,,110.549,1.0011,4.0,1.1358,1713.7,2.693,370.0,3.06524,4.81429,,,,147.58,5534.76,2459.32,16358.52,3280.48,2127.31,2836.88,900.32,2509.77,,10797.55,5.865,27716.43,3048.167,3714.27,21.327,3748.57,7.2741,7.241,7.8494,146.47,4.0923,4.5795,4.2684,,34.94,26.09
2022-11-10,0.6619,1390.0,86.47,,,93.67,,,108.206,1.0209,4.0,1.1716,1753.7,2.696,375.8,3.04315,4.82083,,,,149.84,5417.13,2414.34,16081.04,3172.76,2161.2,2899.89,889.6,2636.55,,11605.96,6.239,27446.1,3036.132,3685.69,21.702,3956.37,7.1521,7.1865,7.8443,140.98,3.8125,4.3321,4.0508,,35.92,23.53
2022-11-11,0.6703,1355.0,88.96,,,95.99,,,106.292,1.0347,4.0,1.183,1769.4,2.741,391.35,3.00583,4.87333,,,,146.7,5867.31,2594.71,17325.66,3491.7,,,935.73,2674.08,,11817.01,5.879,28263.57,3087.292,3788.44,21.667,3992.93,7.092,7.0973,7.8364,138.81,3.8125,4.3321,4.0153,,37.32,22.52
2022-11-14,0.6702,1325.0,85.87,,,93.14,,,106.66,1.0327,4.0,1.1756,1776.9,2.842,383.35,3.02512,4.97333,,,,146.05,5979.8,2647.71,17619.71,3554.39,2172.36,2903.48,939.78,2653.94,,11700.94,5.933,27963.47,3083.401,3794.02,22.113,3957.25,7.0417,7.069,7.8361,139.89,3.8536,4.3888,4.0361,,37.97,23.73
2022-11-15,0.6756,1300.0,86.92,,,93.86,,,106.404,1.0349,4.0,1.1865,1776.8,2.826,382.0,3.07452,5.00964,,,,143.47,6269.29,2755.98,18343.12,3813.86,2182.26,2929.51,960.64,2678.23,,11871.15,6.034,27990.17,3134.078,3865.97,21.518,3991.73,7.0484,7.0455,7.8193,139.28,3.7696,4.3382,3.9606,,38.58,24.54
2022-11-16,0.6741,1288.0,85.59,,,92.86,,,106.281,1.0395,4.0,1.1914,1775.8,2.837,377.35,3.29714,5.05375,,,,142.93,6225.71,2744.0,18256.48,3805.25,2182.93,2951.49,954.31,2657.58,,11699.09,6.2,28028.3,3119.98,3834.39,21.524,3958.79,7.1078,7.0982,7.8243,139.5,3.6899,4.3549,3.8395,,37.97,24.11
2022-11-17,0.6685,1228.0,81.64,,,89.78,,,106.694,1.0362,4.0,1.1864,1763.0,2.796,368.8,3.57083,5.11071,,,,143.05,6140.57,2714.17,18045.66,3721.61,2174.18,2937.32,942.36,2642.34,,11676.86,6.369,27930.57,3115.435,3818.66,20.975,3946.56,7.1478,7.1578,7.8262,140.2,3.7657,4.452,3.8751,,36.79,23.93
2022-11-18,0.6673,1189.0,80.08,,,87.62,,,106.93,1.0325,4.0,1.189,1754.4,2.83,363.2,3.59185,5.11583,,,,144.16,6125.4,2702.19,17992.54,3742.7,2176.38,2935.73,943.01,2658.9,,11677.02,6.303,27899.77,3097.243,3801.57,20.997,3965.34,7.1264,7.1198,7.8219,140.37,3.8288,4.5329,3.926,,34.86,23.12
2022-11-21,0.6605,1177.0,79.73,,,87.45,,,107.835,1.0242,4.0,1.1823,1739.6,2.826,357.15,3.64506,5.14762,,,,143.42,6001.9,2655.4,17655.91,3631.97,2178.14,2939.45,931.05,2640.44,,11553.45,6.776,27944.79,3085.044,3769.13,20.872,3949.94,7.1799,7.1653,7.8035,142.14,3.8269,4.5523,3.8961,,34.8,22.36
2022-11-22,0.6649,1149.0,80.95,,,88.36,,,107.222,1.0304,4.0,1.1886,1739.9,2.834,361.45,3.8897,5.17661,,,,144.26,5901.22,2619.45,17424.41,3515.37,2186.27,2957.03,927.41,2675.46,,11724.84,6.779,28115.74,3088.943,3769.57,21.049,4003.58,7.1367,7.1399,7.8168,141.23,3.7559,4.5145,3.8248,,32.82,21.29
2022-11-23,0.6733,1184.0,77.94,,,85.41,,,106.076,1.0397,4.0,1.2055,1745.6,2.795,361.8,3.97024,5.19042,,,,144.51,5945.11,2633.15,17523.81,3555.02,2196.99,2977.34,932.3,2697.39,,11838.72,7.308,,3096.907,3773.53,21.367,4027.26,7.1538,7.1605,7.8182,139.6,3.6927,4.4773,3.7276,,31.2,20.35
2022-11-24,0.6764,1242.0,,,,85.34,,,106.076,1.041,4.0,1.2113,,2.812,,4.05024,5.20066,,,,142.39,5992.35,2656.39,17660.9,3582.95,,,945.57,2706.01,,,,28383.09,3089.31,3756.81,,,7.1694,7.152,7.8083,138.54,3.6927,4.4773,3.7276,,30.33,20.42
2022-11-25,0.6751,1324.0,76.28,,,83.63,,,105.959,1.0395,4.0,1.2092,1754.0,2.839,362.75,4.10958,5.22089,,,,142.71,5971.1,2641.36,17573.58,3500.31,2199.33,2979.72,941.01,2703.67,,11756.03,7.024,28283.03,3101.693,3775.78,21.43,4026.12,7.194,7.165,7.8134,139.19,3.6776,4.4526,3.7326,,29.66,20.5
2022-11-28,0.665,1347.0,77.24,,,83.19,,,106.681,1.034,4.0,1.1959,1740.3,2.87,361.15,4.12946,5.22911,,,,143.2,5872.38,2604.9,17297.94,3432.86,2191.07,2975.33,930.77,2668.44,,11587.75,6.712,28162.83,3078.549,3733.24,20.915,3963.94,7.2474,7.2069,7.8138,138.95,3.6812,4.4381,3.7208,,32.46,22.21
2022-11-29,0.6688,1327.0,78.2,,,83.03,,,106.822,1.033,4.0,1.1952,1748.4,2.906,363.0,4.38458,5.27018,,,,141.37,6236.72,2735.03,18204.68,3695.8,2188.74,2961.05,952.94,2663.25,,11503.45,7.235,28027.84,3149.748,3848.42,21.204,3957.63,7.1406,7.1593,7.8105,138.63,3.7441,4.4732,3.8015,,34.32,21.89
2022-11-30,0.6788,1355.0,80.55,1.6,,85.43,7.1,48.0,105.95,1.0406,4.0,1.2058,1746.0,2.922,372.95,4.43833,5.3075,1.8,,3.6,139.83,6374.44,2796.04,18597.23,3798.19,2199.76,2981.28,972.29,2720.89,49.0,12030.06,6.93,27968.99,3151.335,3853.04,21.55,4080.11,7.0457,7.0924,7.8098,138.07,3.6054,4.3102,3.7359,3.6,34.51,20.58
2022-12-01,0.6811,1338.0,81.22,,,86.88,,,104.728,1.052,4.0,1.2247,1801.1,2.902,381.4,4.83881,5.31869,,,,141.39,6384.9,2811.54,18736.44,3839.27,2218.79,3018.26,978.3,2741.08,,12041.89,6.738,28226.08,3165.471,3894.77,22.637,4076.57,7.0385,7.0534,7.7798,135.33,3.5048,4.2276,3.5982,,33.54,19.84
2022-12-02,0.679,1324.0,79.98,,,85.57,,,104.545,1.0535,4.0,1.228,1795.9,2.911,384.8,4.91601,5.34875,,,,142.13,6368.74,2801.65,18675.35,3878.81,2220.0,3031.11,973.85,2733.03,,11994.26,6.281,27777.9,3156.144,3870.95,23.038,4071.7,7.021,7.0535,7.7887,134.31,3.4862,4.2717,3.5478,,32.55,19.06
2022-12-05,0.6698,1323.0,76.93,,,82.68,,,105.289,1.0491,4.0,1.219,1767.4,2.924,378.95,5.00566,5.38887,,,,141.76,6706.29,2931.7,19518.29,4238.2,2214.66,3009.59,984.26,2696.3,,11786.8,5.577,27820.4,3211.814,3946.88,22.199,3998.84,6.975,6.9625,7.768,136.75,3.5736,4.3874,3.5842,,34.36,20.75
2022-12-06,0.6688,1340.0,74.25,,,79.35,,,105.578,1.0467,4.0,1.2133,1769.3,2.945,381.15,5.08208,5.41691,,,,142.06,6652.95,2919.83,19441.18,4161.21,2208.46,3024.8,972.93,2662.07,,11549.69,5.469,27885.87,3212.533,3968.2,22.123,3941.26,6.9807,6.995,7.7764,137.0,3.5314,4.3664,3.5421,,32.26,22.17
2022-12-07,0.6725,1373.0,72.01,,,77.17,,,105.1,1.0506,4.0,1.2203,1785.5,2.912,385.55,5.01982,5.40571,,,,145.83,6432.95,2829.62,18814.82,4004.31,2208.3,3049.22,958.77,2654.34,,11497.39,5.723,27686.4,3199.619,3958.44,22.71,3933.92,6.9619,6.97,7.7922,136.62,3.4169,4.2561,3.4317,,31.92,22.68
2022-12-08,0.6769,1385.0,71.46,,,76.15,,,104.774,1.0556,4.0,1.2234,1788.7,2.919,388.05,4.99077,5.39554,,,,142.58,6666.77,2934.09,19450.23,4270.21,2212.11,3044.87,969.21,2670.27,,11637.5,5.962,27574.43,3197.35,3959.18,23.063,3963.51,6.9613,6.9674,7.7861,136.67,3.4819,4.3077,3.4309,,31.01,22.29
2022-12-09,0.6795,1386.0,71.02,,,76.1,,,104.81,1.054,4.0,1.2259,1798.1,2.921,387.6,4.88792,5.39929,,,,141.3,6834.21,3001.77,19900.87,4369.53,2215.7,3023.18,978.28,2662.86,,11563.33,6.245,27901.01,3206.95,3998.24,23.535,3934.38,6.9643,6.9584,7.7863,136.56,3.5783,4.3443,3.559,,31.68,22.83
2022-12-12,0.6745,1361.0,73.17,,,77.99,,,105.131,1.0537,4.0,1.2269,1780.5,2.922,379.85,4.88756,5.40768,,,,140.22,6628.3,2938.69,19463.63,4192.67,2218.93,3024.01,963.58,2683.56,,11706.44,6.587,27842.33,3179.042,3953.44,23.22,3990.56,6.9898,6.9776,7.7763,137.67,3.6113,4.3754,3.5719,,32.41,25.0
2022-12-13,0.6855,1357.0,75.39,,,80.68,,,103.98,1.0633,4.0,1.2366,1813.9,2.931,383.95,4.9381,5.40768,,,,141.32,6654.85,2955.17,19596.2,4223.2,2234.47,3044.13,965.25,2715.49,,11834.21,6.935,27954.85,3176.325,3945.68,23.801,4019.65,6.9639,6.9517,7.7738,135.59,3.5012,4.2183,3.5331,,32.35,22.55
2022-12-14,0.6864,1401.0,77.28,,,82.7,,,103.77,1.0682,4.5,1.2426,1807.5,2.895,387.5,4.9672,5.40768,,,,141.41,6702.36,2967.62,19673.45,4237.66,2236.11,3049.29,973.71,2705.31,,11740.92,6.43,28156.21,3176.525,3954.89,23.946,3995.32,6.943,6.9501,7.773,135.48,3.4774,4.2095,3.5331,,29.79,21.14
2022-12-15,0.6703,1528.0,76.11,,,81.21,,,104.558,1.0628,4.5,1.2178,1777.2,2.916,376.3,4.84714,5.40714,,,,141.2,6591.46,2921.02,19368.59,4136.42,2225.82,3050.22,960.22,2636.91,,11345.22,6.97,28051.7,3168.648,3951.99,23.128,3895.75,6.9913,6.9738,7.7767,137.78,3.4463,4.2362,3.4947,,28.26,22.83
2022-12-16,0.6685,1560.0,74.29,,,79.04,,,104.701,1.0586,4.5,1.2148,1790.0,2.914,376.15,4.80577,5.40786,,,,141.06,6634.75,2934.62,19450.67,4149.22,2216.33,3039.66,957.3,2606.01,,11243.72,6.6,27527.12,3167.858,3954.23,23.151,3852.36,6.9774,6.974,7.784,136.6,3.4822,4.1783,3.5451,,28.11,22.62
2022-12-19,0.67,1548.0,75.19,,,79.8,,,104.721,1.0607,4.5,1.2149,1787.7,2.887,378.3,4.75143,5.37607,,,,140.53,6604.62,2910.8,19352.81,4125.06,2209.3,3017.37,957.64,2585.89,,11084.59,5.851,27237.64,3107.115,3893.22,23.029,3817.66,6.9861,6.9797,7.7814,136.91,3.5846,4.2557,3.6347,,28.54,22.42
2022-12-20,0.6678,1596.0,76.09,,,79.99,,,103.965,1.0624,4.5,1.2183,1815.9,2.896,379.75,4.71798,5.3547,,,,140.51,6472.29,2865.26,19094.8,3996.36,2202.68,2993.57,951.08,2592.86,,11072.42,5.326,26568.03,3073.766,3829.02,24.094,3821.62,6.9614,6.9619,7.7874,131.73,3.6825,4.2532,3.7407,,28.57,21.48
2022-12-21,0.6707,1723.0,78.29,,,82.2,,,104.162,1.0605,4.5,1.2082,1815.9,2.894,380.6,4.64827,5.23643,,,,139.87,6500.18,2879.72,19160.49,4024.84,2213.3,3001.71,952.98,2626.92,,11235.88,5.332,26387.72,3068.41,3830.54,24.035,3878.44,6.9864,6.9818,7.7969,132.46,3.662,4.2127,3.7137,,27.34,20.07
2022-12-22,0.667,1650.0,77.49,,,80.98,,,104.433,1.0596,4.5,1.2038,1787.0,2.877,375.15,4.50381,5.12036,,,,138.5,6716.32,2952.3,19679.22,4210.53,2207.95,3000.99,964.06,2595.25,,10956.14,4.999,26507.87,3054.431,3836.03,23.476,3822.39,7.0096,6.9854,7.7947,132.35,3.6786,4.2714,3.739,,28.32,21.97
2022-12-23,0.6721,1515.0,79.56,,,83.92,,,104.314,1.0617,4.5,1.2053,1795.9,2.866,380.3,4.46268,5.0447,,,,139.19,6642.9,2938.74,19593.06,4124.33,2206.64,2989.57,954.78,2605.19,,10985.45,5.079,26235.25,3045.866,3828.22,23.764,3844.82,7.0031,6.99,7.8051,132.91,3.7472,4.3211,3.8235,,28.43,20.87
2022-12-26,0.6727,,,,,,,,,1.0637,4.5,1.2062,,2.851,,,,,,,139.33,,,,,,,956.48,2605.48,,,,26405.87,3065.563,3843.49,,,6.9758,6.9627,7.8068,132.88,3.7472,4.3211,3.8235,,,
2022-12-27,0.6732,,79.53,,,84.33,,,104.179,1.064,4.5,1.2025,1814.8,2.877,383.35,,,,,,141.2,,,,,2202.3,2967.48,959.39,2600.94,,10822.51,5.282,26447.87,3095.568,3887.85,24.04,3829.25,6.9668,6.9601,7.8006,133.49,3.8411,4.3741,3.9275,,,21.65
2022-12-28,0.6737,,78.96,,,83.26,,,104.463,1.0612,4.5,1.2018,1807.9,2.871,383.2,4.41875,5.0281,,,,137.71,6772.76,2986.26,19898.91,4212.44,2186.17,2962.1,960.18,2575.16,,10679.34,4.709,26340.5,3087.4,3871.26,23.663,3783.22,6.997,6.9819,7.7949,134.47,3.8827,4.3512,3.9702,,29.37,22.14
2022-12-29,0.6778,,78.4,,,82.26,,,103.836,1.0661,4.5,1.2055,1826.0,2.848,382.4,4.37554,5.02446,,,,137.88,6695.57,2964.17,19741.14,4107.43,2185.11,2974.4,957.45,2611.98,,10951.05,4.559,26093.67,3073.702,3856.7,24.25,3849.28,6.9737,6.9643,7.7962,133.03,3.8145,4.3615,3.8983,,29.18,21.44
2022-12-30,0.6813,,80.26,,3.0,85.91,,,103.522,1.0705,4.5,1.2083,1826.2,2.839,381.05,4.34643,4.99351,,-4.3,,138.39,6704.94,2974.18,19781.41,4128.79,2186.03,2968.2,956.38,2602.69,,10939.76,4.475,26094.5,3089.258,3871.63,24.04,3839.5,6.922,6.8986,7.8016,131.12,3.8748,4.4258,3.963,,28.76,21.67
2022-12-31,,,,1.8,,,6.5,47.0,,,,,,,,,,2.0,,3.5,,,,,,,,,,48.0,,,,,,,,,,,,,,,3.5,,
2023-01-02,0.6802,,,,,85.91,,,,1.0667,4.5,1.2046,,,,,,,,,,,,,,,,956.12,2607.25,,,,,,,,,6.927,,7.8065,130.8,3.8748,4.4258,3.963,,,
2023-01-03,0.6727,1250.0,76.93,,,82.1,,,104.518,1.0548,4.5,1.1968,1846.1,2.829,376.65,4.21054,4.95286,,,,137.84,6833.98,3031.75,20145.29,4233.37,2197.23,2978.36,962.57,2600.91,,10862.64,3.988,,3116.512,3887.9,24.236,3824.14,6.9237,6.915,7.8134,131.02,3.7389,4.3699,3.8389,,30.29,22.9
2023-01-04,0.6839,1176.0,72.84,,,77.84,,,104.248,1.0604,4.5,1.2055,1859.0,2.818,374.05,3.86405,4.65036,,,,136.53,7065.53,3125.67,20793.11,4427.17,2209.96,2994.08,974.22,2624.35,,10914.8,4.172,25716.86,3123.516,3892.95,23.964,3852.97,6.8995,6.8973,7.8168,132.63,3.6827,4.3534,3.7975,,29.61,22.01
2023-01-05,0.6752,1146.0,73.67,,,78.69,,,105.042,1.0522,4.5,1.1908,1840.6,2.837,382.1,3.57744,4.43,,,,137.17,7172.43,3160.63,21052.17,4494.22,2210.55,2993.29,984.0,2594.69,,10741.22,3.72,25820.8,3155.216,3968.58,23.424,3808.1,6.8884,6.8804,7.814,133.41,3.7181,4.4576,3.7941,,29.29,22.46
2023-01-06,0.6877,1130.0,73.77,,,78.57,,,103.879,1.0644,4.5,1.2093,1869.7,2.835,391.1,3.52316,4.44655,,,,137.02,7143.64,3153.8,20991.64,4431.12,2234.74,3027.43,988.68,2649.76,,11040.35,3.71,25973.85,3157.636,3980.89,23.982,3895.08,6.8303,6.828,7.8072,132.08,3.558,4.2474,3.6874,,28.02,21.13
2023-01-09,0.6912,1139.0,74.63,,,79.65,,,103.001,1.073,4.5,1.2184,1877.8,2.842,402.65,3.53905,4.39631,,,,137.0,7286.07,3219.18,21388.34,4570.72,2247.61,3040.97,1013.5,2663.17,,11108.45,3.91,,3176.084,4013.12,23.871,3892.09,6.7821,6.7719,7.8038,131.88,3.5321,4.2077,3.6599,,27.87,21.97
2023-01-10,0.6889,1096.0,75.12,,,80.1,,,103.236,1.0733,4.5,1.2154,1876.5,2.872,407.75,3.52333,4.31619,,,,136.62,7263.63,3210.55,21331.46,4558.58,2247.46,3028.97,1014.02,2671.2,,11205.78,3.639,26175.56,3169.507,4017.47,23.665,3919.25,6.7847,6.7795,7.8088,132.26,3.6188,4.2472,3.7539,,26.33,20.58
2023-01-11,0.6904,1043.0,77.41,,,82.67,,,103.188,1.0757,4.5,1.2146,1878.9,2.874,416.6,3.35863,4.2028,,,,136.24,7310.92,3222.79,21436.05,4547.12,2256.78,3052.29,1016.85,2700.75,,11402.52,3.671,26446.0,3161.838,4010.03,23.481,3969.61,6.7678,6.765,7.8133,132.45,3.5392,4.2179,3.6715,,24.82,21.09
2023-01-12,0.6969,976.0,78.39,,,84.03,,,102.246,1.0853,4.5,1.221,1898.8,2.876,419.65,3.18196,4.11363,,,,135.7,7311.84,3223.83,21514.1,4487.07,2267.78,3079.12,1018.31,2720.09,,11459.61,3.695,26449.82,3163.451,4017.87,24.004,3983.17,6.7266,6.7295,7.8087,129.25,3.44,4.1447,3.5768,,24.7,18.83
2023-01-13,0.6968,946.0,79.86,,,85.28,,,102.204,1.083,4.5,1.2227,1921.7,2.898,421.6,3.18018,4.08298,,,,135.89,7391.18,3266.33,21738.66,4554.78,2269.98,3069.92,1029.84,2735.72,,11541.48,3.419,26119.52,3195.306,4074.38,24.372,3999.09,6.7139,6.701,7.8098,127.87,3.5035,4.2321,3.6103,,22.67,18.35
2023-01-16,0.6955,946.0,,,,84.46,,,102.204,1.0822,4.5,1.2194,,2.919,,3.19946,3.98381,,,,135.34,7350.34,3269.64,21746.72,4506.72,,,1030.91,2735.88,,,,25822.32,3227.592,4137.96,,,6.7427,6.7382,7.8107,128.58,3.5035,4.2321,3.6103,,22.77,19.49
2023-01-17,0.6988,921.0,80.18,,,85.92,,,102.39,1.0788,4.5,1.2286,1909.9,2.906,422.3,3.20696,3.94089,,,,135.24,7314.04,3244.15,21577.64,4500.54,2271.12,3068.08,1027.38,2736.45,,11557.19,3.586,26138.68,3224.245,4137.24,24.068,3990.97,6.7698,6.7719,7.8166,128.12,3.5476,4.2047,3.6606,,22.67,19.36
2023-01-18,0.6943,874.0,79.48,,,84.98,,,102.363,1.0794,4.5,1.2348,1907.0,2.914,423.45,3.1778,3.88589,,,,134.82,7340.73,3259.3,21678.0,4524.67,2278.14,3100.35,1030.06,2713.54,,11410.29,3.311,26791.12,3224.406,4130.31,23.647,3928.86,6.7691,6.7578,7.8248,128.9,3.3698,4.0825,3.5378,,22.01,20.34
2023-01-19,0.691,801.0,80.33,,,86.16,,,102.058,1.0833,4.5,1.2391,1923.9,2.914,423.15,3.02345,3.79774,,,,134.65,7312.76,3257.66,21650.98,4449.91,2265.99,3090.42,1027.91,2685.32,,11295.67,3.275,26405.23,3240.279,4156.01,23.87,3898.85,6.7707,6.7755,7.8301,128.43,3.3915,4.1264,3.5613,,22.28,20.52
2023-01-20,0.6963,763.0,81.31,,,87.63,,,102.012,1.0856,4.5,1.2397,1928.2,2.928,425.15,2.95488,3.75839,,,,133.62,7483.58,3318.17,22044.65,4568.79,2262.87,3072.8,1036.24,2725.4,,11619.03,3.174,26553.53,3264.814,4181.53,23.935,3972.61,6.7812,6.7845,7.8292,129.6,3.4787,4.1702,3.6547,,22.33,19.85
2023-01-23,0.7029,740.0,81.62,,,88.19,,,102.138,1.0872,4.5,1.2379,1928.6,,425.65,,,,,,,,,,,2266.45,3068.69,1038.68,2754.96,,11872.54,3.447,26906.04,,,23.554,4019.81,6.7765,,7.8313,130.67,3.5098,4.2274,3.6805,,,19.81
2023-01-24,0.7046,721.0,80.13,,,86.13,,,101.918,1.0887,4.5,1.2334,1935.4,,424.85,,,,,,,,,,,2266.9,3084.05,1039.2,2755.96,,11846.64,3.258,27299.19,,,23.749,4016.95,6.784,,7.8305,130.17,3.4527,4.2103,3.6043,,,19.2
2023-01-25,0.7104,703.0,80.15,,,86.12,,,101.641,1.0916,4.5,1.2403,1942.6,,424.45,,,,,,,,,,,2266.1,3086.17,1041.26,2756.73,,11814.69,3.067,27395.01,,,23.941,4016.22,6.7721,,7.8307,129.59,3.4416,4.125,3.5937,,,19.08
2023-01-26,0.7115,677.0,81.01,,,87.47,,,101.839,1.0892,4.5,1.2408,1930.0,,426.75,2.94345,3.75345,,,,129.86,7706.72,3398.72,22566.78,4763.61,2271.91,3083.69,1052.46,2777.62,,12051.48,2.944,27362.75,,,24.02,4060.43,6.737,,7.8286,130.22,3.4947,4.1826,3.6397,,22.95,18.73
2023-01-27,0.71,676.0,79.68,,,86.66,,,101.927,1.0868,4.5,1.2382,1929.4,,422.25,2.9397,3.74345,,,,129.29,7773.61,3420.46,22688.9,4813.23,2271.55,3080.25,1051.19,2785.84,,12166.6,3.109,27382.56,,,23.622,4070.56,6.7569,,7.8296,129.88,3.5035,4.199,3.619,,22.45,18.51
2023-01-30,0.706,680.0,77.9,,,84.9,,,102.276,1.0851,4.5,1.2352,1922.9,2.919,420.2,2.77149,3.69441,,,,134.13,7496.07,3313.03,22069.73,4580.22,2265.89,3072.56,1044.0,2759.32,,11912.39,2.677,27433.4,3269.318,4201.35,23.733,4017.77,6.7565,6.7523,7.8353,130.39,3.5366,4.2341,3.652,,24.9,19.94
2023-01-31,0.7055,681.0,78.87,2.1,,84.49,6.4,50.1,102.097,1.0863,4.5,1.232,1929.5,2.902,422.6,2.70571,3.67256,2.4,,3.4,134.38,7424.92,3279.67,21842.33,4542.58,2269.26,3087.13,1031.5,2785.0,47.1,12101.93,2.684,27327.11,3255.669,4156.86,23.836,4076.6,6.7568,6.7553,7.8405,130.09,3.5069,4.2011,3.6322,3.5,24.78,19.4
2023-02-01,0.7137,668.0,76.41,,,82.84,,,101.217,1.099,4.75,1.2376,1927.8,2.913,411.1,2.65667,3.61821,,,,134.03,7560.4,3326.64,22072.18,4695.7,2278.76,3108.6,1042.79,2809.94,,12363.1,2.468,27346.88,3284.921,4195.93,23.609,4119.21,6.7195,6.7422,7.8428,128.98,3.4166,4.1063,3.5658,,23.69,17.87
2023-02-02,0.7077,640.0,75.88,,,82.17,,,101.75,1.091,4.75,1.2225,1916.3,2.897,409.1,2.53369,3.54667,,,,135.22,7505.79,3312.07,21958.36,4696.55,2305.75,3116.68,1045.56,2847.82,,12803.14,2.456,27402.05,3285.67,4181.15,23.615,4179.76,6.7377,6.7311,7.8444,128.68,3.3927,4.1042,3.5447,,23.04,18.73
2023-02-03,0.6923,621.0,73.39,,,79.94,,,102.915,1.0795,4.75,1.2056,1862.9,2.896,405.65,2.40679,3.48036,,,,135.88,7387.02,3271.56,21660.47,4634.19,2294.34,3089.43,1038.71,2820.74,,12573.36,2.41,27509.46,3263.406,4141.63,22.405,4136.48,6.806,6.798,7.8464,131.19,3.5246,4.2886,3.614,,23.92,18.33
2023-02-06,0.6883,608.0,74.11,,,80.99,,,103.621,1.0726,4.75,1.2019,1866.2,2.907,403.5,2.47083,3.53851,,,,136.9,7189.37,3197.68,21222.16,4464.82,2279.52,3070.86,1014.49,2793.59,,12464.51,2.457,27693.65,3238.698,4086.88,22.237,4111.08,6.8056,6.7964,7.8462,132.66,3.6399,4.4724,3.6736,,25.67,19.43
2023-02-07,0.6959,601.0,77.14,,,83.69,,,103.427,1.0726,4.75,1.2048,1871.7,2.896,408.05,2.45571,3.5228,,,,136.49,7232.25,3210.62,21298.7,4516.31,2279.4,3061.88,1015.51,2820.49,,12728.27,2.584,27685.47,3248.094,4094.23,22.177,4164.0,6.7839,6.7846,7.8487,131.07,3.6735,4.4644,3.7129,,24.85,18.66
2023-02-08,0.6925,603.0,78.47,,,85.09,,,103.409,1.0712,4.75,1.2072,1877.4,2.897,403.55,2.40595,3.47323,,,,135.71,7189.29,3208.46,21283.52,4431.58,2276.17,3067.24,1020.58,2801.96,,12495.38,2.396,27606.46,3232.106,4076.14,22.42,4117.86,6.7964,6.7921,7.8498,131.4,3.6098,4.4208,3.671,,23.91,19.63
2023-02-09,0.6936,592.0,78.06,,,84.5,,,103.221,1.074,4.75,1.2121,1866.2,2.895,409.7,2.31821,3.44107,,,,135.63,7313.73,3260.2,21624.36,4571.71,2271.06,3051.28,1024.51,2790.53,,12381.17,2.43,27584.35,3270.383,4130.86,22.143,4081.5,6.7922,6.7864,7.8498,131.59,3.6579,4.482,3.7264,,23.96,20.71
2023-02-10,0.6917,602.0,79.72,,,86.39,,,103.63,1.0678,4.75,1.2062,1862.8,2.892,401.65,2.24274,3.43286,,,,136.85,7126.19,3193.89,21190.42,4362.22,2253.47,3033.17,1013.67,2783.91,,12304.92,2.514,27670.98,3260.673,4106.31,22.075,4090.46,6.8231,6.8145,7.8498,131.36,3.732,4.517,3.8158,,24.83,20.53
2023-02-13,0.6966,616.0,80.14,,,86.61,,,103.345,1.0723,4.75,1.2139,1851.9,2.897,405.75,2.21363,3.42958,,,,136.48,7144.45,3196.55,21164.42,4374.9,2255.03,3039.91,1013.53,2810.04,,12502.31,2.405,27427.32,3284.16,4143.57,21.852,4137.29,6.8242,6.8183,7.8499,132.42,3.7016,4.5175,3.7728,,25.56,20.34
2023-02-14,0.6986,563.0,79.06,,,85.58,,,103.233,1.0738,4.75,1.2173,1854.0,2.892,407.5,2.12095,3.42958,,,,137.03,7110.42,3184.72,21113.76,4330.6,2251.74,3031.72,1014.49,2812.53,,12590.89,2.567,27602.77,3293.283,4145.29,21.873,4136.13,6.8374,6.8279,7.85,133.16,3.7435,4.6154,3.7746,,25.14,18.91
2023-02-15,0.6903,541.0,78.59,,,85.38,,,103.923,1.0689,4.75,1.203,1834.2,2.893,401.05,2.1422,3.4225,,,,137.33,7018.14,3138.99,20812.17,4288.75,2247.5,3023.44,1004.87,2815.45,,12687.89,2.471,27501.86,3280.492,4123.69,21.572,4147.6,6.8636,6.855,7.8479,134.16,3.8049,4.6309,3.841,,24.53,18.23
2023-02-16,0.6879,530.0,78.49,,,85.14,,,103.856,1.0674,4.75,1.1993,1842.0,2.893,413.55,2.18161,3.4303,,,,136.67,7089.95,3161.06,20987.67,4367.1,2239.05,3007.22,1011.14,2790.63,,12442.48,2.389,27696.44,3249.03,4093.49,21.71,4090.41,6.8684,6.8575,7.8492,133.94,3.8608,4.64,3.9142,,24.05,20.17
2023-02-17,0.6879,538.0,76.34,,,83.0,,,103.862,1.0695,4.75,1.2037,1840.4,2.891,410.85,2.34262,3.4631,,,,136.04,6991.27,3122.83,20719.81,4257.63,2233.58,3012.52,999.42,2779.88,,12358.18,2.275,27513.13,3224.024,4034.51,21.715,4079.09,6.8738,6.8686,7.845,134.15,3.8148,4.6169,3.8693,,24.27,20.02
2023-02-20,0.6908,552.0,,,,84.07,,,103.862,1.0686,4.75,1.2041,,2.919,,2.60911,3.54631,,,,136.84,7063.94,3156.07,20886.96,4311.61,,,1005.21,2783.26,,,,27531.94,3290.338,4133.49,,,6.8595,6.8552,7.8342,134.25,3.8148,4.6169,3.8693,,24.46,21.23
2023-02-21,0.6853,594.0,76.16,,,83.05,,,104.176,1.0648,4.75,1.2112,1833.0,2.923,422.55,2.88292,3.6725,,,,137.72,6925.07,3102.91,20529.49,4158.04,2214.42,2982.31,995.19,2740.38,,12060.3,2.073,27473.1,3306.524,4144.35,21.89,3997.34,6.8926,6.8795,7.8448,135.01,3.9525,4.7226,3.9718,,25.23,22.87
2023-02-22,0.6804,674.0,73.95,,,80.6,,,104.585,1.0605,4.75,1.2046,1832.0,2.919,419.05,2.83024,3.66144,,,,138.0,6832.76,3081.91,20423.84,4100.58,2221.56,2989.34,982.06,2730.88,,12066.27,2.174,27104.32,3291.148,4106.95,21.677,3991.05,6.9038,6.8929,7.8465,134.84,3.9156,4.6933,3.9142,,26.24,22.29
2023-02-23,0.6808,816.0,75.39,,,82.21,,,104.598,1.0596,4.75,1.2013,1818.0,2.925,405.9,2.90298,3.70816,,,,137.76,6859.95,3076.02,20351.35,4149.12,2234.39,3000.66,987.74,2737.41,,12180.14,2.314,,3287.477,4103.65,21.306,4012.32,6.9163,6.9081,7.8469,134.7,3.8768,4.6974,3.8848,,26.02,21.14
2023-02-24,0.6726,883.0,76.32,,,83.16,,,105.214,1.0548,4.75,1.1944,1808.8,2.916,395.2,2.92327,3.75726,,,,137.93,6703.45,3024.81,20010.04,4010.66,2229.71,2982.67,971.87,2706.91,,11969.65,2.451,27453.48,3267.16,4061.05,20.81,3970.04,6.981,6.9601,7.8485,136.48,3.9432,4.8136,3.9309,,27.39,21.67
2023-02-27,0.6739,935.0,75.68,,,82.45,,,104.673,1.0609,4.75,1.2064,1824.9,2.916,400.9,2.96708,3.77804,,,,138.34,6670.22,3007.83,19943.51,3989.83,2237.83,2987.04,967.25,2721.63,,12057.79,2.731,27423.96,3258.034,4043.84,20.67,3982.24,6.9608,6.9441,7.844,136.19,3.9141,4.7783,3.9263,,27.81,20.95
2023-02-28,0.6729,990.0,77.05,1.0,,83.89,6.0,52.6,104.869,1.0576,4.75,1.2022,1836.7,2.915,409.75,3.03167,3.7997,1.7,,3.3,141.14,6581.47,2982.63,19785.94,3925.06,2240.09,2988.93,964.01,2714.57,47.3,12042.12,2.747,27445.56,3279.605,4069.46,20.961,3970.15,6.9546,6.9356,7.8494,136.17,3.92,4.8158,3.9161,3.6,27.2,20.7
2023-03-01,0.6761,1099.0,77.69,,,84.31,,,104.483,1.0668,4.75,1.2029,1845.4,2.914,416.8,3.04119,3.80768,,,,138.67,6914.3,3112.36,20619.71,4185.62,2235.85,2971.95,984.19,2706.79,,11938.57,2.811,27516.53,3312.348,4126.94,20.959,3951.39,6.8789,6.8698,7.8496,136.19,3.9925,4.8764,3.9542,,27.45,20.58
2023-03-02,0.673,1145.0,78.16,,,84.75,,,105.027,1.0597,4.75,1.1946,1840.5,2.927,408.4,3.0372,3.80793,,,,138.45,6857.2,3088.93,20429.46,4126.31,2232.55,2966.76,980.05,2719.68,,12044.87,2.765,27498.87,3310.654,4117.74,20.766,3981.35,6.921,6.9168,7.8497,136.77,4.0556,4.885,3.9935,,26.46,19.59
2023-03-03,0.677,1211.0,79.68,,,85.83,,,104.521,1.0635,4.75,1.2036,1854.6,2.921,407.8,3.05536,3.81845,,,,138.84,6939.62,3115.5,20567.54,4211.31,2247.02,2995.3,988.03,2757.97,,12290.81,3.009,27927.47,3328.393,4130.55,21.093,4045.64,6.8954,6.9043,7.8495,135.87,3.9517,4.8565,3.8757,,25.71,18.49
2023-03-06,0.673,1258.0,80.46,,,86.18,,,104.35,1.0681,4.75,1.2025,1854.6,2.895,410.05,3.06589,3.82226,,,,137.96,6937.5,3116.86,20603.19,4177.25,2254.69,2991.78,993.74,2764.64,,12302.48,2.572,28237.78,3322.026,4109.01,20.984,4048.42,6.9498,6.9318,7.8495,135.93,3.9577,4.8861,3.8932,,25.48,18.61
2023-03-07,0.6584,1298.0,77.58,,,83.29,,,105.615,1.0549,4.75,1.183,1820.0,2.89,398.65,3.09744,3.82369,,,,137.21,6912.28,3097.28,20534.48,4122.6,2248.21,2987.43,988.38,2724.8,,12152.17,2.687,28309.16,3285.099,4048.85,20.054,3986.37,6.9939,6.9662,7.8498,137.16,3.9637,5.0084,3.8721,,25.05,19.59
2023-03-08,0.6589,1327.0,76.66,,,82.66,,,105.658,1.0545,4.75,1.1845,1818.6,2.897,404.15,3.2472,3.86518,,,,138.33,6727.18,3028.51,20051.25,3989.28,2237.18,2981.56,978.07,2725.23,,12215.33,2.551,28444.19,3283.248,4034.11,20.005,3992.01,6.9684,6.9592,7.8499,137.36,3.9913,5.0701,3.8941,,25.86,19.11
2023-03-09,0.659,1379.0,75.72,,,81.59,,,105.309,1.0581,4.75,1.1925,1834.6,2.884,405.45,3.30667,3.90964,,,,139.68,6649.63,2998.66,19925.74,3930.94,2233.18,2986.96,968.39,2691.17,,11995.88,2.543,28623.15,3276.094,4019.85,20.025,3918.32,6.977,6.9651,7.8498,136.15,3.9032,4.87,3.8493,,25.5,22.61
2023-03-10,0.658,1424.0,76.68,,,82.78,,,104.576,1.0643,4.75,1.203,1867.2,2.881,404.55,3.45476,4.03869,,,,140.1,6445.9,2914.56,19319.92,3782.22,2226.85,3018.32,955.28,2657.41,,11830.28,2.43,28143.97,3230.077,3967.14,20.375,3861.59,6.9398,6.9172,7.8466,135.03,3.6987,4.5862,3.7065,,27.39,24.8
2023-03-13,0.6668,1465.0,74.8,,,80.77,,,103.595,1.0731,4.75,1.2183,1916.5,2.88,406.95,3.49958,4.06077,,,,138.99,6590.23,2972.4,19695.97,3891.48,2219.48,3021.49,961.5,2643.64,,11923.17,2.606,27832.96,3268.696,4008.69,21.793,3855.76,6.852,6.8483,7.8446,133.21,3.5732,3.9764,3.7092,,28.16,26.52
2023-03-14,0.6682,1587.0,71.33,,,77.45,,,103.597,1.0733,4.75,1.2158,1910.9,2.879,401.05,3.39786,3.97274,,,,141.16,6439.0,2907.09,19247.96,3790.62,2226.43,3008.53,945.12,2674.36,,12199.79,2.573,27222.04,3245.312,3984.7,21.929,3919.29,6.8798,6.8735,7.8485,134.22,3.6892,4.2504,3.8033,,31.15,23.73
2023-03-15,0.6619,1603.0,67.61,,,73.69,,,104.646,1.0577,4.75,1.2057,1931.3,2.875,385.65,3.17696,3.8197,,,,138.97,6559.86,2955.03,19539.87,3866.26,2211.63,3023.84,946.87,2638.46,,12251.32,2.439,27229.48,3263.315,3986.9,21.774,3891.93,6.8925,6.9063,7.8496,133.42,3.4548,3.8874,3.643,,28.21,26.14
2023-03-16,0.6656,1560.0,68.35,,,74.7,,,104.418,1.061,4.75,1.2109,1923.0,2.87,388.55,3.06732,3.75946,,,,139.61,6482.47,2907.42,19203.91,3811.81,2220.61,3018.21,941.35,2677.99,,12581.39,2.514,27010.61,3226.891,3939.15,21.588,3960.28,6.8953,6.898,7.8497,133.74,3.577,4.1572,3.6986,,30.25,22.99
2023-03-17,0.6697,1535.0,66.74,,,72.97,,,103.708,1.067,4.75,1.2173,1973.5,2.873,391.35,3.00917,3.72702,,,,139.11,6615.71,2961.15,19518.59,3979.8,2217.6,3041.33,951.56,2656.19,,12519.88,2.338,27333.79,3250.546,3958.82,22.351,3916.64,6.8861,6.8867,7.8494,131.85,3.4286,3.8374,3.6197,,28.0,25.51
2023-03-20,0.6718,1542.0,67.64,,,73.79,,,103.281,1.0721,4.75,1.2278,1982.8,2.856,397.55,2.98988,3.71857,,,,140.06,6469.65,2884.6,19000.71,3870.27,2213.96,3031.38,942.98,2678.29,,12562.61,2.223,26945.67,3234.91,3939.08,22.533,3951.57,6.8736,6.877,7.8413,131.32,3.4847,3.9763,3.6655,,31.09,24.15
2023-03-21,0.6669,1512.0,69.33,,,75.32,,,103.256,1.0768,4.75,1.2217,1941.1,2.865,401.85,3.4981,3.79405,,,,139.74,6549.78,2930.6,19258.76,3965.17,2225.63,3033.45,952.45,2711.84,,12741.44,2.348,,3255.65,3982.38,22.324,4002.87,6.8765,6.8793,7.846,132.51,3.6094,4.1664,3.7321,,29.64,21.38
2023-03-22,0.6685,1456.0,70.9,,,76.69,,,102.346,1.0856,5.0,1.2268,1949.6,2.862,406.85,3.36887,3.72161,,,,138.78,6639.99,2971.06,19591.43,4009.13,2233.29,3060.4,961.48,2686.13,,12567.15,2.171,27466.61,3265.748,3999.44,22.675,3936.97,6.8607,6.87,7.8475,131.44,3.4341,3.9367,3.6516,,28.09,22.26
2023-03-23,0.6684,1484.0,69.96,,,75.91,,,102.532,1.0831,5.0,1.2287,1995.9,2.874,414.6,3.35357,3.74625,,,,139.57,6836.46,3039.52,20049.64,4198.99,2232.87,3067.13,977.78,2696.85,,12729.23,2.154,27419.61,3286.649,4039.09,23.144,3948.72,6.8296,6.8232,7.8495,130.85,3.4266,3.833,3.6978,,26.98,22.61
2023-03-24,0.6645,1489.0,69.26,,,74.99,,,103.116,1.076,5.0,1.2233,1983.8,2.871,410.15,3.29071,3.75869,,,,139.24,6794.8,3020.29,19915.68,4224.85,2225.32,3067.53,972.17,2692.55,,12767.05,2.216,27385.25,3265.654,4027.05,23.247,3970.99,6.8669,6.8673,7.8498,130.73,3.3762,3.7667,3.6438,,26.83,21.74
2023-03-27,0.6651,1456.0,72.81,,,78.12,,,102.857,1.0798,5.0,1.2287,1953.8,2.859,410.45,3.26054,3.73893,,,,139.63,6648.68,2967.15,19567.69,4105.69,2227.4,3041.98,964.01,2702.42,,12673.07,2.088,27476.87,3251.397,4012.48,23.054,3977.53,6.8828,6.882,7.8498,131.57,3.5299,3.9952,3.7604,,28.39,20.6
2023-03-28,0.6709,1402.0,73.2,,,78.65,,,102.43,1.0845,5.0,1.2342,1973.5,2.859,411.2,3.19673,3.71935,,,,138.5,6729.76,2999.54,19784.65,4144.12,2224.46,3038.08,970.69,2704.76,,12610.57,2.03,27518.25,3245.376,3999.52,23.324,3971.27,6.8775,6.8763,7.8499,130.89,3.5696,4.0783,3.7694,,26.88,19.97
2023-03-29,0.6684,1407.0,72.97,,,78.28,,,102.64,1.0844,5.0,1.2314,1966.9,2.856,411.5,3.17494,3.71208,,,,137.09,6878.93,3050.06,20192.4,4246.35,2235.78,3041.35,980.14,2739.42,,12846.03,1.991,27883.78,3240.057,4006.14,23.376,4027.81,6.894,6.8895,7.8499,132.86,3.5639,4.0989,3.7587,,27.11,19.12
2023-03-30,0.6712,1403.0,74.37,,,79.27,,,102.144,1.0905,5.0,1.2386,1980.3,2.866,409.15,3.18202,3.70952,,,,137.91,6922.66,3063.47,20309.13,4270.32,2245.25,3051.23,985.77,2759.71,,12963.14,2.104,27782.93,3261.249,4038.53,23.989,4050.83,6.8749,6.8706,7.8499,132.7,3.5488,4.1195,3.7339,,26.08,19.02
2023-03-31,0.6685,1389.0,75.67,0.7,4.7,79.77,5.0,51.9,102.506,1.0839,5.0,1.2337,1969.0,2.858,409.45,3.14119,3.70988,1.7,2.7,3.1,138.0,6968.86,3072.36,20400.11,4303.71,2264.03,3072.15,990.28,2791.44,46.3,13181.35,2.216,28041.48,3272.86,4050.93,24.156,4109.31,6.8703,6.8736,7.8498,132.86,3.4676,4.0253,3.6499,3.5,25.44,18.7
2023-04-03,0.6786,1412.0,80.42,,,84.93,,,102.093,1.0899,5.0,1.2414,1983.9,2.864,404.55,3.0953,3.68321,,,,137.93,6940.45,3075.18,20409.18,4302.52,2271.57,3086.84,989.18,2803.63,,13148.35,2.097,28188.15,3296.396,4090.57,24.021,4124.51,6.8769,6.8777,7.8499,132.46,3.4114,3.9634,3.6283,,25.18,18.55
2023-04-04,0.6751,1473.0,80.71,,,84.94,,,101.586,1.0953,5.0,1.2501,2022.2,2.865,397.1,3.00316,3.62566,,,,139.54,6875.47,3057.0,20274.59,4233.42,2270.71,3097.2,987.62,2796.78,,13100.07,2.106,28287.42,3312.558,4103.1,25.101,4100.6,6.8788,6.8793,7.8494,131.71,3.3387,3.8253,3.5965,,24.53,19.0
2023-04-05,0.672,1525.0,80.61,,,84.99,,,101.852,1.0904,5.0,1.2462,2020.9,,398.65,,,,,,,,,,,2265.05,3104.24,987.85,2784.05,,12967.2,2.155,27813.26,,,25.037,4090.38,6.8858,,7.8497,131.32,3.3108,3.7798,3.5701,,,19.08
2023-04-06,0.6672,1560.0,80.7,,,85.12,,,101.822,1.0922,5.0,1.244,2011.9,2.864,401.55,2.90042,3.59857,,,,139.19,6894.05,3063.84,20331.2,4237.63,2265.8,3105.33,984.43,2790.1,,13062.6,2.011,27472.63,3312.628,4096.64,25.093,4105.02,6.8823,6.873,7.85,131.78,3.305,3.8309,3.5506,,24.33,18.4
2023-04-07,0.6672,,80.7,,,,,,102.092,1.0905,5.0,1.2418,2011.9,2.85,401.55,,,,,,140.23,,,,,2266.01,3086.0,987.07,2790.38,,,2.011,27518.31,3327.646,4123.28,25.093,,6.877,6.8679,7.8498,132.16,3.3906,3.9806,3.6076,,,
2023-04-10,0.6641,,79.74,,,84.18,,,102.578,1.0859,5.0,1.2382,1989.1,2.849,397.65,,,,,,140.92,,,,,2266.7,3084.32,988.68,2786.2,,13051.23,2.172,27633.66,3315.358,4104.81,24.912,4109.11,6.8927,6.8847,7.8498,133.61,3.4168,4.0077,3.6283,,,18.97
2023-04-11,0.6654,1507.0,81.53,,,85.61,,,102.204,1.0912,5.0,1.2424,2004.8,2.823,401.95,2.8522,3.55768,,,,138.59,6950.37,3091.81,20485.24,4248.14,2271.19,3088.17,996.25,2797.07,,12964.16,2.186,27923.37,3313.571,4100.15,25.186,4108.94,6.8939,6.886,7.8498,133.68,3.4262,4.0224,3.6196,,24.8,19.1
2023-04-12,0.6691,1463.0,83.26,,,87.33,,,101.5,1.0992,5.0,1.2485,2010.9,2.819,408.1,2.7906,3.49744,,,,139.15,6866.5,3065.63,20309.86,4166.77,2276.2,3091.29,993.58,2795.48,,12848.35,2.093,28082.7,3327.182,4097.29,25.458,4091.95,6.8809,6.873,7.8499,133.13,3.3906,3.9578,3.6248,,24.51,19.09
2023-04-13,0.6782,1463.0,82.16,,,86.09,,,101.011,1.1046,5.0,1.2523,2041.3,2.831,412.4,2.81905,3.51125,,,,138.75,6875.45,3076.3,20344.48,4159.85,2284.95,3086.63,997.03,2829.2,,13109.39,2.007,28156.97,3318.364,4068.98,25.925,4146.22,6.8718,6.8676,7.8497,132.58,3.4449,3.9683,3.6873,,23.44,17.8
2023-04-14,0.6707,1435.0,82.52,,,86.31,,,101.552,1.0992,5.0,1.2413,2002.2,2.83,410.65,2.81298,3.5131,,,,138.93,6914.4,3092.49,20438.81,4164.03,2283.15,3075.9,1000.49,2825.75,,13079.52,2.114,28493.47,3338.153,4092.0,25.46,4137.64,6.8729,6.8691,7.8495,133.79,3.5128,4.0989,3.7348,,22.49,17.07
2023-04-17,0.6701,1412.0,80.83,,,84.76,,,102.103,1.0926,5.0,1.2376,1994.2,2.844,406.6,2.81816,3.51274,,,,138.69,7056.16,3137.8,20782.45,4254.01,2279.06,3062.46,1003.78,2827.24,,13087.71,2.275,28514.78,3385.61,4149.38,25.088,4151.32,6.8827,6.8799,7.8494,134.47,3.6004,4.1942,3.8107,,22.88,16.95
2023-04-18,0.6725,1368.0,80.86,,,84.77,,,101.745,1.0972,5.0,1.2425,2007.4,2.837,409.15,2.81494,3.51024,,,,139.29,7002.91,3117.93,20650.51,4202.67,2280.68,3069.85,1000.54,2835.89,,13091.79,2.366,28658.83,3393.331,4162.03,25.263,4154.87,6.8823,6.8762,7.8499,134.12,3.5756,4.1967,3.7874,,22.13,16.83
2023-04-19,0.6713,1372.0,79.16,,,83.12,,,101.968,1.0955,5.0,1.2439,1995.2,2.836,407.7,2.86619,3.54714,,,,139.31,6889.01,3076.8,20367.76,4102.02,2276.1,3063.24,990.37,2833.39,,13088.71,2.222,28606.76,3370.128,4124.56,25.371,4154.52,6.895,6.8847,7.8497,134.72,3.5908,4.2437,3.7865,,22.54,16.46
2023-04-20,0.6743,1432.0,77.29,,,81.1,,,101.84,1.097,5.0,1.2443,2007.6,2.834,402.55,2.96089,3.57405,,,,139.4,6895.29,3074.0,20396.97,4098.35,2272.03,3073.11,989.79,2822.54,,12985.98,2.249,28657.57,3367.031,4113.02,25.373,4129.79,6.8843,6.8742,7.8498,134.24,3.5318,4.1423,3.7401,,21.81,17.17
2023-04-21,0.6692,1504.0,77.87,,,81.66,,,101.822,1.0986,5.0,1.2432,1979.5,2.829,398.0,3.07381,3.61036,,,,139.05,6764.19,3024.92,20075.73,3969.94,2275.55,3069.0,980.74,2823.07,,13000.77,2.233,28564.37,3301.258,4032.57,25.058,4133.52,6.8985,6.8914,7.8477,134.16,3.5718,4.1816,3.7757,,21.9,16.77
2023-04-24,0.6696,1517.0,78.76,,,82.73,,,101.348,1.1046,5.0,1.2486,1989.1,2.82,395.4,3.14042,3.62655,,,,139.26,6733.14,3010.7,19959.94,3961.17,2280.1,3083.09,977.38,2826.85,,12969.76,2.273,28593.52,3275.413,3982.64,25.311,4137.04,6.9037,6.8958,7.8491,134.24,3.4901,4.0882,3.7092,,22.06,16.89
2023-04-25,0.6626,1510.0,77.07,,,80.77,,,101.863,1.0973,5.0,1.2409,1994.0,2.817,384.8,3.23375,3.67036,,,,140.45,6601.36,2955.82,19617.88,3824.09,2279.64,3102.8,965.6,2789.54,,12725.11,2.307,28620.07,3264.872,3962.67,24.882,4071.63,6.942,6.9326,7.8499,133.76,3.3996,3.9544,3.6585,,22.54,18.76
2023-04-26,0.6603,1536.0,74.3,,,77.69,,,101.467,1.1041,5.0,1.2469,1985.7,2.802,385.35,3.28405,3.68226,,,,139.31,6654.4,2981.68,19757.27,3872.01,2276.73,3089.49,967.85,2779.71,,12806.48,2.117,28416.47,3264.101,3959.23,24.876,4055.99,6.9413,6.928,7.8496,133.67,3.4485,3.9509,3.7022,,22.93,18.84
2023-04-27,0.6631,1581.0,74.76,,,78.37,,,101.503,1.1028,5.0,1.2498,1999.0,2.788,386.45,3.29077,3.68339,,,,139.9,6675.4,2991.79,19840.28,3861.98,2279.6,3076.76,972.18,2815.77,,13160.03,2.355,28457.68,3285.884,3988.42,24.983,4135.35,6.9301,6.9225,7.8497,133.97,3.5204,4.0682,3.7499,,22.68,17.03
2023-04-28,0.6615,1576.0,76.78,,,79.54,,,101.659,1.1019,5.0,1.2567,1999.1,2.78,387.0,3.30512,3.68339,,,,140.94,6702.15,3000.87,19894.57,3901.52,2286.64,3095.67,977.05,2835.93,,13245.99,2.41,28856.44,3323.275,4029.09,24.999,4169.48,6.9272,6.9126,7.8496,136.3,3.422,4.0064,3.6733,,21.87,15.78
2023-04-30,,,,0.1,,,4.9,49.2,,,,,,,,,,2.1,,3.0,,,,,,,,,,46.7,,,,,,,,,,,,,,,3.4,,
2023-05-01,0.663,,75.66,,,79.31,,,102.151,1.0976,5.0,1.2496,1992.2,,391.7,,,,,,,,,,,2284.19,3058.98,976.74,2833.6,,13231.47,2.318,29123.18,,,25.009,4167.87,6.9617,,7.8498,137.5,3.5681,4.1407,3.8081,,,16.08
2023-05-02,0.6663,1552.0,71.66,,,75.32,,,101.958,1.0999,5.0,1.2467,2023.3,,384.8,3.41071,3.71006,,,,141.3,6680.21,3004.64,19933.81,3898.59,2278.37,3087.22,973.94,2803.07,,13113.66,2.214,29157.95,,,25.404,4119.58,6.9346,,7.8499,136.55,3.4239,3.9613,3.7119,,22.38,17.78
2023-05-03,0.6671,1558.0,68.6,,,72.33,,,101.343,1.1062,5.25,1.2564,2037.0,,383.15,3.55333,3.89929,,,,142.41,6589.35,2971.78,19699.16,3835.06,2280.3,3097.66,969.62,2796.31,,13030.21,2.17,,,,25.476,4090.75,6.9223,,7.85,134.71,3.3356,3.8048,3.6821,,23.11,18.34
2023-05-04,0.6693,1545.0,68.56,,,72.5,,,101.399,1.1012,5.25,1.2574,2055.7,2.763,385.0,3.62857,3.99423,,,,140.7,6718.8,3008.08,19948.73,3856.0,2270.36,3084.63,976.36,2779.26,,12982.48,2.101,,3350.459,4030.25,26.035,4061.22,6.9153,6.9113,7.8474,134.29,3.3787,3.7903,3.7296,,23.17,20.09
2023-05-05,0.6749,1558.0,71.34,,,75.3,,,101.214,1.1019,5.25,1.2636,2024.8,2.736,387.15,3.66429,4.03595,,,,139.91,6797.75,3024.13,20049.31,3895.53,2277.97,3077.51,981.66,2821.99,,13259.13,2.137,,3334.503,4016.88,25.743,4136.25,6.9219,6.9094,7.8478,134.8,3.437,3.9139,3.7535,,23.38,17.19
2023-05-08,0.6782,,73.16,,,77.01,,,101.377,1.1004,5.25,1.2618,2033.2,2.749,391.8,3.74857,4.05744,,,,141.17,6897.68,3055.36,20297.03,3914.34,2276.45,3059.08,989.44,2827.38,,13291.64,2.238,28949.88,3395.004,4062.66,25.636,4138.12,6.92,6.9142,7.849,135.1,3.5072,4.0012,3.8227,,22.77,16.98
2023-05-09,0.6762,1598.0,73.71,,,77.44,,,101.605,1.0962,5.25,1.2621,2042.9,2.739,388.9,3.77262,4.09339,,,,141.34,6735.13,2991.5,19867.58,3798.7,2273.75,3056.56,982.24,2815.29,,13201.11,2.267,29242.82,3357.671,4027.88,25.698,4119.17,6.925,6.9204,7.8413,135.23,3.5186,4.0221,3.8381,,22.88,17.71
2023-05-10,0.6779,1640.0,72.56,,,76.41,,,101.477,1.0982,5.25,1.2625,2037.1,2.719,382.8,4.15762,4.2619,,,,139.75,6683.23,2980.6,19762.2,3811.66,2279.91,3075.26,979.64,2822.6,,13347.83,2.191,29122.18,3319.151,3996.87,25.461,4137.64,6.9389,6.9304,7.8317,134.34,3.4426,3.9098,3.7965,,22.42,16.94
2023-05-11,0.6702,1608.0,70.87,,,74.98,,,102.058,1.0916,5.25,1.2511,2020.5,2.702,369.75,4.52952,4.49071,,,,139.08,6695.11,2978.63,19743.79,3862.85,2280.21,3085.75,977.82,2814.86,,13389.78,2.19,29126.72,3309.551,3990.66,24.255,4130.62,6.9596,6.9489,7.8358,134.53,3.3843,3.8994,3.7402,,21.46,16.93
2023-05-12,0.6646,1558.0,70.04,,,74.17,,,102.681,1.0849,5.25,1.2458,2019.8,2.706,371.65,4.3425,4.43881,,,,140.66,6663.55,2952.44,19627.24,3874.11,2276.77,3071.93,973.0,2809.35,,13340.18,2.266,29388.3,3272.362,3937.76,23.992,4124.08,6.9711,6.9591,7.841,135.7,3.4625,3.9872,3.7888,,21.18,17.03
2023-05-15,0.67,1522.0,71.11,,,75.23,,,102.434,1.0874,5.25,1.2529,2022.7,2.722,373.75,4.17131,4.41429,,,,140.82,6780.08,3000.96,19971.13,3925.5,2276.61,3060.29,977.48,2819.47,,13413.51,2.375,29626.34,3310.737,3998.89,24.127,4136.28,6.9589,6.9517,7.8384,136.12,3.5019,4.0104,3.8419,,21.79,17.12
2023-05-16,0.6656,1476.0,70.86,,,74.91,,,102.564,1.0862,5.25,1.2488,1993.0,2.714,365.45,4.31667,4.47423,,,,140.0,6789.37,3003.15,19978.25,3958.25,2269.0,3049.54,979.24,2802.39,,13426.01,2.376,29842.99,3290.987,3978.21,23.737,4109.9,6.9986,6.9773,7.838,136.39,3.5339,4.0821,3.8537,,21.41,17.99
2023-05-17,0.666,1425.0,72.83,,,76.96,,,102.882,1.084,5.25,1.2487,1984.9,2.724,374.3,4.45816,4.51821,,,,141.08,6636.66,2940.28,19560.57,3870.09,2269.02,3044.49,975.83,2820.92,,13589.26,2.365,30093.59,3284.232,3960.17,23.752,4158.77,7.008,6.9965,7.83,137.68,3.5641,4.154,3.8538,,22.26,16.87
2023-05-18,0.6622,1402.0,71.86,,,75.86,,,103.584,1.077,5.25,1.2409,1959.8,2.72,368.15,4.57238,4.61101,,,,139.41,6715.56,2959.39,19727.25,3917.09,2266.57,3032.36,978.16,2840.12,,13834.62,2.592,30573.93,3297.32,3956.07,23.495,4198.05,7.0497,7.0375,7.8269,138.71,3.6457,4.2517,3.904,,21.81,16.05
2023-05-19,0.6651,1384.0,71.55,,,75.58,,,103.198,1.0805,5.25,1.2445,1981.6,2.719,372.25,4.69333,4.70952,,,,139.38,6593.92,2919.93,19450.57,3821.73,2267.13,3026.76,977.24,2842.76,,13803.49,2.585,30808.35,3283.542,3944.54,23.92,4191.98,7.0247,7.012,7.8165,137.98,3.6726,4.2659,3.9271,,22.35,16.81
2023-05-22,0.6653,1365.0,71.99,,,75.99,,,103.198,1.0813,5.25,1.2437,1977.2,2.713,367.4,4.77506,4.77619,,,,139.27,6693.64,2953.75,19678.17,3903.58,2272.07,3026.82,983.27,2845.71,,13849.74,2.4,31086.82,3296.469,3969.33,23.715,4192.63,7.047,7.032,7.8281,138.6,3.7148,4.3154,3.9662,,22.03,17.21
2023-05-23,0.661,1348.0,72.91,,,76.84,,,103.488,1.077,5.25,1.2413,1974.5,2.701,364.15,4.63685,4.73262,,,,138.23,6603.57,2919.3,19431.25,3852.45,2268.63,3030.83,978.6,2816.85,,13672.54,2.321,30957.77,3246.238,3913.19,23.474,4145.58,7.0649,7.056,7.8375,138.59,3.6919,4.316,3.9476,,21.76,18.53
2023-05-24,0.6544,1295.0,74.34,,,78.36,,,103.887,1.075,5.25,1.2365,1964.6,2.707,355.35,4.37917,4.61107,,,,137.81,6478.08,2871.91,19115.93,3775.93,2258.5,3022.83,970.9,2788.82,,13604.48,2.398,30682.68,3204.75,3859.09,23.115,4115.24,7.0661,7.0609,7.8292,139.47,3.7419,4.3757,3.9859,,23.2,20.03
2023-05-25,0.6505,1215.0,71.83,,,76.26,,,104.251,1.0725,5.25,1.2321,1943.7,2.708,358.05,4.38863,4.63202,,,,139.37,6333.63,2815.44,18746.92,3691.16,2257.02,3013.85,964.01,2796.86,,13938.53,2.307,30801.13,3201.26,3850.5,22.786,4151.28,7.0919,7.0792,7.8349,140.06,3.8174,4.5329,3.9953,,24.88,19.14
2023-05-26,0.6517,1172.0,72.67,,,76.95,,,104.206,1.0723,5.25,1.2344,1944.3,2.722,367.35,,,,,,140.09,,,,,2258.99,3016.23,972.86,2827.93,,14298.41,2.181,30916.31,3212.504,3850.95,23.24,4205.45,7.0739,7.064,7.8337,140.6,3.7983,4.5619,3.9607,,,17.95
2023-05-29,0.6539,,,,,77.07,,,104.206,1.0708,5.25,1.2355,,2.715,,4.45298,4.63952,,,,140.87,6251.04,2783.78,18551.11,3647.26,,,971.75,2830.43,,,,31233.54,3221.448,3833.94,,,7.0854,7.0711,7.8281,140.45,3.7983,4.5619,3.9607,,25.55,17.46
2023-05-30,0.6517,1123.0,69.46,,,73.54,,,104.165,1.0735,5.25,1.2414,1958.0,2.72,366.3,4.50381,4.73482,,,,141.24,6283.71,2792.48,18595.78,3702.13,2267.47,3042.56,970.32,2825.6,,14354.99,2.327,31328.16,3224.213,3837.75,23.239,4205.52,7.0911,7.0799,7.8346,139.79,3.6866,4.4501,3.8904,,24.47,17.46
2023-05-31,0.6503,977.0,68.09,0.2,,72.66,4.0,48.8,104.326,1.0689,5.25,1.2441,1963.9,2.708,363.7,4.50893,4.77226,2.0,,3.0,142.13,6163.34,2739.95,18234.27,3626.73,2265.69,3050.83,958.53,2800.56,46.4,14254.09,2.266,30887.88,3204.564,3798.54,23.587,4179.83,7.1192,7.1085,7.8297,139.34,3.6426,4.4027,3.8611,3.6,25.44,17.94
2023-06-01,0.6571,937.0,70.1,,,74.28,,,103.56,1.0762,5.25,1.2526,1978.0,2.704,371.1,4.50726,4.78464,,,,143.06,6149.64,2738.01,18216.91,3630.87,2272.7,3059.4,961.8,2831.66,,14441.51,2.158,31148.01,3204.635,3806.87,23.987,4221.02,7.1044,7.0976,7.8296,138.8,3.595,4.3408,3.8149,,24.53,15.65
2023-06-02,0.661,919.0,71.74,,,76.13,,,104.015,1.0708,5.25,1.2453,1952.4,2.719,372.75,4.52012,4.75042,,,,141.79,6428.33,2843.77,18949.94,3824.28,2284.96,3048.15,984.36,2873.37,,14546.64,2.172,31524.22,3230.069,3861.83,23.747,4282.37,7.1096,7.0986,7.8376,139.92,3.6907,4.4969,3.8877,,23.83,14.6
2023-06-05,0.6617,939.0,72.15,,,76.71,,,104.002,1.0713,5.25,1.2438,1958.0,2.718,376.8,4.30542,4.65411,,,,140.68,6463.9,2862.62,19108.5,3840.77,2285.82,3047.37,986.69,2870.27,,14556.5,2.245,32217.43,3232.441,3844.25,23.635,4273.79,7.1192,7.1023,7.8383,139.58,3.6831,4.4659,3.8831,,23.17,14.73
2023-06-06,0.6671,1016.0,71.74,,,76.29,,,104.125,1.0693,5.25,1.2424,1965.5,2.711,376.85,4.17982,4.58292,,,,140.2,6479.64,2855.91,19099.28,3834.34,2286.85,3050.19,988.49,2877.97,,14558.09,2.262,32506.78,3195.34,3808.16,23.67,4283.85,7.1289,7.1176,7.8434,139.63,3.6602,4.4786,3.8439,,23.06,13.96
2023-06-07,0.6652,1020.0,72.53,,,76.95,,,104.099,1.0699,5.25,1.2438,1942.7,2.705,375.6,4.2,4.60042,,,,139.45,6541.16,2880.19,19252.0,3921.02,2285.64,3030.83,995.41,2866.59,,14303.29,2.329,31913.74,3197.759,3789.34,23.529,4267.52,7.1477,7.135,7.8422,140.13,3.7952,4.5563,3.945,,23.07,13.94
2023-06-08,0.6716,1040.0,71.29,,,75.96,,,103.343,1.0782,5.25,1.256,1963.6,2.707,379.5,4.3325,4.60696,,,,140.1,6540.03,2885.28,19299.18,3894.3,2288.51,3045.25,994.08,2882.13,,14484.54,2.352,31641.27,3213.586,3820.19,24.348,4293.93,7.1209,7.1118,7.837,138.92,3.7179,4.5147,3.8877,,22.73,13.65
2023-06-09,0.6742,1055.0,70.17,,,74.79,,,103.557,1.0749,5.25,1.2572,1962.2,2.691,378.9,4.45821,4.66024,,,,139.64,6589.32,2900.42,19389.95,3934.22,2291.99,3038.77,1002.33,2885.63,,14528.36,2.254,32265.17,3231.406,3836.7,24.41,4298.86,7.1439,7.1305,7.8389,139.4,3.7394,4.5956,3.8804,,21.71,13.83
2023-06-12,0.6751,1056.0,67.12,,,71.84,,,103.654,1.0757,5.25,1.2509,1955.3,2.686,375.2,4.49143,4.69673,,,,138.82,6585.68,2898.59,19404.31,3944.67,2292.62,3044.69,1003.14,2906.01,,14784.3,2.266,32434.0,3228.834,3844.43,24.059,4338.93,7.1561,7.1464,7.8353,139.6,3.7356,4.577,3.8813,,21.7,15.01
2023-06-13,0.6767,1074.0,69.42,,,74.29,,,103.338,1.0793,5.25,1.2612,1944.6,2.627,383.1,4.53613,4.70911,,,,139.24,6618.29,2915.43,19521.42,4038.2,2296.62,3032.77,1013.25,2929.68,,14900.85,2.34,33018.65,3233.673,3864.91,23.822,4369.01,7.1749,7.1662,7.8336,140.22,3.8133,4.6662,3.92,,21.92,14.61
2023-06-14,0.6796,1079.0,68.27,,,73.2,,,102.948,1.083,5.25,1.2664,1955.3,2.623,387.0,4.5869,4.72661,,,,139.49,6576.79,2902.08,19408.42,4052.69,2297.84,3038.85,1014.91,2939.59,,15005.69,2.342,33502.42,3228.989,3864.02,24.105,4372.59,7.174,7.1618,7.8313,140.09,3.7862,4.6879,3.8823,,21.24,13.88
2023-06-15,0.6885,1094.0,70.62,,,75.67,,,102.115,1.0945,5.25,1.2784,1957.8,2.665,390.1,4.74964,4.79333,,,,138.68,6772.61,2959.3,19828.92,4198.32,2301.89,3058.17,1023.59,2966.43,,15185.48,2.533,33485.49,3252.975,3925.5,23.947,4425.84,7.1201,7.121,7.8214,140.29,3.7165,4.6418,3.8376,,21.76,14.5
2023-06-16,0.6875,1076.0,71.78,,,76.61,,,102.243,1.0937,5.25,1.2817,1958.4,2.679,388.9,4.96774,4.97,,,,138.23,6833.0,2993.97,20040.37,4233.49,2302.05,3054.43,1030.03,2962.34,,15083.92,2.632,33706.08,3273.334,3963.35,24.126,4409.59,7.128,7.1269,7.8199,141.82,3.7613,4.7141,3.8522,,21.96,13.54
2023-06-19,0.6851,1065.0,,,,76.09,,,102.522,1.0921,5.25,1.2792,,2.697,,5.02821,5.02679,,,,136.62,6776.55,2971.37,19912.89,4178.25,,,1023.42,2955.12,,,,33370.42,3255.806,3930.91,,,7.164,7.1634,7.8166,141.98,3.7613,4.7141,3.8522,,22.06,14.19
2023-06-20,0.6785,1078.0,70.5,,,75.9,,,102.54,1.0918,5.25,1.2765,1935.5,2.678,388.35,5.10405,5.10262,,,,137.61,6654.94,2923.72,19607.08,4075.17,2300.62,3064.19,1013.24,2939.54,,15070.15,2.492,33388.91,3240.365,3924.24,23.234,4388.71,7.1823,7.1809,7.8258,141.47,3.7207,4.6847,3.8114,,21.79,13.88
2023-06-21,0.6797,1138.0,72.53,,,77.12,,,102.071,1.0986,5.25,1.277,1933.3,2.674,391.35,5.08101,5.07458,,,,138.23,6505.81,2865.96,19218.35,3961.58,2294.5,3065.5,1004.27,2927.72,,14867.45,2.597,33575.14,3197.901,3864.03,22.81,4365.69,7.1768,7.1794,7.828,141.88,3.7189,4.7152,3.807,,22.33,13.2
2023-06-22,0.6756,1216.0,69.51,,,74.14,,,102.386,1.0956,5.25,1.2748,1912.7,,389.0,,,,,,,,,,,2290.07,3050.42,1001.14,2930.37,,15042.32,2.608,33264.88,,,22.467,4381.89,7.1956,,7.8305,143.11,3.7946,4.7909,3.8686,,,12.91
2023-06-23,0.668,1240.0,69.16,,,73.85,,,102.903,1.0894,5.25,1.2714,1919.1,,380.35,5.05661,5.05554,,,,141.24,6394.54,2811.77,18889.97,3879.33,2284.7,3058.71,991.91,2902.34,,14891.48,2.729,32781.54,,,22.354,4348.33,7.2157,,7.8298,143.7,3.7347,4.7412,3.8115,,23.09,13.44
2023-06-26,0.6675,1233.0,69.37,,,74.18,,,102.692,1.0906,5.25,1.2713,1923.7,2.67,378.4,5.04649,5.04577,,,,138.19,6372.19,2803.77,18794.13,3872.61,2285.43,3063.91,989.27,2894.93,,14689.02,2.791,32698.81,3150.619,3809.7,22.826,4328.82,7.2429,7.2401,7.8302,143.51,3.7212,4.744,3.8142,,23.81,14.25
2023-06-27,0.6686,1183.0,67.7,,,72.26,,,102.492,1.0961,5.25,1.2749,1914.0,2.673,377.05,4.97524,4.99274,,,,138.38,6504.62,2855.79,19148.13,3972.17,2290.73,3058.19,995.02,2921.19,,14945.91,2.763,32538.33,3189.443,3845.43,22.96,4378.41,7.2243,7.2242,7.8338,144.07,3.7639,4.7554,3.8422,,22.95,13.74
2023-06-28,0.66,1138.0,69.56,,,74.03,,,102.905,1.0913,5.25,1.2636,1912.3,2.671,372.25,4.94589,4.97071,,,,137.54,6521.22,2858.63,19172.05,4001.97,2297.72,3068.61,992.06,2924.92,,14964.57,2.603,33193.99,3189.376,3840.8,22.889,4376.86,7.2432,7.2393,7.8328,144.48,3.7078,4.7098,3.807,,22.25,13.43
2023-06-29,0.6616,1112.0,69.86,,,74.34,,,103.342,1.0865,5.25,1.2613,1917.9,2.656,367.75,4.9375,4.96631,,,,137.9,6426.59,2825.15,18934.36,3933.44,2295.69,3047.55,987.07,2933.86,,14939.95,2.701,33234.14,3182.381,3821.84,22.591,4396.44,7.2686,7.2475,7.8384,144.76,3.8383,4.8593,3.8999,,22.48,13.54
2023-06-30,0.6664,1091.0,70.64,0.0,6.5,74.9,3.0,49.0,102.912,1.0909,5.25,1.2703,1929.4,2.641,374.1,4.93405,4.96774,1.9,1.6,3.0,137.56,6424.88,2828.21,18916.43,3911.31,2303.6,3063.39,989.48,2966.72,46.3,15179.21,2.798,33189.04,3202.062,3842.45,22.81,4450.38,7.2677,7.2537,7.8365,144.31,3.8367,4.8954,3.8605,3.6,21.92,13.59
2023-07-03,0.6673,1068.0,69.79,,,74.65,,,102.988,1.0912,5.25,1.2693,1929.5,2.646,377.9,4.93167,4.96774,,,,137.79,6590.82,2887.4,19306.59,4054.35,2304.76,3058.66,1005.11,2972.03,,15208.69,2.709,33753.33,3243.975,3892.88,22.896,4455.59,7.2529,7.2468,7.834,144.68,3.8545,4.9358,3.8632,,22.57,13.57
2023-07-04,0.6692,1044.0,,,,76.25,,,103.039,1.0879,5.25,1.2713,,2.651,,4.92881,4.96988,,,,138.28,6613.4,2903.4,19415.68,4074.42,,,1008.05,2971.7,,,,33422.52,3245.349,3899.01,,,7.2279,7.2162,7.8308,144.47,3.8545,4.9358,3.8632,,22.05,13.7
2023-07-05,0.6655,994.0,71.79,,,76.65,,,103.373,1.0854,5.25,1.2704,1927.1,2.643,375.35,4.96679,4.98202,,,,139.69,6489.94,2858.54,19110.38,4016.53,2300.67,3044.67,1001.12,2960.76,,15203.78,2.657,33338.7,3222.947,3868.81,23.197,4446.82,7.2621,7.2505,7.8225,144.66,3.9315,4.9445,3.9286,,22.57,14.18
2023-07-06,0.6626,993.0,71.8,,,76.52,,,103.166,1.0889,5.25,1.274,1915.4,2.643,372.0,5.04405,5.04685,,,,143.74,6268.53,2784.04,18533.05,3948.82,2286.66,3021.41,984.69,2924.55,,15089.45,2.609,32773.02,3205.575,3842.76,22.686,4411.59,7.2556,7.2488,7.8218,144.07,4.0291,4.9806,3.9997,,23.43,15.44
2023-07-07,0.669,1009.0,73.86,,,78.47,,,102.272,1.0967,5.25,1.2839,1932.5,2.643,376.7,5.05935,5.06048,,,,145.48,6198.86,2760.06,18365.7,3901.21,2289.67,3019.71,980.66,2924.19,,15036.85,2.582,32388.42,3196.609,3825.7,23.092,4398.95,7.2324,7.2254,7.8275,142.21,4.0616,4.9459,4.0453,,24.03,14.83
2023-07-10,0.6675,1024.0,72.99,,,77.69,,,101.972,1.1001,5.25,1.2861,1931.0,2.643,377.15,5.00446,5.01946,,,,145.54,6235.24,2773.53,18479.72,3945.11,2294.38,3029.73,981.88,2931.05,,15045.64,2.669,32189.73,3203.696,3844.33,23.151,4409.53,7.2294,7.226,7.8277,141.31,3.9938,4.8576,4.032,,24.39,15.07
2023-07-11,0.6686,1032.0,74.83,,,79.4,,,101.732,1.1009,5.25,1.2933,1937.1,2.639,375.35,4.9653,5.01423,,,,145.99,6295.85,2802.46,18659.83,4003.05,2301.56,3038.49,994.89,2953.12,,15119.06,2.731,32203.57,3221.367,3869.49,23.086,4439.26,7.2119,7.2098,7.8268,140.36,3.97,4.8726,4.0073,,23.82,14.84
2023-07-12,0.6787,1088.0,75.75,,,80.11,,,100.521,1.1129,5.25,1.2988,1961.7,2.641,384.2,4.96702,5.00821,,,,144.83,6377.99,2828.23,18860.95,4081.37,2320.91,3063.64,1005.55,2987.19,,15307.23,2.632,31943.93,3196.134,3843.44,24.119,4472.16,7.1657,7.1655,7.826,138.5,3.8573,4.7462,3.9473,,23.77,13.54
2023-07-13,0.6889,1103.0,76.89,,,81.36,,,99.77,1.1226,5.25,1.3136,1963.8,2.646,392.95,4.9394,5.00714,,,,144.79,6543.91,2897.52,19350.62,4237.09,2330.45,3082.87,1020.53,3019.71,,15571.98,2.545,32419.33,3236.48,3898.42,24.768,4510.04,7.1504,7.1493,7.8218,138.05,3.7634,4.6303,3.9009,,23.74,13.61
2023-07-14,0.6838,1090.0,75.42,,,79.87,,,99.914,1.1228,5.25,1.3093,1964.4,2.647,392.2,4.95887,5.00881,,,,143.92,6558.88,2905.54,19413.78,4228.71,2326.39,3068.14,1028.49,3017.94,,15565.6,2.539,32391.26,3237.701,3899.1,25.014,4505.42,7.1584,7.142,7.8149,138.8,3.8322,4.7656,3.9278,,22.92,13.34
2023-07-17,0.6816,1073.0,74.15,,,78.5,,,99.842,1.1236,5.25,1.3073,1956.4,2.638,383.2,,,,,,140.85,,,,,2325.29,3069.95,1027.76,3021.96,,15713.28,2.512,,3209.63,3867.18,24.844,4522.79,7.1784,7.1735,7.814,138.71,3.8068,4.7424,3.9287,,,13.48
2023-07-18,0.6811,1037.0,75.75,,,79.63,,,99.941,1.1229,5.25,1.3036,1980.8,2.625,381.6,5.02845,5.06333,,,,142.67,6400.09,2849.61,19015.72,4129.29,2330.31,3075.98,1022.12,3042.53,,15841.35,2.629,32493.89,3197.82,3854.94,25.084,4554.98,7.1929,7.1864,7.8134,138.83,3.7853,4.7659,3.8945,,23.73,13.3
2023-07-19,0.6772,1004.0,75.35,,,79.46,,,100.281,1.1201,5.25,1.294,1980.8,2.627,379.95,5.09762,5.12827,,,,142.14,6381.94,2840.84,18952.31,4114.97,2332.87,3089.5,1019.59,3047.99,,15826.35,2.603,32896.03,3198.836,3850.87,25.219,4565.72,7.2318,7.2232,7.8092,139.65,3.7483,4.766,3.8397,,23.84,13.76
2023-07-20,0.6779,977.0,75.63,,,79.64,,,100.88,1.113,5.25,1.2868,1970.9,2.623,381.75,5.20911,5.23429,,,,142.02,6364.12,2834.94,18928.02,4063.74,2325.72,3070.68,1018.06,3029.7,,15466.09,2.757,32490.52,3169.522,3823.7,24.805,4534.87,7.1751,7.1796,7.8137,140.07,3.8503,4.8387,3.9084,,24.31,13.99
2023-07-21,0.6729,978.0,77.07,,,81.07,,,101.071,1.1124,5.25,1.2854,1966.6,2.615,380.3,5.19143,5.19798,,,,141.46,6415.02,2855.37,19075.26,4104.36,2328.81,3074.13,1014.58,3028.71,,15425.67,2.713,32304.25,3167.745,3821.91,24.698,4536.34,7.1881,7.1876,7.8174,141.73,3.8349,4.8372,3.8974,,24.0,13.6
2023-07-24,0.6739,967.0,78.74,,,82.74,,,101.346,1.1064,5.25,1.2829,1962.2,2.625,384.05,5.14107,5.15982,,,,143.03,6271.03,2801.82,18668.15,4015.08,2330.37,3071.34,1013.45,3037.44,,15448.02,2.685,32700.94,3164.161,3805.22,24.436,4554.64,7.1863,7.1874,7.8128,141.48,3.8725,4.9191,3.9223,,25.67,13.91
2023-07-25,0.6792,962.0,79.63,,,83.64,,,101.349,1.1055,5.25,1.2902,1963.7,2.674,390.2,5.06399,5.14577,,,,142.39,6604.2,2914.94,19434.4,4257.58,2329.08,3069.83,1032.26,3045.39,,15561.42,2.73,32682.51,3231.521,3915.12,24.68,4567.46,7.1372,7.1363,7.8119,140.9,3.8845,4.8744,3.9288,,26.53,13.86
2023-07-26,0.6758,1067.0,78.78,,,82.92,,,100.887,1.1086,5.5,1.2941,1970.1,2.647,389.05,5.12827,5.18196,,,,142.35,6549.19,2905.05,19365.14,4218.83,2330.0,3078.04,1031.88,3044.7,,15499.26,2.665,32668.34,3223.028,3907.01,24.825,4566.75,7.1532,7.1431,7.8025,140.24,3.8668,4.8516,3.9344,,25.01,13.19
2023-07-27,0.6709,1097.0,80.09,,,84.24,,,101.773,1.0979,5.5,1.2796,1945.7,2.649,386.35,5.24988,5.28411,,,,141.59,6670.68,2946.41,19639.11,4341.19,2327.6,3054.33,1035.15,3034.41,,15464.93,2.492,32891.16,3216.671,3902.35,24.236,4537.41,7.1705,7.1675,7.8025,139.48,3.9982,4.9284,4.039,,25.38,14.41
2023-07-28,0.665,1110.0,80.58,,,84.99,,,101.622,1.1016,5.5,1.2851,1960.4,2.663,392.65,5.27119,5.28268,,,,141.6,6808.47,2993.07,19916.56,4466.57,2330.58,3066.91,1043.2,3057.84,,15750.93,2.638,32759.23,3275.926,3992.74,24.495,4582.23,7.1526,7.1485,7.7968,141.16,3.9507,4.8744,4.0105,,26.04,13.33
2023-07-31,0.6717,1127.0,81.8,-0.3,,85.56,3.2,49.3,101.855,1.0997,5.5,1.2835,1970.5,2.662,400.8,5.28744,5.29071,1.8,,2.8,141.79,6899.31,3016.44,20078.94,4549.95,2335.38,3073.95,1046.91,3064.3,47.0,15757.0,2.634,33172.22,3291.04,4014.63,24.972,4588.96,7.1461,7.1428,7.7984,142.29,3.9588,4.8766,4.0096,3.5,26.45,13.63
2023-08-01,0.6613,1150.0,81.37,,,84.91,,,102.303,1.0984,5.5,1.2777,1940.7,2.668,390.85,5.31095,5.31095,,,,142.02,6854.52,3006.25,20011.12,4538.1,2328.71,3053.48,1043.09,3048.6,,15718.01,2.56,33476.58,3290.949,3998.0,24.326,4576.73,7.1856,7.1777,7.7936,143.34,4.023,4.9016,4.0919,,25.12,13.93
2023-08-02,0.6538,1123.0,79.49,,,83.2,,,102.59,1.0938,5.5,1.2711,1937.4,2.659,384.35,5.42988,5.43107,,,,142.79,6669.37,2930.63,19517.38,4388.77,2319.77,3039.5,1019.99,3000.54,,15370.74,2.477,32707.69,3261.69,3969.9,23.872,4513.39,7.2009,7.1916,7.8015,143.32,4.0775,4.8767,4.1749,,25.24,16.09
2023-08-03,0.6551,1128.0,81.55,,,85.14,,,102.542,1.0949,5.5,1.2709,1932.0,2.657,389.95,5.36054,5.39542,,,,144.14,6652.16,2923.67,19420.87,4406.44,2313.86,3016.42,1015.81,2990.13,,15353.54,2.565,32159.28,3280.463,4004.98,23.697,4501.89,7.182,7.1697,7.8061,142.58,4.1751,4.881,4.2909,,25.2,15.92
2023-08-04,0.657,1136.0,82.82,,,86.24,,,102.017,1.1006,5.5,1.2749,1939.6,2.658,386.75,5.25958,5.34244,,,,143.79,6732.58,2944.57,19539.46,4497.31,2322.1,3042.58,1018.02,2986.54,,15274.92,2.577,32192.75,3288.084,4020.58,23.716,4478.03,7.1879,7.1729,7.8114,141.76,4.0338,4.7641,4.2007,,25.05,17.1
2023-08-07,0.6573,1145.0,81.94,,,85.34,,,102.047,1.1002,5.5,1.2784,1933.5,2.647,383.5,5.19744,5.29375,,,,143.24,6734.31,2933.26,19537.92,4499.43,2325.94,3035.84,1016.31,3003.77,,15407.85,2.725,32254.56,3268.831,3990.15,23.232,4518.44,7.2012,7.1931,7.8071,142.5,4.0885,4.7619,4.2698,,24.62,15.77
2023-08-08,0.6544,1142.0,82.92,,,86.17,,,102.528,1.0956,5.5,1.2748,1924.1,2.645,376.65,5.20768,5.30655,,,,144.52,6587.75,2883.81,19184.17,4374.2,2327.53,3046.81,1003.71,2988.1,,15273.05,2.777,32377.29,3260.62,3979.73,22.807,4499.38,7.2371,7.2186,7.8142,143.38,4.022,4.7514,4.2067,,24.18,15.99
2023-08-09,0.6528,1144.0,84.4,,,87.55,,,102.49,1.0974,5.5,1.2719,1915.4,2.657,378.35,4.90905,5.19857,,,,144.49,6613.23,2894.25,19246.03,4373.71,2330.31,3049.78,1008.42,2976.31,,15101.71,2.959,32204.33,3244.487,3967.57,22.731,4467.71,7.2293,7.2107,7.821,143.73,4.0081,4.808,4.1701,,23.7,15.96
2023-08-10,0.6515,1137.0,82.82,,,86.4,,,102.524,1.0981,5.5,1.2676,1914.4,2.658,376.5,4.76256,5.10964,,,,144.51,6628.55,2894.19,19248.26,4378.04,2332.88,3030.68,1008.34,2984.81,,15128.84,2.763,32473.65,3254.56,3975.72,22.821,4468.83,7.2427,7.2188,7.8193,144.75,4.1055,4.8417,4.2518,,24.02,15.85
2023-08-11,0.6496,1129.0,83.19,,,86.81,,,102.842,1.0949,5.5,1.2696,1912.9,2.65,371.9,4.72161,5.10845,,,,143.5,6540.63,2861.39,19075.19,4273.19,2329.52,3022.16,997.72,2972.73,,15028.07,2.77,,3189.248,3884.25,22.743,4464.05,7.2601,7.2396,7.8174,144.96,4.1522,4.8947,4.2614,,23.49,14.84
2023-08-14,0.6487,1135.0,82.51,,,86.21,,,103.19,1.0906,5.5,1.2683,1910.6,2.623,372.55,4.7628,5.12798,,,,144.6,6423.84,2821.3,18773.55,4208.43,2329.05,3019.79,986.28,2976.86,,15205.59,2.795,32059.91,3178.427,3855.91,22.708,4489.72,7.2793,7.2573,7.8197,145.56,4.1913,4.9669,4.2888,,25.28,14.82
2023-08-15,0.6455,1166.0,80.99,,,84.89,,,103.209,1.0905,5.5,1.2705,1902.5,2.576,366.75,4.76232,5.10441,,,,146.14,6366.48,2796.1,18581.11,4179.13,2324.64,3011.15,981.8,2948.22,,15037.65,2.659,32238.89,3176.176,3846.54,22.656,4437.86,7.3242,7.2884,7.8232,145.57,4.211,4.9522,4.3155,,25.78,16.46
2023-08-16,0.6424,1233.0,79.38,,,83.45,,,103.431,1.0879,5.5,1.2732,1896.1,2.566,365.75,4.71089,5.07637,,,,147.41,6272.86,2758.46,18329.3,4126.13,2322.49,2999.75,975.77,2925.63,,14876.47,2.592,31766.82,3150.128,3818.33,22.535,4404.33,7.3363,7.2985,7.8313,146.35,4.2504,4.9652,4.3519,,26.34,16.78
2023-08-17,0.6404,1247.0,80.39,,,84.12,,,103.572,1.0872,5.5,1.2747,1884.1,2.569,369.15,4.63083,5.01816,,,,147.12,6292.33,2763.95,18326.63,4158.28,2313.08,2994.06,973.86,2901.84,,14715.81,2.621,31626.0,3163.739,3831.1,22.715,4370.36,7.3041,7.2866,7.8294,145.84,4.2741,4.9292,4.3868,,27.05,17.89
2023-08-18,0.6406,1237.0,81.25,,,84.8,,,103.375,1.0873,5.5,1.2734,1886.1,2.563,370.6,4.63,5.02435,,,,148.75,6146.99,2707.8,17950.85,4007.39,2310.41,3000.75,964.44,2897.5,,14694.84,2.551,31450.76,3131.953,3784.0,22.733,4369.71,7.3064,7.2845,7.8326,145.39,4.2546,4.9425,4.3751,,27.97,17.3
2023-08-21,0.6414,1223.0,80.72,,,84.46,,,103.3,1.0896,5.5,1.2756,1893.3,2.543,371.85,4.52036,4.94054,,,,149.22,6030.64,2656.67,17623.29,3923.16,2308.86,2986.42,959.79,2910.52,,14936.69,2.632,31565.64,3092.978,3729.56,23.34,4399.77,7.2892,7.2832,7.8378,146.22,4.3379,5.0006,4.4465,,31.53,17.13
2023-08-22,0.6423,1194.0,80.35,,,84.03,,,103.563,1.0846,5.5,1.2732,1896.4,2.554,375.7,4.38077,4.8306,,,,149.76,6097.59,2684.19,17791.01,4000.92,2310.87,2992.67,966.69,2909.19,,14908.96,2.56,31856.71,3120.334,3758.23,23.45,4387.55,7.3065,7.294,7.8372,145.89,4.3241,5.0459,4.4004,,29.5,16.97
2023-08-23,0.648,1151.0,78.89,,,83.21,,,103.419,1.0863,5.5,1.2727,1918.5,2.551,380.85,4.35345,4.78238,,,,148.87,6117.27,2685.44,17845.92,4008.86,2322.11,3025.28,970.2,2937.7,,15148.06,2.497,32010.26,3078.402,3696.63,24.392,4436.01,7.2877,7.2785,7.8416,144.84,4.1918,4.9667,4.2699,,27.7,15.98
2023-08-24,0.6417,1110.0,79.05,,,83.36,,,103.982,1.081,5.5,1.2602,1918.2,2.553,377.1,4.23714,4.70839,,,,147.67,6267.95,2739.56,18212.17,4158.02,2317.8,3017.9,982.31,2906.25,,14816.44,2.519,32287.21,3082.244,3723.43,24.23,4376.31,7.2806,7.2799,7.8426,145.83,4.2372,5.0229,4.3021,,27.17,17.2
2023-08-25,0.6404,1080.0,79.83,,,84.48,,,104.077,1.0796,5.5,1.2578,1911.1,2.567,376.2,3.9997,4.6075,,,,147.67,6175.29,2705.72,17956.38,4058.95,2320.0,3019.18,971.04,2911.99,,14941.83,2.54,31624.28,3064.075,3709.15,24.234,4405.71,7.2948,7.2872,7.8435,146.44,4.2354,5.0779,4.2841,,28.54,15.68
2023-08-28,0.6429,,80.1,,,84.42,,,104.058,1.0819,5.5,1.2602,1917.9,2.586,375.6,3.81595,4.5175,,,,148.77,6246.22,2730.5,18130.74,4127.54,2326.1,3026.93,978.09,2935.71,,15052.46,2.579,32169.99,3098.636,3752.62,24.252,4433.31,7.2933,7.2889,7.846,146.54,4.202,5.0479,4.2774,,28.55,15.08
2023-08-29,0.6481,1107.0,81.16,,,85.49,,,103.531,1.088,5.5,1.2644,1936.5,2.59,379.45,3.7547,4.45327,,,,145.63,6386.8,2784.16,18484.03,4234.43,2334.83,3045.31,987.58,2975.5,,15376.55,2.556,32226.97,3135.887,3790.11,24.788,4497.63,7.284,7.2807,7.8468,145.88,4.1197,4.8942,4.2303,,27.92,14.45
2023-08-30,0.6475,1094.0,81.63,,,85.86,,,103.157,1.0923,5.5,1.2721,1954.0,2.583,378.5,3.76191,4.48274,,,,145.05,6356.5,2776.58,18482.86,4195.41,2339.94,3044.88,988.3,2991.52,,15462.43,2.796,32333.46,3137.137,3788.51,24.734,4514.87,7.3031,7.287,7.8476,146.24,4.1139,4.8859,4.2257,,26.46,13.88
2023-08-31,0.6484,1086.0,83.63,0.1,,86.86,3.7,49.7,103.619,1.0843,5.5,1.2673,1947.0,2.581,377.25,3.71691,4.44661,1.8,,2.8,145.1,6332.42,2760.34,18382.06,4179.49,2341.85,3050.07,980.33,2986.02,48.0,15501.07,2.768,32619.34,3119.876,3765.27,24.472,4507.66,7.2755,7.2588,7.8418,145.54,4.1081,4.8629,4.2107,3.7,25.53,13.57
2023-09-01,0.6456,1065.0,85.55,,,88.55,,,104.236,1.078,5.5,1.259,1948.4,2.623,381.25,,,,,,147.2,,,,,2342.13,3032.43,985.68,2989.51,,15490.86,2.765,32710.62,3133.247,3791.49,24.232,4515.77,7.2703,7.2663,7.8443,146.22,4.1788,4.8785,4.2936,,,13.09
2023-09-04,0.6461,1083.0,,,,89.0,,,104.236,1.0796,5.5,1.2625,,2.651,,3.68577,4.44274,,,,143.29,6533.45,2828.08,18844.16,4305.02,,,995.5,2990.17,,,,32939.18,3177.06,3848.95,,,7.2755,7.2746,7.8344,146.47,4.1788,4.8785,4.2936,,25.5,13.82
2023-09-05,0.6379,1063.0,86.69,,,90.04,,,104.807,1.0722,5.5,1.2564,1934.3,2.642,381.1,4.03036,4.5247,,,,144.1,6396.76,2776.74,18456.91,4193.45,2335.46,3015.97,985.84,2973.45,,15508.24,2.582,33036.76,3154.369,3820.32,23.558,4496.83,7.3055,7.3033,7.8413,147.72,4.2598,4.9597,4.3704,,25.36,14.01
2023-09-06,0.6382,1081.0,87.54,,,90.6,,,104.861,1.0727,5.5,1.2507,1925.8,2.667,374.85,4.1656,4.56589,,,,143.75,6403.7,2774.86,18449.98,4176.84,2331.14,3011.59,981.42,2955.82,,15371.44,2.51,33241.02,3158.077,3812.03,23.206,4465.48,7.3208,7.318,7.8426,147.66,4.2797,5.0162,4.351,,24.61,14.45
2023-09-07,0.6376,1141.0,86.87,,,89.92,,,105.059,1.0696,5.5,1.2472,1924.1,2.668,372.6,4.23298,4.58131,,,,143.79,6314.67,2738.3,18202.07,4091.65,2333.5,3020.58,973.59,2947.11,,15258.52,2.579,32991.08,3122.352,3758.47,22.95,4451.14,7.3422,7.3291,7.8392,147.3,4.2441,4.9469,4.3405,,24.37,14.4
2023-09-08,0.6376,1186.0,87.51,,,90.65,,,105.09,1.07,5.5,1.2468,1924.6,2.668,368.05,,,,,,142.92,,,,,2334.9,3024.71,973.86,2948.81,,15280.23,2.605,32606.84,3116.719,3739.99,22.892,4457.49,7.3647,7.3439,7.8399,147.83,4.2641,4.9906,4.3376,,,13.84
2023-09-11,0.6431,1209.0,87.29,,,90.64,,,104.569,1.075,5.5,1.2509,1929.2,2.66,377.0,4.29048,4.65137,,,,144.43,6298.72,2734.66,18096.45,4083.14,2337.49,3019.99,977.5,2969.45,,15461.87,2.608,32467.76,3142.779,3767.54,23.103,4487.46,7.3024,7.2891,7.8322,146.59,4.288,4.9905,4.3723,,24.27,13.8
2023-09-12,0.6426,1235.0,88.84,,,92.06,,,104.711,1.0754,5.5,1.249,1917.2,2.658,375.2,4.61935,4.81679,,,,145.2,6260.19,2725.22,18025.89,4063.96,2337.05,3021.27,975.72,2955.87,,15289.74,2.743,32776.37,3137.059,3760.61,23.127,4461.9,7.3014,7.2923,7.827,147.08,4.2801,5.02,4.3511,,23.35,14.23
2023-09-13,0.6422,1290.0,88.52,,,91.88,,,104.766,1.073,5.5,1.249,1914.4,2.647,375.6,4.96839,4.98435,,,,145.8,6235.71,2720.35,18009.22,4041.19,2339.1,3024.21,974.56,2956.84,,15348.53,2.68,32706.52,3123.067,3736.65,22.912,4467.44,7.2719,7.2717,7.826,147.46,4.2485,4.9692,4.3434,,22.94,13.48
2023-09-14,0.644,1340.0,90.16,,,93.7,,,105.405,1.0643,5.5,1.2409,1914.4,2.634,378.25,4.97988,4.97458,,,,145.31,6275.15,2728.23,18047.92,4059.15,2342.19,3020.35,982.11,2982.69,,15473.89,2.708,33168.1,3126.551,3733.51,22.748,4505.1,7.2902,7.2789,7.8285,147.47,4.2863,5.0114,4.3811,,22.31,12.82
2023-09-15,0.6432,1381.0,90.77,,,93.93,,,105.322,1.0657,5.5,1.2383,1927.9,2.668,376.35,5.00185,5.00185,,,,143.84,6309.59,2747.85,18182.89,4077.91,2339.34,3014.19,984.99,2960.98,,15202.4,2.644,33533.09,3117.743,3708.78,23.126,4450.32,7.2807,7.2758,7.8271,147.85,4.3324,5.0325,4.4172,,21.24,13.79
2023-09-18,0.6437,1439.0,91.48,,,94.43,,,105.202,1.0692,5.5,1.2383,1935.2,2.674,374.15,5.09123,5.08994,,,,144.81,6209.52,2715.79,17930.55,3987.35,2337.97,3019.47,976.17,2956.14,,15225.37,2.728,,3125.932,3727.71,23.232,4453.53,7.291,7.2912,7.8183,147.61,4.3026,5.0538,4.384,,22.4,14.0
2023-09-19,0.6454,1526.0,91.2,,,94.34,,,105.133,1.0679,5.5,1.2392,1935.3,2.679,371.4,5.25732,5.21762,,,,143.93,6235.65,2724.14,17997.17,3984.79,2334.23,3012.01,974.5,2951.17,,15191.23,2.848,33242.59,3124.957,3720.5,23.194,4443.95,7.3036,7.2973,7.8206,147.86,4.3586,5.0901,4.4241,,22.04,14.11
2023-09-20,0.6448,1584.0,90.28,,,93.53,,,105.328,1.0661,5.5,1.2344,1948.6,2.683,374.65,5.24649,5.21875,,,,144.3,6181.73,2703.87,17885.6,3921.83,2335.02,3014.57,970.87,2936.36,,14969.92,2.733,33023.78,3108.568,3705.69,23.579,4402.2,7.3074,7.2863,7.8234,148.34,4.407,5.1758,4.4448,,21.86,15.14
2023-09-21,0.6416,1569.0,89.63,,,93.3,,,105.363,1.0661,5.5,1.2298,1921.2,2.676,366.65,5.23607,5.2128,,,,144.71,6099.26,2667.31,17655.41,3849.27,2322.81,2989.97,956.25,2886.07,,14694.24,2.61,32571.03,3084.701,3672.45,23.444,4330.0,7.3141,7.3064,7.8209,147.59,4.4942,5.1438,4.573,,22.2,17.54
2023-09-22,0.6441,1593.0,90.03,,,93.27,,,105.583,1.0653,5.5,1.2241,1927.2,2.692,366.55,5.23494,5.22839,,,,143.79,6262.61,2720.59,18057.45,3991.33,2324.02,3004.08,964.24,2879.85,,14701.1,2.637,32402.41,3132.432,3738.93,23.596,4320.06,7.299,7.299,7.8207,148.37,4.4337,5.1097,4.5245,,22.42,17.2
2023-09-25,0.6424,1614.0,89.68,,,93.29,,,105.998,1.0593,5.5,1.2211,1918.2,2.7,364.95,5.29161,5.28691,,,,144.29,6130.25,2671.89,17729.29,3882.9,2319.62,2983.31,957.41,2879.79,,14768.9,2.639,32678.62,3115.607,3714.6,23.145,4337.44,7.3157,7.312,7.8165,148.88,4.5334,5.1249,4.6521,,22.92,16.9
2023-09-26,0.6397,1694.0,90.39,,,93.96,,,106.231,1.0572,5.5,1.2158,1901.6,2.705,362.5,5.36298,5.30655,,,,145.57,6030.77,2633.99,17466.9,3817.27,2312.39,2978.57,947.18,2844.83,,14545.83,2.656,32315.05,3102.273,3692.89,22.95,4273.53,7.3101,7.3112,7.8216,149.07,4.5356,5.1207,4.675,,23.84,18.94
2023-09-27,0.6353,1752.0,93.68,,,96.55,,,106.666,1.0503,5.5,1.2135,1872.3,2.693,362.7,5.36232,5.28179,,,,144.65,6069.84,2653.56,17611.87,3833.87,2309.3,2967.0,948.25,2840.82,,14580.16,2.764,32371.9,3107.316,3700.5,22.477,4274.51,7.3242,7.3118,7.8208,149.63,4.6075,5.1354,4.719,,23.3,18.22
2023-09-28,0.6427,1716.0,91.71,,,95.38,,,106.224,1.0566,5.5,1.2203,1860.4,2.681,370.8,5.39887,5.27316,,,,145.58,5990.56,2623.22,17373.03,3778.12,2310.28,2969.94,944.08,2855.88,,14702.77,2.945,31872.52,3110.475,3689.52,22.741,4299.7,7.2948,7.298,7.8296,149.31,4.5748,5.0582,4.7044,,23.86,17.34
2023-09-29,0.6435,1701.0,90.79,,5.0,95.31,,,106.174,1.0573,5.5,1.2199,1848.1,,373.75,5.39661,5.27244,,4.2,,143.93,6148.33,2681.99,17809.66,3920.59,2314.15,2968.65,952.78,2853.24,,14715.24,2.929,31857.62,,,22.45,4288.05,7.2928,,7.8306,149.37,4.5711,5.0436,4.6992,,23.06,17.52
2023-09-30,,,,0.0,,,3.7,50.2,,,,,,,,,,2.0,,2.8,,,,,,,,,,48.7,,,,,,,,,,,,,,,3.7,,
2023-10-02,0.6363,1737.0,88.82,,,90.71,,,106.904,1.0477,5.5,1.2087,1830.0,,364.15,,,,,,,,,,,2302.47,2946.49,951.49,2838.78,,14837.57,2.84,31759.88,,,21.421,4288.39,7.3227,,7.8323,149.86,4.6785,5.1041,4.7882,,,17.61
2023-10-03,0.6302,1780.0,89.23,,,90.92,,,107.0,1.0467,5.5,1.2077,1824.6,,362.1,5.06375,5.18863,,,,149.56,5949.18,2611.67,17331.22,3817.52,2283.28,2919.98,939.16,2799.64,,14565.62,2.949,31237.94,,,21.377,4229.45,7.3228,,7.8322,149.02,4.7955,5.1502,4.923,,26.28,19.78
2023-10-04,0.6325,1778.0,84.22,,,85.81,,,106.799,1.0504,5.5,1.2135,1818.5,,358.9,4.92595,5.17381,,,,150.85,5882.68,2587.76,17195.84,3752.42,2284.21,2938.05,927.86,2810.86,,14776.25,2.962,30526.88,,,21.146,4263.75,7.3164,,7.8288,149.12,4.7329,5.0518,4.8584,,26.56,18.58
2023-10-05,0.637,1827.0,82.31,,,84.07,,,106.332,1.055,5.5,1.2192,1816.6,,355.2,4.93131,5.20113,,,,150.85,5887.98,2591.14,17213.87,3757.82,2285.84,2936.89,930.23,2816.43,,14723.22,3.166,31075.36,,,21.019,4258.19,7.3064,,7.8306,148.51,4.7185,5.0183,4.8901,,25.99,18.49
2023-10-06,0.6386,1929.0,82.79,,,84.58,,,106.044,1.0586,5.5,1.2237,1830.2,,362.75,4.9381,5.20881,,,,148.64,5974.3,2632.69,17485.98,3816.15,2286.16,2925.99,937.34,2845.23,,14973.24,3.338,30994.67,,,21.723,4308.5,7.3094,,7.8316,149.32,4.8009,5.0813,4.9676,,25.61,17.45
2023-10-09,0.6411,1991.0,86.38,,,88.15,,,106.083,1.0567,5.5,1.2238,1849.5,2.671,364.6,4.94161,5.20738,,,,147.4,5998.3,2638.14,17517.4,3825.48,,,935.42,2858.71,,15047.15,3.376,,3096.922,3684.73,21.924,4335.66,7.2928,7.2926,7.8293,148.51,4.8009,5.0813,4.9676,,26.4,17.7
2023-10-10,0.6432,1983.0,85.97,,,87.65,,,105.825,1.0605,5.5,1.2287,1861.0,2.69,363.4,4.92905,5.17941,,,,145.41,6052.51,2653.17,17664.73,3874.67,2303.76,2957.16,944.55,2887.89,,15131.52,3.382,31746.53,3075.236,3657.13,21.953,4358.24,7.2878,7.294,7.8193,148.71,4.653,4.9696,4.8325,,25.51,17.03
2023-10-11,0.6414,1948.0,83.49,,,85.82,,,105.82,1.062,5.5,1.2313,1872.8,2.701,361.2,4.95679,5.21976,,,,144.62,6132.87,2688.19,17893.1,3952.5,2305.67,2973.33,956.84,2899.5,,15241.12,3.377,31936.51,3078.956,3667.55,22.133,4376.95,7.301,7.3007,7.82,149.17,4.5582,4.9821,4.6942,,24.87,16.09
2023-10-12,0.6314,1935.0,82.91,,,86.0,,,106.599,1.0528,5.5,1.2175,1869.3,2.698,359.1,4.92304,5.21137,,,,143.41,6267.34,2737.2,18238.21,4019.05,2297.99,2947.05,962.69,2884.06,,15184.1,3.344,32494.66,3107.901,3702.38,21.959,4349.61,7.3098,7.306,7.8238,149.81,4.6969,5.0687,4.8543,,24.17,16.69
2023-10-13,0.6296,1945.0,87.69,,,90.89,,,106.648,1.051,5.5,1.2143,1927.4,2.68,357.1,4.89119,5.2128,,,,145.1,6115.88,2674.85,17813.45,3879.84,2298.36,2962.43,951.31,2862.14,,14995.12,3.236,32315.99,3088.099,3663.41,22.895,4327.78,7.3133,7.305,7.8246,149.57,4.6124,5.0538,4.7533,,24.9,19.32
2023-10-16,0.6342,1972.0,86.66,,,89.65,,,106.243,1.056,5.5,1.2217,1921.1,2.681,358.2,4.93542,5.22625,,,,146.36,6049.82,2643.85,17640.36,3811.68,2296.17,2947.16,946.21,2885.35,,15172.73,3.109,31659.03,3073.813,3626.6,22.765,4373.63,7.3085,7.311,7.8171,149.51,4.706,5.0985,4.85,,25.82,17.21
2023-10-17,0.6365,2058.0,86.66,,,89.9,,,106.25,1.0577,5.5,1.2183,1922.7,2.693,357.85,5.0172,5.29208,,,,145.93,6092.55,2660.45,17773.34,3836.05,2288.37,2926.4,951.21,2888.62,,15122.01,3.079,32040.29,3083.496,3639.4,23.024,4373.2,7.3256,7.3157,7.8241,149.81,4.8341,5.2095,4.9246,,24.77,17.88
2023-10-18,0.6336,2105.0,88.32,,,91.5,,,106.565,1.0536,5.5,1.214,1955.3,2.709,358.7,4.96161,5.27548,,,,145.97,6075.68,2645.82,17732.52,3771.92,2279.2,2911.14,943.12,2851.89,,14909.26,3.056,32042.25,3058.71,3610.58,23.099,4314.6,7.3277,7.3165,7.8298,149.93,4.9149,5.2225,4.9948,,24.44,19.22
2023-10-19,0.6329,2071.0,89.37,,,92.38,,,106.253,1.0582,5.5,1.2144,1968.4,2.72,360.1,4.8653,5.18744,,,,146.77,5924.23,2584.12,17295.89,3700.15,2273.76,2893.16,930.8,2824.45,,14783.13,2.957,31430.62,3005.393,3533.54,23.031,4278.0,7.3365,7.3104,7.8239,149.8,4.9898,5.1585,5.1099,,25.82,21.4
2023-10-20,0.6314,2046.0,88.75,,,92.16,,,106.163,1.0594,5.5,1.2164,1982.5,2.706,356.3,4.90768,5.20619,,,,146.68,5871.71,2565.23,17172.13,3662.15,2271.41,2901.38,925.58,2791.24,,14560.88,2.899,31259.36,2983.059,3510.59,23.504,4224.16,7.3271,7.3151,7.824,149.86,4.9137,5.0731,5.0755,,26.18,21.71
2023-10-23,0.6336,2017.0,85.49,,,89.83,,,105.536,1.067,5.5,1.2249,1976.3,2.706,358.65,,,,,,145.5,,,,,2276.38,2917.11,917.69,2786.75,,14604.85,2.926,30999.55,2939.291,3474.24,23.21,4217.04,7.3104,7.309,7.824,149.71,4.8502,5.0474,4.9995,,,20.37
2023-10-24,0.6355,1949.0,83.74,,,88.07,,,106.27,1.059,5.5,1.216,1975.0,2.722,362.4,4.96518,5.2306,,,,146.75,5799.38,2542.84,16991.53,3622.86,2284.32,2929.43,920.57,2801.96,,14745.85,2.971,31062.35,2962.244,3487.13,23.116,4247.68,7.3144,7.3111,7.8232,149.91,4.8229,5.1119,4.9381,,27.19,18.97
2023-10-25,0.6309,1832.0,85.39,,,90.13,,,106.528,1.0566,5.5,1.2112,1984.1,2.712,359.1,4.94821,5.22625,,,,145.96,5853.97,2560.27,17085.33,3700.94,2281.1,2908.44,920.78,2772.11,,14381.64,3.01,31269.92,2974.114,3504.46,23.007,4186.77,7.3299,7.3172,7.8218,150.23,4.9549,5.1206,5.086,,26.59,20.19
2023-10-26,0.6322,1662.0,83.21,,,87.93,,,106.602,1.0563,5.5,1.2129,1987.2,2.717,358.45,4.94929,5.21208,,,,146.61,5859.55,2550.84,17044.61,3712.55,2279.94,2924.93,910.91,2740.96,,14109.57,3.214,30601.78,2988.299,3514.15,22.908,4137.23,7.3248,7.3168,7.8209,150.4,4.8445,5.0395,4.9861,,27.31,20.68
2023-10-27,0.6335,1563.0,85.54,,,90.48,,,106.559,1.0565,5.5,1.2122,1988.6,2.72,364.6,4.94929,5.24095,,,,144.87,5979.01,2603.51,17398.73,3806.1,2280.43,2924.01,919.78,2731.99,,14180.42,3.164,30991.69,3017.784,3562.39,22.887,4117.37,7.3334,7.3174,7.8211,149.66,4.8346,5.0021,5.0144,,26.15,21.27
2023-10-30,0.6374,1502.0,82.31,,,87.45,,,106.12,1.0615,5.5,1.217,2005.6,2.716,365.85,4.96518,5.26125,,,,144.62,5960.33,2608.21,17406.36,3854.31,2281.73,2917.12,921.9,2757.59,,14335.51,3.352,30696.96,3021.553,3583.77,23.396,4166.82,7.3253,7.311,7.8206,149.1,4.8942,5.054,5.0485,,26.4,19.75
2023-10-31,0.6337,1459.0,81.02,-0.2,,87.41,3.2,49.5,106.663,1.0575,5.5,1.2153,1994.3,2.693,364.9,4.9047,5.24262,2.7,,2.9,146.53,5861.74,2566.06,17112.48,3759.16,2287.2,2913.06,915.2,2768.62,47.4,14409.78,3.575,30858.85,3018.771,3572.51,22.952,4193.8,7.3416,7.3164,7.8239,151.68,4.9307,5.0873,5.0931,3.9,26.08,18.14
2023-11-01,0.6393,1401.0,80.44,,,84.63,,,106.884,1.057,5.5,1.2152,1987.5,2.689,364.9,4.8756,5.22631,,,,146.33,5859.57,2559.94,17101.78,3752.37,2296.26,2941.33,915.97,2797.49,,14664.91,3.494,31601.65,3023.076,3571.03,22.79,4237.86,7.3357,7.316,7.8236,150.95,4.7341,4.9436,4.9273,,25.09,16.87
2023-11-02,0.6434,1385.0,82.46,,,86.85,,,106.124,1.0622,5.5,1.2203,1993.5,2.66,367.25,4.8828,5.25875,,,,145.87,5911.08,2576.74,17230.59,3813.42,2322.77,2967.36,930.62,2852.55,,14919.55,3.472,31949.89,3009.406,3554.19,22.846,4317.78,7.3266,7.3143,7.8249,150.45,4.659,4.9893,4.8008,,24.08,15.66
2023-11-03,0.6513,1462.0,80.51,,,84.89,,,105.021,1.0731,5.5,1.238,1999.2,2.667,368.15,4.85214,5.22845,,,,143.96,6052.31,2640.97,17664.12,3937.37,2343.38,2984.87,948.26,2883.8,,15099.49,3.515,,3030.798,3584.14,23.285,4358.34,7.2888,7.2754,7.8244,149.39,4.5724,4.8386,4.7666,,23.56,14.91
2023-11-06,0.6489,1523.0,80.82,,,85.18,,,105.215,1.0718,5.5,1.2344,1988.6,2.656,371.9,4.86887,5.24482,,,,143.61,6182.05,2696.0,17966.59,4098.58,2342.61,2972.98,968.91,2889.44,,15154.93,3.264,32708.48,3058.41,3632.61,23.234,4365.98,7.2826,7.2702,7.8208,150.07,4.6431,4.9345,4.8085,,24.27,14.89
2023-11-07,0.6436,1559.0,77.37,,,81.61,,,105.542,1.07,5.5,1.23,1973.5,2.671,367.9,4.83792,5.24661,,,,145.32,6087.1,2654.0,17670.16,4055.84,2340.18,2987.55,960.66,2887.39,,15296.02,3.14,32271.82,3057.27,3619.76,22.589,4378.38,7.2812,7.28,7.8195,150.37,4.5665,4.9176,4.7253,,23.74,14.81
2023-11-08,0.6402,1530.0,75.33,,,79.54,,,105.593,1.0709,5.5,1.2285,1957.8,2.65,363.8,4.9,5.26917,,,,146.45,6039.91,2639.05,17568.46,4020.84,2341.03,3001.34,957.91,2888.41,,15313.24,3.106,32166.48,3052.373,3611.07,22.728,4382.78,7.2871,7.2761,7.815,150.98,4.4925,4.932,4.6148,,23.11,14.45
2023-11-09,0.6367,1598.0,75.74,,,80.01,,,105.91,1.0668,5.5,1.2223,1969.8,2.652,364.05,4.92946,5.32958,,,,146.95,6030.26,2628.16,17511.29,4024.24,2334.85,2976.6,956.25,2878.98,,15187.9,3.041,32646.46,3053.279,3612.83,22.905,4347.35,7.2979,7.2846,7.8092,151.35,4.6241,5.0202,4.7646,,22.56,15.29
2023-11-10,0.6361,1643.0,77.17,,,81.43,,,105.861,1.0686,5.5,1.2227,1937.7,2.648,358.7,4.98202,5.34667,,,,147.46,5900.82,2584.48,17203.26,3892.44,2336.27,2985.18,948.32,2900.76,,15529.12,3.033,32568.11,3038.97,3586.49,22.281,4415.24,7.3065,7.2855,7.8089,151.52,4.6518,5.0623,4.7618,,23.3,14.17
2023-11-13,0.6377,1655.0,78.26,,,82.52,,,105.631,1.0698,5.5,1.2279,1950.2,2.649,366.6,4.96304,5.35875,,,,146.33,5989.1,2617.31,17426.21,3981.27,2337.02,2987.23,952.27,2904.64,,15482.79,3.197,32585.11,3046.533,3579.41,22.358,4411.55,7.2928,7.2891,7.8083,151.72,4.6399,5.0348,4.7549,,23.83,14.76
2023-11-14,0.6507,1662.0,78.26,,,82.47,,,104.053,1.0879,5.5,1.2499,1966.5,2.664,368.35,4.96988,5.36089,,,,146.23,5964.54,2613.54,17396.86,3951.75,2357.25,3026.48,959.12,2963.36,,15812.47,3.106,32695.93,3056.07,3582.06,23.132,4495.7,7.2525,7.2528,7.8058,150.37,4.4473,4.836,4.6203,,23.99,14.16
2023-11-15,0.6509,1688.0,76.66,,,81.18,,,104.394,1.0848,5.5,1.2416,1964.3,2.666,371.85,4.97441,5.36089,,,,143.84,6204.22,2707.78,18079.0,4125.87,2356.03,3011.77,983.51,2975.19,,15817.18,3.19,33519.7,3072.835,3607.25,23.538,4502.88,7.2586,7.2468,7.8067,151.36,4.5314,4.9118,4.6953,,25.08,14.18
2023-11-16,0.647,1758.0,72.9,,,77.42,,,104.349,1.0852,5.5,1.2414,1987.3,2.658,370.25,4.97345,5.35518,,,,143.75,6116.7,2675.39,17832.82,4049.72,2354.98,3029.88,982.25,2973.0,,15833.17,3.062,33424.41,3050.926,3572.36,23.933,4508.24,7.2487,7.2427,7.8014,150.73,4.4355,4.8375,4.6146,,24.88,14.32
2023-11-17,0.6515,1820.0,75.89,,,80.61,,,103.917,1.0915,5.5,1.2462,1984.7,2.656,373.85,5.03506,5.42226,,,,145.62,5974.47,2626.05,17454.19,3980.15,2356.86,3037.45,976.52,2985.19,,15837.99,2.96,33585.2,3054.365,3568.07,23.852,4514.02,7.2173,7.2143,7.7964,149.63,4.4354,4.8855,4.5889,,24.9,13.8
2023-11-20,0.6557,1817.0,77.6,,,82.32,,,103.438,1.094,5.5,1.2505,1980.3,2.662,381.4,5.21351,5.45994,,,,145.14,6103.34,2673.81,17778.07,4077.58,2362.63,3046.82,985.41,3004.88,,16027.06,2.882,33388.03,3068.319,3576.32,23.614,4547.38,7.1673,7.1669,7.7934,148.39,4.4198,4.9109,4.5709,,24.45,13.41
2023-11-21,0.6556,1796.0,77.77,,,82.45,,,103.565,1.0911,5.5,1.2539,2001.6,2.669,381.25,5.29786,5.52798,,,,146.68,6076.67,2668.54,17733.89,4037.07,2363.29,3048.84,988.47,2999.87,,15933.62,2.846,33354.14,3067.933,3581.07,23.869,4538.19,7.1429,7.1407,7.7961,148.39,4.3926,4.8723,4.5484,,24.43,13.35
2023-11-22,0.6543,1755.0,77.1,,,81.96,,,103.92,1.0888,5.5,1.2494,1992.8,2.686,376.3,5.3472,5.5922,,,,145.71,6074.83,2666.05,17734.6,4029.82,2367.75,3055.99,983.6,3004.76,,16001.39,2.897,33451.83,3043.611,3544.42,23.688,4556.62,7.1623,7.1648,7.7966,149.54,4.4042,4.8996,4.5371,,23.52,12.85
2023-11-23,0.6558,1855.0,,,,81.42,,,103.92,1.0905,5.5,1.2534,,2.704,,5.36726,5.62714,,,,144.87,6171.01,2697.56,17910.84,4117.12,2367.75,3055.99,988.08,3008.74,,,,,3061.856,3561.52,,,7.1522,7.1476,7.7989,149.56,4.4042,4.8996,4.5371,,23.34,12.8
2023-11-24,0.6585,2102.0,75.54,,,80.58,,,103.403,1.0939,5.5,1.2603,2003.0,2.708,378.9,5.37941,5.64167,,,,146.2,6041.15,2649.59,17559.42,4024.83,2367.64,3045.11,980.33,3015.19,,15982.01,2.855,33625.53,3040.972,3538.01,24.341,4559.34,7.1493,7.149,7.7918,149.44,4.4665,4.9484,4.5973,,23.59,12.46
2023-11-27,0.6607,2259.0,74.86,,,79.98,,,103.199,1.0954,5.5,1.2627,2012.4,2.71,375.8,5.53411,5.70768,,,,145.92,6025.22,2642.98,17525.06,4031.66,2371.63,3066.18,977.54,3007.99,,15961.98,2.794,33447.67,3031.7,3511.94,24.681,4550.43,7.1593,7.1528,7.7913,148.69,4.3866,4.888,4.537,,23.59,12.69
2023-11-28,0.6649,2391.0,76.41,,,81.68,,,102.746,1.0993,5.5,1.2694,2040.0,2.688,380.0,5.59012,5.73226,,,,147.14,5957.08,2620.72,17354.14,4000.42,2378.09,3075.58,985.47,3012.57,,16010.43,2.706,33408.39,3038.554,3518.52,24.935,4554.89,7.1326,7.1363,7.7966,147.48,4.3207,4.7342,4.5053,,23.08,12.69
2023-11-29,0.6617,2696.0,77.86,,,83.1,,,102.765,1.0969,5.5,1.2695,2047.1,2.692,378.6,5.65946,5.73083,,,,148.95,5818.87,2570.96,16993.44,3910.24,2391.05,3097.19,983.04,3013.93,,15987.6,2.804,33321.22,3021.688,3488.31,25.072,4550.58,7.1432,7.1262,7.8043,147.24,4.2552,4.6455,4.4371,,24.65,12.98
2023-11-30,0.6605,2937.0,75.96,-0.5,,82.83,3.1,49.4,103.497,1.0888,5.5,1.2624,2038.1,2.686,382.9,5.51673,5.61054,2.6,,2.9,148.95,5857.54,2579.21,17042.88,3899.64,2390.82,3087.21,987.1,3023.63,46.8,15947.87,2.802,33486.89,3029.673,3496.2,25.293,4567.8,7.1459,7.135,7.8104,148.2,4.3264,4.6802,4.4932,3.7,23.55,12.92
2023-12-01,0.6675,3192.0,74.07,,,78.88,,,103.268,1.0884,5.5,1.271,2071.0,2.683,390.9,5.5325,5.55357,,,,149.99,5761.73,2550.95,16830.3,3830.92,2398.54,3113.96,982.14,3040.7,,15997.58,2.814,33431.51,3031.636,3482.88,25.499,4594.63,7.1242,7.1285,7.8144,146.82,4.1956,4.5384,4.3888,,23.29,12.63
2023-12-04,0.662,3346.0,73.04,,,78.03,,,103.712,1.0836,5.5,1.2633,2024.1,2.692,382.05,5.53179,5.5153,,,,150.6,5703.33,2523.06,16646.05,3759.72,2400.89,3106.28,980.24,3026.59,,15839.67,2.694,33231.27,3022.914,3460.14,24.555,4569.78,7.149,7.1434,7.8159,147.21,4.2529,4.6353,4.4087,,23.61,13.08
2023-12-05,0.6552,3143.0,72.32,,,77.2,,,104.05,1.0797,5.5,1.2595,2018.5,2.691,377.25,5.47583,5.46399,,,,150.38,5609.63,2477.26,16327.86,3682.67,2405.52,3126.55,972.03,3023.22,,15877.71,2.71,32775.82,2972.296,3394.26,24.201,4567.18,7.1734,7.1471,7.8194,147.15,4.1649,4.5767,4.2967,,24.65,12.85
2023-12-06,0.6549,2848.0,69.38,,,74.3,,,104.153,1.0764,5.5,1.256,2030.5,2.696,371.65,5.42316,5.3778,,,,148.69,5663.92,2498.33,16463.26,3747.58,2409.03,3138.48,974.98,3020.98,,15788.05,2.569,33445.9,2968.933,3399.6,23.889,4549.34,7.1742,7.1606,7.8112,147.31,4.104,4.5929,4.2143,,23.86,12.97
2023-12-07,0.6602,2495.0,69.34,,,74.05,,,103.541,1.0794,5.5,1.2594,2029.9,2.687,378.45,5.47446,5.40113,,,,149.87,5615.8,2480.6,16345.89,3720.21,2410.85,3134.21,970.12,3037.45,,16022.49,2.585,32858.31,2966.206,3391.28,23.732,4585.59,7.1632,7.1486,7.8114,144.13,4.1495,4.5945,4.2552,,23.88,13.06
2023-12-08,0.6579,2483.0,71.23,,,75.84,,,104.01,1.0763,5.5,1.2549,1998.3,2.685,382.0,5.46345,5.3747,,,,150.43,5598.16,2473.61,16334.37,3705.93,2407.4,3121.7,975.01,3047.21,,16084.69,2.581,32307.86,2969.559,3399.46,22.971,4604.37,7.1872,7.1702,7.8085,144.95,4.2256,4.7209,4.3036,,23.66,12.35
2023-12-11,0.6568,2509.0,71.32,,,76.03,,,104.095,1.0765,5.5,1.2555,1978.0,2.661,378.0,5.4306,5.36988,,,,151.33,5532.49,2458.08,16201.49,3666.51,2405.98,3121.47,973.23,3056.42,,16221.73,2.431,32791.8,2991.438,3419.46,22.773,4622.44,7.1943,7.1741,7.8049,146.16,4.2333,4.708,4.3267,,24.3,12.63
2023-12-12,0.6559,2551.0,68.61,,,73.24,,,103.865,1.0794,5.5,1.2563,1977.8,2.657,378.6,5.41714,5.36631,,,,150.91,5614.5,2484.35,16374.5,3730.25,2409.32,3131.62,976.58,3067.44,,16354.25,2.311,32843.7,3003.438,3426.8,22.728,4643.7,7.1939,7.1772,7.8091,145.45,4.2006,4.7308,4.308,,23.9,12.07
2023-12-13,0.6662,2438.0,69.47,,,74.26,,,102.869,1.0874,5.5,1.2618,1982.3,2.645,378.6,5.41066,5.35286,,,,150.96,5550.9,2458.91,16228.75,3686.21,2424.28,3176.4,973.47,3101.08,,16562.37,2.335,32926.35,2968.76,3369.61,22.639,4707.09,7.1384,7.1708,7.811,142.89,4.0164,4.4265,4.1752,,22.84,12.19
2023-12-14,0.6699,2411.0,71.58,,,76.61,,,101.956,1.0993,5.5,1.2767,2030.2,2.653,388.85,5.40857,5.34417,,,,151.29,5573.53,2482.43,16402.19,3698.57,2454.32,3209.48,992.51,3128.89,,16537.83,2.392,32686.25,2958.986,3351.96,24.096,4719.55,7.1236,7.1119,7.8073,141.89,3.9208,4.3882,4.0355,,22.36,12.48
2023-12-15,0.6699,2348.0,71.43,,,76.55,,,102.55,1.0895,5.5,1.2681,2021.1,2.636,388.5,5.39696,5.32643,,,,148.44,5700.39,2535.21,16792.19,3780.69,2453.59,3205.38,1000.89,3126.14,,16623.45,2.491,32970.55,2942.557,3341.55,23.87,4719.19,7.1346,7.1215,7.8033,142.15,3.911,4.4428,4.008,,22.49,12.28
2023-12-18,0.6707,2288.0,72.47,,,77.95,,,102.561,1.0924,5.5,1.2648,2026.3,2.629,384.8,5.46054,5.34095,,,,149.17,5634.42,2509.0,16629.23,3730.66,2454.06,3196.51,997.91,3131.35,,16729.8,2.503,32758.98,2930.804,3329.37,23.831,4740.56,7.1435,7.1311,7.7956,142.78,3.9314,4.4463,4.0446,,22.81,12.56
2023-12-19,0.6763,2219.0,73.44,,,79.23,,,102.167,1.0981,5.5,1.2732,2038.4,2.633,389.6,5.62196,5.38268,,,,149.93,5592.76,2490.88,16505.0,3707.76,2459.79,3200.46,998.6,3153.35,,16811.85,2.492,33219.39,2932.391,3334.04,24.04,4768.37,7.1209,7.1185,7.7993,143.84,3.9313,4.4394,4.0387,,22.06,12.53
2023-12-20,0.673,2150.0,74.22,,,79.7,,,102.408,1.0942,5.5,1.2639,2034.5,2.637,390.15,5.65232,5.37101,,,,149.19,5612.65,2503.93,16613.81,3726.5,2465.58,3209.63,997.46,3121.79,,16554.16,2.447,33675.94,2902.11,3297.5,24.347,4698.35,7.1507,7.1386,7.8075,143.57,3.8474,4.3313,3.9856,,21.49,13.67
2023-12-21,0.6802,2087.0,73.89,,,79.39,,,101.843,1.1011,5.5,1.269,2039.1,2.62,390.85,5.62333,5.36958,,,,148.57,5619.91,2506.06,16621.13,3710.22,2468.32,3204.08,998.32,3145.09,,16757.41,2.572,33140.47,2918.715,3330.87,24.307,4746.75,7.1436,7.1378,7.8094,142.12,3.8881,4.3474,4.0303,,21.93,13.65
2023-12-22,0.6799,2094.0,73.56,,,79.07,,,101.698,1.1014,5.5,1.2701,2057.1,2.617,389.55,5.62762,5.36208,,,,149.56,5488.99,2455.83,16340.41,3548.05,2470.13,3200.11,992.28,3152.26,,16777.4,2.61,33169.05,2914.775,3337.23,24.29,4754.63,7.1544,7.1357,7.8116,142.41,3.895,4.3231,4.0493,,23.17,13.03
2023-12-25,0.6796,,,,,,,,,1.1008,5.5,1.269,,2.573,,,,,,,150.04,,,,,2470.13,3200.11,993.25,3152.49,,,,33254.03,2918.813,3347.45,,,7.1471,7.1364,7.809,142.35,3.895,4.3231,4.0493,,,
2023-12-26,0.6825,,75.57,,,81.07,,,101.466,1.1042,5.5,1.2725,2058.2,2.582,389.55,,,,,,149.41,,,,,2472.94,3206.39,998.53,3162.65,,16878.46,2.55,33305.85,2898.879,3324.79,24.144,4774.75,7.1423,7.1427,7.8082,142.4,3.8967,4.352,4.0451,,,12.99
2023-12-27,0.6847,,74.11,,,79.65,,,100.986,1.1105,5.5,1.2798,2081.9,2.565,394.35,5.57911,5.35006,,,,148.36,5603.7,2495.91,16624.84,3639.76,2481.32,3230.86,1009.84,3175.65,,16906.8,2.619,33681.24,2914.614,3336.36,24.375,4781.58,7.1527,7.1427,7.8111,141.83,3.7944,4.2416,3.9534,,23.22,12.43
2023-12-28,0.683,,71.77,,,78.39,,,101.229,1.1061,5.5,1.2733,2083.5,2.572,392.45,5.47054,5.26929,,,,147.09,5764.77,2558.77,17043.53,3763.9,2479.35,3223.34,1022.89,3178.05,,16898.47,2.557,33539.62,2954.704,3414.54,24.372,4783.35,7.1183,7.1104,7.814,141.41,3.8443,4.2767,3.9944,,22.49,12.47
2023-12-29,0.6812,,71.65,,5.3,77.04,,,101.333,1.1039,5.5,1.2731,2071.8,2.561,389.05,5.2681,5.15238,,4.3,,146.63,5768.5,2564.95,17047.39,3764.29,2479.95,3221.05,1023.74,3169.18,,16825.93,2.514,33464.17,2974.935,3431.11,24.086,4769.83,7.1258,7.1,7.8115,141.04,3.8791,4.2499,4.0282,,21.94,12.45
2023-12-31,,,,-0.3,,,3.4,49.0,,,,,,,,,,2.4,,2.9,,,,,,,,,,46.9,,,,,,,,,,,,,,,3.8,,
2024-01-01,0.6813,,,,,,,,,1.1045,5.5,1.2727,,,,,,,,,,,,,,,,1024.67,3169.25,,,,,,,,,,,,140.89,3.8791,4.2499,4.0282,,,
2024-01-02,0.6761,2093.0,70.38,,,75.89,,,102.2,1.0942,5.5,1.2617,2073.4,2.566,388.05,4.98536,5.07161,,,,147.56,5672.53,2531.94,16788.55,3714.77,2469.3,3200.31,1016.38,3145.42,,16543.94,2.568,,2962.276,3386.35,23.953,4742.83,7.1491,7.1432,7.8157,141.99,3.9294,4.3201,4.0708,,22.29,13.2
2024-01-03,0.6732,2091.0,72.7,,,78.25,,,102.494,1.0922,5.5,1.2665,2042.8,2.555,386.15,4.88048,5.01208,,,,147.94,5628.79,2514.61,16646.41,3646.39,2458.49,3197.92,1003.13,3115.68,,16368.49,2.668,,2967.247,3378.3,23.157,4704.81,7.1663,7.1494,7.8069,143.29,3.9162,4.3305,4.0725,,22.07,14.04
2024-01-04,0.6707,2086.0,72.19,,,77.59,,,102.422,1.0945,5.5,1.2682,2050.0,2.542,384.4,4.89119,4.96929,,,,147.32,5649.23,2513.37,16645.98,3654.94,2453.13,3180.82,1004.26,3114.12,,16282.01,2.821,33288.29,2954.349,3347.05,23.187,4688.68,7.1752,7.1608,7.8084,144.63,3.9988,4.3845,4.1522,,21.77,14.13
2024-01-05,0.6713,2110.0,73.81,,,78.76,,,102.412,1.0943,5.5,1.272,2049.8,2.529,380.6,4.87071,4.94714,,,,147.21,5606.98,2492.77,16535.33,3592.33,2452.17,3171.45,1002.08,3120.55,,16305.98,2.893,33377.42,2929.183,3329.11,23.315,4697.24,7.1627,7.1471,7.8119,144.63,4.0457,4.3807,4.2021,,21.47,13.35
2024-01-08,0.672,2022.0,70.77,,,76.12,,,102.209,1.095,5.5,1.2748,2033.5,2.515,381.0,4.89357,4.94845,,,,148.53,5480.82,2446.82,16224.45,3484.75,2459.98,3187.46,996.76,3153.62,,16649.88,2.98,,2887.538,3286.06,23.31,4763.54,7.1627,7.1514,7.8068,144.23,4.0305,4.3746,4.1934,,22.53,13.08
2024-01-09,0.6687,1875.0,72.24,,,77.59,,,102.57,1.0931,5.5,1.271,2033.0,2.495,375.85,4.90583,4.94774,,,,149.12,5449.76,2443.06,16190.02,3454.5,2463.69,3190.32,993.0,3146.97,,16678.71,3.19,33763.18,2893.251,3292.5,23.091,4756.5,7.1842,7.1687,7.8161,144.48,4.0133,4.3642,4.1856,,22.05,12.76
2024-01-10,0.67,1664.0,71.37,,,76.8,,,102.362,1.0973,5.5,1.2742,2027.8,2.494,378.1,4.84625,4.87738,,,,148.63,5421.23,2431.39,16097.28,3428.2,2468.44,3189.84,988.97,3161.5,,16793.05,3.039,34441.72,2877.702,3277.13,23.066,4783.45,7.1832,7.1727,7.8195,145.76,4.0283,4.358,4.2046,,21.85,12.69
2024-01-11,0.6688,1554.0,72.02,,,77.41,,,102.291,1.0972,5.5,1.276,2019.2,2.503,377.65,4.79131,4.82816,,,,147.57,5494.48,2457.95,16302.04,3503.02,2471.47,3204.48,994.75,3157.32,,16820.9,3.097,35049.86,2886.65,3295.67,22.705,4780.24,7.1751,7.1667,7.8184,145.29,3.9658,4.2451,4.1726,,21.82,12.44
2024-01-12,0.6686,1460.0,72.68,,,78.29,,,102.404,1.0951,5.5,1.2753,2051.6,2.522,374.05,4.76958,4.80613,,,,147.39,5481.94,2449.98,16244.58,3470.64,2476.08,3211.37,996.3,3168.31,,16832.92,3.313,35577.11,2881.977,3284.17,23.329,4783.83,7.1893,7.1675,7.8208,144.88,3.939,4.1441,4.1751,,21.6,12.7
2024-01-15,0.666,1360.0,,,,78.15,,,102.404,1.095,5.5,1.2727,,2.523,,4.76161,4.79816,,,,147.71,5446.52,2446.48,16216.33,3404.0,2476.08,3211.37,995.16,3165.14,,,,35901.79,2886.291,3280.92,,,7.1854,7.1715,7.8237,145.73,3.939,4.1441,4.1751,,21.75,13.25
2024-01-16,0.6584,1324.0,72.4,,,78.29,,,103.357,1.0875,5.5,1.2637,2030.2,2.527,376.65,4.74048,4.78107,,,,150.32,5343.3,2397.87,15865.92,3325.93,2470.13,3189.02,979.72,3146.04,,16830.71,2.9,35619.18,2893.989,3300.88,23.093,4765.98,7.219,7.1877,7.8263,147.19,4.0581,4.2195,4.2948,,22.51,13.84
2024-01-17,0.6552,1308.0,72.56,,,77.88,,,103.45,1.0883,5.5,1.2676,2006.5,2.508,373.3,4.73119,4.75137,,,,153.51,5132.82,2305.61,15276.9,3160.0,2461.27,3181.92,958.39,3120.44,,16736.28,2.87,35477.75,2833.615,3229.08,22.669,4739.21,7.2218,7.1963,7.8212,148.16,4.1019,4.3608,4.3116,,25.72,14.79
2024-01-18,0.6573,1357.0,74.08,,,79.1,,,103.536,1.0876,5.5,1.2706,2021.6,2.51,374.5,4.7281,4.73941,,,,153.59,5172.05,2322.85,15391.79,3176.08,2461.82,3177.63,961.34,3143.2,,16982.29,2.697,35466.17,2845.784,3274.73,22.807,4780.94,7.216,7.1963,7.8209,148.16,4.142,4.3524,4.3653,,24.69,14.13
2024-01-19,0.6597,1503.0,73.41,,,78.56,,,103.288,1.0898,5.5,1.2703,2029.3,2.504,378.65,4.74851,4.76333,,,,153.84,5127.24,2302.25,15308.69,3129.92,2463.18,3179.36,970.91,3175.36,,17314.0,2.519,35963.27,2832.279,3269.78,22.711,4839.81,7.2036,7.1934,7.8181,148.12,4.1226,4.3845,4.3285,,24.13,13.3
2024-01-22,0.657,1518.0,75.19,,,80.06,,,103.331,1.0883,5.5,1.2709,2022.2,2.495,376.35,4.74708,4.76476,,,,155.58,5001.95,2241.24,14961.18,3035.47,2469.5,3187.8,964.15,3189.1,,17330.38,2.419,36546.95,2756.34,3218.9,22.296,4850.43,7.1939,7.1909,7.8174,148.1,4.1052,4.3911,4.3195,,27.52,13.19
2024-01-23,0.658,1473.0,74.37,,,79.55,,,103.617,1.0854,5.5,1.2687,2025.8,2.506,379.35,4.75363,4.76548,,,,153.3,5140.93,2298.07,15353.98,3147.81,2468.33,3178.94,969.97,3190.9,,17404.21,2.45,36517.57,2770.976,3231.93,22.462,4864.6,7.1674,7.1718,7.8218,148.35,4.1282,4.3678,4.3625,,26.78,12.55
2024-01-24,0.6577,1507.0,75.09,,,80.04,,,103.236,1.0885,5.5,1.2726,2016.0,2.508,388.6,4.6475,4.7381,,,,151.2,5353.05,2378.36,15899.87,3281.16,2470.24,3174.45,982.34,3203.55,,17499.3,2.641,36226.48,2820.772,3277.11,22.889,4868.55,7.1623,7.158,7.8182,147.51,4.1762,4.3799,4.4087,,27.41,13.14
2024-01-25,0.6585,1499.0,77.36,,,82.43,,,103.574,1.0846,5.5,1.2708,2017.8,2.499,386.9,4.5875,4.71125,,,,150.7,5468.71,2424.97,16211.96,3310.69,2475.44,3189.18,988.3,3212.32,,17516.99,2.571,36236.47,2906.109,3342.92,22.927,4894.16,7.1799,7.1739,7.8182,147.66,4.1184,4.2932,4.3706,,26.28,13.45
2024-01-26,0.6575,1518.0,78.01,,,83.55,,,103.433,1.0853,5.5,1.2703,2017.3,2.502,385.2,4.55911,4.66839,,,,153.61,5360.24,2383.33,15952.23,3186.49,2478.31,3186.35,985.1,3216.23,,17421.01,2.712,35751.07,2910.223,3333.82,22.872,4890.97,7.1885,7.1774,7.8145,148.15,4.1373,4.3489,4.3688,,25.48,13.26
2024-01-29,0.6611,1460.0,76.78,,,82.4,,,103.609,1.0833,5.5,1.2709,2025.4,2.492,387.9,4.60042,4.7,,,,152.85,5408.93,2398.57,16077.24,3203.59,2482.16,3199.44,990.18,3236.32,,17596.27,2.49,36026.94,2883.356,3303.96,23.251,4927.93,7.1875,7.1804,7.8137,147.5,4.074,4.318,4.3132,,25.7,13.6
2024-01-30,0.6602,1397.0,77.82,,,82.87,,,103.397,1.0845,5.5,1.27,2031.5,2.458,391.1,4.60952,4.70911,,,,154.89,5275.37,2341.86,15703.45,3098.87,2481.77,3203.59,980.59,3236.76,,17476.71,2.077,36065.86,2830.527,3245.04,23.225,4924.97,7.1869,7.1778,7.818,147.61,4.0319,4.3345,4.2504,,26.22,13.31
2024-01-31,0.6568,1398.0,75.85,-0.8,,81.71,3.1,49.2,103.274,1.0818,5.5,1.2688,2048.4,2.434,390.6,4.58964,4.70839,1.7,,2.9,155.48,5194.04,2308.33,15485.07,3005.8,2479.85,3215.57,975.8,3205.32,48.6,17137.24,2.1,36286.71,2788.548,3215.35,23.169,4845.65,7.1872,7.1689,7.8181,146.92,3.9124,4.2067,4.166,3.7,25.79,14.35
2024-02-01,0.6572,1388.0,73.82,,,78.7,,,103.048,1.0872,5.5,1.2744,2053.0,2.434,385.35,4.5647,4.69345,,,,154.47,5223.48,2322.27,15566.21,3065.95,2485.65,3233.27,982.12,3226.8,,17344.71,2.05,36011.46,2770.74,3217.71,23.236,4906.19,7.1878,7.1805,7.82,146.43,3.8802,4.2024,4.1181,,25.8,13.88
2024-02-02,0.6512,1407.0,72.28,,,77.33,,,103.922,1.0788,5.5,1.2631,2036.1,2.429,382.15,4.54929,4.6778,,,,155.35,5218.99,2317.58,15533.56,3043.9,2480.77,3204.82,988.21,3247.64,,17642.73,2.079,36158.02,2730.152,3179.63,22.796,4958.61,7.2147,7.1935,7.8209,148.38,4.0199,4.3638,4.2205,,25.54,13.85
2024-02-05,0.6483,1436.0,72.78,,,77.99,,,104.452,1.0743,5.5,1.2536,2025.7,2.402,377.15,4.51262,4.67244,,,,156.84,5217.36,2310.47,15510.01,3038.84,2472.11,3180.86,983.32,3233.53,,17613.04,2.082,36354.16,2702.185,3200.42,22.422,4942.81,7.2201,7.1985,7.8217,148.68,4.1579,4.4722,4.3371,,27.07,13.67
2024-02-06,0.6523,1516.0,73.31,,,78.59,,,104.213,1.0755,5.5,1.2598,2034.5,2.458,378.1,4.50393,4.6706,,,,154.13,5473.75,2401.91,16136.87,3243.81,2476.56,3196.38,999.86,3244.51,,17572.73,2.009,36160.66,2789.486,3311.69,22.478,4954.23,7.2014,7.1901,7.8226,147.94,4.1,4.4035,4.2997,,27.61,13.06
2024-02-07,0.652,1487.0,73.86,,,79.21,,,104.057,1.0772,5.5,1.2626,2035.2,2.424,373.55,4.52875,4.67083,,,,154.7,5421.53,2398.15,16081.89,3190.68,2481.12,3189.97,1002.55,3265.07,,17755.07,1.967,36119.92,2829.696,3343.63,22.36,4995.06,7.2128,7.1949,7.819,148.18,4.1211,4.4287,4.3246,,27.07,12.83
2024-02-08,0.6492,1473.0,76.22,,,81.63,,,104.165,1.0778,5.5,1.2617,2032.2,2.439,370.2,4.52435,4.67131,,,,155.71,5360.08,2376.78,15878.07,3168.55,2481.7,3179.12,997.54,3266.14,,17783.17,1.917,36863.28,2865.903,3364.93,22.636,4997.91,7.2152,7.1967,7.8213,149.32,4.154,4.454,4.3514,,27.22,12.79
2024-02-09,0.6524,1545.0,76.84,,,82.19,,,104.111,1.0784,5.5,1.2628,2023.3,,368.15,4.5381,4.6706,,,,157.89,5306.79,2353.92,15746.58,3127.22,2484.1,3174.23,995.53,3281.42,,17962.4,1.847,36897.42,,,22.594,5026.61,7.2187,7.1936,7.8195,149.29,4.1754,4.4799,4.3722,,26.73,12.93
2024-02-12,0.6531,1572.0,76.92,,,82.0,,,104.17,1.0772,5.5,1.2629,2018.2,,372.4,,,,,,,,,,,2484.93,3176.21,996.06,3281.01,,17882.66,1.768,,,,22.767,5021.84,7.2152,,7.8168,149.35,4.1793,4.4738,4.3798,,,13.93
2024-02-13,0.6453,1585.0,77.87,,,82.77,,,104.96,1.0709,5.5,1.2592,1992.9,,371.1,,,,,,,,,,,2471.84,3147.45,996.78,3240.26,,17600.42,1.689,37963.97,,,22.154,4953.17,7.2314,,7.8193,150.8,4.3143,4.6578,4.4628,,,15.85
2024-02-14,0.6491,1582.0,76.64,,,81.6,,,104.723,1.0727,5.5,1.2566,1990.3,,370.0,4.54441,4.68601,,,,157.43,5386.31,2369.33,15879.38,3197.87,2474.44,3158.94,998.86,3265.67,,17807.63,1.609,37703.32,,,22.387,5000.62,7.2243,,7.8183,150.58,4.2554,4.5778,4.4346,,27.73,14.38
2024-02-15,0.6525,1581.0,78.03,,,82.86,,,104.296,1.0772,5.5,1.26,2002.1,,375.8,4.58196,4.7,,,,157.12,5410.94,2376.52,15944.63,3223.1,2478.84,3168.59,1007.7,3289.74,,17845.72,1.581,38157.94,,,22.951,5029.73,7.2176,,7.8194,149.93,4.23,4.574,4.4086,,27.17,14.01
2024-02-16,0.6531,1610.0,79.19,,,83.47,,,104.275,1.0777,5.5,1.2602,2011.5,,383.85,4.57173,4.69345,,,,153.46,5558.86,2440.61,16339.96,3342.73,2476.17,3159.81,1016.23,3285.12,,17685.98,1.609,38487.24,,,23.475,5005.57,7.2128,,7.822,150.21,4.2792,4.6416,4.4356,,27.53,14.24
2024-02-19,0.654,1629.0,,,,83.56,,,104.291,1.0779,5.5,1.2594,,2.437,,4.57173,4.6828,,,,156.09,5484.88,2415.12,16155.61,3253.09,2476.17,3159.81,1016.38,3286.86,,,,38470.38,2910.544,3403.81,,,7.2114,7.1981,7.8208,150.13,4.2792,4.6416,4.4356,,27.35,14.71
2024-02-20,0.6549,1632.0,78.18,,,82.34,,,104.079,1.0808,5.5,1.2623,2027.5,2.418,386.75,4.54226,4.63673,,,,155.13,5519.23,2432.25,16247.51,3264.4,2478.44,3166.8,1018.99,3274.33,,17546.1,1.576,38363.61,2922.73,3410.85,23.136,4975.51,7.2017,7.1925,7.8209,150.01,4.2753,4.6121,4.4482,,26.23,15.42
2024-02-21,0.6551,1676.0,77.91,,,83.03,,,104.006,1.0819,5.5,1.2638,2022.3,2.418,387.5,4.55863,4.67131,,,,153.7,5642.78,2468.06,16503.1,3351.22,2477.43,3160.34,1020.62,3272.19,,17478.91,1.773,38262.16,2950.956,3456.87,22.874,4981.8,7.1994,7.1912,7.8209,150.3,4.3187,4.666,4.4775,,26.14,15.34
2024-02-22,0.6557,1752.0,78.61,,,83.67,,,103.957,1.0823,5.5,1.266,2019.7,2.405,389.7,4.55048,4.68458,,,,151.95,5758.46,2503.23,16742.95,3410.02,2483.25,3164.32,1029.44,3329.86,,18004.7,1.732,39098.68,2988.358,3486.68,22.784,5087.03,7.2021,7.1939,7.8223,150.53,4.3207,4.7116,4.456,,26.67,14.54
2024-02-23,0.6562,1866.0,76.49,,,81.62,,,103.936,1.0821,5.5,1.2672,2038.6,2.399,388.0,4.52208,4.68387,,,,151.8,5765.1,2502.27,16725.86,3399.84,2486.52,3172.82,1028.31,3334.04,,17937.61,1.603,,3004.881,3489.74,22.982,5088.8,7.2057,7.1964,7.8243,150.51,4.248,4.6896,4.3703,,26.93,13.75
2024-02-26,0.654,1871.0,77.58,,,82.53,,,103.827,1.0851,5.5,1.2685,2028.5,2.378,382.0,4.48988,4.68387,,,,150.63,5723.36,2488.99,16634.74,3393.29,2487.25,3165.52,1024.11,3325.79,,17933.33,1.659,39233.71,2977.022,3453.36,22.526,5069.53,7.2112,7.1975,7.8241,150.7,4.2795,4.7182,4.3942,,26.35,13.74
2024-02-27,0.6544,1899.0,78.87,,,83.65,,,103.829,1.0844,5.5,1.2685,2034.0,2.378,382.8,4.47214,4.6853,,,,150.4,5806.9,2510.12,16790.8,3503.17,2486.23,3160.63,1027.75,3331.88,,17971.05,1.615,39239.52,3015.481,3494.79,22.532,5078.18,7.2139,7.1979,7.8243,150.51,4.3032,4.6933,4.4269,,25.73,13.43
2024-02-28,0.6496,2041.0,78.54,,,83.68,,,103.975,1.0838,5.5,1.2662,2042.7,2.358,382.75,4.4706,4.68458,,,,151.89,5688.46,2472.03,16536.85,3426.61,2485.08,3163.87,1018.72,3322.64,,17874.5,1.885,39208.03,2957.852,3450.26,22.41,5069.76,7.2141,7.198,7.8279,150.69,4.2639,4.6374,4.4047,,25.48,13.84
2024-02-29,0.6497,2111.0,78.26,0.7,,83.62,3.2,49.1,104.156,1.0805,5.5,1.2625,2054.7,2.353,383.45,4.48494,4.68387,2.1,,2.9,153.79,5677.88,2474.82,16511.44,3431.3,2487.09,3167.24,1020.94,3337.2,47.4,18043.85,1.86,39166.19,3015.171,3516.08,22.666,5096.27,7.2078,7.1886,7.829,149.98,4.2502,4.6187,4.3789,3.9,24.52,13.4
2024-03-01,0.6527,2203.0,79.97,,,83.55,,,103.861,1.0837,5.5,1.2655,2095.7,2.383,385.5,4.46917,4.68315,,,,153.17,5728.84,2484.38,16589.44,3488.13,2491.53,3179.77,1024.68,3364.04,,18302.91,1.835,39910.82,3027.021,3537.8,23.15,5137.08,7.2113,7.1968,7.828,150.12,4.1798,4.5313,4.3275,,24.74,13.11
2024-03-04,0.651,2297.0,78.74,,,82.8,,,103.832,1.0856,5.5,1.2692,2126.3,2.362,385.2,4.46917,4.68458,,,,152.07,5712.83,2484.2,16595.97,3474.77,2494.06,3177.05,1030.39,3362.28,,18226.48,1.916,40109.23,3039.305,3540.87,23.779,5130.95,7.2101,7.1989,7.8247,150.53,4.2131,4.6017,4.3531,,25.27,13.49
2024-03-05,0.6503,2291.0,78.15,,,82.04,,,103.798,1.0857,5.5,1.2705,2141.9,2.334,384.4,4.5,4.6853,,,,155.74,5562.73,2422.42,16162.64,3323.89,2495.48,3190.77,1021.74,3337.2,,17897.87,1.957,40097.63,3047.793,3565.51,23.763,5078.65,7.2121,7.1965,7.8241,150.05,4.1525,4.5579,4.2918,,25.63,14.46
2024-03-06,0.6564,2176.0,79.13,,,82.96,,,103.369,1.0899,5.5,1.2731,2158.2,2.281,387.05,4.5,4.68458,,,,152.73,5672.97,2461.6,16438.09,3412.57,2498.47,3198.6,1027.95,3357.03,,18017.57,1.929,40090.78,3039.931,3551.05,24.272,5104.76,7.21,7.1975,7.8251,149.38,4.102,4.5536,4.2397,,24.88,14.5
2024-03-07,0.662,2251.0,78.93,,,82.96,,,102.823,1.0948,5.5,1.2809,2165.2,2.294,391.95,4.525,4.68387,,,,153.48,5613.83,2434.07,16229.78,3359.34,2502.33,3203.65,1030.27,3391.26,,18297.99,1.818,39598.71,3027.401,3529.72,24.37,5157.36,7.2003,7.1926,7.8208,148.05,4.0827,4.5014,4.2424,,24.43,14.44
2024-03-08,0.6624,2345.0,78.01,,,82.08,,,102.712,1.0939,5.5,1.2858,2185.5,2.293,388.5,4.53202,4.68315,,,,152.38,5656.72,2454.98,16353.39,3385.58,2505.18,3207.5,1037.09,3380.14,,18018.45,1.805,39688.94,3046.019,3544.91,24.339,5123.69,7.2,7.1873,7.8202,147.06,4.0749,4.4735,4.2526,,23.5,14.74
2024-03-11,0.6614,2377.0,77.93,,,82.21,,,102.869,1.0926,5.5,1.2814,2188.6,2.312,392.25,4.51923,4.68333,,,,151.67,5748.89,2489.89,16587.57,3482.29,2504.76,3206.39,1039.07,3367.08,,17951.69,1.759,38820.49,3068.455,3589.26,24.512,5117.94,7.1799,7.1814,7.8217,146.95,4.0982,4.536,4.261,,23.47,15.22
2024-03-12,0.6606,2315.0,77.56,,,81.92,,,102.957,1.0927,5.5,1.2793,2166.1,2.354,392.5,4.5128,4.68315,,,,147.43,5949.52,2558.65,17093.5,3643.91,2505.36,3198.48,1049.07,3397.25,,18219.12,1.714,38797.51,3055.935,3597.49,24.194,5175.27,7.1873,7.1826,7.8235,147.68,4.1507,4.5862,4.3124,,24.25,13.84
2024-03-13,0.6621,2370.0,79.72,,,84.03,,,102.789,1.0948,5.5,1.2797,2180.8,2.339,405.25,4.51066,4.68325,,,,146.84,5932.46,2558.59,17082.11,3656.3,2507.19,3195.76,1046.51,3396.19,,18068.47,1.658,38695.97,3043.835,3572.36,24.959,5165.31,7.1935,7.1868,7.8236,147.76,4.1899,4.6345,4.3398,,23.64,13.75
2024-03-14,0.6581,2350.0,81.26,,,85.42,,,103.36,1.0883,5.5,1.2753,2167.5,2.351,403.7,4.51316,4.68387,,,,147.36,5906.88,2543.23,16961.66,3603.83,2502.08,3176.03,1048.68,3382.48,,18014.81,1.741,38807.38,3038.234,3562.22,24.874,5150.48,7.2026,7.1943,7.8227,148.33,4.2903,4.6936,4.4337,,22.94,14.4
2024-03-15,0.656,2374.0,81.04,,,85.34,,,103.432,1.0889,5.5,1.2736,2161.5,2.347,411.25,4.5128,4.68387,,,,149.13,5820.5,2511.79,16720.89,3549.84,2499.06,3175.44,1034.74,3363.03,,17808.25,1.655,38707.64,3054.636,3569.99,25.2,5117.09,7.2057,7.197,7.8223,149.04,4.3063,4.7276,4.4289,,22.62,14.41
2024-03-18,0.656,2419.0,82.72,,,86.89,,,103.579,1.0872,5.5,1.2729,2164.3,2.328,411.45,4.51351,4.6775,,,,149.53,5848.15,2521.55,16737.12,3594.22,2501.04,3174.7,1038.07,3380.67,,17985.01,1.703,39740.44,3084.926,3603.53,25.091,5149.42,7.2061,7.1984,7.8192,149.15,4.3242,4.7319,4.4483,,22.6,14.33
2024-03-19,0.6532,2392.0,83.47,,,87.38,,,103.818,1.0866,5.5,1.2722,2159.7,2.285,405.85,4.57333,4.67583,,,,150.1,5780.21,2486.81,16529.48,3528.47,2505.49,3180.74,1027.78,3393.37,,18032.21,1.744,40003.6,3062.756,3577.63,24.964,5178.51,7.212,7.1994,7.8232,150.86,4.2925,4.6831,4.4415,,22.18,13.82
2024-03-20,0.6586,2284.0,81.68,,,85.95,,,103.389,1.0922,5.5,1.2785,2161.0,2.306,403.85,4.6,4.67625,,,,150.92,5803.99,2491.85,16543.07,3551.42,2508.78,3183.67,1032.12,3414.89,,18240.11,1.699,,3079.686,3585.38,24.933,5224.62,7.2112,7.1979,7.8228,151.26,4.2728,4.6023,4.4532,,21.91,13.04
2024-03-21,0.657,2240.0,81.07,,,85.78,,,104.007,1.086,5.5,1.2658,2184.7,2.289,404.65,4.68774,4.71143,,,,148.58,5905.27,2532.32,16863.1,3582.9,2512.63,3188.81,1048.34,3434.69,,18320.38,1.683,40815.66,3077.113,3581.09,24.849,5241.53,7.2216,7.1995,7.8214,151.62,4.2669,4.6363,4.4347,,21.48,12.92
2024-03-22,0.6515,2196.0,80.63,,,85.43,,,104.43,1.0808,5.5,1.2601,2160.0,2.309,399.6,4.74494,4.73464,,,,149.83,5757.67,2480.18,16499.47,3455.88,2513.93,3200.28,1039.32,3428.12,,18339.44,1.659,40888.43,3048.034,3545.0,24.692,5234.18,7.2761,7.2292,7.8216,151.41,4.1981,4.5891,4.3779,,21.6,13.06
2024-03-25,0.654,2123.0,81.95,,,86.75,,,104.224,1.0837,5.5,1.2636,2176.4,2.32,400.7,4.8347,4.7303,,,,150.88,5754.65,2474.11,16473.64,3437.2,2512.67,3192.98,1036.13,3420.18,,18277.06,1.615,40414.12,3026.305,3525.76,24.745,5218.19,7.2531,7.2114,7.8219,151.42,4.2454,4.6254,4.4154,,21.5,13.19
2024-03-26,0.6533,1989.0,81.62,,,86.25,,,104.298,1.0831,5.5,1.2628,2177.2,2.321,399.6,4.86452,4.73941,,,,150.85,5825.42,2490.72,16618.32,3471.49,2511.47,3193.83,1040.07,3414.29,,18210.54,1.575,40398.03,3031.481,3543.75,24.483,5203.58,7.2487,7.2167,7.8237,151.56,4.2316,4.591,4.3971,,21.09,13.24
2024-03-27,0.6535,1845.0,81.35,,,86.09,,,104.348,1.0828,5.5,1.264,2190.6,2.296,400.0,4.8228,4.73071,,,,151.75,5728.13,2463.75,16392.84,3393.43,2514.1,3204.68,1036.73,3436.98,,18280.84,1.718,40762.73,2993.139,3502.79,24.752,5248.49,7.2539,7.226,7.8238,151.33,4.1903,4.5682,4.3503,,21.16,12.78
2024-03-28,0.6516,1821.0,83.17,,,87.48,,,104.546,1.0789,5.5,1.2624,2217.4,2.306,400.7,4.80143,4.71679,,,,150.58,5810.79,2483.0,16541.42,3477.55,2516.52,3208.19,1040.39,3436.78,,18254.69,1.763,40168.07,3010.664,3520.97,24.916,5254.35,7.2623,7.2267,7.8263,151.38,4.2003,4.62,4.3427,,20.37,13.01
2024-03-29,0.6521,,,,5.3,,,,104.487,1.079,5.5,1.2623,,2.295,,,,,2.9,,152.24,,,,,2516.52,3208.19,1043.2,3437.76,,,,40369.44,3041.167,3537.48,,,7.2572,7.2224,7.8247,151.35,4.2003,4.62,4.3427,,,
2024-03-31,,,,0.1,,,3.5,50.8,,,,,,,,,,2.0,,3.0,,,,,,,,,,49.8,,,,,,,,,,,,,,,3.9,,
2024-04-01,0.6489,,83.71,,,87.42,,,105.019,1.0743,5.5,1.2552,2236.5,2.309,404.85,,,,,,153.68,,,,,2510.55,3181.47,1042.07,3424.73,,18293.2,1.837,39803.09,3077.379,3595.65,25.073,5243.77,7.2595,7.2308,7.8256,151.65,4.3092,4.7053,4.4484,,,13.65
2024-04-02,0.6518,1714.0,85.15,,,88.92,,,104.816,1.077,5.5,1.2578,2261.0,2.296,407.05,4.61214,4.68619,,,,150.59,5960.72,2532.64,16931.52,3543.12,2503.21,3177.42,1049.93,3403.4,,18121.78,1.862,39838.91,3074.958,3580.68,25.923,5205.81,7.2546,7.2326,7.8292,151.56,4.3491,4.6888,4.4953,,21.89,14.61
2024-04-03,0.6565,1711.0,85.43,,,89.35,,,104.249,1.0836,5.5,1.2652,2294.4,2.292,419.4,4.5081,4.65893,,,,150.77,5874.99,2508.32,16725.1,3460.87,2503.58,3180.78,1043.23,3409.62,,18160.19,1.841,39451.85,3069.296,3567.8,27.06,5211.49,7.2488,7.2332,7.8288,151.7,4.3472,4.6723,4.5072,,21.49,14.33
2024-04-04,0.6588,1669.0,86.59,,,90.65,,,104.121,1.0837,5.5,1.2642,2288.8,,424.9,,,,,,,,,,,2505.5,3186.8,1048.76,3386.31,,17878.78,1.774,39773.14,,,27.247,5147.21,7.2492,,7.8288,151.34,4.3094,4.6474,4.4757,,,16.35
2024-04-05,0.6579,1628.0,86.91,,,91.17,,,104.298,1.0837,5.5,1.2638,2325.7,,423.6,4.46185,4.63696,,,,153.02,5863.57,2499.82,16723.92,3450.89,2504.17,3170.41,1045.71,3402.36,,18108.46,1.785,38992.08,,,27.503,5204.34,7.2478,,7.8287,151.62,4.4016,4.7505,4.5528,,22.01,16.03
2024-04-08,0.6604,1594.0,86.43,,,90.38,,,104.14,1.0859,5.5,1.2655,2331.7,2.289,427.6,4.44929,4.61363,,,,151.2,5868.97,2505.99,16732.85,3444.61,2505.34,3172.23,1049.16,3408.57,,18100.19,1.844,39347.04,3047.052,3536.41,27.807,5202.39,7.2422,7.2308,7.8318,151.82,4.4198,4.7886,4.5499,,22.61,15.19
2024-04-09,0.6629,1570.0,85.23,,,89.42,,,104.148,1.0857,5.5,1.2678,2343.5,2.289,428.55,4.42851,4.60429,,,,149.56,5895.32,2523.61,16828.07,3478.24,2509.0,3184.12,1055.37,3412.09,,18169.9,1.872,39773.13,3048.537,3533.49,27.984,5209.91,7.2383,7.2323,7.8307,151.76,4.3616,4.7426,4.4964,,22.39,14.98
2024-04-10,0.6512,1587.0,86.21,,,90.48,,,105.245,1.0743,5.5,1.254,2329.6,2.298,428.2,4.3775,4.57851,,,,147.65,6016.83,2564.72,17139.17,3552.01,2498.49,3148.24,1057.89,3379.73,,18011.65,1.885,39581.81,3027.335,3504.71,28.052,5160.64,7.2624,7.2343,7.8357,153.16,4.5435,4.9731,4.6223,,22.73,15.8
2024-04-11,0.6538,1690.0,85.02,,,89.74,,,105.282,1.0726,5.5,1.2553,2354.8,2.294,425.3,4.30964,4.53833,,,,147.54,6003.97,2559.34,17095.03,3538.39,2492.45,3143.8,1055.09,3391.01,,18307.98,1.764,39442.63,3034.246,3504.25,28.25,5199.06,7.2558,7.237,7.8379,153.27,4.5865,4.9609,4.6784,,22.51,14.91
2024-04-12,0.6467,1729.0,85.66,,,90.45,,,106.038,1.0643,5.5,1.2452,2356.2,2.284,425.85,4.28607,4.52691,,,,149.19,5879.58,2509.48,16721.69,3474.47,2489.58,3149.0,1041.7,3351.01,,18003.49,1.77,39523.55,3019.473,3475.84,28.33,5123.41,7.2673,7.2373,7.8375,153.23,4.5216,4.8966,4.6294,,22.4,17.31
2024-04-15,0.6442,1730.0,85.41,,,90.1,,,106.208,1.0624,5.5,1.2446,2365.8,2.281,437.9,4.28643,4.50327,,,,151.81,5856.44,2490.99,16600.46,3442.49,2483.11,3126.94,1030.74,3317.68,,17706.83,1.691,39232.8,3057.378,3549.08,28.717,5061.82,7.259,7.2381,7.8288,154.28,4.6014,4.9205,4.7167,,23.0,19.23
2024-04-16,0.6402,1779.0,85.36,,,90.02,,,106.257,1.0619,5.5,1.2426,2390.8,2.272,430.35,4.28905,4.49274,,,,153.09,5743.78,2439.52,16248.97,3337.85,2473.94,3114.42,1009.84,3297.14,,17713.66,1.732,38471.2,3007.068,3511.12,28.376,5051.41,7.2644,7.2378,7.8317,154.72,4.6674,4.9871,4.7626,,24.05,18.4
2024-04-17,0.6435,1844.0,82.69,,,87.29,,,105.951,1.0673,5.5,1.2454,2371.7,2.264,433.95,4.28714,4.49202,,,,154.23,5749.69,2443.16,16251.84,3340.22,2473.83,3129.82,1012.46,3281.11,,17493.62,1.712,37961.8,3071.381,3565.4,28.4,5022.21,7.244,7.2386,7.8305,154.39,4.5873,4.9321,4.7002,,22.98,18.21
2024-04-18,0.6421,1901.0,82.73,,,87.11,,,106.151,1.0643,5.5,1.2436,2382.3,2.257,443.65,4.25321,4.48881,,,,152.52,5803.86,2461.54,16385.87,3356.82,2472.99,3122.22,1018.59,3280.1,,17394.31,1.757,38079.7,3074.225,3569.8,28.38,5011.12,7.2496,7.2387,7.8315,154.64,4.6326,4.9861,4.7303,,22.45,18.0
2024-04-19,0.6418,1919.0,83.14,,,87.29,,,106.154,1.0656,5.5,1.237,2398.4,2.256,449.75,4.16702,4.46845,,,,152.74,5746.61,2437.95,16224.14,3278.06,2475.23,3126.23,1004.17,3255.62,,17037.65,1.752,37068.35,3065.261,3541.66,28.844,4967.23,7.2512,7.2393,7.8327,154.64,4.6207,4.9858,4.7106,,22.49,18.71
2024-04-22,0.645,1882.0,82.85,,,87.0,,,106.077,1.0655,5.5,1.235,2332.2,2.246,447.6,4.10929,4.47887,,,,151.51,5831.26,2477.79,16511.69,3336.35,2482.72,3129.74,1011.84,3282.09,,17210.89,1.791,37438.61,3044.595,3530.9,27.245,5010.6,7.2507,7.2436,7.8356,154.85,4.6085,4.9713,4.7127,,22.74,16.94
2024-04-23,0.6487,1804.0,83.36,,,88.42,,,105.675,1.0701,5.5,1.2449,2327.7,2.226,443.45,4.01637,4.45446,,,,150.19,5954.62,2521.23,16828.93,3449.1,2492.11,3135.9,1019.34,3322.54,,17471.47,1.812,37552.16,3021.978,3506.22,27.362,5070.55,7.2605,7.2452,7.8348,154.83,4.6004,4.931,4.7272,,22.89,15.69
2024-04-24,0.6498,1774.0,82.81,,,88.02,,,105.857,1.0699,5.5,1.2464,2324.5,2.273,445.75,3.96542,4.46214,,,,148.64,6100.22,2578.15,17201.27,3573.59,2491.28,3127.07,1034.69,3323.29,,17526.8,1.653,38460.08,3044.822,3521.62,27.346,5071.63,7.2731,7.246,7.8317,155.35,4.6417,4.9269,4.7712,,23.6,15.97
2024-04-25,0.6518,1743.0,83.57,,,89.01,,,105.598,1.073,5.5,1.2514,2329.8,2.264,451.75,4.00893,4.4725,,,,147.61,6120.37,2586.91,17284.54,3554.3,2484.07,3117.25,1028.61,3306.68,,17430.5,1.638,37628.48,3052.9,3530.28,27.353,5048.42,7.2553,7.2399,7.8279,155.65,4.7039,4.9975,4.8123,,23.47,15.37
2024-04-26,0.6533,1721.0,83.85,,,89.5,,,105.938,1.0693,5.5,1.2493,2334.8,2.306,456.4,4.13554,4.51464,,,,146.89,6269.76,2643.95,17651.15,3718.27,2490.06,3127.12,1041.52,3335.08,,17718.3,1.614,37934.76,3088.636,3584.27,27.252,5099.96,7.2687,7.2464,7.8283,158.33,4.663,4.9934,4.7754,,24.11,15.03
2024-04-29,0.6567,1684.0,82.63,,,88.4,,,105.579,1.0721,5.5,1.2563,2357.7,2.357,465.9,4.26316,4.54554,,,,145.19,6282.86,2658.58,17746.91,3713.32,2496.82,3138.66,1051.33,3347.04,,17782.72,2.03,,3113.043,3623.91,27.373,5116.17,7.2439,7.229,7.8255,156.35,4.6136,4.9767,4.7315,,24.06,14.67
2024-04-30,0.6473,1685.0,81.93,0.3,,87.86,3.4,50.4,106.221,1.0666,5.5,1.2492,2302.9,2.314,456.45,4.29982,4.5525,1.1,,3.0,145.33,6273.75,2659.03,17763.03,3700.67,2492.86,3126.55,1045.95,3305.3,48.9,17440.69,1.991,38405.66,3104.824,3604.39,26.391,5035.69,7.2548,7.2411,7.8239,157.8,4.6798,5.0351,4.7839,3.9,22.92,15.65
2024-05-01,0.6523,1688.0,79.0,,,83.44,,,105.755,1.0712,5.5,1.2527,2311.0,,455.25,,,,,,,,,,,2495.15,3136.96,1045.52,3294.01,,17318.55,1.932,38274.05,,,26.489,5018.39,7.2341,,7.823,154.57,4.6283,4.9602,4.7493,,,15.39
2024-05-02,0.6565,1774.0,78.95,,,83.67,,,105.299,1.0725,5.5,1.2534,2309.6,,449.4,4.34095,4.58333,,,,143.72,6437.09,2722.29,18207.13,3865.48,2503.43,3150.19,1052.86,3321.81,,17541.54,2.035,38236.07,,,26.583,5064.2,7.2063,,7.8131,153.64,4.5811,4.8727,4.7284,,23.57,14.68
2024-05-03,0.661,1876.0,78.11,,,82.96,,,105.03,1.0761,5.5,1.2547,2308.6,,457.35,4.39089,4.60185,,,,142.32,6547.29,2759.29,18475.92,3971.29,2516.47,3167.83,1061.45,3361.41,,17890.8,2.142,,,,26.445,5127.79,7.1928,,7.8118,153.05,4.5077,4.816,4.6645,,24.02,13.49
2024-05-06,0.6625,,78.48,,,83.33,,,105.051,1.0769,5.5,1.2562,2331.2,2.309,463.45,4.33,4.59155,,,,142.91,6572.45,2777.67,18578.3,4007.78,2520.71,3174.92,1066.73,3391.13,,18093.57,2.195,,3140.72,3657.88,27.369,5180.74,7.2142,7.2088,7.8184,153.92,4.4874,4.8305,4.6349,,23.97,13.49
2024-05-07,0.6598,2083.0,78.38,,,83.16,,,105.412,1.0755,5.5,1.2509,2324.2,2.289,462.55,4.19929,4.57548,,,,142.62,6526.67,2765.67,18479.37,3922.54,2521.16,3179.32,1068.26,3401.77,,18091.45,2.207,38835.1,3147.738,3659.01,27.303,5187.7,7.2253,7.2186,7.8215,154.69,4.457,4.8304,4.5974,,22.94,13.23
2024-05-08,0.658,2203.0,78.99,,,83.58,,,105.546,1.0748,5.5,1.2498,2322.3,2.298,456.2,4.14054,4.57333,,,,143.35,6456.72,2737.44,18313.86,3872.01,2518.05,3171.74,1066.62,3395.64,,18085.01,2.187,38202.37,3128.48,3630.22,27.361,5187.67,7.2297,7.2246,7.8175,155.53,4.4937,4.8365,4.639,,22.04,13.0
2024-05-09,0.662,2166.0,79.26,,,83.88,,,105.227,1.0782,5.5,1.2524,2340.3,2.316,460.75,4.16,4.57089,,,,141.71,6560.67,2776.09,18537.81,3947.41,2517.41,3177.07,1063.52,3411.11,,18113.46,2.301,38073.98,3154.32,3664.56,28.132,5214.08,7.2223,7.2199,7.8141,155.48,4.4531,4.8154,4.6075,,21.86,12.69
2024-05-10,0.6604,2129.0,78.26,,,82.79,,,105.301,1.0771,5.5,1.2525,2375.0,2.32,469.35,4.16071,4.58101,,,,137.29,6718.86,2834.87,18963.68,3962.32,2516.04,3168.59,1071.64,3419.92,,18161.18,2.252,38229.11,3154.547,3666.28,28.275,5222.68,7.2341,7.2269,7.8137,155.78,4.4963,4.8655,4.6386,,22.27,12.55
2024-05-13,0.6608,2066.0,79.12,,,83.36,,,105.218,1.079,5.5,1.2559,2343.0,2.293,480.45,4.14935,4.58387,,,,136.39,6761.64,2860.94,19115.06,4018.69,2516.65,3171.24,1078.72,3421.11,,18198.61,2.381,38179.46,3148.021,3664.69,28.221,5221.42,7.2397,7.2334,7.812,156.22,4.4865,4.8612,4.6289,,22.39,13.6
2024-05-14,0.6627,1993.0,78.02,,,82.38,,,105.013,1.0819,5.5,1.2592,2359.9,2.292,495.35,4.18816,4.58244,,,,137.29,6741.41,2859.2,19073.71,4041.45,2517.42,3179.22,1080.96,3435.15,,18322.77,2.344,38356.06,3145.774,3657.05,28.485,5246.68,7.2398,7.2337,7.8118,156.42,4.4394,4.8147,4.5855,,21.82,13.42
2024-05-15,0.6694,1889.0,78.63,,,82.75,,,104.345,1.0884,5.5,1.2685,2394.9,2.301,496.95,,,,,,136.4,,,,,2526.76,3200.91,1084.65,3472.26,,18596.65,2.416,38385.73,3119.902,3626.06,29.514,5308.15,7.2179,7.219,7.8096,154.88,4.34,4.7237,4.5,,,12.45
2024-05-16,0.6679,1817.0,79.23,,,83.27,,,104.462,1.0867,5.5,1.267,2385.5,2.315,489.2,4.19982,4.6,,,,133.5,6871.38,2901.87,19376.53,4072.15,2527.13,3197.13,1098.56,3468.71,,18557.96,2.495,38920.26,3122.401,3640.36,29.665,5297.1,7.2227,7.2214,7.8013,155.39,4.375,4.7953,4.5122,,22.01,12.42
2024-05-17,0.6693,1844.0,80.06,,,83.98,,,104.445,1.0869,5.5,1.2701,2417.4,2.317,505.7,4.24351,4.64065,,,,133.31,6934.7,2924.86,19553.61,4112.59,2525.9,3190.18,1099.79,3472.52,,18546.23,2.626,38787.38,3154.026,3677.97,31.047,5303.27,7.2337,7.2243,7.8018,155.65,4.4198,4.8245,4.5586,,21.75,11.99
2024-05-20,0.6667,1847.0,79.8,,,83.71,,,104.565,1.0857,5.5,1.2706,2438.5,2.309,508.75,4.32006,4.68619,,,,133.32,6964.99,2938.87,19636.22,4135.38,2527.02,3188.15,1101.91,3477.07,,18674.19,2.751,39069.68,3171.145,3690.96,32.205,5308.13,7.2469,7.2354,7.7985,156.26,4.4433,4.8478,4.5845,,21.56,12.15
2024-05-21,0.6666,1829.0,79.26,,,82.88,,,104.661,1.0854,5.5,1.2709,2425.9,2.313,511.9,4.44155,4.73333,,,,135.07,6820.97,2874.18,19220.62,3980.63,2528.52,3193.91,1093.38,3479.84,,18713.8,2.671,38946.93,3157.966,3676.16,31.868,5321.41,7.2469,7.2376,7.8048,156.17,4.412,4.8285,4.5491,,21.93,11.86
2024-05-22,0.662,1804.0,77.57,,,81.9,,,104.933,1.0823,5.5,1.2717,2392.9,2.312,486.75,4.49089,4.77661,,,,134.98,6817.68,2876.39,19195.6,3992.59,2525.05,3190.53,1095.29,3465.55,,18705.2,2.842,38617.1,3158.54,3684.45,31.295,5307.01,7.2542,7.2413,7.8079,156.8,4.4218,4.869,4.5377,,21.44,12.29
2024-05-23,0.6606,1796.0,76.87,,,81.36,,,105.108,1.0815,5.5,1.2699,2337.2,2.306,481.65,4.49006,4.77369,,,,135.91,6701.78,2828.68,18868.71,3896.19,2522.05,3180.18,1091.37,3446.43,,18623.39,2.657,39103.22,3116.387,3641.79,30.284,5267.84,7.2578,7.2429,7.8093,156.93,4.4767,4.9353,4.5816,,21.21,12.77
2024-05-24,0.6628,1797.0,77.72,,,82.12,,,104.724,1.0847,5.5,1.2737,2334.5,2.314,477.85,4.49089,4.77274,,,,135.92,6605.24,2787.6,18608.94,3799.47,2520.6,3182.14,1082.98,3462.13,,18808.35,2.52,38646.11,3088.871,3601.48,30.33,5304.72,7.2615,7.2436,7.8134,156.99,4.465,4.9461,4.57,,21.64,11.93
2024-05-27,0.6654,,,,,83.1,,,104.595,1.0859,5.5,1.2769,,2.313,,4.49125,4.77488,,,,135.77,6688.13,2821.97,18827.35,3864.48,2520.6,3182.14,1090.32,3468.13,,,,38900.02,3124.043,3635.71,,,7.2589,7.2445,7.8078,156.88,,,,,21.26,12.36
2024-05-28,0.665,1784.0,79.83,,,84.22,,,104.614,1.0857,5.5,1.2762,2356.5,2.3,487.55,4.50726,4.75976,,,,135.36,6686.13,2821.26,18821.16,3854.57,2521.42,3171.02,1088.01,3464.61,,18869.44,2.59,38855.37,3109.572,3609.17,31.971,5306.04,7.2636,7.2444,7.8115,157.17,4.55,4.9764,4.6658,,20.67,12.92
2024-05-29,0.661,1790.0,79.23,,,83.6,,,105.122,1.0801,5.5,1.2701,2341.2,2.296,480.55,4.49816,4.75869,,,,137.3,6557.48,2773.21,18477.01,3765.24,2514.17,3157.78,1072.11,3430.01,,18736.75,2.493,38556.87,3111.018,3613.52,32.203,5266.95,7.2735,7.2492,7.8137,157.64,4.6117,4.9726,4.7328,,21.48,14.28
2024-05-30,0.6633,1801.0,77.91,,,81.86,,,104.716,1.0832,5.5,1.2732,2342.9,2.306,465.85,4.47923,4.73869,,,,139.02,6462.95,2738.41,18230.19,3752.76,2515.14,3171.8,1058.08,3420.32,,18538.66,2.572,38054.13,3091.678,3594.31,31.534,5235.48,7.2537,7.2327,7.8174,156.82,4.546,4.9248,4.6795,,21.61,14.47
2024-05-31,0.6653,1815.0,76.99,0.3,,81.62,3.3,49.5,104.671,1.0848,5.5,1.2742,2322.9,2.319,460.2,4.47411,4.73429,1.2,,3.0,140.32,6392.58,2714.76,18079.61,3690.76,2520.25,3185.11,1048.96,3445.17,48.6,18536.65,2.587,38487.9,3086.813,3579.92,30.44,5277.51,7.263,7.2418,7.8197,157.31,4.4985,4.8727,4.6472,3.9,22.15,12.92
2024-06-03,0.6689,1808.0,74.22,,,78.36,,,104.14,1.0904,5.5,1.2808,2346.6,2.311,466.75,4.5,4.72006,,,,138.72,6531.99,2759.21,18403.04,3784.04,2528.05,3203.59,1069.31,3453.44,,18600.97,2.756,38923.03,3078.489,3588.75,30.784,5283.4,7.2517,7.242,7.8202,156.08,4.3884,4.808,4.5376,,22.04,13.11
2024-06-04,0.6649,1813.0,73.25,,,77.52,,,104.11,1.0879,5.5,1.277,2325.5,2.31,453.7,4.48315,4.7178,,,,138.78,6554.32,2768.6,18444.11,3796.17,2530.67,3215.91,1051.96,3453.71,,18654.84,2.586,38837.46,3091.199,3615.67,29.617,5291.34,7.2475,7.2403,7.8134,154.88,4.3259,4.7704,4.4735,,21.48,13.16
2024-06-05,0.6648,1852.0,74.07,,,78.41,,,104.268,1.0869,5.5,1.2787,2354.1,2.307,460.6,4.47274,4.7178,,,,138.71,6542.47,2761.83,18424.96,3807.73,2535.19,3224.31,1062.79,3483.4,,19035.05,2.757,38490.17,3065.403,3594.79,30.073,5354.03,7.2593,7.2477,7.8117,156.11,4.2755,4.7222,4.4297,,21.43,12.63
2024-06-06,0.6666,1869.0,75.55,,,79.87,,,104.102,1.089,5.5,1.2791,2370.3,2.307,467.8,4.50071,4.72917,,,,138.59,6555.06,2767.78,18476.8,3840.66,2535.9,3222.59,1073.26,3489.89,,19021.19,2.821,38703.51,3048.794,3592.25,31.367,5352.96,7.2593,7.245,7.8096,155.61,4.287,4.724,4.4352,,21.43,12.58
2024-06-07,0.6582,1881.0,75.53,,,79.62,,,104.885,1.0801,5.5,1.2719,2305.2,2.31,448.35,4.51054,4.72893,,,,138.79,6510.37,2754.48,18366.95,3772.47,2531.0,3196.71,1073.14,3478.7,,19000.95,2.918,38683.93,3051.279,3574.11,29.44,5346.99,7.2631,7.2478,7.8124,156.75,4.4335,4.8868,4.5546,,20.84,12.22
2024-06-10,0.661,1883.0,77.74,,,81.63,,,105.15,1.0765,5.5,1.2731,2307.7,,454.35,,,,,,,,,,,2530.66,3191.69,1070.33,3482.22,,19074.67,2.906,39038.16,,,29.874,5360.79,7.2658,,7.8128,157.04,4.467,4.8804,4.5958,,,12.74
2024-06-11,0.6606,1831.0,77.9,,,81.92,,,105.23,1.0741,5.5,1.274,2307.5,2.305,451.0,4.50982,4.73238,,,,139.88,6452.06,2719.46,18176.34,3755.42,2531.92,3204.3,1065.7,3479.94,,19210.18,3.129,39134.79,3028.045,3542.88,29.231,5375.32,7.2717,7.2544,7.8125,157.13,4.404,4.834,4.5365,,21.22,12.85
2024-06-12,0.6664,1836.0,78.5,,,82.6,,,104.645,1.0809,5.5,1.2798,2336.0,2.306,456.7,4.50982,4.72988,,,,141.12,6359.36,2689.57,17937.84,3691.28,2544.38,3219.03,1068.55,3516.3,,19465.18,3.045,38876.71,3037.468,3544.12,30.267,5421.03,7.263,7.2405,7.8094,156.72,4.316,4.7518,4.4752,,21.26,12.04
2024-06-13,0.6636,1942.0,78.62,,,82.75,,,105.196,1.0737,5.5,1.2762,2300.2,2.3,448.15,4.50952,4.73405,,,,140.7,6421.81,2716.01,18112.63,3739.14,2544.18,3234.13,1075.54,3504.48,,19576.92,2.959,38720.47,3028.919,3526.13,29.066,5433.74,7.2705,7.2525,7.8103,157.03,4.2442,4.6969,4.3964,,20.58,11.94
2024-06-14,0.6615,1948.0,78.45,,,82.62,,,105.55,1.0703,5.5,1.2687,2331.4,2.297,449.5,4.50881,4.73292,,,,141.47,6374.66,2700.19,17941.78,3707.62,2537.69,3235.79,1076.89,3492.05,,19659.8,2.881,38814.56,3032.633,3541.53,29.472,5431.6,7.2711,7.2557,7.8116,157.4,4.2209,4.7044,4.3488,,19.95,12.66
2024-06-17,0.6613,1948.0,80.33,,,84.25,,,105.32,1.0734,5.5,1.2705,2312.4,2.263,444.75,4.52155,4.73387,,,,141.04,6373.48,2693.36,17936.12,3709.35,2537.43,3222.67,1074.2,3508.25,,19902.75,2.788,38102.44,3015.891,3536.2,29.391,5473.23,7.2701,7.2561,7.8105,157.74,4.2809,4.7655,4.4055,,20.08,12.75
2024-06-18,0.6656,1961.0,81.57,,,85.33,,,105.256,1.074,5.5,1.2709,2330.4,2.255,449.05,4.52768,4.73387,,,,140.81,6368.1,2691.16,17915.55,3697.21,2541.83,3235.5,1081.81,3522.68,,19908.86,2.909,38482.11,3030.246,3545.59,29.564,5487.03,7.2711,7.2539,7.8071,157.86,4.2227,4.712,4.3551,,19.3,12.3
2024-06-19,0.6673,1943.0,,,,85.07,,,105.254,1.0744,5.5,1.272,,2.246,,4.52881,4.74262,,,,137.59,6587.77,2758.48,18430.39,3832.32,2541.83,3235.5,1095.27,3523.66,,,,38570.76,3018.049,3528.75,,,7.2813,7.2571,7.8069,158.09,4.2227,4.712,4.3551,,20.24,12.48
2024-06-20,0.6656,1984.0,82.17,,,85.71,,,105.588,1.0702,5.5,1.2657,2353.8,2.247,456.2,4.57792,4.7481,,,,137.37,6556.1,2740.89,18335.32,3767.88,2542.31,3226.24,1095.76,3519.68,,19752.3,2.741,38633.02,3005.437,3503.28,30.821,5473.17,7.291,7.2604,7.8044,158.93,4.2594,4.7372,4.3972,,20.12,13.28
2024-06-21,0.6641,1997.0,80.73,,,85.24,,,105.796,1.0693,5.5,1.2645,2316.4,2.26,444.2,4.5931,4.75607,,,,139.09,6439.82,2699.38,18028.52,3701.4,2542.99,3226.37,1086.93,3507.81,,19700.43,2.705,38596.47,2998.138,3495.62,29.614,5464.62,7.2905,7.261,7.8064,159.8,4.2554,4.7322,4.3971,,19.66,13.2
2024-06-24,0.6657,1973.0,81.63,,,86.01,,,105.473,1.0733,5.5,1.2686,2330.0,2.252,443.7,4.63506,4.7881,,,,138.62,6441.16,2694.55,18027.71,3677.51,2545.45,3231.76,1084.32,3508.95,,19474.62,2.811,38804.65,2963.099,3476.81,29.525,5447.87,7.2832,7.2594,7.8079,159.62,4.2321,4.7234,4.3651,,20.15,13.33
2024-06-25,0.6647,1926.0,80.83,,,85.01,,,105.607,1.0714,5.5,1.2686,2316.6,2.233,437.75,4.70839,4.80583,,,,137.99,6464.49,2702.3,18072.9,3655.46,2546.11,3231.28,1085.32,3520.73,,19701.13,2.756,39173.15,2949.996,3457.9,28.868,5469.3,7.2893,7.2629,7.8093,159.7,4.2476,4.7424,4.3778,,19.27,12.84
2024-06-26,0.6648,1964.0,80.9,,,85.25,,,106.052,1.0681,5.5,1.2622,2299.2,2.226,437.0,4.7,4.78494,,,,138.45,6477.24,2703.94,18089.93,3689.68,2542.66,3213.79,1086.2,3520.21,,19751.05,2.628,39667.07,2972.525,3480.26,28.93,5477.9,7.3009,7.2666,7.8091,160.81,4.3294,4.7472,4.462,,18.86,12.55
2024-06-27,0.6647,2031.0,81.74,,,86.39,,,105.906,1.0704,5.5,1.2639,2336.6,2.21,432.85,4.65821,4.76089,,,,141.08,6324.05,2650.63,17716.47,3588.86,2542.37,3220.43,1081.87,3521.9,,19789.03,2.685,39341.54,2945.852,3454.12,28.918,5482.87,7.3035,7.2688,7.8089,160.76,4.2864,4.712,4.4257,,20.12,12.24
2024-06-28,0.667,2050.0,81.54,,4.7,86.41,,,105.866,1.0713,5.5,1.2645,2339.6,2.21,439.05,4.61024,4.75375,,3.0,,141.33,6331.86,2652.01,17718.61,3554.45,2544.05,3205.37,1086.25,3511.78,,19682.87,2.601,39583.08,2967.403,3461.66,29.237,5460.48,7.2993,7.2673,7.8082,160.88,4.3961,4.7535,4.5583,,19.21,12.44
2024-06-30,,,,0.2,,,3.0,49.5,,,,,,,,,,1.5,,3.0,,,,,,,,,,48.3,,,,,,,,,,,,,,,4.1,,
2024-07-01,0.666,2158.0,83.38,,,86.6,,,105.901,1.074,5.5,1.265,2338.9,2.253,442.65,,,,,,142.84,,,,,2540.61,3188.45,1087.38,3520.04,,19812.22,2.478,39631.06,2994.73,3478.18,29.3,5475.09,7.3052,7.2684,7.8122,161.46,4.4613,4.7556,4.6237,,,12.22
2024-07-02,0.6667,2179.0,82.81,,,86.24,,,105.722,1.0745,5.5,1.2685,2333.4,2.24,442.95,4.55946,4.74083,,,,142.16,6374.91,2654.61,17769.14,3539.13,2541.05,3202.23,1079.78,3537.51,,20011.89,2.435,40074.69,2997.011,3471.79,29.353,5509.01,7.307,7.2712,7.8136,161.44,4.4316,4.7412,4.6053,,20.12,12.03
2024-07-03,0.6705,2064.0,83.88,,,87.34,,,105.403,1.0786,5.5,1.2742,2369.4,2.243,454.1,4.51423,4.73898,,,,141.84,6455.7,2683.9,17978.57,3626.93,2544.9,3220.87,1092.38,3562.23,,20186.63,2.418,40580.76,2982.375,3463.41,30.548,5537.02,7.3032,7.2702,7.8098,161.69,4.3587,4.7059,4.5278,,19.94,12.09
2024-07-04,0.6726,2021.0,,,,87.43,,,105.13,1.0812,5.5,1.276,,2.249,,4.5128,4.72417,,,,141.49,6470.86,2689.9,18028.28,3649.67,2544.9,3220.87,1104.18,3569.36,,,,40913.65,2957.567,3445.81,,,7.2939,7.2682,7.8093,161.28,4.3587,4.7059,4.5278,,19.81,12.26
2024-07-05,0.6749,1966.0,83.16,,,86.54,,,104.875,1.084,5.5,1.2815,2397.7,2.273,465.85,4.51208,4.72488,,,,142.14,6382.27,2659.87,17799.61,3596.8,2551.17,3236.22,1104.88,3580.9,,20391.97,2.319,40912.37,2949.933,3431.06,31.388,5567.19,7.2889,7.2683,7.8128,160.75,4.2784,4.6035,4.4768,,19.54,12.48
2024-07-08,0.6737,1940.0,82.33,,,85.75,,,105.0,1.0824,5.5,1.2807,2363.5,2.29,462.2,4.5472,4.7225,,,,144.67,6284.73,2621.11,17524.06,3566.63,2555.47,3238.88,1107.3,3582.7,,20439.54,2.366,40780.7,2922.45,3401.76,30.618,5572.85,7.2857,7.2681,7.8099,160.83,4.2783,4.6285,4.4646,,20.39,12.37
2024-07-09,0.6741,1894.0,81.41,,,84.66,,,105.129,1.0813,5.5,1.2786,2367.9,2.276,457.8,4.59494,4.72536,,,,146.0,6275.64,2622.95,17523.23,3600.9,2555.99,3233.95,1111.7,3579.33,,20453.02,2.344,41580.17,2959.372,3439.81,30.772,5576.98,7.2886,7.2726,7.8119,161.33,4.2959,4.6264,4.4881,,19.81,12.51
2024-07-10,0.6747,1939.0,82.1,,,85.08,,,105.048,1.083,5.5,1.2849,2379.7,2.269,460.75,4.6,4.70994,,,,146.38,6251.18,2610.54,17471.67,3600.49,2558.98,3237.65,1111.22,3613.62,,20675.38,2.329,41831.99,2939.364,3428.97,30.727,5633.91,7.2924,7.276,7.8112,161.69,4.2841,4.62,4.4768,,19.79,12.85
2024-07-11,0.6759,1947.0,82.62,,,85.4,,,104.44,1.0868,5.5,1.2915,2421.9,2.264,450.85,4.58577,4.7,,,,144.38,6371.78,2661.74,17832.33,3696.49,2567.0,3253.92,1124.86,3606.15,,20211.36,2.268,42224.02,2970.387,3468.17,31.394,5584.54,7.2677,7.2579,7.8075,158.84,4.2101,4.513,4.42,,20.53,12.92
2024-07-12,0.6784,1997.0,82.21,,,85.03,,,104.093,1.0907,5.5,1.2988,2420.7,2.259,459.85,4.6,4.71423,,,,142.44,6532.63,2721.87,18293.38,3782.08,2571.52,3262.71,1123.56,3627.52,,20331.49,2.329,41190.68,2971.295,3472.4,30.886,5615.35,7.2723,7.2504,7.8074,157.83,4.1829,4.4514,4.3959,,21.13,12.46
2024-07-15,0.676,1993.0,81.91,,,84.85,,,104.189,1.0894,5.5,1.2968,2428.9,2.25,452.9,4.6,4.71244,,,,144.82,6421.67,2682.43,18015.94,3672.58,2574.8,3252.68,1120.27,3629.58,,20386.88,2.158,,2974.011,3476.25,30.672,5631.22,7.2746,7.2583,7.8065,158.06,4.2294,4.4575,4.4571,,21.5,13.12
2024-07-16,0.6734,1942.0,80.76,,,83.73,,,104.27,1.0899,5.5,1.2974,2467.8,2.261,444.4,4.63274,4.71351,,,,146.28,6316.53,2644.19,17727.98,3622.84,2581.99,3266.81,1117.38,3642.95,,20398.63,2.188,41275.08,2976.304,3498.28,31.195,5667.2,7.2891,7.2685,7.808,158.35,4.1576,4.4172,4.3721,,21.06,13.19
2024-07-17,0.6729,1890.0,82.85,,,85.08,,,103.748,1.0939,5.5,1.3009,2459.9,2.259,439.9,4.67381,4.7128,,,,147.4,6297.49,2640.85,17739.41,3640.88,2582.15,3267.3,1111.46,3607.74,,19799.14,2.035,41097.69,2962.855,3501.58,30.137,5588.27,7.272,7.2621,7.8074,156.2,4.1576,4.4379,4.3748,,20.81,14.48
2024-07-18,0.6706,1912.0,82.82,,,85.11,,,104.173,1.0897,5.5,1.2944,2456.4,2.265,426.6,4.68363,4.69929,,,,147.47,6306.8,2646.96,17778.41,3613.13,2581.66,3257.8,1105.95,3579.84,,19705.09,2.125,40126.35,2977.133,3520.93,29.995,5544.59,7.2775,7.2621,7.8101,157.37,4.2021,4.4714,4.4217,,20.99,15.93
2024-07-19,0.6685,1902.0,80.13,,,82.63,,,104.396,1.0882,5.5,1.2914,2399.1,2.259,421.9,4.65149,4.7,,,,149.94,6165.04,2595.15,17417.68,3536.54,2579.31,3248.48,1089.61,3553.76,,19522.62,2.128,40063.79,2982.309,3539.02,29.088,5505.0,7.2855,7.2699,7.811,157.48,4.2389,4.5109,4.4468,,20.36,16.52
2024-07-22,0.6643,1896.0,79.78,,,82.4,,,104.314,1.0891,5.5,1.2933,2394.7,2.242,418.05,4.63345,4.68649,,,,147.65,6253.94,2627.01,17635.88,3610.71,2582.85,3247.02,1085.48,3584.66,,19822.87,2.251,39599.0,2964.216,3514.93,29.124,5564.41,7.2961,7.2738,7.8069,157.04,4.2525,4.517,4.472,,21.1,14.91
2024-07-23,0.6615,1869.0,76.96,,,81.01,,,104.45,1.0854,5.5,1.2908,2407.3,2.229,414.6,4.63899,4.69024,,,,147.27,6194.69,2599.73,17469.36,3545.09,2586.16,3246.02,1086.96,3580.87,,19754.34,2.187,39594.39,2915.368,3439.88,29.132,5555.74,7.2891,7.2748,7.8095,155.59,4.2506,4.4913,4.4842,,20.14,14.72
2024-07-24,0.6581,1864.0,77.59,,,81.71,,,104.391,1.084,5.5,1.2907,2415.7,2.23,409.9,4.61821,4.65417,,,,147.12,6142.32,2577.52,17311.05,3491.2,2583.98,3233.3,1082.44,3515.97,,19032.39,2.117,39154.85,2901.952,3418.17,29.116,5427.13,7.2663,7.2635,7.8086,153.89,4.2838,4.4307,4.5419,,20.33,18.04
2024-07-25,0.6538,1834.0,78.28,,,82.37,,,104.355,1.0846,5.5,1.2851,2353.5,2.209,411.25,4.6175,4.65333,,,,149.85,6016.51,2530.05,17004.97,3421.26,2583.53,3240.56,1073.98,3490.82,,18830.58,2.041,37869.51,2886.742,3399.27,27.807,5399.22,7.2402,7.2469,7.8066,153.94,4.2407,4.4307,4.4832,,20.8,18.46
2024-07-26,0.6548,1808.0,77.16,,,81.13,,,104.316,1.0856,5.5,1.2867,2381.0,2.189,410.45,4.6175,4.64054,,,,147.84,6010.64,2536.56,17021.31,3443.73,2586.92,3254.06,1072.28,3524.08,,19023.66,2.006,37667.41,2890.897,3409.29,27.86,5459.1,7.2635,7.2505,7.8066,153.76,4.1939,4.3832,4.4523,,21.15,16.39
2024-07-29,0.6549,1797.0,75.81,,,79.78,,,104.564,1.0821,5.5,1.2862,2377.8,2.155,406.2,4.5853,4.63012,,,,147.8,6080.56,2561.61,17238.34,3466.6,2588.06,3260.46,1077.27,3526.51,,19059.49,1.907,38468.63,2891.845,3390.74,27.703,5463.54,7.2716,7.2603,7.8102,154.02,4.1744,4.3997,4.4244,,20.79,16.6
2024-07-30,0.6538,1762.0,74.73,,,78.63,,,104.554,1.0815,5.5,1.2836,2405.0,2.14,408.4,4.54077,4.59363,,,,149.0,5986.69,2526.99,17002.91,3414.04,2588.02,3263.65,1071.6,3514.37,,18796.27,2.126,38525.95,2879.3,3369.38,28.525,5436.44,7.2438,7.241,7.8131,152.77,4.1394,4.3585,4.3948,,20.74,17.69
2024-07-31,0.6542,1708.0,77.91,0.5,,80.72,2.9,49.4,104.096,1.0826,5.5,1.2856,2426.5,2.148,417.65,4.51637,4.57369,2.5,,3.0,148.01,6107.16,2584.58,17344.6,3516.87,2593.51,3281.77,1084.77,3571.58,47.4,19362.43,2.036,39101.82,2938.749,3442.08,28.938,5522.3,7.227,7.2267,7.8125,149.98,4.0296,4.2575,4.3028,4.2,20.59,16.36
2024-08-01,0.6501,1668.0,76.31,,,79.52,,,104.421,1.0791,5.5,1.2739,2435.0,2.128,408.25,4.43649,4.54095,,,,147.93,6086.4,2577.8,17304.96,3476.58,2593.4,3290.57,1087.8,3518.01,,18890.39,1.968,38126.33,2932.387,3419.27,28.477,5446.68,7.2513,7.245,7.8147,149.36,3.976,4.1482,4.2759,,19.62,18.59
2024-08-02,0.6511,1675.0,73.52,,,76.81,,,103.208,1.0911,5.5,1.2801,2425.7,2.124,410.3,4.33381,4.48649,,,,148.62,5974.85,2527.72,16945.51,3385.6,2585.57,3321.09,1061.23,3448.8,,18440.85,1.967,35909.7,2905.337,3384.39,28.392,5346.56,7.1638,7.1722,7.8074,146.53,3.7904,3.8798,4.1072,,21.55,23.39
2024-08-05,0.6498,1677.0,72.94,,,76.3,,,102.689,1.0952,5.5,1.2776,2401.7,2.145,399.9,4.3,4.47845,,,,151.3,5876.64,2486.64,16698.36,3339.42,2569.94,3313.28,1016.48,3342.73,,17895.15,1.942,31458.42,2860.698,3343.32,27.207,5186.33,7.1385,7.1396,7.7887,144.18,3.7884,3.9201,4.0721,,26.06,38.57
2024-08-06,0.652,1685.0,73.2,,,76.48,,,102.969,1.0931,5.5,1.2691,2389.1,2.151,402.7,4.23756,4.38077,,,,151.18,5852.61,2488.12,16647.34,3342.52,2580.87,3296.61,1030.86,3380.91,,18077.92,2.01,34675.46,2867.284,3342.98,27.216,5240.03,7.159,7.1558,7.795,144.34,3.8919,3.9751,4.1792,,23.68,27.71
2024-08-07,0.6519,1698.0,75.23,,,78.33,,,103.197,1.0922,5.5,1.2692,2390.5,2.141,395.2,4.13381,4.33311,,,,148.39,5933.17,2523.42,16877.86,3382.42,2587.65,3287.23,1050.3,3372.32,,17867.37,2.112,35089.62,2869.834,3341.49,26.944,5199.5,7.1733,7.1766,7.7983,146.68,3.9431,3.9621,4.2463,,22.11,27.85
2024-08-08,0.6593,1683.0,76.19,,,79.16,,,103.209,1.0919,5.5,1.2748,2422.2,2.172,395.9,4.07417,4.3,,,,148.68,5941.47,2523.18,16891.83,3366.68,2590.57,3283.05,1046.31,3427.78,,18413.82,2.127,34831.15,2869.901,3342.94,27.606,5319.31,7.1842,7.1763,7.7948,147.23,3.9877,4.038,4.2766,,22.81,23.79
2024-08-09,0.6578,1670.0,76.84,,,79.66,,,103.135,1.0917,5.5,1.2761,2432.1,2.206,399.3,4.0356,4.28244,,,,147.65,6017.85,2548.97,17090.23,3436.8,2592.14,3295.91,1063.43,3447.75,,18513.1,2.143,35025.0,2862.194,3331.63,27.588,5344.16,7.1744,7.1683,7.7977,146.61,3.9398,4.0531,4.2186,,21.57,20.37
2024-08-12,0.6586,1655.0,80.06,,,82.3,,,103.139,1.0931,5.5,1.277,2462.4,2.247,406.85,4.05196,4.3,,,,146.86,6029.66,2552.8,17111.65,3429.84,2593.29,3302.92,1069.11,3446.33,,18542.03,2.189,,2858.205,3325.86,28.008,5344.39,7.1784,7.1747,7.7911,147.21,3.9035,4.0173,4.2003,,21.09,20.71
2024-08-13,0.6634,1670.0,78.35,,,80.69,,,102.559,1.0993,5.5,1.2862,2466.7,2.215,405.15,4.05,4.28458,,,,147.27,6049.41,2561.88,17174.06,3429.69,2597.29,3318.52,1071.01,3501.91,,19006.43,2.148,36232.51,2867.946,3334.39,27.786,5434.43,7.1479,7.155,7.7886,146.84,3.8428,3.9294,4.1584,,21.06,18.12
2024-08-14,0.6598,1728.0,76.98,,,79.76,,,102.568,1.1012,5.5,1.2829,2439.4,2.187,404.0,4.07833,4.29857,,,,147.8,6025.16,2549.07,17113.36,3395.7,2603.8,3330.0,1076.57,3522.42,,19022.68,2.219,36442.43,2850.654,3309.24,27.339,5455.21,7.1471,7.1411,7.7927,147.33,3.8352,3.9558,4.125,,20.23,16.19
2024-08-15,0.6612,1692.0,78.16,,,81.04,,,102.977,1.0972,5.5,1.2855,2453.1,2.201,415.1,4.10369,4.28929,,,,147.81,6035.27,2549.08,17109.14,3384.38,2607.63,3321.21,1076.0,3568.1,,19490.15,2.197,36726.64,2877.358,3341.95,28.418,5543.22,7.1796,7.1747,7.797,149.28,3.9131,4.0929,4.1702,,19.46,15.23
2024-08-16,0.6669,1691.0,76.65,,,79.68,,,102.463,1.1027,5.5,1.2944,2498.6,2.19,414.35,4.1,4.30696,,,,147.06,6161.9,2590.32,17430.16,3459.09,2611.98,3328.29,1093.65,3584.19,,19508.52,2.123,38062.67,2879.43,3345.63,28.849,5554.25,7.1631,7.1592,7.7942,147.63,3.8826,4.0497,4.1402,,19.26,14.8
2024-08-19,0.6731,1708.0,74.37,,,77.66,,,101.886,1.1085,5.5,1.2991,2501.8,2.175,418.05,4.08458,4.30768,,,,148.3,6225.86,2608.96,17569.57,3517.09,2618.47,3335.43,1103.53,3618.41,,19766.49,2.235,37388.62,2893.674,3356.97,29.304,5608.25,7.1336,7.1395,7.7885,146.59,3.8711,4.066,4.1222,,19.65,14.65
2024-08-20,0.6745,1735.0,74.04,,,77.2,,,101.441,1.113,5.5,1.3034,2511.3,2.17,415.85,4.07452,4.29155,,,,148.38,6195.58,2598.71,17511.08,3498.08,2619.86,3343.9,1104.45,3615.77,,19719.82,2.198,38062.92,2866.661,3332.7,29.519,5597.12,7.1172,7.1293,7.7883,145.26,3.8067,3.9836,4.0606,,19.66,15.88
2024-08-21,0.6744,1759.0,71.93,,,76.05,,,101.039,1.115,5.5,1.3091,2508.4,2.17,419.0,4.05423,4.3,,,,149.0,6141.78,2582.71,17391.01,3434.39,2623.27,3350.58,1100.89,3630.66,,19824.84,2.177,37951.8,2856.584,3321.64,29.535,5620.85,7.1329,7.1314,7.7938,145.21,3.801,3.9305,4.0775,,19.91,16.27
2024-08-22,0.6705,1768.0,73.01,,,77.22,,,101.508,1.1112,5.5,1.3091,2478.9,2.155,414.8,3.99714,4.28315,,,,148.4,6224.24,2613.1,17641.0,3508.61,2623.8,3338.07,1100.98,3607.63,,19491.84,2.053,38211.01,2848.772,3313.14,29.047,5570.64,7.1467,7.147,7.7976,146.29,3.8521,4.0035,4.1258,,19.23,17.55
2024-08-23,0.6795,1762.0,74.83,,,79.02,,,100.718,1.1192,5.5,1.3214,2508.4,2.155,420.1,3.9853,4.27012,,,,148.88,6219.24,2606.68,17612.1,3468.94,2630.46,3353.28,1100.68,3649.56,,19720.87,2.022,38364.27,2854.367,3327.19,29.82,5634.61,7.1162,7.1209,7.7961,144.37,3.799,3.9153,4.0908,,19.09,15.86
2024-08-26,0.6772,,77.42,,,81.43,,,100.851,1.1161,5.5,1.3188,2517.7,2.164,421.85,3.97345,4.25071,,,,148.04,6278.63,2633.76,17798.73,3502.96,2634.27,3351.39,1104.28,3641.81,,19516.44,1.956,38110.22,2855.52,3324.22,30.007,5616.84,7.1229,7.122,7.7962,144.53,3.816,3.9358,4.1051,,19.22,16.15
2024-08-27,0.6793,1721.0,75.53,,,79.55,,,100.552,1.1184,5.5,1.3261,2516.0,2.188,423.75,3.92298,4.22179,,,,147.13,6306.36,2643.93,17874.67,3501.29,2634.49,3350.54,1099.77,3647.3,,19581.52,1.904,38288.62,2848.731,3305.33,29.98,5625.8,7.1215,7.1238,7.8017,143.96,3.8216,3.8992,4.1131,,18.58,15.43
2024-08-28,0.6785,1755.0,74.52,,,78.65,,,101.094,1.112,5.5,1.3191,2501.0,2.181,414.95,3.9078,4.20827,,,,147.54,6225.99,2615.51,17692.45,3445.46,2634.14,3347.28,1097.22,3631.2,,19350.78,1.93,38371.76,2837.429,3286.5,29.201,5592.18,7.1329,7.1279,7.8011,144.59,3.8349,3.865,4.1248,,18.83,17.11
2024-08-29,0.6798,1827.0,75.91,,,79.94,,,101.343,1.1077,5.5,1.3168,2536.7,2.174,414.75,3.92661,4.19363,,,,146.97,6247.13,2626.5,17786.32,3461.22,2635.17,3342.59,1094.96,3632.16,,19325.46,2.137,38362.53,2823.106,3277.68,29.557,5591.96,7.0943,7.097,7.798,144.99,3.8615,3.8939,4.1455,,18.75,15.65
2024-08-30,0.6765,1814.0,73.55,,,78.8,,,101.698,1.1048,5.5,1.3127,2504.5,2.178,414.5,3.93095,4.2,,,,146.86,6331.14,2654.45,17989.07,3560.61,2635.81,3333.38,1099.92,3661.24,,19574.64,2.127,38647.75,2842.214,3321.43,28.731,5648.4,7.09,7.0913,7.7977,146.17,3.9034,3.9165,4.1955,,19.28,15.0
2024-08-31,,,,0.6,,,2.5,49.1,,,,,,,,,,2.5,,3.0,,,,,,,,,,47.7,,,,,,,,,,,,,,,4.2,,
2024-09-02,0.6791,1919.0,,,,77.52,,,101.653,1.1072,5.5,1.3146,,2.153,,3.93905,4.2,,,,147.18,6211.61,2618.53,17691.97,3486.4,2635.81,3333.38,1096.34,3659.44,,,,38700.87,2811.035,3265.01,,,7.1158,7.1173,7.7967,146.92,3.9034,3.9165,4.1955,,19.35,15.55
2024-09-03,0.6711,1947.0,70.34,,,73.75,,,101.825,1.1043,5.5,1.3114,2499.7,2.149,403.2,3.89929,4.17083,,,,147.46,6203.55,2611.39,17651.49,3496.49,2631.94,3346.1,1090.17,3595.44,,18958.73,2.203,38686.31,2802.979,3273.43,27.951,5528.93,7.1208,7.1217,7.7988,145.48,3.831,3.8631,4.1229,,18.3,20.72
2024-09-04,0.6725,1902.0,69.2,,,72.7,,,101.358,1.1082,5.5,1.3147,2502.7,2.13,401.95,3.88857,4.15637,,,,148.18,6133.98,2584.25,17457.34,3482.84,2635.97,3363.3,1073.59,3580.06,,18921.4,2.145,37047.61,2784.278,3252.16,28.167,5520.07,7.1134,7.113,7.7969,143.74,3.7552,3.7539,4.0578,,18.98,21.32
2024-09-05,0.6741,1919.0,69.15,,,72.69,,,101.107,1.1111,5.5,1.318,2519.7,2.146,407.75,3.88607,4.15708,,,,149.13,6105.54,2586.21,17444.3,3487.8,2642.17,3372.63,1076.09,3567.49,,18930.33,2.254,36657.09,2788.314,3257.76,28.72,5503.41,7.0899,7.0887,7.7933,143.45,3.7269,3.7435,4.0198,,18.03,19.9
2024-09-06,0.6671,1941.0,67.67,,,71.06,,,101.177,1.1084,5.5,1.3129,2501.5,2.138,401.45,,,,,,149.0,,,,,2642.3,3375.55,1074.89,3518.58,,18421.31,2.275,36391.47,2765.807,3231.35,27.808,5408.42,7.0948,7.098,7.7955,142.3,3.708,3.6462,4.018,,,22.38
2024-09-09,0.6661,1958.0,68.71,,,71.84,,,101.552,1.1035,5.5,1.3074,2509.3,2.125,408.45,3.88857,4.14577,,,,149.78,6002.91,2548.68,17196.96,3436.75,2645.44,3382.18,1063.44,3546.4,,18660.78,2.17,36215.75,2736.488,3192.95,28.291,5471.05,7.1202,7.1137,7.7971,143.18,3.7004,3.6688,4.0005,,19.06,19.45
2024-09-10,0.6652,1941.0,65.75,,,69.19,,,101.63,1.102,5.5,1.308,2519.5,2.121,404.05,3.89893,4.10994,,,,151.55,6026.34,2548.61,17234.09,3450.73,2644.44,3390.77,1062.88,3552.03,,18829.14,2.232,36159.16,2744.192,3195.76,28.257,5495.52,7.1356,7.1208,7.7976,142.44,3.6423,3.5941,3.9622,,18.78,19.08
2024-09-11,0.6674,1963.0,67.31,,,70.61,,,101.684,1.1012,5.5,1.3043,2519.0,2.113,408.3,3.88643,4.11208,,,,151.61,5982.55,2530.89,17108.71,3450.92,2644.08,3389.42,1058.69,3578.65,,19237.3,2.27,35619.77,2721.795,3186.13,28.563,5554.13,7.1293,7.1194,7.7986,142.36,3.6534,3.6415,3.9657,,19.25,17.69
2024-09-12,0.6722,1927.0,68.97,,,71.97,,,101.366,1.1074,5.5,1.3124,2557.1,2.097,413.3,3.81423,4.08315,,,,150.51,6017.53,2546.65,17240.39,3475.25,2647.21,3387.94,1075.62,3611.3,,19423.07,2.357,36833.27,2717.123,3172.47,29.743,5595.76,7.119,7.1174,7.8031,141.82,3.674,3.6392,3.9882,,18.93,17.07
2024-09-13,0.6704,1890.0,68.65,,,71.61,,,101.114,1.1075,5.5,1.3124,2586.8,2.073,417.5,3.7231,4.01042,,,,149.14,6071.52,2564.92,17369.09,3479.8,2652.79,3396.65,1082.3,3634.86,,19514.58,2.305,36581.76,2704.09,3159.25,30.699,5626.02,7.1004,7.0972,7.7995,140.85,3.6513,3.5824,3.9795,,18.62,16.56
2024-09-16,0.6752,1896.0,70.09,,,72.75,,,100.763,1.1133,5.5,1.3216,2585.2,,421.3,3.7128,4.00357,,,,148.72,6090.16,2574.17,17422.12,3497.45,2660.04,3410.16,1086.02,3640.73,,19423.06,2.373,,,,30.771,5633.09,7.097,,7.7927,140.62,3.6176,3.5509,3.9285,,18.2,17.14
2024-09-17,0.6756,1901.0,71.19,,,73.7,,,100.894,1.1114,5.5,1.3161,2568.9,,421.35,3.7,4.00214,,,,146.66,6176.03,2602.36,17660.02,3536.57,2664.31,3407.61,1090.51,3640.5,,19432.4,2.324,36203.22,,,30.619,5634.58,7.111,,7.7944,142.41,3.6456,3.6048,3.9586,,18.65,17.61
2024-09-18,0.6764,1890.0,70.91,,,73.65,,,100.596,1.1119,5.0,1.3214,2574.9,2.04,423.8,,,,,,149.08,,,,,2666.78,3396.5,1087.75,3629.69,,19344.49,2.284,36380.17,2717.281,3171.01,30.341,5618.26,7.0954,7.0769,7.793,142.29,3.7038,3.6172,4.0205,,,18.23
2024-09-19,0.6814,1976.0,71.95,,,74.88,,,100.614,1.1162,5.0,1.3284,2590.9,2.045,428.6,3.61441,3.90232,,,,147.48,6305.51,2652.94,18013.16,3651.56,2675.59,3400.73,1100.15,3689.52,,19839.83,2.348,37155.33,2736.022,3196.04,31.094,5713.64,7.0716,7.0627,7.7949,142.63,3.7131,3.5813,4.0505,,19.34,16.33
2024-09-20,0.6807,1977.0,71.92,,,74.49,,,100.723,1.1162,5.0,1.3321,2622.4,2.041,428.15,3.64548,3.87833,,,,146.78,6381.5,2685.92,18258.57,3703.84,2674.5,3398.88,1106.44,3676.84,,19791.49,2.434,37723.91,2736.814,3201.05,31.176,5702.55,7.0421,7.047,7.7903,143.85,3.7413,3.591,4.0833,,18.89,16.15
2024-09-23,0.6838,1999.0,70.37,,,73.9,,,100.851,1.1111,5.0,1.3347,2628.6,2.037,428.9,3.73935,3.89113,,,,146.69,6389.08,2683.4,18247.11,3698.27,2674.18,3399.03,1110.66,3688.33,,19852.2,2.613,,2748.918,3212.76,30.767,5718.57,7.0604,7.0521,7.7862,143.61,3.7489,3.5866,4.0922,,18.55,15.89
2024-09-24,0.6892,2014.0,71.56,,,75.17,,,100.466,1.118,5.0,1.3413,2653.0,2.063,442.95,4.02179,4.05441,,,,145.4,6714.47,2789.15,19000.56,3915.58,2673.73,3404.22,1132.04,3702.33,,19944.84,2.551,37940.59,2863.125,3351.91,32.111,5732.93,7.011,7.0318,7.7846,143.23,3.728,3.5379,4.0842,,21.85,15.39
2024-09-25,0.6823,2016.0,69.69,,,73.46,,,100.912,1.1133,5.0,1.3324,2660.7,2.038,442.8,4.04845,4.06196,,,,145.31,6765.6,2807.76,19129.1,3924.45,2672.8,3390.41,1136.8,3695.89,,19972.61,2.637,37870.26,2896.306,3401.53,31.698,5722.26,7.0328,7.0338,7.7849,144.75,3.7849,3.5592,4.1398,,22.14,15.41
2024-09-26,0.6896,2091.0,67.67,,,71.6,,,100.562,1.1177,5.0,1.3415,2670.4,2.081,458.1,4.07566,4.07071,,,,144.7,7086.7,2930.56,19924.58,4209.71,2673.44,3389.09,1163.38,3720.51,,20115.54,2.585,38925.63,3000.953,3545.32,32.025,5745.37,6.973,7.0111,7.7791,144.81,3.7963,3.6287,4.1308,,27.32,15.37
2024-09-27,0.6903,2110.0,68.18,,,71.98,,,100.381,1.1162,5.0,1.3374,2644.3,2.183,459.95,4.18752,4.14464,,,,143.15,7299.9,3038.2,20632.3,4453.24,2677.85,3398.4,1174.52,3726.8,,20008.62,2.902,39829.56,3087.529,3703.69,31.816,5738.17,6.9816,7.0111,7.7723,142.21,3.7506,3.5592,4.1038,,31.24,16.96
2024-09-30,0.6913,2084.0,68.17,0.4,4.6,71.77,2.4,49.8,100.779,1.1135,5.0,1.3375,2636.1,2.21,455.3,4.32101,4.18024,2.2,2.1,3.0,148.36,7509.79,3131.35,21133.68,4751.81,2678.46,3392.48,1170.85,3723.03,47.3,20060.69,2.923,37919.55,3336.497,4017.85,31.458,5762.48,7.0074,7.0187,7.773,143.63,3.7809,3.6411,4.1191,4.1,32.66,16.73
2024-10-01,0.6883,2030.0,69.83,,,73.56,,,101.194,1.1068,5.0,1.3286,2667.3,,458.9,,,,,,,,,,,2678.6,3403.11,1172.59,3693.5,,19773.3,2.896,38651.97,,,31.742,5708.75,7.0302,,7.7715,143.57,3.7315,3.6043,4.0716,,,19.26
2024-10-02,0.6885,1978.0,70.1,,,73.9,,,101.677,1.1045,5.0,1.3268,2647.1,,464.9,4.34476,4.37375,,,,136.57,8041.27,3325.41,22443.73,5157.08,2677.58,3397.13,1187.97,3685.92,,19802.58,2.886,37808.76,,,31.92,5709.54,7.0364,,7.7631,146.47,3.7809,3.6414,4.1299,,40.99,18.9
2024-10-03,0.684,1941.0,73.71,,,77.62,,,101.989,1.1031,5.0,1.3124,2657.1,,455.3,4.48363,4.50762,,,,138.28,7914.16,3267.13,22113.51,4978.64,2676.01,3384.43,1173.02,3675.89,,19793.34,2.97,38552.06,,,32.464,5699.94,7.0515,,7.7642,146.93,3.8458,3.7053,4.1779,,38.39,20.49
2024-10-04,0.6795,1928.0,74.38,,,78.05,,,102.52,1.0974,5.0,1.3122,2645.8,,457.4,4.5,4.51066,,,,133.63,8156.5,3364.96,22736.87,5227.13,2673.86,3363.34,1179.34,3698.41,,20035.02,2.854,38635.62,,,32.394,5751.07,7.0984,,7.7668,148.7,3.9672,3.9217,4.2497,,40.08,19.21
2024-10-07,0.6757,1907.0,77.14,,,80.93,,,102.537,1.0976,5.0,1.3083,2644.8,,456.65,4.5,4.51244,,,,128.49,8330.85,3440.46,23099.78,5386.48,2667.3,3353.02,1183.78,3678.75,,19800.74,2.746,39332.74,,,32.004,5695.94,7.0712,,7.7658,148.18,4.0256,3.9952,4.3049,,44.5,22.64
2024-10-08,0.6744,1860.0,73.57,,,77.18,,,102.549,1.098,5.0,1.3104,2615.0,2.209,445.65,4.61423,4.51208,,,,150.94,7483.67,3102.65,20926.79,4695.81,2665.94,3355.66,1156.23,3694.3,,20107.78,2.733,38937.54,3489.775,4256.1,30.6,5751.13,7.0738,7.0633,7.7755,148.2,4.0119,3.9582,4.2936,,40.1,21.42
2024-10-09,0.6718,1799.0,73.24,,,76.58,,,102.928,1.0939,5.0,1.3071,2606.0,2.186,439.95,4.42393,4.35631,,,,146.48,7365.59,3048.36,20637.24,4640.75,2665.17,3348.59,1148.27,3716.17,,20268.86,2.66,39277.96,3258.858,3955.98,30.67,5792.04,7.0927,7.0808,7.771,149.31,4.0726,4.0215,4.3408,,39.59,20.86
2024-10-10,0.6739,1790.0,75.85,,,79.4,,,102.988,1.0934,5.0,1.3059,2620.6,2.157,442.75,4.41524,4.36119,,,,144.66,7620.74,3133.19,21251.98,4736.1,2664.57,3349.02,1156.96,3710.71,,20241.76,2.675,39380.89,3301.926,3997.79,31.24,5780.05,7.0849,7.0765,7.77,148.57,4.0608,3.9573,4.3588,,39.6,20.93
2024-10-11,0.675,1809.0,75.56,,,79.04,,,102.89,1.0937,5.0,1.3067,2657.6,2.147,449.35,,,,,,142.75,,,,,2665.68,3348.69,1159.56,3731.93,,20271.97,2.632,39605.8,3217.738,3887.17,31.755,5815.03,7.0711,7.0668,7.7706,149.13,4.1003,3.9554,4.4106,,,20.46
2024-10-14,0.6726,1814.0,73.83,,,77.46,,,103.298,1.0909,5.0,1.3059,2647.8,2.149,440.6,4.37155,4.32774,,,,145.24,7579.94,3106.08,21092.87,4668.18,2665.68,3348.69,1160.06,3753.49,,20439.05,2.494,,3284.323,3961.34,31.316,5859.85,7.0956,7.0897,7.764,149.76,4.1003,3.9554,4.4106,,34.8,19.7
2024-10-15,0.6703,1766.0,70.58,,,74.25,,,103.261,1.0893,5.0,1.3074,2661.4,2.146,433.75,4.4225,4.32774,,,,145.36,7277.83,2993.03,20318.79,4450.95,2671.43,3363.96,1149.73,3728.4,,20159.83,2.498,39910.55,3201.292,3856.0,31.756,5815.26,7.1354,7.1195,7.7671,149.2,4.0317,3.9454,4.32,,31.27,20.64
2024-10-16,0.6667,1676.0,70.39,,,74.22,,,103.59,1.0862,5.0,1.299,2674.0,2.136,436.75,4.36798,4.32274,,,,145.05,7267.98,2993.52,20286.85,4402.37,2675.31,3369.87,1144.04,3735.29,,20174.05,2.367,39180.3,3202.948,3831.59,31.974,5842.47,7.1368,7.1196,7.7705,149.64,4.0122,3.9376,4.2955,,31.47,19.58
2024-10-17,0.6696,1594.0,70.67,,,74.45,,,103.825,1.0831,5.0,1.3011,2691.0,2.118,432.5,4.32952,4.28458,,,,146.18,7179.44,2958.18,20079.1,4349.77,2673.81,3353.25,1135.13,3737.87,,20190.42,2.347,38911.19,3169.384,3788.22,31.774,5841.47,7.137,7.1229,7.7735,150.21,4.0906,3.9719,4.3895,,30.22,19.11
2024-10-18,0.6706,1576.0,69.22,,,73.06,,,103.493,1.0867,5.0,1.3052,2713.7,2.123,438.45,4.29607,4.27274,,,,143.47,7471.95,3067.35,20804.11,4600.85,2674.84,3351.15,1155.12,3753.04,,20324.04,2.258,38981.75,3261.563,3925.23,33.234,5864.67,7.1181,7.1023,7.7705,149.53,4.0828,3.9483,4.3924,,32.77,18.03
2024-10-21,0.6659,1546.0,70.56,,,74.29,,,104.012,1.0815,5.0,1.2985,2723.1,2.119,435.95,4.31494,4.3472,,,,144.59,7340.56,3021.58,20478.46,4491.9,2671.54,3324.15,1148.42,3740.27,,20361.47,2.312,38954.6,3268.11,3935.2,34.078,5853.98,7.1364,7.1209,7.7732,150.84,4.1956,4.0317,4.4994,,31.3,18.37
2024-10-22,0.6682,1480.0,72.09,,,76.04,,,104.075,1.0799,5.0,1.2984,2744.2,2.141,438.05,4.2853,4.29524,,,,145.02,7363.0,3028.48,20498.95,4521.63,2667.04,3322.29,1142.19,3731.32,,20383.65,2.311,38411.96,3285.867,3957.78,35.041,5851.2,7.1357,7.124,7.772,151.08,4.2076,4.0324,4.4965,,31.17,18.2
2024-10-23,0.6634,1445.0,70.77,,,74.96,,,104.431,1.0782,5.0,1.2921,2714.4,2.158,433.65,4.24018,4.29929,,,,144.27,7478.23,3065.27,20760.15,4605.62,2662.34,3314.45,1141.81,3697.6,,20066.96,2.342,38104.86,3302.803,3973.21,33.839,5797.42,7.1358,7.1302,7.7688,152.76,4.2456,4.0779,4.5182,,32.09,19.24
2024-10-24,0.664,1417.0,70.19,,,74.38,,,104.058,1.0828,5.0,1.2975,2734.9,2.161,435.15,4.2403,4.31994,,,,144.74,7359.14,3023.61,20489.62,4483.99,2664.21,3322.24,1134.52,3707.18,,20232.87,2.522,38143.29,3280.262,3928.83,33.795,5809.86,7.1244,7.1199,7.7703,151.83,4.2118,4.0787,4.4739,,31.94,19.08
2024-10-25,0.6608,1410.0,71.78,,,76.05,,,104.257,1.0796,5.0,1.2962,2740.9,2.158,437.05,4.2403,4.31708,,,,143.89,7385.26,3038.36,20590.15,4538.03,2664.89,3316.24,1134.88,3705.81,,20352.02,2.56,37913.92,3299.7,3956.42,33.779,5808.12,7.1341,7.1215,7.7702,152.31,4.2399,4.1046,4.4995,,33.54,20.33
2024-10-28,0.6583,1382.0,67.38,,,71.42,,,104.316,1.0812,5.0,1.2972,2742.9,2.162,436.25,4.20833,4.31071,,,,143.72,7391.22,3042.73,20599.36,4574.07,2667.81,3313.18,1137.94,3716.61,,20351.07,2.309,38605.53,3322.198,3964.16,34.001,5823.52,7.1449,7.1293,7.7716,153.29,4.2821,4.1377,4.5292,,32.66,19.8
2024-10-29,0.6561,1402.0,67.21,,,71.12,,,104.316,1.0819,5.0,1.3015,2768.4,2.159,436.05,4.21137,4.30071,,,,143.4,7417.53,3050.81,20701.14,4623.84,2666.96,3315.3,1136.47,3717.86,,20550.65,2.346,38903.68,3286.407,3924.65,34.441,5832.92,7.1428,7.1291,7.7712,153.36,4.2541,4.0962,4.4985,,32.89,19.34
2024-10-30,0.6572,1395.0,68.61,,,72.55,,,103.994,1.0856,5.0,1.2962,2800.8,2.158,435.15,4.2256,4.30214,,,,144.59,7286.5,3003.89,20380.64,4513.68,2668.07,3314.63,1126.51,3706.29,,20387.7,2.845,39277.39,3266.238,3889.45,34.075,5813.67,7.1255,7.1161,7.7722,153.42,4.3004,4.1826,4.5035,,32.94,20.35
2024-10-31,0.6582,1388.0,69.26,0.3,,73.16,2.6,50.1,103.976,1.0884,5.0,1.2899,2749.3,2.152,434.0,4.24119,4.30923,1.4,,3.1,144.37,7264.11,2992.75,20317.33,4499.15,2663.98,3310.14,1119.52,3647.14,47.0,19890.42,2.707,39081.25,3279.824,3891.04,32.796,5705.45,7.1216,7.118,7.7734,152.03,4.2844,4.1702,4.475,4.1,32.5,23.16
2024-11-01,0.6559,1378.0,69.49,,,73.1,,,104.282,1.0834,5.0,1.2924,2749.2,2.143,437.15,4.21566,4.29929,,,,144.22,7342.66,3020.32,20506.43,4483.91,2665.52,3293.82,1122.28,3660.03,,20033.14,2.663,38053.67,3272.014,3890.02,32.681,5728.8,7.1354,7.129,7.7772,153.01,4.3836,4.2054,4.5782,,32.78,21.88
2024-11-04,0.6585,1374.0,71.47,,,75.08,,,103.885,1.0878,5.0,1.2957,2746.2,2.122,443.15,4.0847,4.25518,,,,145.25,7367.65,3035.67,20567.52,4532.18,2667.7,3312.78,1129.82,3656.14,,19963.6,2.781,,3310.207,3944.76,32.609,5712.69,7.1121,7.1009,7.7722,152.13,4.2847,4.1599,4.4672,,32.32,21.98
2024-11-05,0.6638,1405.0,71.99,,,75.53,,,103.423,1.093,5.0,1.3042,2749.7,2.113,447.5,4.05214,4.22845,,,,143.78,7556.62,3103.86,21006.97,4693.85,2667.89,3321.01,1139.11,3692.96,,20227.46,2.67,38474.9,3386.987,4044.57,32.775,5782.76,7.1017,7.1047,7.7728,151.62,4.2708,4.1765,4.435,,33.28,20.49
2024-11-06,0.6569,1427.0,71.69,,,74.92,,,105.088,1.0729,5.0,1.2879,2676.3,2.123,424.6,4.02631,4.227,,,,144.52,7363.47,3043.28,20538.38,4574.5,2671.4,3297.99,1131.87,3752.15,,20781.33,2.747,39480.67,3383.806,4024.28,31.331,5929.04,7.2036,7.1753,7.7762,154.63,4.4315,4.2617,4.6095,,31.61,16.27
2024-11-07,0.6679,1451.0,72.36,,,75.63,,,104.508,1.0805,4.75,1.2987,2705.8,2.115,443.15,4.02911,4.22839,,,,144.22,7546.95,3104.0,20953.34,4677.64,2678.18,3323.83,1140.54,3787.27,,21101.57,2.693,39381.41,3470.661,4145.7,31.855,5973.1,7.1483,7.1434,7.7705,152.94,4.3257,4.1994,4.5297,,32.38,15.2
2024-11-08,0.6583,1495.0,70.38,,,73.87,,,104.997,1.0718,4.75,1.2921,2694.8,2.107,430.6,4.10994,4.28268,,,,144.68,7461.44,3074.61,20728.19,4668.26,2685.17,3334.93,1135.65,3791.23,,21117.18,2.669,39500.37,3452.297,4104.05,31.449,5995.54,7.2013,7.1841,7.7745,152.64,4.3043,4.2539,4.4696,,30.9,14.94
2024-11-11,0.6575,1558.0,68.04,,,71.83,,,105.543,1.0655,4.75,1.2868,2617.7,2.086,422.85,4.14048,4.28649,,,,145.93,7355.57,3033.17,20426.93,4651.71,2685.17,3334.93,1125.89,3795.3,,21106.59,2.92,39533.32,3470.066,4131.13,30.613,6001.35,7.2278,7.215,7.7759,153.72,4.3043,4.2539,4.4696,,25.28,14.97
2024-11-12,0.6533,1634.0,68.12,,,71.89,,,106.024,1.0623,4.75,1.2748,2606.3,2.073,413.65,4.13131,4.30994,,,,147.07,7127.14,2951.71,19846.88,4456.86,2681.96,3308.68,1103.19,3773.23,,21070.79,2.907,39376.09,3421.97,4085.74,30.759,5983.99,7.243,7.2347,7.778,154.61,4.4275,4.3401,4.5673,,25.07,14.71
2024-11-13,0.6485,1630.0,68.43,,,72.28,,,106.481,1.0564,4.75,1.2708,2586.5,2.069,408.3,4.12536,4.3128,,,,147.73,7130.93,2947.5,19823.45,4455.67,2681.95,3300.19,1093.7,3767.05,,21036.16,2.983,38721.66,3439.278,4110.89,30.663,5985.38,7.2437,7.234,7.7807,155.46,4.4512,4.2857,4.6357,,25.06,14.02
2024-11-14,0.6454,1692.0,68.7,,,72.56,,,106.673,1.053,4.75,1.2666,2572.9,2.079,408.75,4.13911,4.32417,,,,149.35,6973.08,2890.52,19435.81,4318.32,2680.99,3298.76,1084.41,3752.7,,20896.67,2.785,38535.7,3379.839,4039.62,30.569,5949.17,7.2538,7.2271,7.7816,156.27,4.4354,4.3448,4.5868,,25.19,14.31
2024-11-15,0.6462,1785.0,67.02,,,71.04,,,106.687,1.054,4.75,1.2618,2570.1,2.073,406.45,4.14119,4.34048,,,,148.66,6980.06,2888.8,19426.34,4327.84,2675.43,3297.31,1085.0,3710.5,,20394.13,2.823,38642.91,3330.726,3968.83,30.432,5870.62,7.237,7.2294,7.7852,154.3,4.4394,4.3033,4.617,,26.16,16.14
2024-11-18,0.6508,1756.0,69.16,,,73.3,,,106.275,1.0598,4.75,1.2678,2614.6,2.104,412.0,4.12524,4.3178,,,,147.06,7057.1,2908.57,19576.61,4341.53,2676.35,3304.53,1089.72,3723.36,,20539.19,2.973,38220.85,3323.849,3950.38,31.224,5893.62,7.2273,7.232,7.7836,154.66,4.4138,4.2802,4.6102,,24.89,15.58
2024-11-19,0.6532,1627.0,69.39,,,73.31,,,106.206,1.0596,4.75,1.2682,2631.0,2.099,414.2,4.1322,4.31494,,,,146.45,7082.21,2924.47,19663.67,4395.04,2680.02,3309.74,1094.94,3738.95,,20684.59,2.998,38414.43,3346.01,3976.89,31.262,5916.98,7.2366,7.2394,7.7832,154.66,4.3962,4.2803,4.5819,,23.37,16.35
2024-11-20,0.6506,1616.0,68.87,,,72.81,,,106.68,1.0544,4.75,1.2652,2651.7,2.094,415.55,4.13077,4.31423,,,,146.37,7090.86,2937.91,19705.01,4413.08,2680.3,3302.64,1093.85,3732.77,,20667.1,3.193,38352.34,3367.989,3985.77,31.005,5917.11,7.2511,7.2455,7.7835,155.44,4.41,4.3144,4.5975,,22.77,17.16
2024-11-21,0.6511,1576.0,70.1,,,74.23,,,106.972,1.0474,4.75,1.2589,2674.9,2.086,412.5,4.13149,4.3128,,,,147.45,7034.89,2919.11,19601.11,4358.15,2683.32,3301.59,1085.49,3753.51,,20740.78,3.339,38026.17,3370.404,3989.3,30.943,5948.71,7.255,7.2422,7.7828,154.54,4.4218,4.3487,4.6014,,22.26,16.87
2024-11-22,0.6501,1537.0,71.24,,,75.17,,,107.554,1.0418,4.75,1.253,2712.2,2.08,408.6,4.13149,4.31494,,,,146.87,6887.05,2859.33,19229.97,4246.2,2682.87,3302.06,1087.27,3765.96,,20776.23,3.129,38283.85,3267.192,3865.7,31.338,5969.34,7.2597,7.248,7.7842,154.78,4.4002,4.373,4.5877,,22.36,15.24
2024-11-25,0.6504,1529.0,68.94,,,73.01,,,106.817,1.0495,4.75,1.2568,2618.5,2.055,410.0,4.13077,4.31494,,,,147.18,6862.2,2851.94,19150.99,4235.31,2689.76,3336.61,1092.2,3781.79,,20804.89,3.369,38780.14,3263.76,3848.09,30.239,5987.37,7.2468,7.2462,7.7823,154.23,4.2731,4.2685,4.4657,,21.99,14.6
2024-11-26,0.6475,1581.0,68.77,,,72.81,,,107.013,1.0489,4.75,1.2569,2621.3,2.055,404.9,4.165,4.34804,,,,148.09,6851.56,2850.01,19159.2,4221.99,2688.5,3329.61,1086.93,3790.31,,20922.9,3.431,38442.0,3259.757,3840.19,30.405,6021.63,7.2578,7.2502,7.783,153.08,4.3062,4.2561,4.4818,,21.59,14.1
2024-11-27,0.6497,1509.0,68.72,,,72.83,,,106.084,1.0566,4.75,1.268,2639.9,2.051,406.7,4.18565,4.3706,,,,147.42,7027.4,2913.0,19603.13,4374.44,2690.08,3338.33,1087.58,3786.04,,20744.49,3.204,38134.97,3309.779,3907.05,30.111,5998.74,7.2449,7.2452,7.7815,151.09,4.2634,4.2272,4.4383,,23.4,14.1
2024-11-28,0.6499,1419.0,,,,73.28,,,106.048,1.0552,4.75,1.2687,,2.04,,4.28935,4.40214,,,,148.53,6924.51,2878.38,19366.96,4307.75,2690.08,3338.33,1079.65,3789.28,,,,38349.06,3295.698,3872.55,,,7.2499,7.2445,7.7838,151.55,4.2634,4.2272,4.4383,,23.24,13.9
2024-11-29,0.6512,1354.0,68.0,,,72.94,,,105.737,1.0577,4.75,1.2735,2657.0,2.033,408.05,4.30893,4.41208,,,,148.57,6946.68,2891.18,19423.61,4353.55,2694.63,3354.42,1078.57,3810.14,,20930.37,3.363,38208.03,3326.456,3916.58,30.685,6032.38,7.2491,7.2467,7.782,149.77,4.1685,4.1509,4.3599,,22.99,13.51
2024-11-30,,,,0.2,,,2.7,50.3,,,,,,,,,,1.4,,3.1,,,,,,,,,,48.4,,,,,,,,,,,,,,,4.2,,
2024-12-02,0.6475,1298.0,68.1,,,71.83,,,106.446,1.0498,4.75,1.2655,2634.9,1.992,407.55,4.35929,4.37274,,,,147.13,7009.05,2913.04,19550.29,4405.95,2697.58,3359.45,1086.39,3817.72,,21164.6,3.213,38513.02,3363.982,3947.63,30.449,6047.15,7.2864,7.2743,7.7816,149.6,4.1897,4.1796,4.3618,,22.92,13.34
2024-12-03,0.6486,1237.0,69.94,,,73.62,,,106.365,1.0509,4.75,1.2673,2644.7,1.995,414.6,4.38131,4.3731,,,,146.15,7072.13,2941.06,19746.32,4417.99,2698.88,3352.21,1097.52,3830.12,,21229.32,3.042,39248.86,3378.806,3951.89,31.077,6049.88,7.2998,7.2863,7.7828,149.6,4.2245,4.1795,4.4017,,23.31,13.3
2024-12-04,0.643,1180.0,68.54,,,72.31,,,106.321,1.0511,4.75,1.2701,2653.8,1.975,414.2,4.4,4.37119,,,,146.26,7085.0,2938.39,19742.46,4404.04,2701.91,3365.69,1100.49,3849.72,,21492.36,3.043,39276.39,3364.65,3930.56,31.505,6086.49,7.2776,7.2641,7.7843,150.59,4.18,4.1256,4.3442,,23.27,13.45
2024-12-05,0.6453,1160.0,68.3,,,72.09,,,105.714,1.0586,4.75,1.2759,2626.6,1.96,413.5,4.37274,4.35643,,,,146.68,7014.13,2917.62,19560.44,4370.22,2703.07,3365.58,1102.29,3848.48,,21425.22,3.079,39395.6,3368.855,3921.59,31.134,6075.11,7.2635,7.2588,7.7822,150.1,4.1761,4.144,4.3341,,22.08,13.54
2024-12-06,0.6391,1167.0,67.2,,,71.12,,,106.055,1.0568,4.75,1.2744,2638.6,1.952,413.85,4.31042,4.32893,,,,146.35,7136.55,2961.99,19865.85,4464.65,2705.95,3371.31,1105.08,3855.07,,21622.25,3.076,39091.17,3404.076,3973.14,31.186,6090.27,7.2843,7.2717,7.7795,150.0,4.1529,4.1039,4.3359,,22.55,12.77
2024-12-09,0.644,1168.0,68.37,,,72.14,,,106.145,1.0554,4.75,1.275,2664.9,1.931,422.35,4.32738,4.3,,,,141.68,7360.67,3041.31,20414.09,4656.8,2706.78,3363.56,1114.04,3837.63,,21440.82,3.182,39160.5,3402.534,3966.57,32.216,6052.85,7.2675,7.2586,7.7742,151.21,4.2012,4.1245,4.3858,,26.32,14.19
2024-12-10,0.6377,1156.0,68.59,,,72.19,,,106.399,1.0527,4.75,1.2771,2697.6,1.856,422.35,4.3953,4.33238,,,,144.94,7306.16,3015.24,20311.28,4591.94,2705.83,3359.67,1111.71,3816.76,,21368.18,3.163,39367.58,3422.661,3995.64,32.363,6034.91,7.2579,7.2498,7.7742,151.95,4.2263,4.143,4.4194,,26.5,14.18
2024-12-11,0.6369,1106.0,70.29,,,73.52,,,106.71,1.0496,4.75,1.2751,2733.8,1.841,421.4,4.44881,4.3628,,,,144.42,7249.38,2999.67,20155.05,4531.58,2707.25,3352.81,1108.43,3842.39,,21763.98,3.378,39372.23,3432.49,3988.83,32.562,6084.19,7.2791,7.263,7.7746,152.45,4.2711,4.1532,4.4826,,24.66,13.58
2024-12-12,0.6369,1055.0,70.02,,,73.41,,,106.956,1.0468,4.75,1.2673,2687.5,1.816,419.5,4.48125,4.38315,,,,144.06,7360.1,3034.2,20397.05,4600.82,2704.82,3337.16,1112.94,3826.08,,21615.27,3.455,39849.14,3461.5,4028.51,31.228,6051.25,7.2759,7.2691,7.7745,152.63,4.3278,4.1906,4.544,,25.38,13.92
2024-12-13,0.6362,1051.0,71.29,,,74.49,,,107.003,1.0501,4.75,1.2619,2656.0,1.782,414.9,4.47238,4.3528,,,,144.28,7186.59,2973.77,19971.24,4479.6,2699.98,3324.19,1107.01,3817.24,,21780.25,3.28,39470.44,3391.878,3933.18,30.655,6051.09,7.2811,7.2736,7.7758,153.65,4.3967,4.2448,4.6013,,21.88,13.81
2024-12-16,0.6371,1071.0,70.71,,,73.91,,,106.858,1.0512,4.75,1.2683,2651.4,1.728,414.35,4.47274,4.35375,,,,145.07,7132.69,2947.93,19795.49,4414.7,2699.39,3327.41,1103.21,3826.99,,22096.66,3.214,39457.49,3386.331,3911.84,30.697,6074.08,7.2923,7.2839,7.7741,154.15,4.3967,4.249,4.5984,,21.48,14.69
2024-12-17,0.6337,1053.0,70.08,,,73.19,,,106.956,1.0491,4.75,1.271,2644.4,1.729,409.15,4.47345,4.35423,,,,145.75,7105.44,2932.62,19700.48,4389.08,2695.72,3326.24,1093.2,3812.07,,22001.08,3.308,39364.68,3361.485,3922.03,30.573,6050.61,7.2881,7.2842,7.7694,153.46,4.3987,4.2447,4.5886,,20.75,15.87
2024-12-18,0.6218,1028.0,70.58,,,73.39,,,108.027,1.0353,4.5,1.2574,2636.5,1.765,410.0,4.48357,4.35286,,,,145.22,7180.79,2959.18,19864.55,4468.85,2689.29,3303.69,1095.31,3720.41,,21209.31,3.374,39081.71,3382.208,3941.89,30.41,5872.16,7.3249,7.2857,7.7704,154.8,4.514,4.3545,4.6753,,21.05,27.62
2024-12-19,0.6239,976.0,69.91,,,72.88,,,108.408,1.0363,4.5,1.2502,2592.2,1.763,402.05,4.52982,4.35375,,,,144.7,7152.13,2943.6,19752.51,4439.47,2675.94,3285.02,1081.76,3696.05,,21110.51,3.584,38813.58,3370.033,3945.46,29.094,5867.08,7.3091,7.2958,7.7697,157.44,4.5621,4.3165,4.7355,,21.27,24.09
2024-12-20,0.6251,990.0,69.46,,,72.94,,,107.621,1.043,4.5,1.257,2628.7,1.718,404.1,4.53006,4.35214,,,,144.9,7143.88,2936.54,19720.7,4444.19,2677.98,3291.74,1072.25,3723.22,,21289.15,3.748,38701.9,3368.069,3927.74,29.66,5930.85,7.2924,7.2954,7.7757,156.31,4.5222,4.3102,4.7204,,20.92,18.36
2024-12-23,0.6249,994.0,69.24,,,72.63,,,108.037,1.0405,4.5,1.2536,2612.3,1.707,402.3,4.53149,4.35214,,,,143.78,7213.85,2956.14,19883.13,4457.85,2678.81,3283.13,1081.95,3745.13,,21503.17,3.656,39161.34,3351.257,3933.57,29.888,5974.07,7.3072,7.296,7.7702,157.17,4.5865,4.3401,4.774,,21.15,16.78
2024-12-24,0.6237,997.0,70.1,,,73.58,,,108.257,1.0399,4.5,1.2539,2620.0,1.736,404.95,4.53952,4.35304,,,,144.05,7303.92,2986.03,20098.29,4507.65,2678.83,3288.94,1084.99,3777.89,,21797.65,3.946,39036.85,3393.528,3983.69,29.974,6040.04,7.3068,7.2953,7.7677,157.19,4.5887,4.3324,4.7618,,21.33,14.27
2024-12-25,0.6239,,,,,,,,,1.0407,4.5,1.2561,,1.754,,,,,,,144.82,,,,,2678.83,3288.94,1085.86,3778.53,,,,39130.43,3393.35,3985.63,,,7.3027,7.2947,7.7665,157.33,4.5887,4.3324,4.7618,,,
2024-12-26,0.6221,,69.62,,,73.26,,,108.129,1.0422,4.5,1.2525,2638.8,1.729,407.2,,,,,,144.3,,,,,2681.6,3292.01,1084.69,3778.7,,21768.31,3.715,39568.06,3398.076,3987.48,30.047,6037.59,7.303,7.2979,7.7678,157.99,4.5827,4.3283,4.77,,,14.73
2024-12-27,0.6217,,70.6,,,74.17,,,107.998,1.0426,4.5,1.2578,2617.2,1.701,406.25,4.58435,4.35286,,,,143.93,7305.36,2984.53,20090.46,4538.59,2680.81,3282.27,1082.87,3755.36,,21473.01,3.514,40281.16,3400.142,3981.03,29.655,5970.84,7.3001,7.2961,7.7632,157.87,4.6253,4.3262,4.8171,,21.53,15.95
2024-12-30,0.6221,,70.99,,,74.39,,,108.13,1.0407,4.5,1.255,2618.1,1.712,409.3,4.59286,4.37083,,,,145.09,7280.48,2980.16,20041.42,4500.6,2682.16,3295.93,1078.4,3718.94,,21197.09,3.936,39894.54,3407.326,3999.06,29.412,5906.94,7.3152,7.2993,7.7664,156.84,4.5327,4.2418,4.7497,,22.33,17.4
2024-12-31,0.6188,,71.72,0.1,5.4,74.64,2.9,50.1,108.487,1.0354,4.5,1.2516,2641.0,1.675,402.65,4.57941,4.37083,1.4,2.5,3.1,143.0,7289.89,2983.28,20059.95,4468.11,2683.14,3289.5,1075.48,3707.84,49.2,21012.17,3.633,,3351.763,3934.91,29.242,5881.63,7.3379,7.2993,7.7686,157.2,4.569,4.2416,4.7812,4.1,22.35,17.35
2025-01-01,0.6187,,,,,,,,,1.0356,4.5,1.2517,,,,,,,,,,,,,,,,1076.52,3707.88,,,,,,,,,7.3361,,,157.24,4.569,4.2416,4.7812,,,
2025-01-02,0.6203,1029.0,73.13,,,75.93,,,109.394,1.0265,4.5,1.238,2669.0,1.623,402.6,4.18292,4.20393,,,,144.6,7090.56,2920.29,19623.32,4357.53,2687.72,3290.84,1071.0,3702.68,,20975.62,3.66,,3262.561,3820.4,29.9,5868.55,7.3403,7.2994,7.7768,157.5,4.559,4.2395,4.7772,,22.59,17.93
2025-01-03,0.6216,1072.0,73.96,,,76.51,,,108.952,1.0308,4.5,1.2423,2654.7,1.621,407.35,4.15,4.16119,,,,143.13,7159.28,2930.35,19760.27,4403.12,2691.58,3284.82,1073.21,3737.5,,21326.16,3.354,,3211.43,3775.17,30.065,5942.47,7.3583,7.3215,7.7786,157.26,4.5975,4.2787,4.811,,22.24,16.13
2025-01-06,0.6246,1043.0,73.56,,,76.3,,,108.257,1.039,4.5,1.252,2647.4,1.597,416.15,4.13649,4.12655,,,,142.86,7135.48,2919.15,19688.29,4395.08,2697.03,3279.63,1078.89,3763.15,,21559.5,3.672,39307.05,3206.923,3768.97,30.583,5975.38,7.346,7.3281,7.7753,157.62,4.63,4.2745,4.8482,,22.28,16.04
2025-01-07,0.623,1015.0,74.25,,,77.05,,,108.542,1.034,4.5,1.2477,2665.4,1.611,419.55,4.17488,4.14452,,,,143.64,7049.71,2883.49,19447.58,4354.8,2693.58,3266.43,1080.07,3733.55,,21173.04,3.449,40083.3,3229.644,3796.11,30.686,5909.03,7.34,7.328,7.7768,158.05,4.685,4.2911,4.913,,23.24,17.82
2025-01-08,0.6216,966.0,73.32,,,76.16,,,109.09,1.0318,4.5,1.2363,2672.4,1.609,425.85,4.17274,4.14381,,,,144.5,6990.65,2855.84,19279.84,4307.4,2690.41,3271.01,1070.79,3732.2,,21180.96,3.651,39981.06,3230.168,3789.22,30.69,5918.25,7.3537,7.3317,7.7788,158.35,4.6892,4.2828,4.9309,,23.16,17.7
2025-01-09,0.6196,969.0,73.92,,,76.92,,,109.179,1.03,4.5,1.2308,2690.8,1.639,430.95,4.15518,4.12601,,,,143.89,6978.97,2854.97,19240.89,4311.54,2691.85,3269.31,1066.47,3732.14,,,3.701,39605.09,3211.393,3779.88,31.015,,7.3561,7.3321,7.7826,158.14,4.6893,4.264,4.9288,,22.78,18.07
2025-01-10,0.6147,1048.0,76.57,,,79.76,,,109.65,1.0244,4.5,1.2207,2715.0,1.653,430.4,4.09429,4.10036,,,,143.97,6898.15,2825.4,19064.29,4260.82,2684.09,3253.32,1057.1,3678.22,,20847.58,3.989,39190.4,3168.524,3732.48,31.314,5827.04,7.3633,7.3326,7.7876,157.73,4.7592,4.3792,4.9469,,22.8,19.54
2025-01-13,0.6177,1093.0,78.82,,,81.01,,,109.956,1.0245,4.5,1.2202,2678.6,1.655,432.55,4.05393,4.05405,,,,143.86,6843.71,2799.24,18874.14,4221.92,2679.44,3249.03,1039.11,3674.92,,20784.72,3.934,,3160.755,3722.51,30.309,5836.22,7.347,7.3319,7.7858,157.48,4.7779,4.3793,4.9618,,23.46,19.19
2025-01-14,0.6195,1080.0,77.5,,,79.92,,,109.273,1.0308,4.5,1.2215,2682.3,1.644,434.25,3.99,4.00351,,,,143.59,6987.36,2853.24,19219.78,4352.04,2682.42,3249.1,1053.05,3682.46,,20757.41,3.968,38474.3,3240.94,3820.54,30.351,5842.91,7.3437,7.3311,7.7868,157.96,4.7924,4.3668,4.9746,,24.14,18.71
2025-01-15,0.6227,1063.0,80.04,,,82.03,,,109.09,1.0289,4.5,1.2242,2717.8,1.633,438.9,3.93268,3.93482,,,,142.93,7011.6,2858.62,19286.07,4363.79,2698.07,3280.61,1055.8,3744.47,,21237.85,4.083,38444.58,3227.117,3796.03,31.531,5949.91,7.3487,7.3319,7.7867,156.47,4.6531,4.2638,4.8795,,23.46,16.12
2025-01-16,0.6213,1023.0,78.68,,,81.29,,,108.957,1.0301,4.5,1.2239,2750.9,1.645,444.1,3.9153,3.9,,,,142.39,7098.76,2890.57,19522.89,4417.37,2700.78,3287.55,1066.67,3746.86,,21091.25,4.258,38572.6,3236.032,3800.38,31.725,5937.34,7.3469,7.3316,7.7871,155.16,4.6125,4.23,4.8545,,22.47,16.6
2025-01-17,0.6193,987.0,77.88,,,80.79,,,109.347,1.0273,4.5,1.2169,2748.7,1.661,436.85,3.90994,3.9,,,,142.42,7108.81,2900.61,19584.06,4479.19,2705.57,3288.19,1070.12,3777.85,,21441.15,3.948,38451.46,3241.821,3812.34,31.141,5996.66,7.3415,7.3252,7.7857,156.3,4.627,4.2826,4.8567,,22.47,15.97
2025-01-20,0.6275,957.0,,,,80.15,,,109.347,1.0416,4.5,1.2328,,1.678,,3.9128,3.9,,,,141.11,7235.71,2947.33,19925.81,4595.2,2705.57,3288.19,1080.5,3788.38,,,,38902.5,3244.378,3829.68,,,7.2629,7.2731,7.7804,155.62,4.627,4.2826,4.8567,,24.26,15.81
2025-01-21,0.6274,928.0,75.89,,,79.29,,,108.062,1.0428,4.5,1.235,2759.2,1.668,434.1,3.9,3.9,,,,140.35,7320.88,2971.85,20106.55,4693.72,2712.41,3302.35,1081.11,3817.28,,21566.51,3.756,39027.98,3242.623,3832.62,31.496,6049.24,7.2674,7.2656,7.7851,155.52,4.5764,4.2741,4.8091,,24.5,15.06
2025-01-22,0.6274,893.0,75.44,,,79.0,,,108.167,1.0409,4.5,1.2316,2770.9,1.663,430.1,3.88244,3.88315,,,,140.57,7177.14,2928.52,19778.77,4581.09,2713.36,3296.91,1082.34,3838.19,,21853.0,3.96,39646.25,3213.624,3797.02,31.42,6086.37,7.2814,7.2762,7.7885,156.53,4.6109,4.2975,4.8246,,21.86,15.1
2025-01-23,0.6285,824.0,74.62,,,78.29,,,108.047,1.0415,4.5,1.2353,2765.0,1.664,432.85,3.78387,3.86637,,,,141.12,7164.22,2918.76,19700.56,4515.48,2712.39,3290.16,1081.34,3856.17,,21900.93,3.945,39958.87,3230.164,3803.74,30.842,6118.71,7.2877,7.2862,7.7893,156.05,4.6436,4.289,4.8671,,21.55,15.02
2025-01-24,0.6314,778.0,74.66,,,78.5,,,107.443,1.0497,4.5,1.2484,2778.9,1.664,432.1,3.80571,3.83399,,,,140.09,7312.16,2969.1,20066.19,4657.61,2714.38,3296.42,1090.02,3856.78,,21774.01,4.027,39931.98,3252.626,3832.86,31.185,6101.24,7.2443,7.2411,7.7869,156.0,4.6214,4.2655,4.8453,,22.39,14.85
2025-01-27,0.6293,761.0,73.17,,,77.08,,,107.341,1.0492,4.5,1.2499,2738.4,1.63,423.15,3.84333,3.83149,,,,139.46,7382.81,2992.03,20197.77,4687.34,2716.1,3314.22,1087.54,3813.33,,21127.28,3.697,39565.8,3250.601,3817.08,30.414,6012.28,7.2522,7.2446,7.7882,154.51,4.5343,4.195,4.7703,,24.24,17.9
2025-01-28,0.6253,746.0,73.77,,,77.49,,,107.866,1.043,4.5,1.2443,2767.5,,424.65,3.82917,3.81351,,,,141.31,7382.13,2996.18,20225.11,4723.63,2717.13,3313.6,1089.13,3836.25,,21463.04,3.471,39016.87,,,30.882,6067.7,7.2752,,7.7901,155.54,4.5323,4.1949,4.7754,,24.59,16.41
2025-01-29,0.6231,726.0,72.62,,,76.58,,,108.0,1.0421,4.5,1.2452,2769.8,,428.3,,,,,,,,,,,2717.34,3309.61,1092.31,3828.45,,21411.46,3.535,39414.78,,,31.393,6039.31,7.266,,7.7921,155.22,4.5284,4.2135,4.7693,,,16.56
2025-01-30,0.6209,715.0,72.73,,,76.87,,,107.797,1.0391,4.5,1.2419,2823.0,,430.75,,,,,,,,,,,2719.94,3314.3,1095.75,3853.49,,21508.12,3.047,39513.97,,,32.493,6071.17,7.2934,,7.7916,154.29,4.5163,4.2073,4.7601,,,15.84
2025-01-31,0.6218,735.0,72.53,0.5,,76.76,3.0,49.1,108.37,1.0362,4.5,1.2395,2812.5,,427.9,,,2.0,,3.1,,,,,,2719.8,3307.68,1093.37,3836.58,50.5,21478.05,3.044,39572.49,,,32.265,6040.53,7.322,,7.7924,155.19,4.5387,4.1971,4.7867,4.0,,16.43
2025-02-03,0.6227,738.0,73.16,,,75.96,,,108.99,1.0344,4.5,1.245,2833.9,,430.55,3.73589,3.76839,,,,142.39,7384.11,2998.82,20217.26,4737.46,2714.68,3310.47,1073.72,3796.53,,21297.58,3.352,38520.09,,,32.526,5994.57,7.3114,,7.7927,154.73,4.555,4.2489,4.7908,,25.94,18.62
2025-02-04,0.6254,753.0,72.7,,,76.2,,,107.96,1.0379,4.5,1.248,2853.3,,435.35,3.7,3.79857,,,,139.06,7643.63,3077.61,20789.96,4977.38,2717.69,3317.67,1092.93,3826.36,,21566.92,3.253,38798.37,,,33.022,6037.88,7.2869,,7.7872,154.34,4.5105,4.2137,4.7459,,27.52,17.21
2025-02-05,0.6285,771.0,71.03,,,74.61,,,107.579,1.0403,4.5,1.2505,2871.6,1.621,444.4,3.68387,3.79857,,,,138.33,7566.27,3051.0,20597.09,4930.2,2724.07,3335.31,1095.79,3848.65,,21658.16,3.36,38831.48,3229.488,3795.08,32.976,6061.48,7.2825,7.2721,7.7864,152.61,4.4181,4.1868,4.6358,,26.03,15.77
2025-02-06,0.6283,793.0,70.61,,,74.29,,,107.689,1.0383,4.5,1.2435,2856.0,1.604,446.1,3.77613,3.81351,,,,136.87,7690.35,3094.49,20891.62,5059.38,2724.58,3331.69,1102.25,3864.03,,21774.07,3.408,39066.53,3270.659,3842.83,32.626,6083.57,7.2884,7.2852,7.7866,151.41,4.4342,4.2118,4.6368,,25.18,15.5
2025-02-07,0.6274,815.0,71.0,,,74.66,,,108.04,1.0328,4.5,1.2402,2867.3,1.606,458.9,3.79458,3.83024,,,,137.24,7784.07,3129.13,21133.54,5150.35,2719.67,3319.87,1108.48,3832.82,,21491.31,3.309,38787.02,3303.667,3892.7,32.443,6025.99,7.3033,7.2947,7.7907,151.41,4.4947,4.2892,4.6926,,25.58,16.54
2025-02-10,0.6277,809.0,72.32,,,75.87,,,108.319,1.0307,4.5,1.2368,2914.3,1.632,470.7,3.77458,3.81244,,,,136.03,7946.81,3179.89,21521.98,5286.66,2722.31,3319.63,1108.46,3854.09,,21756.73,3.444,38801.17,3322.17,3901.06,32.491,6066.44,7.3109,7.305,7.7887,152.0,4.4968,4.2747,4.7066,,26.93,15.81
2025-02-11,0.6295,801.0,73.32,,,77.0,,,107.963,1.0361,4.5,1.2446,2912.5,1.625,460.1,3.7469,3.80994,,,,137.48,7842.72,3143.45,21294.86,5142.31,2720.73,3313.78,1104.63,3854.96,,21693.52,3.519,,3318.057,3883.14,32.322,6068.5,7.31,7.3069,7.7919,152.49,4.5352,4.2833,4.747,,25.48,16.02
2025-02-12,0.628,776.0,71.37,,,75.18,,,107.938,1.0383,4.5,1.2446,2909.0,1.631,470.45,3.62101,3.78387,,,,135.25,8058.08,3225.48,21857.92,5281.18,2715.49,3297.87,1111.01,3848.18,,21719.26,3.565,38963.7,3346.385,3919.86,32.785,6051.97,7.3104,7.3069,7.79,154.42,4.6208,4.3548,4.8321,,26.86,15.89
2025-02-13,0.6317,780.0,71.29,,,75.02,,,107.313,1.0465,4.5,1.2566,2925.9,1.633,477.8,3.64452,3.77631,,,,137.41,8002.63,3212.77,21814.37,5235.28,2720.96,3320.51,1113.25,3894.24,,22030.71,3.628,39461.47,3332.483,3905.14,32.726,6115.07,7.2699,7.2879,7.7883,152.8,4.5288,4.3067,4.7369,,27.49,15.1
2025-02-14,0.6352,792.0,70.74,,,74.74,,,106.71,1.0492,4.5,1.2586,2883.6,1.65,466.45,3.67298,3.79101,,,,135.26,8331.4,3334.51,22620.33,5526.22,2726.8,3331.44,1125.23,3898.87,,22114.69,3.725,39149.43,3346.724,3939.01,32.855,6114.63,7.2578,7.2572,7.7842,152.31,4.4762,4.2589,4.6963,,29.54,14.77
2025-02-17,0.6356,806.0,,,,75.22,,,106.575,1.0484,4.5,1.2625,,1.693,,3.87726,3.90929,,,,135.47,8323.67,3343.36,22616.23,5499.26,2726.8,3331.44,1130.61,3902.14,,,,39174.25,3355.83,3947.4,,,7.2663,7.2643,7.7805,151.51,4.4762,4.2589,4.6963,,29.41,15.37
2025-02-18,0.6353,841.0,71.85,,,75.84,,,107.054,1.0446,4.5,1.2613,2931.6,1.716,459.1,3.94964,3.95762,,,,134.2,8475.4,3391.53,22976.81,5639.05,2727.76,3319.7,1138.92,3910.71,,22164.61,4.007,39270.4,3324.49,3912.78,33.373,6129.58,7.2759,7.2754,7.7749,152.06,4.5503,4.3056,4.7657,,29.05,15.35
2025-02-19,0.6344,904.0,72.25,,,76.04,,,107.173,1.0423,4.5,1.2586,2919.4,1.688,456.25,4.06625,4.02583,,,,134.45,8463.1,3386.92,22944.24,5672.24,2726.5,3323.16,1136.87,3906.82,,22175.6,4.28,39164.61,3351.539,3940.16,33.043,6144.15,7.2842,7.2788,7.7773,151.47,4.5327,4.2676,4.7657,,27.16,15.27
2025-02-20,0.64,941.0,72.57,,,76.48,,,106.372,1.0501,4.5,1.2669,2940.0,1.719,461.2,4.05833,4.0,,,,135.14,8322.56,3336.24,22576.98,5500.02,2728.72,3327.34,1132.45,3893.65,,22068.06,4.152,38678.04,3350.783,3928.9,33.486,6117.52,7.2352,7.2429,7.7765,149.64,4.5053,4.2699,4.7468,,26.74,15.66
2025-02-21,0.6357,981.0,70.4,,,74.43,,,106.612,1.0458,4.5,1.2632,2937.6,1.759,456.0,4.05946,4.06196,,,,133.72,8666.72,3469.94,23477.92,5859.3,2727.23,3340.13,1147.3,3843.08,,21614.08,4.234,38776.94,3379.113,3978.44,33.012,6013.13,7.255,7.2523,7.7703,149.27,4.4313,4.198,4.6785,,28.44,18.21
2025-02-24,0.635,1002.0,70.7,,,74.78,,,106.596,1.0468,4.5,1.2625,2947.9,1.8,451.5,4.06018,4.05946,,,,133.19,8618.88,3445.71,23341.61,5789.52,2729.31,3347.78,1135.74,3828.18,,21352.08,3.994,,3373.028,3969.72,32.603,5983.25,7.2532,7.2463,7.7748,149.72,4.4003,4.1747,4.655,,29.02,18.98
2025-02-25,0.6344,1039.0,68.93,,,73.02,,,106.308,1.0514,4.5,1.2666,2904.5,1.78,448.15,3.93827,4.0125,,,,133.59,8499.19,3397.25,23034.02,5698.82,2732.95,3367.22,1122.38,3814.35,,21087.25,4.174,38237.79,3346.04,3925.65,31.826,5955.25,7.2549,7.251,7.7739,149.03,4.2945,4.0942,4.5548,,28.1,19.43
2025-02-26,0.6305,1112.0,68.62,,,72.53,,,106.416,1.0485,4.5,1.2676,2916.8,1.768,454.0,3.99714,4.0419,,,,131.54,8792.89,3504.24,23787.93,5953.79,2737.49,3373.65,1135.41,3821.04,,21132.92,3.906,38142.37,3380.214,3959.94,32.272,5956.06,7.2653,7.2578,7.7741,149.1,4.2562,4.0716,4.5093,,29.1,19.1
2025-02-27,0.6236,1159.0,70.35,,,74.04,,,107.244,1.0398,4.5,1.2601,2895.9,1.798,458.0,3.98155,4.0128,,,,131.87,8734.58,3497.02,23718.29,5881.01,2737.24,3364.97,1124.03,3767.35,,20550.95,3.934,38256.17,3388.062,3968.12,31.801,5861.57,7.301,7.2865,7.7775,149.81,4.2599,4.0511,4.531,,29.05,21.13
2025-02-28,0.6209,1229.0,69.76,-0.7,,73.18,2.8,50.2,107.614,1.0375,4.5,1.2577,2848.5,1.778,451.45,3.96018,4.01351,1.4,,3.2,133.62,8417.43,3380.51,22941.32,5568.14,2738.06,3375.11,1097.25,3805.33,50.0,20884.41,3.834,37155.5,3320.897,3890.05,31.219,5954.5,7.2934,7.2784,7.7787,150.63,4.2082,3.9889,4.4894,4.2,30.35,19.63
2025-03-03,0.6225,1276.0,68.37,,,71.62,,,106.747,1.0487,4.5,1.2701,2901.1,1.763,457.65,3.87226,3.97441,,,,133.4,8419.69,3394.75,23006.27,5535.86,2737.47,3384.07,1097.37,3770.34,,20425.58,4.122,37785.47,3316.925,3888.47,32.032,5849.72,7.3029,7.2876,7.7769,149.5,4.1551,3.9496,4.4493,,28.59,22.78
2025-03-04,0.6272,1262.0,68.26,,,71.04,,,105.743,1.0626,4.5,1.2795,2920.6,1.761,452.75,3.87155,3.98601,,,,133.61,8367.47,3388.24,22941.77,5535.64,2733.51,3373.25,1093.0,3724.69,,20352.53,4.35,37331.18,3324.21,3885.22,32.108,5778.15,7.2533,7.2639,7.7714,149.79,4.2442,3.9905,4.5376,,27.88,23.51
2025-03-05,0.6335,1228.0,66.31,,,69.3,,,104.276,1.0789,4.5,1.2895,2926.0,1.757,476.65,3.85518,3.98387,,,,132.61,8630.4,3476.51,23594.21,5757.94,2736.01,3364.77,1115.55,3777.64,,20628.46,4.45,37418.24,3341.965,3902.57,32.858,5842.63,7.2366,7.2369,7.771,148.88,4.2785,4.0047,4.5719,,27.23,21.93
2025-03-06,0.6333,1286.0,66.36,,,69.46,,,104.062,1.0785,4.5,1.2882,2926.6,1.787,477.9,3.84149,3.96958,,,,131.46,8938.09,3589.65,24369.71,6068.77,2729.56,3358.69,1131.26,3730.93,,20052.63,4.302,37704.93,3381.098,3956.24,33.063,5738.52,7.2441,7.2418,7.772,147.98,4.2784,3.959,4.5786,,28.86,24.87
2025-03-07,0.6305,1400.0,67.04,,,70.36,,,103.838,1.0833,4.5,1.292,2914.1,1.845,468.3,3.79714,3.9206,,,,131.43,8914.03,3567.42,24231.3,6037.44,2730.31,3353.01,1128.55,3740.37,,20201.37,4.399,36887.17,3372.546,3944.01,32.548,5770.2,7.2452,7.2459,7.7706,148.04,4.3011,3.9997,4.5978,,28.72,23.37
2025-03-10,0.6278,1424.0,66.03,,,69.28,,,103.9,1.0834,4.5,1.2879,2899.4,1.872,463.95,3.8,3.91821,,,,131.55,8725.01,3507.2,23783.49,5885.49,2724.81,3365.8,1113.06,3651.48,,19430.95,4.491,37028.27,3366.163,3928.8,32.275,5614.56,7.2634,7.26,7.7685,147.27,4.2131,3.8833,4.5404,,27.61,27.86
2025-03-11,0.6298,1436.0,66.25,,,69.56,,,103.419,1.0919,4.5,1.2951,2920.9,1.945,474.0,3.9128,3.97643,,,,132.79,8755.37,3511.43,23782.14,5967.23,2718.49,3348.42,1109.16,3623.17,,19376.96,4.453,36793.11,3379.828,3941.42,32.888,5572.07,7.2268,7.2302,7.7704,147.78,4.2799,3.9431,4.5949,,27.66,26.92
2025-03-12,0.6321,1559.0,67.68,,,70.95,,,103.612,1.0888,4.5,1.2963,2946.8,1.851,482.1,3.83792,3.91536,,,,131.73,8682.13,3491.74,23600.31,5845.36,2718.25,3340.27,1111.13,3643.01,,19596.02,4.084,36819.09,3371.924,3927.23,33.484,5599.3,7.2415,7.2379,7.7693,148.25,4.3124,3.9866,4.6306,,27.16,24.23
2025-03-13,0.6285,1650.0,66.55,,,69.88,,,103.828,1.0852,4.5,1.2952,2991.3,1.859,489.85,3.8,3.90232,,,,132.03,8640.61,3468.94,23462.65,5747.77,2705.36,3346.54,1106.07,3599.67,,19225.48,4.111,36790.03,3358.729,3911.58,34.051,5521.52,7.248,7.2432,7.772,147.81,4.2682,3.9571,4.5891,,26.12,24.66
2025-03-14,0.6324,1669.0,67.18,,,70.58,,,103.718,1.0879,4.5,1.2935,3001.1,1.851,486.95,3.75143,3.84381,,,,131.2,8877.99,3540.82,23959.98,5880.78,2712.14,3343.99,1119.61,3665.71,,19704.63,4.104,37053.1,3419.562,4006.56,34.187,5638.94,7.2379,7.2374,7.7727,148.64,4.3121,4.017,4.6219,,26.47,21.77
2025-03-17,0.6384,1658.0,67.58,,,71.07,,,103.37,1.0922,4.5,1.2992,3006.1,1.9,493.35,3.75143,3.85613,,,,130.64,8928.45,3569.9,24145.57,5872.81,2716.62,3350.82,1131.44,3697.21,,19812.24,4.018,37396.52,3426.128,3996.79,34.074,5675.12,7.2271,7.2262,7.7696,149.21,4.2985,4.0441,4.5939,,26.77,20.51
2025-03-18,0.6361,1650.0,66.9,,,70.56,,,103.244,1.0945,4.5,1.3001,3040.8,1.894,499.3,3.78315,3.87488,,,,128.51,9177.8,3657.82,24740.57,6105.5,2715.76,3355.86,1145.17,3672.57,,19483.36,4.052,37845.42,3429.759,4007.72,34.579,5614.66,7.2277,7.2256,7.7695,149.27,4.2831,4.0398,4.5852,,26.95,21.7
2025-03-19,0.6357,1637.0,67.16,,,70.78,,,103.428,1.0903,4.5,1.3003,3041.2,1.88,507.6,3.8,3.9,,,,128.68,9163.67,3656.72,24771.14,6041.19,2722.72,3369.19,1143.29,3701.86,,19736.66,4.247,37751.88,3426.429,4010.17,33.975,5675.29,7.2309,7.2294,7.7707,148.69,4.2428,3.9723,4.5507,,25.48,19.9
2025-03-20,0.6303,1635.0,68.26,,,72.0,,,103.851,1.0851,4.5,1.2967,3043.8,1.844,508.5,3.8128,3.9256,,,,129.66,8950.18,3578.71,24219.95,5836.28,2725.84,3371.57,1140.69,3693.55,,19677.61,3.975,,3408.948,3974.99,33.786,5662.89,7.2522,7.2493,7.7728,148.78,4.2369,3.9636,4.5555,,24.65,19.8
2025-03-21,0.6273,1643.0,68.28,,,72.16,,,104.088,1.0818,4.5,1.2919,3021.4,1.853,508.75,3.82988,3.9275,,,,130.55,8742.44,3499.77,23689.72,5639.56,2723.89,3365.03,1131.38,3689.85,,19753.97,3.98,37677.06,3364.831,3914.7,33.29,5667.56,7.2571,7.2518,7.7727,149.32,4.2462,3.9481,4.589,,24.11,19.28
2025-03-24,0.6286,1652.0,69.11,,,73.0,,,104.262,1.0801,4.5,1.2923,3015.6,1.833,506.4,3.8122,3.91458,,,,129.64,8850.69,3527.25,23905.56,5736.83,2730.29,3351.83,1136.01,3735.73,,20180.45,3.914,37608.49,3370.028,3934.85,33.265,5767.57,7.2639,7.2607,7.7742,150.7,4.3346,4.0346,4.6627,,24.28,17.48
2025-03-25,0.6303,1642.0,69.0,,,73.02,,,104.184,1.0791,4.5,1.2944,3025.9,1.822,518.3,3.8,3.91066,,,,131.72,8616.05,3445.77,23344.25,5517.52,2730.54,3356.33,1129.41,3746.87,,20287.83,3.84,37780.54,3369.976,3932.3,34.002,5776.65,7.2659,7.2584,7.7748,149.91,4.3133,4.0132,4.6588,,23.86,17.15
2025-03-26,0.6299,1634.0,69.65,,,73.79,,,104.547,1.0754,4.5,1.2888,3022.5,1.804,521.6,3.8,3.91137,,,,131.69,8654.26,3469.93,23483.32,5573.04,2723.53,3346.19,1131.54,3709.19,,19916.99,3.861,38027.29,3368.697,3919.36,34.033,5712.2,7.2796,7.2683,7.7762,150.57,4.3519,4.0166,4.702,,24.22,18.33
2025-03-27,0.6305,1621.0,69.92,,,74.03,,,104.335,1.0801,4.5,1.2949,3061.0,1.809,509.75,3.77441,3.88458,,,,132.24,8677.68,3487.22,23578.8,5589.12,2718.82,3341.97,1130.54,3696.16,,19798.62,3.95,37799.97,3373.749,3932.41,34.897,5693.31,7.268,7.2622,7.7756,151.05,4.3595,3.9899,4.7208,,24.48,18.69
2025-03-28,0.6287,1602.0,69.36,,,73.63,,,104.044,1.0828,4.5,1.294,3086.5,1.815,513.0,3.73661,3.88315,,,,132.71,8606.51,3470.78,23426.6,5506.47,2712.0,3358.13,1120.72,3634.71,,19281.4,4.065,37120.33,3351.307,3915.17,34.814,5580.94,7.2704,7.2622,7.7787,149.84,4.2494,3.9119,4.6286,,23.92,21.65
2025-03-31,0.6247,1598.0,71.48,-0.1,5.4,74.74,2.4,50.5,104.21,1.0816,4.5,1.2918,3122.8,1.818,503.4,3.7275,3.88244,1.4,3.2,3.3,133.78,8516.55,3421.73,23119.58,5394.72,2710.07,3365.38,1101.4,3628.64,48.9,19278.45,4.119,35617.56,3335.746,3887.31,34.611,5611.85,7.2659,7.2569,7.7805,149.96,4.2053,3.8832,4.5707,4.2,24.93,22.28
2025-04-01,0.6278,1587.0,71.2,,,74.49,,,104.26,1.0793,4.5,1.2923,3118.9,1.813,503.5,3.6256,3.83131,,,,132.6,8537.34,3447.13,23206.84,5407.38,2713.99,3373.74,1110.66,3649.56,,19436.42,3.951,35624.48,3348.435,3887.68,34.309,5633.07,7.2808,7.2702,7.7809,149.61,4.1689,3.8811,4.524,,24.14,21.77
2025-04-02,0.6299,1583.0,71.71,,,74.95,,,103.807,1.0853,4.5,1.3007,3139.9,1.789,504.05,3.4872,3.8,,,,132.21,8531.51,3450.07,23202.53,5426.44,2718.77,3375.34,1111.68,3668.53,,19581.78,4.055,35725.87,3350.127,3884.39,34.65,5670.97,7.2964,7.2677,7.7825,149.28,4.1307,3.8584,4.5004,,24.18,21.51
2025-04-03,0.6329,1540.0,66.95,,,70.14,,,102.072,1.1052,4.5,1.31,3097.0,1.72,482.85,3.43667,3.78387,,,,133.54,8420.14,3394.73,22849.81,5313.26,2693.22,3382.43,1102.78,3532.64,,18521.47,4.138,34735.93,3342.008,3861.5,31.97,5396.52,7.2804,7.2818,7.7783,146.06,4.0286,3.6817,4.4703,,24.78,30.02
2025-04-04,0.604,1489.0,61.99,,,65.58,,,103.023,1.0956,4.5,1.2887,3012.0,,440.2,,,,,,,,,,,2663.68,3376.58,1087.59,3326.28,,17397.7,3.837,33780.58,,,29.23,5074.08,7.2951,,7.7746,146.93,3.9943,3.652,4.409,,,45.31
2025-04-07,0.5984,1401.0,60.7,,,64.21,,,103.256,1.0912,4.5,1.2724,2951.3,1.64,418.6,3.45554,3.78673,,,,142.46,7262.72,2931.73,19828.3,4401.51,2638.12,3326.7,1001.49,3267.0,,17430.68,3.655,31136.58,3096.576,3589.44,29.604,5062.25,7.345,7.321,7.7678,147.84,4.1835,3.7629,4.6188,,47.0,46.98
2025-04-08,0.596,1342.0,59.58,,,62.82,,,102.955,1.0958,4.5,1.2765,2968.4,1.666,414.4,3.51179,3.8,,,,141.99,7430.62,2983.26,20127.68,4568.38,2635.37,3301.81,1002.6,3254.24,,17090.4,3.465,33012.58,3145.549,3650.76,29.686,4982.77,7.4257,7.3389,7.771,146.27,4.2929,3.7256,4.7647,,39.13,52.33
2025-04-09,0.6153,1259.0,62.35,,,65.48,,,102.9,1.0949,4.5,1.282,3056.5,1.652,419.25,3.5,3.8,,,,140.19,7535.68,3008.2,20264.49,4689.19,2643.81,3305.63,993.45,3464.76,,19145.06,3.816,31714.03,3186.81,3686.79,30.415,5456.9,7.346,7.3463,7.7611,147.76,4.3315,3.9077,4.7367,,39.77,33.62
2025-04-10,0.6224,1269.0,60.07,,,63.33,,,100.867,1.1201,4.5,1.297,3155.2,1.652,433.65,3.51137,3.8,,,,139.39,7668.38,3069.3,20681.78,4813.74,2641.79,3286.38,1028.86,3421.91,,18343.57,3.557,34609.0,3223.638,3735.12,30.759,5268.05,7.3094,7.3175,7.7587,144.45,4.4249,3.862,4.8692,,37.43,40.72
2025-04-11,0.6289,1274.0,61.5,,,64.76,,,100.102,1.1355,4.5,1.3087,3222.2,1.658,452.3,3.52917,3.8,,,,136.67,7801.51,3100.71,20914.69,4900.43,2644.96,3281.5,1045.2,3471.27,,18690.05,3.527,33585.58,3238.227,3750.52,31.91,5363.36,7.2875,7.2921,7.7546,143.54,4.4895,3.9599,4.8703,,39.3,37.56
2025-04-14,0.6328,1282.0,61.53,,,64.88,,,99.64,1.1351,4.5,1.319,3204.8,1.664,462.55,3.65119,3.88435,,,,135.57,7965.81,3179.65,21417.4,5015.12,2662.98,3304.72,1060.22,3514.16,,18796.02,3.325,33982.36,3262.808,3759.14,32.167,5405.97,7.3116,7.3095,7.756,143.06,4.3739,3.845,4.8091,,34.63,30.89
2025-04-15,0.6345,1263.0,61.33,,,64.67,,,100.215,1.1282,4.5,1.3231,3218.7,1.659,462.6,3.6128,3.85768,,,,135.81,7982.88,3185.53,21466.27,4981.6,2669.15,3314.41,1070.26,3522.8,,18830.23,3.329,34267.54,3267.662,3761.23,32.297,5396.63,7.3286,7.3158,7.7577,143.21,4.333,3.8449,4.7778,,30.47,30.12
2025-04-16,0.6371,1241.0,62.47,,,65.85,,,99.38,1.1399,4.5,1.3244,3326.6,1.646,468.55,3.58381,3.85536,,,,138.15,7779.01,3123.07,21056.98,4796.28,2669.72,3326.61,1059.1,3468.47,,18257.64,3.247,33920.4,3276.004,3772.82,32.98,5275.7,7.2989,7.2997,7.762,141.88,4.2768,3.7695,4.7387,,31.59,32.64
2025-04-17,0.639,1261.0,64.68,,,67.96,,,99.376,1.1365,4.5,1.3266,3308.7,1.654,473.9,3.58212,3.85596,,,,137.55,7897.44,3169.27,21395.14,4887.37,2678.35,3321.67,1067.07,3474.06,,18258.09,3.245,34377.6,3280.341,3772.22,32.47,5282.7,7.3012,7.2992,7.7639,142.43,4.3249,3.7982,4.798,,30.79,29.65
2025-04-18,0.6377,,,,,,,,99.23,1.1393,4.5,1.3296,,1.65,,,,,,,137.94,,,,,2678.35,3321.67,1068.59,3476.06,,,,34730.28,3276.73,3772.52,,,7.3061,7.2997,7.761,142.18,4.3249,3.7982,4.798,,,
2025-04-21,0.6415,,63.08,,,66.26,,,98.278,1.1515,4.5,1.3379,3406.2,1.664,472.85,,,,,,138.02,,,,,2668.87,3298.76,1071.95,3424.33,,17808.3,3.016,34279.92,3291.434,3784.88,32.521,5158.2,7.2934,7.2918,7.7594,140.86,4.4106,3.7623,4.9023,,,33.82
2025-04-22,0.6367,1261.0,64.31,,,67.44,,,98.918,1.1421,4.5,1.3332,3400.8,1.653,487.8,3.60101,3.85036,,,,136.41,7950.79,3204.17,21562.32,4899.21,2679.29,3306.88,1073.79,3487.99,,18276.41,3.007,34220.6,3299.757,3783.95,32.905,5287.76,7.3122,7.3074,7.7581,141.57,4.4008,3.819,4.8775,,29.75,30.57
2025-04-23,0.636,1300.0,62.27,,,66.12,,,99.844,1.1316,4.5,1.3254,3276.3,1.662,484.35,3.7,3.88577,,,,135.61,8116.28,3279.04,22072.62,5049.4,2697.44,3319.82,1096.05,3537.97,,18693.26,3.022,34868.63,3296.355,3786.88,33.547,5375.86,7.285,7.2871,7.7601,143.45,4.3812,3.8709,4.8223,,28.62,28.45
2025-04-24,0.6408,1353.0,62.79,,,66.55,,,99.377,1.139,4.5,1.3342,3332.0,1.662,485.6,3.76208,3.91536,,,,136.19,8056.85,3261.24,21909.76,4975.89,2705.13,3341.22,1092.98,3596.16,,19214.4,2.93,35039.15,3297.288,3784.36,33.503,5484.77,7.29,7.2889,7.7587,142.63,4.3149,3.7971,4.7758,,28.65,26.47
2025-04-25,0.6395,1373.0,63.02,,,66.87,,,99.471,1.1365,4.5,1.3315,3282.4,1.661,484.0,3.82994,3.9406,,,,135.8,8080.54,3269.08,21980.74,4982.96,2712.91,3355.7,1097.1,3618.48,,19432.56,2.937,35705.74,3295.06,3786.99,33.01,5525.21,7.2885,7.2867,7.7572,143.67,4.2353,3.748,4.701,,28.07,24.84
2025-04-28,0.6431,1403.0,62.05,,,65.86,,,99.01,1.142,4.5,1.3441,3332.5,1.647,484.05,4.0131,4.04363,,,,135.36,8080.19,3269.37,21971.96,4988.94,2714.65,3365.44,1102.57,3628.48,,19427.29,3.17,35839.99,3288.415,3781.62,33.005,5528.75,7.2846,7.2874,7.7565,142.01,4.2082,3.6928,4.6823,,27.84,25.15
2025-04-29,0.6384,1398.0,60.42,,,64.25,,,99.237,1.1387,4.5,1.3409,3333.6,1.632,482.3,4.06851,4.06601,,,,136.09,8067.94,3275.77,22008.11,5019.73,2716.43,3372.15,1105.99,3647.21,,19544.95,3.386,,3286.655,3775.08,33.275,5560.83,7.2679,7.2714,7.759,142.33,4.1716,3.6499,4.649,,26.48,24.17
2025-04-30,0.6402,1386.0,58.21,-0.1,,63.12,2.3,49.0,99.468,1.1328,4.5,1.3329,3319.1,1.628,456.0,3.95333,3.9872,2.0,,3.4,135.72,8076.26,3295.05,22119.41,5087.42,2709.52,3364.28,1112.84,3655.52,48.8,19571.02,3.326,36045.38,3279.031,3770.57,32.531,5569.06,7.2698,7.2714,7.7557,143.07,4.1619,3.6027,4.6774,4.2,26.53,24.7
2025-05-01,0.6383,1411.0,59.24,,,62.13,,,100.248,1.129,4.5,1.3278,3222.2,,458.1,,,,,,,,,,,2714.95,3351.97,1111.97,3663.74,,19786.71,3.479,36452.3,,,32.189,5604.14,7.2789,,7.7567,145.39,4.2176,3.6987,4.7228,,,24.6
2025-05-02,0.6434,1421.0,58.29,,,61.29,,,100.03,1.1297,4.5,1.3272,3243.3,,462.75,3.98363,4.01399,,,,134.03,8231.04,3348.42,22504.68,5244.06,2720.1,3341.26,1133.27,3724.62,,20102.61,3.63,36830.69,,,31.989,5686.67,7.213,,7.75,144.96,4.3083,3.8239,4.7889,,27.4,22.68
2025-05-05,0.6469,,57.13,,,60.23,,,99.831,1.1315,4.5,1.3296,3322.3,,465.5,,,,,,,,,,,2720.5,3336.31,1139.59,3707.38,,19967.94,3.55,,,,32.205,5650.38,7.2011,,7.7501,143.7,4.3433,3.8323,4.8346,,,23.64
2025-05-06,0.6495,1406.0,59.09,,,62.15,,,99.238,1.137,4.5,1.3369,3422.8,1.627,473.5,3.65506,3.74119,,,,135.25,8261.61,3369.85,22662.71,5239.5,2719.02,3342.53,1137.42,3687.16,,19791.35,3.463,,3316.114,3808.54,33.113,5606.91,7.2098,7.219,7.753,142.45,4.2946,3.7827,4.797,,27.15,24.76
2025-05-07,0.6424,1374.0,58.07,,,61.12,,,99.614,1.1301,4.5,1.3292,3391.9,1.64,461.65,3.08,3.38292,,,,135.88,8242.25,3362.74,22691.88,5200.04,2721.1,3349.19,1137.41,3697.54,,19867.97,3.621,36779.66,3342.665,3831.63,32.531,5631.28,7.2283,7.2275,7.7614,143.83,4.2694,3.7765,4.7688,,27.49,23.55
2025-05-08,0.64,1316.0,59.91,,,62.84,,,100.64,1.1228,4.5,1.3246,3306.0,1.629,456.1,2.09452,2.77036,,,,135.75,8300.25,3372.17,22775.92,5228.91,2723.54,3335.94,1133.58,3707.89,,20063.57,3.592,36928.63,3351.996,3852.9,32.378,5663.94,7.2429,7.2428,7.7736,145.91,4.3785,3.8739,4.8428,,27.02,22.48
2025-05-09,0.6414,1299.0,61.02,,,63.91,,,100.339,1.125,4.5,1.3306,3344.0,1.635,461.1,1.93655,2.78238,,,,135.44,8308.83,3386.65,22867.74,5180.25,2724.22,3337.91,1138.4,3711.68,,20061.45,3.795,37503.33,3341.999,3846.16,32.676,5659.91,7.2403,7.2382,7.7784,145.37,4.3785,3.891,4.8343,,27.04,21.9
2025-05-12,0.6372,1304.0,61.95,,,64.96,,,101.788,1.1087,4.5,1.3176,3228.0,1.681,457.85,1.92321,2.65066,,,,133.06,8559.23,3484.25,23549.46,5447.35,2744.76,3331.99,1161.85,3793.7,,20868.15,3.646,37644.26,3369.244,3890.61,32.388,5844.19,7.2006,7.2053,7.7912,148.46,4.4709,4.0103,4.905,,27.11,18.39
2025-05-13,0.6471,1280.0,63.67,,,66.63,,,101.003,1.1185,4.5,1.3306,3247.8,1.661,468.15,1.56595,2.27595,,,,134.9,8386.21,3430.0,23108.27,5269.66,2751.21,3333.91,1156.82,3823.07,,21197.7,3.647,38183.26,3374.871,3896.26,32.868,5886.55,7.1991,7.2046,7.7971,147.48,4.465,4.0001,4.906,,25.11,18.22
2025-05-14,0.6428,1267.0,63.15,,,66.09,,,101.039,1.1175,4.5,1.3263,3188.3,1.671,461.1,1.32976,2.05083,,,,133.91,8593.07,3502.85,23640.65,5381.78,2747.47,3323.98,1173.65,3830.71,,21319.21,3.492,38128.13,3403.948,3943.21,32.226,5892.58,7.2112,7.2084,7.8074,146.75,4.5363,4.0508,4.9696,,25.43,18.62
2025-05-15,0.6406,1305.0,61.62,,,64.53,,,100.879,1.1187,4.5,1.3305,3226.6,1.676,464.45,1.35083,2.11964,,,,134.57,8509.67,3476.6,23453.16,5297.84,2744.77,3339.9,1173.53,3842.19,,21335.82,3.362,37755.51,3380.821,3907.2,32.481,5916.93,7.2049,7.2074,7.8062,145.67,4.4315,3.9608,4.8867,,24.56,17.83
2025-05-16,0.6406,1388.0,62.49,,,65.41,,,101.092,1.1163,4.5,1.3283,3187.2,1.682,455.55,1.29798,2.19619,,,,134.11,8468.29,3456.43,23345.05,5281.34,2747.91,3344.16,1172.38,3863.29,,21427.94,3.334,37753.72,3367.462,3889.09,32.158,5958.38,7.2105,7.2136,7.8144,145.7,4.477,3.9995,4.9439,,23.66,17.24
2025-05-19,0.6457,1347.0,62.69,,,65.54,,,100.426,1.124,4.5,1.3361,3233.5,1.66,463.35,1.19048,2.145,,,,133.82,8460.55,3454.11,23332.72,5255.06,2747.3,3345.04,1166.64,3874.12,,21447.05,3.113,37498.63,3367.583,3877.15,32.313,5963.6,7.2147,7.2138,7.8214,144.86,4.4474,3.9765,4.903,,23.87,18.14
2025-05-20,0.6424,1340.0,62.56,,,65.38,,,100.118,1.1283,4.5,1.3393,3284.6,1.669,461.95,0.96036,1.98726,,,,133.0,8589.08,3500.35,23681.48,5315.56,2748.54,3341.4,1167.46,3870.03,,21367.37,3.427,37529.49,3380.478,3898.17,32.98,5940.46,7.2152,7.217,7.8267,144.51,4.4869,3.9704,4.9696,,24.02,18.09
2025-05-21,0.6436,1337.0,61.57,,,64.91,,,99.559,1.1331,4.5,1.342,3313.5,1.676,463.8,0.7578,1.80845,,,,132.43,8660.94,3525.03,23827.78,5342.41,2739.73,3316.6,1174.56,3829.82,,21080.36,3.368,37298.98,3387.573,3916.38,33.463,5844.61,7.2041,7.2015,7.8321,143.68,4.5985,4.0194,5.0923,,23.66,20.87
2025-05-22,0.6411,1341.0,61.2,,,64.44,,,99.96,1.1281,4.5,1.3419,3295.0,1.686,464.85,0.66613,1.70976,,,,133.18,8557.64,3488.82,23544.31,5251.75,2738.34,3325.29,1165.38,3818.9,,21112.47,3.253,36985.87,3380.188,3913.87,33.047,5842.01,7.2044,7.2056,7.8267,144.01,4.5287,3.99,5.0395,,23.71,20.28
2025-05-23,0.6488,1340.0,61.53,,,64.78,,,99.112,1.1362,4.5,1.3537,3365.8,1.697,480.65,0.58964,1.55286,,,,131.88,8583.86,3495.32,23601.26,5246.87,2734.86,3326.93,1170.98,3802.77,,20915.65,3.334,37160.47,3348.372,3882.27,33.442,5802.82,7.1726,7.181,7.8322,142.56,4.511,3.9912,5.0374,,23.07,22.29
2025-05-26,0.6486,,,,,64.74,,,98.934,1.1387,4.5,1.3564,,1.692,,0.56917,1.36952,,,,132.93,8437.64,3453.59,23282.33,5157.65,2734.86,3326.93,1170.13,3813.89,,,,37531.53,3346.839,3860.11,,,7.1768,7.1864,7.8363,142.85,,,,,24.27,20.57
2025-05-27,0.6443,1296.0,60.89,,,64.09,,,99.521,1.1328,4.5,1.3507,3300.4,1.701,471.0,0.60119,1.36714,,,,132.38,8469.97,3470.52,23381.99,5182.6,2749.11,3350.98,1164.1,3869.06,,21414.99,3.398,37724.11,3340.687,3839.4,33.146,5921.54,7.1896,7.1953,7.8384,144.33,4.4436,3.9808,4.9511,,23.4,18.96
2025-05-28,0.6426,1303.0,61.84,,,64.9,,,99.875,1.1292,4.5,1.3469,3294.9,1.709,464.4,0.59589,1.37774,,,,132.41,8443.87,3452.85,23258.31,5174.64,2750.13,3344.65,1163.84,3845.7,,21318.17,3.204,37722.4,3339.932,3836.24,33.0,5888.55,7.1925,7.1959,7.8387,144.84,4.4773,3.9901,4.9758,,22.74,19.31
2025-05-29,0.6442,1353.0,60.94,,,64.15,,,99.278,1.137,4.5,1.3492,3317.1,1.718,467.55,0.58857,1.32286,,,,131.65,8559.71,3500.64,23573.38,5301.92,2754.8,3357.79,1170.16,3862.34,,21363.95,3.522,38432.98,3363.446,3858.7,33.423,5912.17,7.1876,7.1859,7.8419,144.21,4.418,3.9386,4.9162,,22.89,19.18
2025-05-30,0.6431,1418.0,60.79,,,63.9,,,99.329,1.1347,4.5,1.3459,3288.9,1.706,467.75,0.58762,1.32286,,,,132.83,8432.02,3454.9,23289.77,5170.43,2755.03,3363.9,1157.34,3863.48,,21340.99,3.447,37965.1,3347.487,3840.23,33.029,5911.69,7.2051,7.1989,7.8413,144.02,4.4004,3.8975,4.9305,,23.05,18.57
2025-05-31,,,,-0.1,,,2.4,49.5,,,,,,,,,,1.9,,3.5,,,,,,,,,,48.6,,,,,,,,,,,,,,,4.3,,
2025-06-02,0.6495,1422.0,62.52,,,64.63,,,98.706,1.1441,4.5,1.3544,3370.6,,485.85,0.88893,1.70786,,,,134.34,8359.26,3434.65,23157.97,5134.11,2755.37,3355.13,1153.77,3881.41,,21491.75,3.694,37470.67,,,34.694,5935.94,7.2106,,7.8446,142.71,4.4399,3.9366,4.9655,,24.58,18.36
2025-06-03,0.6462,1430.0,63.41,,,65.63,,,99.227,1.1372,4.5,1.3517,3350.2,1.707,483.4,0.87423,1.76048,,,,132.5,8519.86,3484.31,23512.49,5189.49,2759.08,3358.57,1158.13,3894.53,,21662.58,3.722,37446.81,3361.976,3852.01,34.633,5970.37,7.1917,7.1883,7.8451,143.97,4.4537,3.9511,4.981,,24.76,17.69
2025-06-04,0.6492,1489.0,62.85,,,64.86,,,98.787,1.1417,4.5,1.3554,3373.5,1.704,488.65,0.76952,1.7528,,,,132.08,8576.75,3512.22,23654.03,5219.02,2763.42,3379.99,1172.45,3903.91,,21721.92,3.716,37747.45,3376.203,3868.74,34.648,5970.81,7.1713,7.178,7.8466,142.77,4.3552,3.8665,4.8775,,23.71,17.61
2025-06-05,0.6506,1626.0,63.37,,,65.34,,,98.741,1.1445,4.5,1.357,3350.7,1.703,493.3,0.7,1.77226,,,,131.54,8684.73,3543.11,23906.97,5319.96,2763.92,3372.82,1182.68,3889.67,,21547.43,3.677,37554.49,3384.098,3877.56,35.805,5939.3,7.1761,7.1777,7.8462,143.53,4.3906,3.9201,4.8775,,23.35,18.48
2025-06-06,0.649,1633.0,64.58,,,66.47,,,99.19,1.1397,4.5,1.3528,3322.7,1.693,484.8,0.63952,1.73881,,,,131.74,8629.75,3530.95,23792.54,5286.52,2763.98,3356.19,1182.93,3914.72,,21761.79,3.784,37741.61,3385.358,3873.98,36.139,6000.36,7.1886,7.1926,7.8469,144.85,4.5056,4.0365,4.9676,,22.5,16.77
2025-06-09,0.6516,1691.0,65.29,,,67.04,,,98.939,1.1422,4.5,1.3551,3332.1,1.692,492.5,0.55982,1.71964,,,,130.54,8780.13,3588.65,24181.43,5433.23,2764.2,3362.72,1193.78,3919.17,,21797.87,3.635,38088.57,3399.771,3885.25,36.796,6005.88,7.1826,7.1794,7.8478,144.57,4.4738,4.0034,4.9397,,23.2,17.16
2025-06-10,0.6522,1680.0,64.98,,,66.87,,,99.098,1.1425,4.5,1.35,3320.9,1.694,490.0,0.54524,1.69714,,,,129.37,8767.36,3593.18,24162.87,5392.19,2766.41,3368.55,1201.13,3934.94,,21941.92,3.533,38211.51,3384.816,3865.47,36.642,6038.81,7.1887,7.1878,7.8482,144.87,4.4698,4.0181,4.9274,,23.41,16.95
2025-06-11,0.6501,1738.0,68.15,,,69.77,,,98.631,1.1487,4.5,1.3547,3321.3,1.686,481.45,0.62119,1.72226,,,,127.85,8865.72,3622.06,24366.94,5451.2,2770.77,3378.48,1208.98,3929.36,,21860.8,3.507,38421.19,3402.316,3894.63,36.261,6022.24,7.1986,7.1903,7.8494,144.56,4.4203,3.9515,4.9172,,23.17,17.26
2025-06-12,0.6533,1904.0,68.04,,,69.36,,,97.921,1.1584,4.5,1.3613,3380.9,1.703,483.55,0.63185,1.72857,,,,128.06,8729.96,3584.92,24035.38,5331.33,2771.31,3392.93,1202.74,3944.58,,21913.32,3.492,38173.09,3402.658,3892.2,36.295,6045.26,7.1735,7.1727,7.8494,143.48,4.3592,3.9077,4.8412,,22.88,18.02
2025-06-13,0.6487,1968.0,72.98,,,74.23,,,98.184,1.1549,4.5,1.3571,3431.2,1.702,481.45,0.5981,1.7,,,,128.05,8655.33,3562.41,23892.56,5239.71,2768.11,3378.19,1190.03,3900.9,,21631.04,3.581,37834.25,3376.996,3864.18,36.355,5976.97,7.1892,7.1832,7.8495,144.07,4.3987,3.9475,4.8938,,23.33,20.82
2025-06-16,0.6524,1975.0,71.77,,,73.23,,,97.998,1.1561,4.5,1.3578,3396.4,1.699,483.6,0.53952,1.62393,,,,127.51,8729.99,3586.8,24060.99,5299.91,2772.31,3373.01,1198.18,3936.03,,21937.57,3.748,38311.33,3388.729,3873.8,36.448,6033.11,7.182,7.1802,7.8498,144.75,4.4462,3.9664,4.9552,,22.43,19.11
2025-06-17,0.6475,1952.0,74.84,,,76.45,,,98.82,1.148,4.5,1.3429,3386.6,1.694,480.9,0.52452,1.55566,,,,128.34,8694.67,3572.45,23980.3,5291.85,2770.67,3384.55,1196.96,3901.81,,21719.08,3.851,38536.74,3387.405,3870.38,37.151,5982.72,7.1917,7.1868,7.8497,145.29,4.3888,3.9518,4.8907,,22.09,21.6
2025-06-18,0.6509,1874.0,75.14,,,76.7,,,98.905,1.148,4.5,1.3422,3389.8,1.639,485.3,0.5403,1.54095,,,,129.54,8594.19,3538.47,23710.69,5214.41,2771.98,3385.5,1193.45,3899.46,,21719.69,3.989,38885.15,3388.809,3874.97,36.913,5980.87,7.1946,7.1895,7.8499,145.13,4.3909,3.9414,4.8887,,21.72,20.14
2025-06-19,0.6482,1751.0,,,,78.85,,,98.905,1.1495,4.5,1.3465,,1.642,,0.53506,1.52958,,,,131.54,8410.94,3463.7,23237.74,5088.32,2771.98,3385.5,1177.31,3887.09,,,,38488.34,3362.108,3843.09,,,7.186,7.1878,7.8499,145.45,4.3909,3.9414,4.8887,,22.54,22.17
2025-06-20,0.6452,1689.0,74.93,,,77.01,,,98.707,1.1523,4.5,1.3451,3368.1,1.639,483.35,0.52845,1.51464,,,,130.57,8527.07,3501.93,23530.48,5133.14,2776.14,3387.72,1189.85,3881.69,,21626.39,3.847,38403.23,3359.896,3846.64,36.017,5967.84,7.1791,7.1815,7.85,146.09,4.3751,3.9077,4.8897,,21.45,20.62
2025-06-23,0.646,1674.0,68.51,,,71.48,,,98.416,1.1578,4.5,1.3524,3377.7,1.642,484.95,0.68363,1.5175,,,,130.28,8597.36,3526.79,23689.13,5187.01,2780.96,3394.69,1182.25,3905.86,,21856.33,3.698,38354.09,3381.582,3857.9,36.187,6025.17,7.1751,7.1789,7.85,146.15,4.3475,3.8633,4.8755,,21.59,19.83
2025-06-24,0.6489,1681.0,64.37,,,67.14,,,97.858,1.1609,4.5,1.3615,3317.4,1.649,487.25,0.74714,1.55071,,,,129.06,8760.45,3597.78,24177.07,5297.96,2789.74,3408.86,1211.84,3957.83,,22190.52,3.537,38790.56,3420.566,3904.03,35.732,6092.18,7.1656,7.1716,7.85,144.94,4.2945,3.8251,4.8331,,21.16,17.48
2025-06-25,0.6513,1665.0,64.92,,,67.68,,,97.679,1.1659,4.5,1.3664,3327.1,1.655,491.75,0.90964,1.71179,,,,128.56,8859.29,3641.82,24474.67,5359.02,2791.88,3408.06,1220.72,3950.11,,22237.74,3.406,38942.07,3455.974,3960.07,36.111,6092.16,7.1731,7.1741,7.85,145.24,4.2906,3.7807,4.8311,,21.53,16.76
2025-06-26,0.6546,1553.0,65.24,,,67.73,,,97.147,1.1701,4.5,1.3728,3333.5,1.647,506.6,0.96554,1.76339,,,,129.18,8803.83,3619.67,24325.4,5345.16,2796.77,3416.28,1226.95,3984.5,,22447.29,3.261,39584.58,3448.453,3946.02,36.591,6141.02,7.164,7.1676,7.8497,144.42,4.2417,3.7193,4.8002,,21.09,16.59
2025-06-27,0.6529,1521.0,65.52,,,67.77,,,97.401,1.1718,4.5,1.3716,3287.6,1.648,506.85,0.83036,1.71179,,,,128.6,8762.47,3610.61,24284.15,5341.43,2798.56,3410.5,1228.53,4009.04,,22534.2,3.739,40150.79,3424.227,3921.76,36.037,6173.07,7.1726,7.1726,7.8498,144.65,4.2769,3.748,4.8351,,20.38,16.32
2025-06-30,0.6581,1489.0,65.11,0.1,5.2,67.61,2.7,49.7,96.875,1.1787,4.5,1.3732,3307.7,1.65,503.0,0.72744,1.67958,1.4,3.3,3.5,129.94,8678.3,3585.19,24072.28,5302.82,2805.7,3426.76,1222.78,4026.44,49.0,22679.01,3.456,40487.39,3444.426,3936.08,35.852,6204.95,7.1574,7.1638,7.8499,144.03,4.228,3.7192,4.7743,4.1,20.16,16.73
2025-07-01,0.6583,1458.0,65.45,,,67.11,,,96.819,1.1806,4.5,1.3746,3349.8,1.647,504.8,,,,,,130.94,,,,,2807.95,3428.74,1229.25,4021.57,,22478.14,3.415,39986.33,3457.747,3942.76,36.082,6198.01,7.1609,7.1658,7.85,143.42,4.2416,3.7725,4.7645,,,16.83
2025-07-02,0.6584,1443.0,67.45,,,69.11,,,96.776,1.1799,4.5,1.3636,3359.7,1.643,514.9,0.72958,1.70589,,,,129.51,8724.9,3605.46,24221.41,5269.11,2809.7,3426.18,1230.24,4036.25,,22641.89,3.488,39762.48,3454.792,3943.68,36.426,6227.42,7.1612,7.1631,7.8499,143.66,4.2769,3.7848,4.8011,,20.31,16.64
2025-07-03,0.6571,1434.0,67.0,,,68.8,,,97.18,1.1757,4.5,1.3655,3342.9,1.643,509.7,0.7125,1.7,,,,130.11,8648.44,3592.58,24069.94,5233.71,2811.52,3419.67,1236.97,4063.04,,22866.97,3.409,39785.9,3461.151,3968.07,36.784,6279.35,7.1703,7.1706,7.85,144.93,4.3457,3.8799,4.8613,,20.13,16.38
2025-07-04,0.6556,1436.0,,,,68.3,,,97.18,1.1778,4.5,1.365,,1.645,,0.85875,1.78435,,,,130.88,8609.27,3576.68,23916.06,5216.26,2811.52,3419.67,1231.63,4061.43,,,,39810.88,3472.319,3982.2,,,7.1633,7.1656,7.8493,144.47,4.3457,3.8799,4.8613,,20.16,17.48
2025-07-07,0.6491,1436.0,67.93,,,69.58,,,97.48,1.1709,4.5,1.3602,3342.8,1.644,498.45,1.05446,1.81488,,,,130.67,8608.54,3576.3,23887.83,5229.56,2809.21,3406.58,1226.19,4035.12,,22685.57,3.412,39587.68,3473.127,3965.17,36.615,6229.98,7.1795,7.1762,7.8493,146.05,4.3794,3.8946,4.9152,,20.19,17.79
2025-07-08,0.653,1431.0,68.33,,,70.15,,,97.516,1.1725,4.5,1.3592,3316.9,1.648,564.5,1.07488,1.81464,,,,130.01,8708.66,3612.97,24148.07,5325.95,2805.32,3401.48,1231.54,4030.01,,22702.25,3.34,39688.81,3497.475,3998.45,36.472,6225.52,7.1818,7.1785,7.8499,146.58,4.3992,3.8905,4.9244,,20.35,16.81
2025-07-09,0.6535,1423.0,68.38,,,70.19,,,97.555,1.172,4.5,1.3586,3321.0,1.648,544.35,1.10143,1.80393,,,,130.64,8597.27,3578.0,23892.32,5231.99,2808.22,3413.81,1227.87,4055.89,,22864.91,3.214,39821.28,3493.05,3991.4,36.351,6263.26,7.1828,7.1807,7.8497,146.33,4.332,3.8429,4.8684,,19.93,15.94
2025-07-10,0.6588,1465.0,66.57,,,68.64,,,97.652,1.1701,4.5,1.3579,3325.7,1.66,554.8,1.03304,1.8,,,,129.61,8668.26,3598.66,24028.37,5216.6,2809.3,3415.36,1231.26,4063.96,,22829.26,3.337,39646.36,3509.682,4010.02,37.038,6280.46,7.1789,7.1782,7.8499,146.26,4.3498,3.8721,4.8694,,20.22,15.78
2025-07-11,0.6578,1663.0,68.45,,,70.36,,,97.853,1.1689,4.5,1.3493,3364.0,1.668,556.2,1.08191,1.84857,,,,128.52,8687.56,3615.67,24139.57,5248.48,2805.23,3398.47,1229.13,4046.84,,22780.6,3.314,39569.68,3510.177,4014.81,38.676,6259.75,7.1717,7.1701,7.8498,147.43,4.4093,3.885,4.9491,,21.49,16.4
2025-07-14,0.6545,1783.0,66.98,,,69.21,,,98.081,1.1664,4.5,1.3427,3359.1,1.672,551.5,1.14857,1.90214,,,,127.73,8732.74,3634.65,24203.32,5283.5,2805.45,3398.23,1228.59,4051.5,,22855.63,3.466,39459.62,3519.65,4017.67,38.462,6268.56,7.1723,7.172,7.85,147.72,4.4333,3.8998,4.977,,21.4,17.2
2025-07-15,0.6514,1866.0,66.52,,,68.71,,,98.616,1.1601,4.5,1.3384,3336.7,1.659,554.6,1.13905,1.9128,,,,127.43,8877.1,3693.87,24590.12,5431.29,2803.56,3389.94,1240.45,4031.2,,22884.59,3.523,39678.02,3504.999,4019.06,37.834,6243.76,7.1845,7.1825,7.85,148.88,4.4813,3.9398,5.0198,,22.95,17.38
2025-07-16,0.6528,1906.0,66.38,,,68.52,,,98.392,1.1641,4.5,1.3422,3359.1,1.662,549.65,1.17482,2.00536,,,,127.45,8861.39,3683.58,24517.76,5418.4,2803.34,3396.71,1239.53,4035.77,,22907.97,3.551,39663.4,3503.777,4007.2,37.853,6263.7,7.1799,7.1785,7.8497,147.88,4.4553,3.8917,5.0104,,22.19,17.16
2025-07-17,0.6488,2030.0,67.54,,,69.52,,,98.734,1.1596,4.5,1.3416,3345.3,1.664,548.6,1.17726,2.03976,,,,127.65,8853.1,3690.01,24498.95,5448.85,2806.42,3398.39,1241.25,4060.51,,23081.05,3.542,39901.19,3516.825,4034.49,38.056,6297.36,7.1844,7.1817,7.8491,148.58,4.4513,3.9045,5.0072,,21.61,16.52
2025-07-18,0.6509,2052.0,67.34,,,69.28,,,98.482,1.1626,4.5,1.3416,3358.3,1.668,557.8,1.07321,1.93256,,,,126.28,8986.47,3735.52,24825.66,5538.83,2809.24,3403.88,1249.38,4065.68,,23065.47,3.565,39819.11,3534.483,4058.55,38.223,6296.79,7.1813,7.1746,7.8475,148.81,4.4155,3.8691,4.9875,,22.15,16.41
2025-07-21,0.6525,2016.0,67.2,,,69.21,,,97.853,1.1694,4.5,1.3493,3406.4,1.678,561.05,0.91036,1.8322,,,,125.44,9040.2,3760.02,24994.14,5585.5,2815.34,3416.01,1253.46,4072.14,,23180.06,3.325,,3559.791,4085.61,39.101,6305.6,7.171,7.1694,7.8498,147.38,4.3777,3.8608,4.944,,22.58,16.65
2025-07-22,0.6556,2035.0,66.21,,,68.59,,,97.392,1.1754,4.5,1.3533,3443.7,1.694,569.7,0.92958,1.79238,,,,124.83,9075.6,3780.13,25130.03,5606.83,2817.83,3421.75,1248.05,4074.99,,23063.58,3.252,39774.92,3581.861,4118.96,39.32,6309.62,7.1712,7.169,7.8498,146.63,4.344,3.8334,4.9173,,22.53,16.5
2025-07-23,0.6602,2120.0,65.25,,,68.51,,,97.214,1.1771,4.5,1.3582,3397.6,1.708,579.5,0.93817,1.78101,,,,124.23,9241.2,3836.38,25538.07,5745.74,2819.3,3416.4,1265.16,4115.24,,23162.41,3.077,41171.32,3582.298,4119.77,39.278,6358.91,7.1518,7.1543,7.8499,146.51,4.3798,3.88,4.9347,,23.28,15.37
2025-07-24,0.659,2258.0,66.03,,,69.18,,,97.377,1.1749,4.5,1.351,3373.5,1.742,577.7,0.89857,1.7628,,,,123.71,9257.62,3866.29,25667.18,5743.0,2819.43,3414.28,1267.29,4124.25,,23219.87,3.094,41826.34,3605.727,4149.04,39.021,6363.35,7.1532,7.1547,7.8499,147.01,4.3957,3.9162,4.9347,,22.93,15.39
2025-07-25,0.6566,2257.0,65.16,,,68.44,,,97.645,1.1742,4.5,1.3438,3335.6,1.739,576.35,0.91679,1.75,,,,123.52,9150.49,3827.12,25388.35,5677.9,2819.13,3422.91,1257.78,4127.47,,23272.25,3.11,41456.23,3593.655,4127.16,38.167,6388.64,7.1679,7.1695,7.8496,147.69,4.3878,3.9232,4.9296,,22.59,14.93
2025-07-28,0.6521,2226.0,66.71,,,70.04,,,98.634,1.1589,4.5,1.3356,3310.0,1.719,559.5,1.02321,1.70262,,,,123.44,9177.15,3850.98,25562.13,5664.02,2820.65,3417.49,1255.44,4119.12,,23356.27,2.988,40998.27,3597.937,4135.82,38.026,6389.77,7.1819,7.1788,7.8499,148.53,4.4098,3.9255,4.9585,,22.99,15.03
2025-07-29,0.651,2109.0,69.21,,,72.51,,,98.886,1.1547,4.5,1.3351,3324.0,1.748,560.35,1.02143,1.70214,,,,122.97,9145.92,3856.27,25524.45,5644.38,2821.25,3435.7,1252.31,4102.8,,23308.3,3.081,40674.55,3609.711,4152.02,38.084,6370.86,7.1808,7.177,7.85,148.46,4.3204,3.8689,4.8563,,22.07,15.98
2025-07-30,0.6434,1995.0,70.0,,,73.24,,,99.815,1.1405,4.5,1.3237,3295.8,1.728,558.6,1.03244,1.62179,,,,124.19,9038.27,3804.97,25176.93,5490.76,2817.43,3426.85,1252.47,4095.58,,23345.41,3.045,40654.7,3615.717,4151.24,37.739,6362.9,7.2113,7.1972,7.85,149.51,4.37,3.9406,4.8989,,21.06,15.48
2025-07-31,0.6425,2003.0,69.26,0.0,,72.53,2.7,49.3,99.968,1.1415,4.5,1.3207,3293.2,1.712,435.45,1.03363,1.6175,1.0,,3.7,125.75,8882.95,3747.3,24773.33,5453.14,2818.35,3429.0,1243.23,4076.04,48.4,23218.12,3.106,41069.82,3573.208,4075.59,36.712,6339.39,7.2091,7.2,7.8498,150.75,4.374,3.9571,4.9,4.3,21.36,16.72
2025-08-01,0.6474,2018.0,67.33,,,69.67,,,99.141,1.1587,4.5,1.3279,3347.7,1.706,443.55,0.9931,1.61821,,,,126.5,8804.42,3703.98,24507.81,5397.4,2814.66,3451.69,1226.18,4022.69,,22763.31,3.083,40799.6,3559.952,4054.93,36.929,6238.01,7.1938,7.1933,7.8496,147.4,4.2159,3.6817,4.8221,,21.35,20.38
2025-08-04,0.6467,1970.0,66.29,,,68.76,,,98.784,1.1571,4.5,1.3285,3374.4,1.711,443.75,0.93762,1.58244,,,,126.55,8893.48,3742.81,24733.45,5481.25,2821.85,3457.08,1237.05,4072.66,,23188.61,2.932,40290.7,3583.309,4070.7,37.328,6329.94,7.1841,7.1809,7.85,147.09,4.1923,3.6752,4.7912,,21.47,17.52
2025-08-05,0.6473,1921.0,65.16,,,67.64,,,98.782,1.1575,4.5,1.3299,3381.9,1.712,438.6,,,,,,126.04,8951.07,3778.12,24902.53,5521.07,2823.54,3458.69,1246.1,4063.3,,23018.56,3.01,40549.54,3617.598,4103.45,37.823,6299.19,7.189,7.184,7.8498,147.62,4.21,3.7242,4.7802,,20.5,17.85
2025-08-06,0.6503,1994.0,64.35,,,66.89,,,98.177,1.166,4.5,1.3357,3380.0,1.704,441.3,0.87774,1.61607,,,,126.48,8932.68,3785.84,24910.63,5532.17,2825.36,3457.12,1244.43,4093.26,,23315.04,3.077,40794.86,3633.995,4113.49,37.902,6345.06,7.1853,7.1824,7.8499,147.37,4.2257,3.7137,4.8201,,20.39,16.77
2025-08-07,0.6524,2008.0,63.88,,,66.43,,,98.4,1.1666,4.5,1.3444,3400.3,1.698,439.85,0.96494,1.64702,,,,125.79,8981.73,3810.83,25081.63,5546.73,2826.08,3456.07,1260.46,4098.08,,23389.53,3.067,41059.15,3639.667,4114.67,38.294,6340.0,7.181,7.1814,7.8499,147.14,4.25,3.7279,4.8261,,20.65,16.57
2025-08-08,0.6522,2051.0,63.88,,,66.59,,,98.18,1.1641,4.5,1.3452,3439.1,1.699,447.15,0.95893,1.62679,,,,125.68,8895.28,3779.55,24858.82,5460.3,2825.43,3447.7,1253.79,4125.3,,23611.27,2.99,41820.48,3635.128,4104.97,38.542,6389.45,7.1893,7.1802,7.85,147.74,4.2829,3.7624,4.8494,,20.53,15.15
2025-08-11,0.6513,2038.0,63.96,,,66.63,,,98.52,1.1615,4.5,1.3432,3353.1,1.723,444.0,0.95202,1.62893,,,,125.13,8888.08,3789.49,24906.81,5460.02,2826.25,3450.85,1255.65,4113.11,,23526.63,2.954,,3647.547,4122.51,37.787,6373.45,7.1965,7.1888,7.85,148.15,4.2849,3.7684,4.8524,,20.68,16.25
2025-08-12,0.653,2017.0,63.17,,,66.12,,,98.097,1.1675,4.5,1.35,3348.9,1.731,452.55,0.90893,1.6,,,,124.47,8916.85,3794.58,24969.68,5439.16,2828.77,3451.55,1257.27,4156.48,,23839.2,2.808,42718.17,3665.918,4143.83,38.002,6445.76,7.1849,7.1814,7.85,147.84,4.2888,3.7308,4.8786,,19.71,14.73
2025-08-13,0.6546,2025.0,62.65,,,65.63,,,97.84,1.1705,4.5,1.3576,3358.7,1.727,449.75,0.91036,1.60637,,,,123.21,9150.05,3890.15,25613.67,5630.78,2834.82,3467.28,1276.97,4177.97,,23849.04,2.828,43274.67,3683.465,4176.58,38.602,6466.58,7.1817,7.1766,7.8498,147.38,4.2326,3.6745,4.8253,,21.17,14.49
2025-08-14,0.6495,2039.0,63.96,,,66.84,,,98.254,1.1648,4.5,1.3532,3335.2,1.738,447.95,1.04524,1.72488,,,,123.21,9128.93,3883.92,25519.32,5576.03,2832.88,3457.68,1271.97,4174.17,,23832.44,2.841,42649.26,3666.443,4173.31,38.069,6468.54,7.1821,7.1815,7.8331,147.76,4.2849,3.7324,4.8726,,20.58,14.83
2025-08-15,0.6507,2044.0,62.8,,,65.85,,,97.852,1.1703,4.5,1.3554,3336.0,1.748,449.25,1.45095,1.8606,,,,122.59,9039.09,3865.74,25270.07,5543.17,2833.19,3454.16,1272.43,4174.56,,23712.07,2.916,43378.31,3696.771,4202.35,37.975,6449.8,7.1886,7.1845,7.8241,147.19,4.316,3.7505,4.9183,,19.7,15.09
2025-08-18,0.6491,2022.0,63.42,,,66.6,,,98.167,1.1661,4.5,1.3504,3331.7,1.784,447.1,2.01393,2.18333,,,,123.42,9033.68,3863.63,25176.85,5579.18,2833.93,3451.25,1273.09,4170.72,,23713.76,2.89,43714.31,3728.027,4239.41,38.029,6449.15,7.1875,7.1849,7.82,147.89,4.3335,3.7629,4.9336,,20.45,14.99
2025-08-19,0.6454,1964.0,62.35,,,65.79,,,98.265,1.1647,4.5,1.3491,3313.4,1.773,442.25,2.57417,2.57488,,,,123.07,9006.23,3853.92,25122.9,5542.03,2833.51,3456.48,1270.73,4155.02,,23384.77,2.766,43546.29,3727.288,4223.37,37.332,6411.37,7.1871,7.1824,7.7991,147.67,4.3062,3.748,4.9081,,19.83,15.57
2025-08-20,0.6434,1927.0,63.21,,,66.84,,,98.218,1.1652,4.5,1.3457,3343.4,1.786,444.0,2.85774,2.92595,,,,124.05,9013.27,3856.6,25165.94,5541.27,2832.88,3457.2,1259.88,4148.83,,23249.57,2.752,42888.55,3766.21,4271.4,37.773,6395.78,7.182,7.1758,7.8124,147.33,4.2907,3.7478,4.8948,,19.44,15.69
2025-08-21,0.642,1893.0,63.52,,,67.67,,,98.619,1.1606,4.5,1.3412,3336.9,1.769,444.35,2.84191,2.87548,,,,124.34,8974.77,3856.26,25104.61,5498.5,2830.06,3448.31,1261.74,4132.08,,23142.58,2.826,42610.17,3771.099,4288.07,38.079,6370.17,7.1828,7.1805,7.8139,148.37,4.3277,3.7918,4.9172,,19.06,16.6
2025-08-22,0.649,1944.0,63.66,,,67.73,,,97.716,1.1718,4.5,1.3525,3374.4,1.787,445.9,2.7706,2.83738,,,,125.33,9079.93,3892.35,25339.14,5647.68,2840.81,3466.65,1266.55,4192.8,,23498.12,2.698,42633.29,3825.759,4378.0,39.054,6466.91,7.1719,7.1675,7.8153,146.94,4.2537,3.6963,4.8755,,20.13,14.22
2025-08-25,0.6482,,64.8,,,68.8,,,98.43,1.1618,4.5,1.3455,3373.8,1.767,447.75,2.7272,2.78952,,,,125.66,9248.0,3962.94,25829.91,5825.09,2845.15,3463.85,1285.46,4174.13,,23425.61,2.696,42807.82,3883.562,4469.22,38.703,6439.32,7.1584,7.1536,7.8117,147.8,4.2751,3.7235,4.8897,,21.85,14.79
2025-08-26,0.6495,2041.0,63.25,,,67.22,,,98.225,1.1642,4.5,1.348,3388.6,1.768,445.95,2.81464,2.91393,,,,126.17,9148.66,3924.78,25524.92,5782.24,2848.62,3465.13,1274.21,4177.26,,23525.29,2.717,42394.4,3868.382,4452.59,38.606,6465.94,7.1533,7.1528,7.7934,147.4,4.2615,3.6789,4.9193,,20.41,14.62
2025-08-27,0.6506,2046.0,64.15,,,68.05,,,98.232,1.1639,4.5,1.3498,3404.6,1.77,442.0,3.2331,3.2731,,,,125.74,9020.26,3866.47,25201.76,5697.53,2851.23,3466.54,1269.11,4180.83,,23565.85,2.867,42520.27,3800.35,4386.13,38.713,6481.4,7.1539,7.1517,7.7859,147.42,4.2343,3.6085,4.9213,,19.97,14.85
2025-08-28,0.6532,2017.0,64.6,,,68.62,,,97.813,1.1683,4.5,1.3513,3445.8,1.792,446.35,3.30649,3.3072,,,,126.66,8916.93,3834.26,24998.82,5644.02,2853.6,3472.47,1261.26,4199.99,,23703.45,2.944,42828.79,3843.597,4463.78,39.19,6501.86,7.1202,7.1307,7.7943,146.93,4.2033,3.629,4.8755,,20.04,14.43
2025-08-29,0.654,2025.0,64.01,,,68.12,,,97.771,1.1686,4.5,1.3504,3487.2,1.786,451.85,3.29655,3.29583,,,,127.51,8947.79,3846.37,25077.62,5674.31,2853.57,3463.74,1258.44,4177.72,,23415.42,2.997,42718.47,3857.927,4496.76,40.2,6460.26,7.1223,7.1308,7.7956,147.05,4.2284,3.6167,4.9274,,21.02,15.36
2025-08-31,,,,-0.4,,,2.9,49.4,,,,,,,,,,1.1,,3.7,,,,,,,,,,48.9,,,,,,,,,,,,,,,4.3,,
2025-09-01,0.6552,2024.0,,,,68.15,,,97.771,1.1711,4.5,1.3545,,1.781,,3.15345,3.19226,,,,126.72,9121.87,3931.59,25617.42,5798.96,2853.57,3463.74,1266.58,4177.24,,,,42188.79,3875.531,4523.71,,,7.1336,7.1377,7.7968,147.18,4.2284,3.6167,4.9274,,21.6,16.12
2025-09-02,0.652,1986.0,65.59,,,69.14,,,98.397,1.164,4.5,1.3394,3562.9,1.772,456.95,3.14816,3.21107,,,,127.23,9108.12,3908.95,25496.55,5728.46,2846.58,3453.35,1265.44,4143.34,,23231.11,3.009,42310.49,3858.133,4490.45,41.071,6415.54,7.1385,7.1383,7.807,148.36,4.2614,3.6392,4.9614,,20.98,17.17
2025-09-03,0.6543,1940.0,63.97,,,67.6,,,98.142,1.1662,4.5,1.3444,3606.1,1.751,455.85,2.84964,3.01179,,,,126.77,9050.02,3890.56,25343.43,5683.74,2850.77,3468.58,1267.0,4158.88,,23414.84,3.064,41938.89,3813.557,4459.83,41.542,6448.26,7.1391,7.1421,7.8,148.1,4.2168,3.6166,4.8968,,20.93,16.35
2025-09-04,0.6518,1963.0,63.48,,,66.99,,,98.347,1.1649,4.5,1.3434,3577.3,1.757,448.8,2.96702,3.07946,,,,127.71,8937.09,3838.21,25058.51,5578.86,2856.4,3485.14,1261.56,4189.1,,23633.01,3.074,42580.27,3765.876,4365.21,40.911,6502.08,7.139,7.1416,7.801,148.49,4.1607,3.5878,4.8533,,20.62,15.3
2025-09-05,0.6557,1979.0,61.87,,,65.5,,,97.768,1.1717,4.5,1.3509,3624.0,1.776,448.25,3.00018,3.10863,,,,126.32,9057.22,3902.87,25417.98,5687.45,2862.7,3504.22,1276.05,4191.23,,23652.44,3.048,43018.75,3812.514,4460.32,41.074,6481.5,7.1262,7.1328,7.7977,147.43,4.0742,3.5092,4.7587,,20.41,15.18
2025-09-08,0.6592,2019.0,62.26,,,66.02,,,97.454,1.1763,4.5,1.3545,3648.5,1.791,449.05,,,,,,121.02,9121.66,3941.4,25633.91,5753.75,2865.47,3517.06,1282.2,4204.41,,23762.3,3.09,43643.81,3826.841,4467.57,41.426,6495.15,7.1218,7.1298,7.7929,147.5,4.0398,3.4863,4.6922,,20.16,15.11
2025-09-09,0.6585,2079.0,62.63,,,66.39,,,97.788,1.1708,4.5,1.3528,3653.3,1.801,450.1,3.04369,3.10869,,,,120.13,9242.4,3984.87,25938.13,5828.74,2862.45,3510.06,1295.38,4213.11,,23839.8,3.117,43459.29,3807.292,4436.26,40.878,6512.61,7.124,7.1238,7.7891,147.41,4.0875,3.5584,4.7311,,20.34,15.04
2025-09-10,0.6613,2112.0,63.67,,,67.49,,,97.78,1.1695,4.5,1.3529,3653.1,1.824,455.0,3.08625,3.16631,,,,119.26,9328.16,4017.83,26200.26,5902.69,2865.2,3519.99,1307.49,4223.67,,23849.27,3.029,43837.67,3812.221,4445.36,41.133,6532.04,7.1195,7.121,7.7894,147.46,4.0454,3.5438,4.696,,20.73,15.35
2025-09-11,0.6659,2111.0,62.37,,,66.37,,,97.531,1.1734,4.5,1.3574,3645.0,1.807,459.05,3.0372,3.14875,,,,120.2,9260.25,4007.65,26086.32,5888.77,2871.43,3529.91,1310.08,4255.23,,23992.56,2.934,44372.5,3875.309,4548.03,41.697,6587.47,7.1129,7.1186,7.7889,147.21,4.0206,3.5415,4.6535,,21.18,14.71
2025-09-12,0.6648,2126.0,62.69,,,66.99,,,97.55,1.1734,4.5,1.3556,3657.3,1.802,458.85,3.16196,3.22173,,,,119.17,9364.94,4061.53,26388.16,5989.27,2870.5,3524.83,1325.73,4252.63,,24092.19,2.941,44768.12,3870.598,4522.0,42.387,6584.29,7.1246,7.125,7.7791,147.68,4.0643,3.5556,4.6805,,21.47,14.76
2025-09-15,0.6669,2153.0,63.3,,,67.44,,,97.302,1.1761,4.5,1.3599,3689.5,1.801,465.55,3.19036,3.3,,,,119.1,9384.76,4065.65,26446.56,6043.61,2875.17,3533.2,1328.79,4273.27,,24293.78,3.043,,3860.504,4533.06,42.517,6615.28,7.1186,7.1185,7.7798,147.4,4.0375,3.5368,4.6602,,21.66,15.69
2025-09-16,0.6685,2154.0,64.52,,,68.47,,,96.633,1.1867,4.5,1.3647,3695.5,1.787,463.3,3.2175,3.3431,,,,118.81,9386.39,4060.53,26438.51,6077.66,2876.22,3534.78,1339.91,4269.83,,24274.25,3.103,44902.27,3861.865,4523.34,42.471,6606.76,7.1046,7.1143,7.7807,146.48,4.0279,3.5033,4.6486,,21.47,16.36
2025-09-17,0.6653,2180.0,64.05,,,67.95,,,96.873,1.1813,4.25,1.3626,3688.0,1.771,457.1,3.21107,3.29756,,,,118.26,9596.77,4133.55,26908.39,6334.24,2875.75,3528.03,1347.85,4264.86,,24223.69,3.1,44790.38,3876.341,4551.02,41.722,6600.35,7.1018,7.1042,7.7784,146.99,4.0872,3.5531,4.6901,,22.46,15.72
2025-09-18,0.6612,2205.0,63.57,,,67.44,,,97.348,1.1788,4.25,1.3555,3648.7,1.782,454.1,3.36089,3.39827,,,,117.49,9456.52,4080.37,26544.85,6271.22,2879.08,3520.61,1345.83,4279.34,,24454.89,2.939,45303.43,3831.656,4498.11,41.707,6631.96,7.1094,7.1124,7.7778,148.0,4.1044,3.5635,4.7242,,21.79,15.7
2025-09-19,0.6593,2203.0,62.68,,,66.68,,,97.644,1.1746,4.25,1.3472,3676.0,1.798,456.9,3.41607,3.42673,,,,117.11,9472.35,4078.81,26545.1,6294.42,2880.14,3520.36,1340.91,4293.85,,24626.25,2.888,45045.81,3820.089,4501.92,42.536,6664.36,7.1194,7.1182,7.7747,147.95,4.1274,3.5715,4.7438,,21.0,15.45
2025-09-22,0.6599,2172.0,62.64,,,66.57,,,97.341,1.1803,4.25,1.3514,3744.8,1.792,457.3,3.6131,3.55774,,,,117.76,9370.73,4057.67,26344.14,6257.91,2881.38,3514.65,1343.73,4309.23,,24761.07,2.806,45493.66,3828.576,4522.61,43.799,6693.75,7.1154,7.1145,7.7702,147.72,4.1467,3.603,4.7625,,21.62,16.1
2025-09-23,0.6599,2200.0,63.41,,,67.63,,,97.264,1.1815,4.25,1.3526,3784.2,1.802,458.45,3.91107,3.73881,,,,119.29,9290.34,4029.74,26159.12,6167.06,2881.67,3520.94,1346.55,4293.66,,24580.17,2.853,,3821.833,4519.78,44.192,6656.92,7.113,7.1132,7.776,147.64,4.1061,3.586,4.7193,,20.59,16.64
2025-09-24,0.6583,2240.0,64.99,,,69.31,,,97.873,1.1738,4.25,1.3447,3735.0,1.905,475.25,,,,,,119.69,9442.99,4089.53,26518.65,6323.15,2879.78,3511.17,1351.91,4277.35,,24503.57,2.858,45630.31,3853.642,4566.07,43.777,6637.97,7.1374,7.1319,7.7787,148.9,4.1466,3.6041,4.7507,,21.38,16.18
2025-09-25,0.654,2266.0,64.98,,,69.42,,,98.553,1.1666,4.25,1.3345,3738.7,1.893,470.0,3.62202,3.53458,,,,119.81,9444.22,4083.95,26484.68,6379.19,2872.83,3504.15,1343.82,4252.35,,24397.31,2.904,45754.93,3853.302,4593.49,44.697,6604.72,7.1451,7.1339,7.7835,149.8,4.1698,3.6553,4.7477,,20.43,16.74
2025-09-26,0.6542,2259.0,65.72,,,70.13,,,98.152,1.1703,4.25,1.3402,3776.2,1.888,471.55,3.60661,3.52036,,,,119.66,9303.1,4029.59,26128.2,6195.11,2873.53,3506.15,1325.58,4276.23,,24503.85,2.835,45354.99,3828.106,4550.05,46.221,6643.7,7.1435,7.1345,7.7796,149.49,4.1755,3.643,4.7487,,20.2,15.29
2025-09-29,0.6577,2220.0,63.45,,,67.97,,,97.906,1.1727,4.25,1.3429,3820.9,1.897,489.2,3.59804,3.52714,,,,118.41,9454.12,4112.18,26622.88,6324.25,2876.85,3517.91,1339.71,4288.36,,24611.35,3.267,45043.75,3862.532,4620.05,47.016,6661.21,7.1293,7.1224,7.7834,148.59,4.1387,3.6205,4.7037,,21.12,16.12
2025-09-30,0.6613,2134.0,62.37,-0.3,4.8,67.02,3.0,49.8,97.775,1.1734,4.25,1.3446,3840.8,1.871,485.65,3.53762,3.52571,1.1,3.8,3.9,117.21,9555.33,4158.21,26855.56,6465.66,2876.85,3515.73,1346.05,4306.7,48.9,24679.99,3.303,44932.63,3882.777,4640.69,46.64,6688.46,7.1284,7.1224,7.7827,147.9,4.1503,3.6083,4.731,4.4,21.22,16.28
2025-10-01,0.6613,1980.0,61.78,,,65.35,,,97.706,1.1732,4.25,1.3478,3867.5,,488.25,,,,,,,,,,,2879.01,3524.89,1352.73,4322.7,,24800.86,3.476,44550.85,,,47.679,6711.2,7.1279,,7.7818,147.07,4.0981,3.5347,4.7095,,,16.29
2025-10-02,0.6596,1909.0,60.48,,,64.11,,,97.846,1.1715,4.25,1.344,3839.7,,494.95,3.49685,3.54024,,,,115.63,9724.38,4222.26,27287.12,6682.86,2880.17,3530.41,1367.71,4327.49,,24892.76,3.442,44936.73,,,46.369,6715.35,7.1327,,7.783,147.26,4.0827,3.5388,4.6881,,21.65,16.63
2025-10-03,0.6604,1901.0,60.88,,,64.53,,,97.723,1.1742,4.25,1.348,3880.8,,510.9,3.51464,3.58905,,,,116.05,9658.34,4204.46,27140.92,6622.85,2880.12,3525.98,1373.89,4337.29,,24785.52,3.324,45769.5,,,47.965,6715.79,7.1364,,7.7818,147.47,4.1192,3.5759,4.7114,,21.03,16.65
2025-10-06,0.6617,1932.0,61.69,,,65.47,,,98.108,1.1711,4.25,1.3485,3948.5,,503.8,3.58667,3.60232,,,,116.7,9573.38,4179.58,26957.77,6550.3,2881.63,3518.73,1372.25,4351.88,,24978.56,3.357,47944.76,,,48.448,6740.28,7.1441,,7.7828,150.35,4.152,3.5883,4.7477,,20.86,16.37
2025-10-07,0.6581,1947.0,61.73,,,65.45,,,98.578,1.1657,4.25,1.3426,3976.6,,509.75,,,,,,,,,,,2879.89,3524.21,1375.23,4331.48,,24840.23,3.498,47950.88,,,47.515,6714.59,7.1459,,7.7831,151.9,4.123,3.5636,4.7231,,,17.24
2025-10-08,0.6586,1963.0,62.55,,,66.25,,,98.915,1.1628,4.25,1.3404,4043.3,,509.45,3.55417,3.61714,,,,117.14,9523.87,4162.31,26829.46,6514.19,2877.17,3523.87,1372.04,4352.18,,25136.62,3.333,47734.99,,,48.994,6753.72,7.1501,,7.7822,152.69,4.1171,3.5802,4.7075,,21.39,16.3
2025-10-09,0.6556,1923.0,61.51,,,65.22,,,99.538,1.1564,4.25,1.3304,3946.3,1.851,512.3,3.52036,3.5931,,,,117.34,9530.13,4142.49,26752.59,6471.34,2869.54,3517.66,1375.9,4337.78,,25098.18,3.269,48580.44,3933.972,4709.48,47.157,6735.11,7.1381,7.13,7.7823,153.07,4.1384,3.5927,4.7212,,21.91,16.43
2025-10-10,0.6474,1936.0,58.9,,,62.73,,,98.978,1.1619,4.25,1.336,3975.9,1.856,489.4,3.48435,3.58577,,,,118.52,9358.32,4061.51,26290.32,6259.75,2858.96,3529.69,1365.67,4237.72,,24221.75,3.106,48088.8,3897.028,4616.83,47.247,6552.51,7.1453,7.1353,7.7828,151.19,4.0322,3.5015,4.6187,,22.21,21.66
2025-10-13,0.6515,2144.0,59.49,,,63.32,,,99.269,1.157,4.25,1.3333,4108.6,1.848,514.4,3.44024,3.52321,,,,118.33,9222.54,4007.68,25889.48,6145.51,2858.96,3529.69,1353.31,4285.8,,24750.25,3.118,,3889.502,4593.98,50.429,6654.72,7.1383,7.1309,7.7805,152.28,4.0322,3.5015,4.6187,,26.3,19.03
2025-10-14,0.6486,2022.0,58.7,,,62.39,,,99.047,1.1607,4.25,1.332,4138.7,1.838,502.3,3.50423,3.57226,,,,119.31,9079.16,3922.92,25441.35,5923.26,2866.3,3542.51,1338.98,4277.74,,24579.32,3.028,46847.32,3865.229,4539.06,50.622,6644.31,7.1402,7.1372,7.774,151.84,4.0321,3.4807,4.6321,,27.22,20.81
2025-10-15,0.6513,1997.0,58.27,,,61.91,,,98.793,1.1647,4.25,1.3403,4176.9,1.844,501.45,3.42417,3.53066,,,,118.74,9250.91,4002.86,25910.6,6075.27,2875.93,3543.39,1365.69,4302.27,,24745.36,3.016,47672.67,3912.209,4606.29,51.378,6671.06,7.1298,7.127,7.7747,151.05,4.0282,3.4973,4.6254,,25.03,20.64
2025-10-16,0.6485,2046.0,57.46,,,61.06,,,98.336,1.1687,4.25,1.3434,4280.2,1.839,499.9,3.46494,3.53155,,,,118.73,9259.46,4001.34,25888.51,6003.56,2875.09,3552.62,1378.96,4292.08,,24657.24,2.938,48277.74,3916.228,4618.42,53.296,6629.07,7.1249,7.1246,7.7706,150.43,3.9745,3.4243,4.5844,,25.87,25.31
2025-10-17,0.6499,2069.0,57.54,,,61.29,,,98.433,1.1655,4.25,1.3427,4189.9,1.827,496.95,3.53167,3.59173,,,,119.74,9011.97,3894.61,25247.1,5760.38,2872.45,3548.51,1361.6,4296.41,,24817.95,3.008,47582.15,3839.755,4514.23,50.104,6664.01,7.1268,7.127,7.7686,150.61,4.0088,3.4573,4.6053,,28.88,20.78
2025-10-20,0.6513,2071.0,57.52,,,61.01,,,98.586,1.1642,4.25,1.3405,4336.4,1.847,503.6,3.57857,3.60613,,,,119.06,9232.67,3983.05,25858.83,5933.17,2877.53,3555.9,1383.26,4345.79,,25141.02,3.397,49185.5,3863.893,4538.22,51.384,6735.13,7.1241,7.1215,7.7685,150.75,3.98,3.4552,4.5692,,25.48,18.23
2025-10-21,0.6488,2094.0,57.82,,,61.32,,,98.934,1.16,4.25,1.3371,4087.7,1.839,496.6,3.66411,3.68679,,,,118.91,9302.66,4014.29,26027.55,6007.94,2879.1,3560.92,1383.64,4341.53,,25127.13,3.474,49316.06,3916.332,4607.87,47.704,6735.35,7.1268,7.1247,7.7719,151.93,3.9627,3.4551,4.5428,,24.71,17.87
2025-10-22,0.6488,2092.0,58.5,,,62.59,,,98.897,1.1611,4.25,1.3356,4044.4,1.829,499.55,3.53185,3.61768,,,,119.3,9223.78,3976.31,25781.77,5923.09,2877.59,3559.23,1380.07,4322.93,,24879.01,3.45,49307.79,3913.758,4592.57,47.681,6699.4,7.1256,7.1251,7.7721,151.98,3.9493,3.4445,4.5306,,24.03,18.6
2025-10-23,0.6512,2057.0,61.79,,,65.99,,,98.936,1.1618,4.25,1.3326,4125.5,1.837,511.05,3.54095,3.61393,,,,119.65,9300.74,3999.43,25967.98,5951.45,2878.11,3554.84,1381.37,4343.58,,25097.42,3.344,48641.61,3922.41,4606.34,48.704,6738.44,7.1256,7.1233,7.7717,152.57,4.0009,3.4885,4.5786,,24.71,17.3
2025-10-24,0.6513,1991.0,61.5,,,65.94,,,98.952,1.1627,4.25,1.3311,4118.4,1.851,512.25,3.47292,3.57268,,,,118.58,9363.94,4035.56,26160.15,6059.89,2883.82,3559.62,1389.39,4371.27,,25358.16,3.304,49299.65,3950.312,4660.68,48.586,6791.69,7.1261,7.1225,7.7699,152.86,4.0007,3.4799,4.5928,,25.07,16.37
2025-10-27,0.6556,1976.0,61.31,,,65.62,,,98.783,1.1645,4.25,1.3336,4001.9,1.81,517.15,3.5,3.59262,,,,118.72,9467.22,4086.28,26433.7,6171.08,2890.79,3565.23,1407.94,4418.66,,25821.55,3.442,50512.32,3996.945,4716.02,46.774,6875.16,7.1093,7.1084,7.7679,152.88,3.9795,3.4905,4.5522,,24.08,15.79
2025-10-28,0.6585,1950.0,60.15,,,64.4,,,98.667,1.1651,4.25,1.3272,3966.2,1.813,517.1,3.43738,3.55637,,,,119.43,9375.79,4064.21,26346.14,6093.44,2891.47,3566.18,1402.66,4426.07,,26012.16,3.345,50219.18,3988.224,4691.97,47.324,6890.89,7.096,7.0992,7.7696,152.11,3.9756,3.4898,4.5399,,23.22,16.42
2025-10-29,0.6574,1961.0,60.48,,,64.92,,,99.22,1.1601,4.0,1.3194,3983.7,1.814,526.35,,,,,,120.3,,,,,2889.62,3548.4,1416.39,4424.84,,26119.85,3.376,51307.65,4016.331,4747.84,47.913,6890.59,7.0974,7.0985,7.7709,152.73,4.0757,3.598,4.6252,,,16.92
2025-10-30,0.6555,1983.0,60.57,,,65.0,,,99.526,1.1565,4.0,1.3151,4015.9,1.81,510.4,3.41536,3.541,,,,119.36,9346.86,4060.81,26282.69,6051.76,2883.11,3537.39,1411.65,4381.34,,25734.81,3.956,51325.61,3986.901,4709.91,48.616,6822.34,7.1107,7.1104,7.7699,154.13,4.097,3.6082,4.6541,,21.89,16.91
2025-10-31,0.6545,1966.0,60.98,0.2,,65.07,,49.0,99.804,1.1537,4.0,1.3152,3996.5,1.797,508.9,3.42911,3.54899,1.2,,3.8,119.82,9168.58,3996.49,25906.65,5908.08,2881.38,3529.23,1401.55,4390.42,48.8,25858.13,4.124,52411.34,3954.79,4640.67,48.16,6840.2,7.1225,7.1194,7.7702,153.99,4.0775,3.5736,4.6512,,21.1,17.44
2025-11-03,0.6537,1945.0,61.05,,,64.89,,,99.873,1.152,4.0,1.314,4014.0,1.792,506.9,3.38173,3.54095,,,,119.64,9258.73,4028.52,26158.36,5922.48,2877.0,3520.75,1410.43,4394.91,,25972.94,4.266,,3976.521,4653.4,48.049,6851.97,7.1266,7.1213,7.7722,154.22,4.1104,3.6045,4.6908,,21.14,17.17
2025-11-04,0.649,1958.0,60.56,,,64.44,,,100.224,1.1482,4.0,1.3021,3960.5,1.795,494.85,3.315,3.52816,,,,120.12,9173.21,3987.92,25952.4,5818.29,2871.69,3525.62,1393.38,4347.45,,25435.7,4.343,51497.2,3960.186,4618.7,47.291,6771.55,7.1349,7.1295,7.7744,153.67,4.0852,3.5758,4.6647,,21.26,19.0
2025-11-05,0.6505,2003.0,59.6,,,63.52,,,100.204,1.1492,4.0,1.305,3992.9,1.797,498.6,3.16131,3.45286,,,,119.82,9163.24,3986.86,25935.41,5785.85,2874.14,3514.99,1382.96,4356.69,,25620.03,4.232,50212.27,3969.248,4627.26,48.022,6796.29,7.1313,7.1268,7.7745,154.12,4.1591,3.6295,4.7378,,21.76,18.01
2025-11-06,0.648,2063.0,59.43,,,63.38,,,99.733,1.1547,4.0,1.3137,3991.0,1.806,496.75,3.11845,3.46982,,,,118.53,9355.97,4071.01,26485.9,5944.22,2874.53,3527.56,1393.77,4323.7,,25130.04,4.357,50883.68,4007.76,4693.4,47.95,6720.32,7.1213,7.1193,7.7754,153.06,4.0831,3.5553,4.6801,,20.95,19.5
2025-11-07,0.6493,2104.0,59.75,,,63.63,,,99.603,1.1566,4.0,1.3162,4009.8,1.808,495.7,3.04637,3.44137,,,,118.42,9267.56,4029.3,26241.83,5837.36,2872.89,3522.47,1381.63,4325.03,,25059.81,4.315,50276.37,3997.556,4678.79,48.143,6728.8,7.1262,7.1221,7.777,153.42,4.0966,3.5616,4.6986,,21.53,19.08
2025-11-10,0.6536,2084.0,60.13,,,64.06,,,99.589,1.1557,4.0,1.3175,4122.0,1.808,510.6,3.02268,3.41506,,,,117.62,9443.24,4092.71,26649.06,5915.56,2880.94,3523.74,1400.21,4384.77,,25611.74,4.338,50911.76,4018.597,4695.05,50.311,6832.43,7.1228,7.1186,7.7738,154.15,4.116,3.5908,4.7054,,21.64,17.6
2025-11-11,0.6527,2072.0,61.04,,,65.16,,,99.443,1.1582,4.0,1.315,4116.3,1.811,506.6,3.01982,3.43357,,,,117.38,9461.49,4100.35,26696.41,5924.39,2880.94,3523.74,1402.67,4404.49,,25533.49,4.565,50842.93,4002.758,4652.17,50.744,6846.61,7.1222,7.1173,7.7727,154.16,4.116,3.5908,4.7054,,21.3,17.28
2025-11-12,0.6541,2030.0,58.49,,,62.71,,,99.495,1.1593,4.0,1.3133,4213.6,1.804,510.55,3.11661,3.45774,,,,116.85,9538.99,4128.34,26922.73,5933.99,2883.92,3532.91,1407.73,4415.24,,25517.33,4.533,51063.31,4000.14,4645.91,53.457,6850.92,7.1127,7.111,7.7717,154.79,4.0693,3.568,4.6646,,20.29,17.51
2025-11-13,0.6529,2077.0,58.69,,,63.01,,,99.156,1.1633,4.0,1.3192,4194.5,1.808,510.2,3.09756,3.49048,,,,117.36,9599.06,4162.71,27073.03,5981.3,2876.03,3519.89,1409.8,4357.5,,24993.46,4.646,51281.83,4029.501,4702.07,53.17,6737.49,7.0956,7.0961,7.7713,154.56,4.1192,3.5909,4.7123,,20.74,20.0
2025-11-14,0.6538,2125.0,60.09,,,64.39,,,99.299,1.1621,4.0,1.3171,4094.2,1.808,506.3,3.06351,3.46982,,,,118.48,9397.96,4080.05,26572.46,5812.8,2874.38,3514.1,1385.61,4343.64,,25008.24,4.566,50376.53,3990.492,4628.14,50.686,6734.11,7.0991,7.0993,7.7732,154.55,4.1483,3.6058,4.7478,,21.13,19.83
2025-11-17,0.6494,2153.0,59.91,,,64.2,,,99.588,1.1592,4.0,1.3156,4074.5,1.807,501.2,3.00429,3.43476,,,,118.04,9328.4,4052.36,26384.28,5756.88,2872.53,3516.03,1387.85,4305.44,,24799.92,4.361,50323.91,3972.035,4598.05,50.711,6672.41,7.1083,7.1077,7.7745,155.26,4.1386,3.6101,4.7358,,21.33,22.38
2025-11-18,0.6507,2216.0,60.74,,,64.89,,,99.55,1.1581,4.0,1.3145,4066.5,1.806,497.4,2.87762,3.41571,,,,119.83,9174.84,3978.94,25930.03,5645.73,2870.09,3517.66,1361.75,4257.67,,24503.1,4.371,48702.98,3939.813,4568.19,50.521,6617.32,7.1108,7.1094,7.7847,155.51,4.1134,3.5725,4.7328,,22.44,24.69
2025-11-19,0.6478,2260.0,59.44,,,63.51,,,100.228,1.1538,4.0,1.3059,4082.8,1.81,501.85,2.28369,3.05774,,,,120.61,9151.04,3970.37,25830.65,5606.9,2871.38,3516.99,1360.31,4264.13,,24640.52,4.55,48537.7,3946.742,4588.29,50.854,6642.16,7.1176,7.114,7.7906,157.16,4.1367,3.5915,4.7557,,21.94,23.66
2025-11-20,0.644,2270.0,59.14,,,63.38,,,100.158,1.1528,4.0,1.3073,4060.0,1.811,496.85,2.41036,3.0809,,,,120.62,9143.34,3965.39,25835.57,5574.59,2873.62,3523.32,1371.54,4217.24,,24054.38,4.474,49823.94,3931.051,4564.95,50.301,6538.76,7.1175,7.1165,7.7839,157.47,4.0845,3.5327,4.7229,,20.86,26.42
2025-11-21,0.6455,2275.0,58.06,,,62.56,,,100.18,1.1513,4.0,1.3099,4079.5,1.814,501.5,2.495,3.08435,,,,122.15,8919.78,3861.12,25220.02,5395.49,2875.12,3528.25,1333.96,4242.67,,24239.57,4.58,48625.88,3834.891,4453.61,49.913,6602.99,7.1051,7.1052,7.7834,156.41,4.0633,3.5075,4.712,,23.31,23.43
2025-11-24,0.6464,2295.0,58.84,,,63.37,,,100.142,1.1521,4.0,1.3105,4094.2,1.814,496.75,2.6256,3.08363,,,,120.64,9079.42,3939.5,25716.5,5545.56,2880.88,3538.12,1342.1,4296.12,,24873.85,4.549,,3836.765,4448.05,50.326,6705.12,7.1062,7.1031,7.7816,156.89,4.0248,3.4969,4.6697,,21.34,20.52
2025-11-25,0.6469,2309.0,57.95,,,62.48,,,99.664,1.157,4.0,1.3166,4140.0,1.819,500.3,2.81369,3.1431,,,,120.87,9158.31,3966.73,25894.55,5612.03,2886.59,3548.37,1353.84,4334.46,,25018.36,4.424,48659.52,3870.023,4490.4,50.965,6765.88,7.0824,7.0846,7.7754,156.05,3.996,3.4586,4.6492,,21.41,18.56
2025-11-26,0.6518,2401.0,58.65,,,63.13,,,99.595,1.1595,4.0,1.3241,4165.2,1.839,510.45,2.97768,3.2,,,,120.65,9162.37,3967.41,25928.08,5618.36,2892.13,3556.2,1371.46,4372.48,,25236.94,4.558,49559.07,3864.184,4517.63,52.916,6812.61,7.069,7.0761,7.7784,156.47,3.9941,3.475,4.6414,,19.39,17.19
2025-11-27,0.6534,2480.0,,,,63.34,,,99.536,1.1596,4.0,1.324,,1.847,,3.2428,3.22643,,,,120.43,9164.87,3964.68,25945.93,5598.05,2892.13,3556.2,1370.39,4375.31,,,,50167.1,3875.26,4515.4,,,7.0744,7.0795,7.7793,156.31,3.9941,3.475,4.6414,,18.69,17.21
2025-11-28,0.655,2560.0,58.55,,,63.2,,,99.459,1.1598,4.0,1.3235,4218.3,1.832,518.55,3.18286,3.17167,,,,120.9,9130.18,3957.64,25858.89,5599.11,2898.07,3552.3,1366.92,4398.44,,25434.89,4.85,50253.91,3888.596,4526.66,56.446,6849.09,7.0708,7.0745,7.7852,156.18,4.0132,3.4893,4.6628,,18.17,16.35
2025-11-30,,,,0.7,,,2.7,49.2,,,,,,,,,,1.2,,3.8,,,,,,,,,,48.0,,,,,,,,,,,,,,,4.5,,
2025-12-01,0.6544,2583.0,59.32,,,63.17,,,99.414,1.161,4.0,1.3213,4239.3,1.83,521.9,2.93488,2.94107,,,,120.93,9172.84,3989.5,26033.26,5644.76,2893.53,3535.99,1368.27,4378.36,,25342.85,4.921,49303.28,3914.006,4576.49,58.418,6812.63,7.0719,7.072,7.7885,155.46,4.0865,3.5304,4.7368,,18.38,17.24
2025-12-02,0.6563,2600.0,58.64,,,62.45,,,99.357,1.1625,4.0,1.3213,4186.6,1.837,516.1,2.80232,2.86607,,,,120.6,9182.65,3997.18,26095.05,5624.04,2896.31,3540.89,1373.87,4385.76,,25555.86,4.84,49303.45,3897.712,4554.33,57.983,6829.37,7.067,7.0712,7.7852,155.88,4.0865,3.508,4.7457,,17.97,16.59
2025-12-03,0.6601,2845.0,58.95,,,62.67,,,98.854,1.1671,4.0,1.3353,4199.3,1.84,530.8,2.88458,3.00827,,,,121.18,9028.55,3947.14,25760.73,5534.92,2901.26,3546.22,1372.95,4402.44,,25606.54,4.995,49864.68,3878.0,4531.05,57.921,6849.72,7.0577,7.064,7.7844,155.25,4.0633,3.4835,4.7308,,18.21,16.08
2025-12-04,0.661,2814.0,59.67,,,63.26,,,98.989,1.1644,4.0,1.3327,4211.8,1.857,529.15,3.03482,3.03458,,,,120.52,9106.48,3972.31,25935.9,5615.43,2901.17,3540.48,1376.79,4418.46,,25581.7,5.063,51028.42,3875.793,4546.57,56.847,6857.12,7.0716,7.0719,7.7826,155.1,4.0981,3.5226,4.7547,,18.13,15.78
2025-12-05,0.664,2727.0,60.08,,,63.75,,,98.992,1.1642,4.0,1.3328,4212.9,1.833,538.2,3.07512,3.07191,,,,119.79,9198.3,3991.13,26085.08,5662.46,2901.45,3535.54,1385.48,4418.63,,25692.05,5.289,50491.87,3902.808,4584.54,58.422,6870.4,7.0692,7.0711,7.7847,155.33,4.1351,3.5603,4.7918,,17.55,15.41
2025-12-08,0.6624,2694.0,58.88,,,62.49,,,99.087,1.1637,4.0,1.3322,4187.2,1.839,536.45,3.09571,3.05661,,,,120.91,9083.53,3950.62,25765.36,5662.55,2898.06,3532.09,1386.62,4405.03,,25627.95,4.912,50581.94,3924.078,4621.75,57.779,6846.51,7.0717,7.072,7.7807,155.92,4.1643,3.575,4.8019,,18.24,16.66
2025-12-09,0.6642,2557.0,58.25,,,61.94,,,99.22,1.1627,4.0,1.3297,4206.7,1.836,524.05,3.13316,3.07417,,,,121.69,8936.41,3898.68,25434.23,5554.68,2896.54,3528.91,1378.93,4400.15,,25668.69,4.574,50655.1,3909.521,4598.22,60.169,6840.51,7.061,7.0636,7.7825,156.88,4.1878,3.6147,4.808,,18.36,16.93
2025-12-10,0.6676,2430.0,58.46,,,62.21,,,98.786,1.1695,3.75,1.3383,4196.4,1.838,527.55,3.11435,3.07155,,,,121.42,8954.69,3913.16,25540.78,5581.1,2897.8,3540.34,1382.51,4424.74,,25776.44,4.595,50602.8,3900.496,4591.83,60.379,6886.68,7.061,7.068,7.781,156.02,4.1468,3.5381,4.7868,,18.55,15.77
2025-12-11,0.6664,2294.0,57.6,,,61.28,,,98.346,1.1738,3.75,1.3388,4285.5,1.822,542.7,3.13387,3.05494,,,,121.23,8934.28,3902.14,25530.51,5534.59,2900.56,3539.3,1376.73,4444.32,,25686.68,4.231,50148.82,3873.318,4552.19,63.929,6901.0,7.0522,7.0571,7.7821,155.59,4.1566,3.5404,4.7999,,17.58,14.85
2025-12-12,0.6652,2205.0,57.44,,,61.12,,,98.399,1.174,3.75,1.3371,4300.1,1.842,528.35,3.03952,3.02696,,,,119.87,9079.35,3972.99,25976.79,5638.05,2897.76,3524.87,1389.99,4407.82,,25196.73,4.113,50836.55,3889.346,4580.95,61.362,6827.41,7.0532,7.055,7.7845,155.81,4.1841,3.5222,4.8445,,17.28,15.74
2025-12-15,0.6641,2193.0,56.82,,,60.56,,,98.309,1.1753,3.75,1.3376,4306.7,1.856,533.85,2.97554,2.98821,,,,120.32,8917.7,3917.3,25628.88,5498.42,2899.35,3527.26,1373.88,4408.6,,25067.27,4.012,50168.11,3867.921,4552.06,62.94,6816.51,7.0433,7.048,7.7821,155.23,4.1723,3.5015,4.8466,,17.56,16.5
2025-12-16,0.6632,2204.0,55.27,,,58.92,,,98.146,1.1747,3.75,1.3423,4304.5,1.852,528.7,3.12756,3.08958,,,,121.5,8757.93,3855.78,25235.41,5402.51,2898.0,3533.65,1352.66,4392.75,,25132.94,3.886,49383.29,3824.812,4497.56,62.7,6800.26,7.0363,7.0426,7.7801,154.72,4.145,3.487,4.813,,18.47,16.48
2025-12-17,0.6605,2121.0,55.94,,,59.68,,,98.368,1.1741,3.75,1.3376,4347.5,1.836,536.35,3.25381,3.12655,,,,121.71,8843.57,3891.03,25468.78,5457.95,2896.95,3533.01,1358.97,4352.02,,24647.61,4.024,49512.28,3870.278,4579.88,66.237,6721.43,7.0402,7.044,7.781,155.69,4.1528,3.4829,4.8262,,17.57,17.62
2025-12-18,0.6613,2071.0,56.15,,,59.82,,,98.427,1.1722,3.75,1.3381,4339.5,1.836,536.65,3.18363,3.10494,,,,122.27,8841.51,3890.85,25498.13,5418.29,2902.0,3541.26,1358.18,4382.41,,25019.37,3.908,49001.5,3876.371,4552.79,64.592,6774.76,7.0327,7.0413,7.7815,155.55,4.1217,3.46,4.8029,,17.67,16.87
2025-12-19,0.6612,2023.0,56.66,,,60.47,,,98.599,1.171,3.75,1.3379,4361.4,1.828,543.95,3.16798,3.0881,,,,121.58,8901.23,3924.78,25690.53,5479.04,2904.12,3534.89,1368.48,4413.79,,25346.18,3.984,49507.21,3890.448,4568.18,66.845,6834.5,7.0342,7.041,7.7811,157.75,4.1471,3.4834,4.8242,,17.11,14.91
2025-12-22,0.6657,1979.0,58.01,,,62.07,,,98.286,1.1762,3.75,1.3461,4444.6,1.84,543.75,3.1175,3.01542,,,,121.44,8939.68,3945.12,25801.77,5526.83,2906.59,3534.51,1383.83,4442.65,,25461.7,3.965,50402.39,3917.364,4611.62,67.906,6878.49,7.0311,7.037,7.7807,157.05,4.1628,3.5067,4.8364,,17.36,14.08
2025-12-23,0.6702,1889.0,58.38,,,62.38,,,97.942,1.1795,3.75,1.3518,4482.8,1.839,547.6,3.10637,3.02958,,,,121.77,8913.83,3939.27,25774.14,5488.89,2907.4,3536.14,1387.13,4463.97,,25587.83,4.408,50412.87,3919.979,4620.73,70.485,6909.79,7.0193,7.0296,7.7777,156.23,4.1628,3.5321,4.8242,,16.71,14.0
2025-12-24,0.6709,1877.0,58.35,,,62.24,,,97.976,1.1779,3.75,1.3505,4480.6,1.84,549.85,3.28911,3.09494,,,,122.03,8915.12,3942.11,25818.93,5499.3,2909.19,3545.84,1392.07,4474.2,,25656.15,4.242,50344.1,3940.947,4634.06,71.031,6932.05,7.0074,7.0157,7.7752,155.93,4.1335,3.5014,4.7938,,16.46,13.47
2025-12-25,0.6704,,,,,,,,,1.1784,3.75,1.3521,,1.838,,,,,,,122.46,,,,,2909.19,3545.84,1391.79,4474.59,,,,50407.79,3959.621,4642.54,,,7.0017,7.0057,7.7755,155.83,4.1335,3.5014,4.7938,,,
2025-12-26,0.6716,,56.74,,,60.64,,,98.022,1.1772,3.75,1.3497,4529.1,1.835,576.65,,,,,,123.15,,,,,2908.63,3546.54,1397.4,4473.23,,25644.39,4.366,50750.39,3963.679,4657.24,76.486,6929.94,7.0045,7.0054,7.7713,156.57,4.1277,3.479,4.8141,,,13.6
2025-12-29,0.6694,,58.08,,,61.94,,,98.037,1.1773,3.75,1.3512,4325.1,1.858,549.05,3.3506,3.08435,,,,123.24,8891.71,3909.41,25635.23,5483.01,2911.4,3551.49,1401.66,4461.19,,25525.56,4.687,50526.92,3965.28,4639.37,69.856,6905.74,6.9971,7.006,7.774,156.06,4.1102,3.4545,4.7969,,18.08,14.2
2025-12-30,0.6695,,57.95,,,61.92,,,98.238,1.1748,3.75,1.3468,4386.3,1.856,578.15,3.21107,3.03607,,,,122.7,8991.02,3934.64,25854.6,5578.38,2914.22,3549.46,1402.53,4458.28,,25462.56,3.972,50339.48,3965.116,4651.28,77.919,6896.24,6.9922,6.9958,7.7809,156.41,4.1219,3.4484,4.807,,18.04,14.33
2025-12-31,0.6673,,57.42,0.8,4.5,60.85,2.7,50.1,98.322,1.1746,3.75,1.3475,4341.1,1.855,568.2,3.07548,2.93244,1.4,4.0,3.9,123.46,8913.68,3907.62,25630.54,5515.98,2914.49,3545.18,1404.37,4430.38,47.9,25249.85,3.686,,3968.84,4629.94,70.603,6845.5,6.9757,6.988,7.7828,156.71,4.167,3.473,4.8436,4.4,18.98,14.95
2026-01-01,0.667,,,,,,,,,1.1746,3.75,1.3455,,,,,,,,,,,,,,,,1405.32,4430.58,,,,,,,,,6.9756,,7.7843,156.75,4.167,3.473,4.8436,,,
2026-01-02,0.6693,1882.0,57.32,,,60.75,,,98.424,1.1719,3.75,1.3456,4329.6,,569.15,2.6225,2.81179,,,,120.89,9168.99,4009.37,26338.47,5736.44,2914.48,3536.68,1429.48,4445.21,,25206.17,3.618,,,,71.015,6858.47,6.9703,,7.7916,156.84,4.1907,3.4733,4.8702,,20.03,14.51
2026-01-05,0.6714,1851.0,58.32,,,61.76,,,98.27,1.1722,3.75,1.3542,4451.5,1.856,597.55,2.67226,2.81607,,,,123.19,9148.47,4021.69,26347.24,5741.63,2919.53,3544.78,1451.11,4477.92,,25401.32,3.523,51832.8,4023.417,4717.75,76.657,6902.05,6.9835,6.9886,7.7855,156.38,4.1612,3.4508,4.8497,,20.46,14.9
2026-01-06,0.6738,1830.0,57.13,,,60.7,,,98.58,1.1689,3.75,1.3501,4496.1,1.882,606.25,2.97869,2.99071,,,,122.86,9244.24,4077.77,26710.45,5825.26,2921.87,3545.48,1467.16,4506.64,,25639.71,3.35,52518.08,4083.667,4790.69,81.039,6944.82,6.9805,6.9839,7.7885,156.65,4.173,3.4632,4.8651,,21.48,14.75
2026-01-07,0.6721,1776.0,55.99,,,59.96,,,98.684,1.1675,3.75,1.3458,4462.5,1.897,586.05,2.95518,2.97262,,,,122.54,9138.75,4048.16,26458.95,5738.52,2923.37,3549.91,1462.97,4490.24,,25653.9,3.525,51961.98,4085.772,4776.67,77.613,6920.93,6.9935,6.9916,7.7871,156.76,4.1475,3.4695,4.8314,,21.63,15.38
2026-01-08,0.6699,1718.0,57.76,,,61.99,,,98.934,1.166,3.75,1.3439,4460.7,1.886,579.65,3.00798,2.99524,,,,122.6,9039.34,4004.72,26149.31,5678.34,2923.3,3541.24,1452.7,4484.29,,25507.1,3.407,51117.26,4082.979,4737.65,75.144,6921.46,6.9822,6.9845,7.792,156.87,4.1672,3.4881,4.8365,,21.6,15.45
2026-01-09,0.6687,1688.0,59.12,,,63.34,,,99.133,1.1637,3.75,1.3404,4500.9,1.872,590.25,2.86369,2.9125,,,,122.73,9048.53,4024.6,26231.79,5687.14,2925.94,3548.84,1452.35,4511.01,,25766.26,3.169,51939.89,4120.426,4758.92,79.341,6966.28,6.976,6.9783,7.7946,157.89,4.1653,3.5321,4.8121,,20.7,14.49
2026-01-12,0.6711,1659.0,59.5,,,63.87,,,98.862,1.1667,3.75,1.3465,4614.7,1.863,603.15,2.83881,2.89,,,,122.66,9220.08,4084.35,26608.48,5863.2,2926.84,3546.24,1466.2,4522.4,,25787.66,3.409,,4165.287,4789.92,85.091,6977.27,6.968,6.9731,7.7964,158.14,4.1752,3.5343,4.8273,,21.1,15.12
2026-01-13,0.6682,1608.0,61.15,,,65.47,,,99.134,1.1642,3.75,1.3422,4599.1,1.855,601.6,2.69,2.83411,,,,122.09,9285.41,4123.73,26848.47,5869.79,2929.01,3551.45,1472.29,4519.08,,25741.95,3.419,53549.16,4138.758,4761.03,86.338,6963.74,6.9735,6.9777,7.8012,159.14,4.1792,3.5324,4.8355,,21.4,15.98
2026-01-14,0.6682,1566.0,62.02,,,66.52,,,99.055,1.1644,3.75,1.3443,4635.7,1.849,605.55,2.64786,2.80071,,,,121.47,9315.56,4153.26,26999.81,5908.26,2928.07,3559.38,1479.39,4508.85,,25465.94,3.12,54341.23,4126.093,4741.93,91.385,6926.6,6.9701,6.9729,7.7977,158.46,4.132,3.5097,4.7838,,21.94,16.75
2026-01-15,0.6699,1532.0,59.19,,,63.76,,,99.321,1.1609,3.75,1.3381,4623.7,1.849,599.15,2.84857,2.90423,,,,121.09,9266.86,4136.72,26923.62,5828.35,2930.38,3556.84,1478.25,4518.15,,25547.08,3.128,54110.5,4112.601,4751.43,92.347,6944.47,6.9632,6.9671,7.7973,158.63,4.1694,3.5641,4.7959,,21.3,15.84
2026-01-16,0.6683,1567.0,59.44,,,64.13,,,99.393,1.1598,3.75,1.338,4595.4,1.841,583.1,2.84095,2.86244,,,,120.43,9220.81,4127.44,26844.96,5822.18,2930.84,3548.37,1484.97,4515.28,,25529.26,3.103,53936.17,4101.913,4731.87,88.537,6940.01,6.9678,6.9703,7.7969,158.12,4.2229,3.586,4.8365,,20.68,15.86
2026-01-19,0.6714,1650.0,,,,63.94,,,99.393,1.1646,3.75,1.3425,,1.838,,2.77673,2.84286,,,,120.87,9134.45,4082.86,26563.9,5749.98,2930.84,3548.37,1486.61,4509.41,,,,53583.57,4114.0,4734.46,,,6.9567,6.9641,7.7968,158.11,4.2229,3.586,4.8365,,20.69,18.84
2026-01-20,0.6737,1729.0,60.34,,,64.92,,,98.641,1.1725,3.75,1.3439,4765.8,1.84,581.25,2.75923,2.85589,,,,121.23,9094.76,4075.82,26487.51,5683.44,2925.39,3534.39,1480.63,4438.23,,24987.57,3.907,52991.1,4113.649,4718.88,94.636,6796.86,6.9557,6.9608,7.7989,158.15,4.2925,3.5968,4.9189,,20.35,20.09
2026-01-21,0.6762,1803.0,60.62,,,65.24,,,98.761,1.1685,3.75,1.3429,4837.5,1.832,576.8,2.72893,2.83273,,,,119.98,9122.95,4097.2,26585.06,5746.3,2931.06,3547.84,1480.35,4469.6,,25326.58,4.875,52774.64,4116.94,4723.07,92.637,6875.62,6.96,6.9648,7.7971,158.3,4.2428,3.5845,4.8621,,20.45,16.9
2026-01-22,0.684,1761.0,59.36,,,64.06,,,98.359,1.1755,3.75,1.3501,4913.4,1.835,577.9,2.80405,2.90566,,,,120.25,9114.3,4103.49,26629.96,5762.44,2935.22,3554.31,1495.16,4500.06,,25518.35,5.045,53688.89,4122.576,4723.71,96.372,6913.35,6.9643,6.9696,7.7969,158.41,4.2449,3.6058,4.8376,,19.99,15.64
2026-01-23,0.6894,1762.0,61.07,,,65.88,,,97.599,1.1828,3.75,1.3643,4979.7,1.828,594.75,2.79292,2.88506,,,,119.63,9160.81,4122.58,26749.51,5798.01,2933.91,3555.31,1501.11,4505.18,,25605.47,5.275,53846.87,4136.164,4702.5,101.333,6915.61,6.9494,6.9632,7.797,155.7,4.2252,3.594,4.8264,,20.08,16.09
2026-01-26,0.6917,1780.0,60.63,,,65.59,,,97.04,1.188,3.75,1.368,5082.5,1.824,602.05,2.78167,2.85637,,,,119.91,9147.21,4121.71,26765.52,5725.99,2935.2,3559.62,1509.35,4534.47,,25713.21,6.8,52885.25,4132.605,4706.96,115.504,6950.23,6.9488,6.9542,7.7976,154.18,4.2113,3.59,4.802,,20.19,16.15
2026-01-27,0.7011,1999.0,62.39,,,67.57,,,96.217,1.2041,3.75,1.3849,5082.6,1.83,586.15,2.74571,2.84786,,,,118.91,9244.88,4171.96,27126.95,5754.72,2934.79,3554.91,1528.89,4560.73,,25939.74,6.954,53333.54,4139.904,4705.69,105.957,6978.6,6.9337,6.9546,7.7993,152.21,4.2432,3.5731,4.8591,,20.45,16.35
2026-01-28,0.7041,2016.0,63.21,,,68.4,,,96.446,1.1954,3.75,1.3808,5303.6,1.819,592.5,2.66321,2.83917,,,,117.3,9512.24,4268.72,27826.91,5900.16,2932.35,3553.45,1556.8,4552.76,,26022.79,7.46,53358.71,4151.238,4717.99,113.534,6978.03,6.9437,6.9484,7.8013,153.41,4.2432,3.5712,4.855,,22.55,16.35
2026-01-29,0.7049,2002.0,65.42,,,70.71,,,96.283,1.1971,3.75,1.3809,5318.4,1.816,620.35,2.65,2.82298,,,,117.52,9552.58,4285.56,27968.09,5841.1,2929.31,3553.83,1554.78,4546.29,,25884.29,3.918,53375.6,4157.984,4753.87,114.429,6969.01,6.9447,6.9524,7.8056,153.11,4.2313,3.5591,4.853,,22.08,16.88
2026-01-30,0.6964,2148.0,65.21,,,70.69,,,96.991,1.1851,3.75,1.3686,4713.9,1.811,592.4,2.61357,2.82595,,,,118.56,9317.09,4196.05,27387.11,5718.18,2929.32,3551.52,1528.09,4527.59,,25552.39,4.354,53322.85,4117.948,4706.34,78.531,6939.03,6.9584,6.9569,7.8138,154.78,4.2355,3.5224,4.8725,,22.55,17.44
2026-01-31,,,,0.2,,,2.4,49.3,,,,,,,,,,1.1,,3.9,,,,,,,,,,52.6,,,,,,,,,,,,,,,4.3,,
2026-02-02,0.6948,2124.0,62.14,,,66.3,,,97.632,1.1791,3.75,1.3666,4622.5,1.819,582.55,2.53363,2.77441,,,,119.06,9080.19,4093.87,26775.57,5526.31,2931.98,3549.34,1493.91,4538.49,,25738.61,3.237,52655.18,4015.746,4605.98,77.009,6976.44,6.9426,6.9453,7.8105,155.63,4.2774,3.5716,4.9118,,24.4,16.34
2026-02-03,0.7021,2028.0,63.21,,,67.33,,,97.437,1.1819,3.75,1.3697,4903.7,1.815,608.65,2.51994,2.74839,,,,118.92,9053.11,4109.45,26834.77,5467.26,2931.11,3550.44,1536.0,4523.15,,25338.62,3.311,54720.66,4067.738,4660.11,83.301,6917.81,6.9351,6.9385,7.8131,155.75,4.2655,3.5696,4.8942,,23.4,18.0
2026-02-04,0.6998,1955.0,65.14,,,69.46,,,97.616,1.1807,3.75,1.3654,4920.4,1.817,585.0,2.49435,2.74179,,,,119.27,9048.38,4107.29,26847.32,5366.44,2930.06,3546.69,1532.67,4505.15,,24891.24,3.465,54293.36,4102.202,4698.68,84.396,6882.72,6.9412,6.9439,7.8127,156.86,4.2735,3.5532,4.917,,22.49,18.64
2026-02-05,0.6927,1936.0,63.29,,,67.55,,,97.824,1.1777,3.75,1.3531,4861.4,1.812,582.1,2.59452,2.7775,,,,119.33,9093.34,4111.43,26885.24,5406.13,2927.79,3561.79,1507.53,4452.13,,24548.69,3.509,53818.04,4075.917,4670.42,76.714,6798.4,6.9405,6.9384,7.8143,157.04,4.1801,3.4504,4.8407,,23.43,21.77
2026-02-06,0.7013,1923.0,63.55,,,68.05,,,97.633,1.1815,3.75,1.3611,4951.2,1.808,588.2,2.58815,2.78363,,,,119.44,9031.38,4060.82,26559.95,5346.2,2932.47,3560.63,1506.38,4528.99,,25075.77,3.422,54253.68,4065.583,4643.6,76.895,6932.3,6.9301,6.9358,7.8133,157.22,4.206,3.4976,4.851,,24.01,17.76
2026-02-09,0.7093,1895.0,64.36,,,69.04,,,96.816,1.1914,3.75,1.3693,5050.9,1.807,596.25,2.55,2.75625,,,,118.71,9168.33,4137.6,27027.16,5417.6,2936.26,3562.71,1539.54,4570.79,,25268.14,3.138,56363.94,4123.09,4719.06,82.234,6964.82,6.9152,6.9209,7.8157,155.88,4.2021,3.4851,4.8582,,23.02,17.36
2026-02-10,0.7075,1882.0,63.96,,,68.8,,,96.799,1.1895,3.75,1.3643,5003.8,1.807,591.35,2.50446,2.73363,,,,118.25,9242.75,4161.23,27183.15,5451.03,2938.81,3572.55,1549.73,4570.51,,25127.64,3.115,57650.54,4128.373,4724.3,80.384,6941.81,6.9121,6.9127,7.8183,154.39,4.1427,3.452,4.784,,22.03,17.79
2026-02-11,0.7127,1958.0,64.63,,,69.4,,,96.834,1.1872,3.75,1.3628,5071.6,1.799,596.55,2.48268,2.70375,,,,118.11,9268.18,4175.91,27266.38,5499.99,2938.07,3566.43,1564.48,4568.94,,25201.26,3.159,,4131.985,4713.82,83.92,6941.47,6.9095,6.9121,7.8179,153.26,4.1724,3.5099,4.8072,,21.38,17.65
2026-02-12,0.709,2095.0,62.84,,,67.52,,,96.925,1.1871,3.75,1.3622,4923.7,1.779,578.55,2.5,2.68577,,,,117.19,9175.18,4144.4,27032.54,5408.98,2936.58,3583.52,1570.44,4515.82,,24687.61,3.217,57639.84,4134.018,4719.58,75.682,6832.76,6.8981,6.9017,7.8163,152.74,4.0981,3.4559,4.7328,,21.27,20.82
2026-02-13,0.7073,2083.0,62.89,,,67.75,,,96.915,1.1868,3.75,1.3651,5022.0,1.788,580.3,2.51464,2.68649,,,,117.42,9032.71,4078.75,26567.12,5360.42,2935.86,3589.2,1555.12,4509.69,,24732.73,3.243,56941.97,4082.073,4660.41,77.964,6836.17,6.9012,6.9049,7.8166,152.7,4.0483,3.4076,4.6943,,23.28,20.6
2026-02-16,0.7072,2100.0,,,,68.65,,,96.915,1.1851,3.75,1.3629,,,,2.45792,2.67887,,,,116.21,9070.32,4094.0,26705.94,5367.52,2935.86,3589.2,1557.86,4508.07,,,,56806.41,,,,,6.8844,,7.8155,153.47,4.0483,3.4076,4.6943,,24.27,21.2
2026-02-17,0.7086,2095.0,62.33,,,67.42,,,97.155,1.1855,3.75,1.3568,4882.9,,564.25,,,,,,,,,,,2936.23,3590.74,1555.7,4507.95,,24701.6,3.031,56566.49,,,73.54,6843.22,6.8852,,7.8154,153.31,4.0578,3.4325,4.6885,,,20.29
2026-02-18,0.7042,2063.0,65.19,,,70.35,,,97.703,1.1783,3.75,1.3495,4986.5,,580.3,,,,,,,,,,,2940.69,3588.09,1560.88,4541.48,,24898.87,3.011,57143.84,,,77.598,6881.31,6.8921,,7.8141,154.81,4.0827,3.4595,4.706,,,19.62
2026-02-19,0.7056,2019.0,66.43,,,71.66,,,97.925,1.1773,3.75,1.3465,4975.9,,573.85,,,,,,,,,,,2940.46,3589.95,1563.34,4528.33,,24797.34,2.996,57467.83,,,77.634,6861.89,6.9002,,7.8144,155.01,4.0673,3.4573,4.6982,,,20.23
2026-02-20,0.7081,2043.0,66.39,,,71.76,,,97.796,1.1784,3.75,1.348,5059.3,,583.9,2.47673,2.67512,,,,116.4,8959.56,4051.53,26413.35,5211.5,2941.22,3589.96,1567.23,4555.11,,25012.62,3.047,56825.7,,,82.343,6909.51,6.8978,,7.8146,155.05,4.0826,3.4781,4.7235,,24.36,19.09
2026-02-23,0.7056,2112.0,66.31,,,71.49,,,97.706,1.1785,3.75,1.3492,5204.7,,578.05,2.43952,2.63887,,,,113.68,9197.38,4148.74,27081.91,5385.35,2939.55,3593.97,1582.7,4517.31,,24708.94,2.985,,,,86.573,6837.75,6.8879,,7.8194,154.65,4.0309,3.438,4.702,,24.61,21.01
2026-02-24,0.7058,2129.0,65.63,,,70.77,,,97.843,1.1772,3.75,1.3489,5155.8,1.798,593.05,2.34238,2.58887,,,,116.99,9007.86,4078.66,26590.32,5270.7,2937.81,3592.43,1591.64,4540.38,,24977.04,2.915,57321.09,4117.409,4707.54,87.506,6890.07,6.8793,6.8823,7.8231,155.87,4.029,3.4611,4.6817,,24.47,19.55
2026-02-25,0.7123,2121.0,65.42,,,70.85,,,97.7,1.181,3.75,1.3559,5206.4,1.812,598.55,2.35375,2.57679,,,,116.84,9034.75,4104.29,26765.72,5260.5,2939.31,3591.74,1614.58,4578.08,,25329.04,2.969,58583.12,4147.23,4735.89,90.988,6946.13,6.8538,6.8612,7.8203,156.37,4.0519,3.471,4.6971,,23.09,17.93
2026-02-26,0.7105,2117.0,65.21,,,70.75,,,97.791,1.1797,3.75,1.3482,5194.2,1.823,594.7,2.4322,2.6,,,,118.81,8814.29,4035.18,26381.02,5109.33,2938.64,3593.56,1619.28,4565.87,,25034.37,2.827,58753.39,4146.631,4726.87,86.998,6908.86,6.8444,6.8475,7.8235,156.13,4.0041,3.428,4.6565,,23.28,18.63
2026-02-27,0.7118,2140.0,67.02,,,72.48,,,97.608,1.1812,3.75,1.3482,5247.9,1.809,600.45,2.41321,2.58363,,,,118.17,8859.49,4068.51,26630.54,5137.84,2934.74,3597.34,1610.7,4556.79,,24960.04,2.859,58850.27,4162.881,4710.65,92.682,6878.88,6.8625,6.8624,7.8233,156.05,3.9375,3.3749,4.6106,,22.18,19.86
2026-02-28,,,,1.3,,,2.4,49.0,,,,,,,,,,1.7,,3.8,,,,,,,,,,52.4,,,,,,,,,,,,,,,4.4,,
2026-03-02,0.7093,2187.0,71.23,,,77.74,,,98.381,1.1688,3.75,1.3407,5311.6,1.801,589.45,2.35518,2.52887,,,,120.04,8701.91,3979.49,26059.85,4989.37,2931.83,3582.02,1585.78,4532.51,,24992.6,2.96,58057.24,4182.591,4728.67,88.284,6881.62,6.901,6.9051,7.8213,157.39,4.0345,3.4752,4.6797,,25.47,21.44
2026-03-03,0.7036,2242.0,74.56,,,81.4,,,99.052,1.1613,3.75,1.3358,5123.7,1.804,577.35,2.30446,2.48577,,,,121.45,8608.71,3916.8,25768.08,4876.53,2927.26,3581.44,1527.62,4456.84,,24720.08,3.054,56279.05,4122.676,4655.9,82.923,6816.63,6.9194,6.9181,7.805,157.74,4.0594,3.5081,4.7039,,26.25,23.57
2026-03-04,0.7075,2233.0,74.66,,,81.4,,,98.769,1.1634,3.75,1.3375,5134.7,1.797,585.5,2.41399,2.59202,,,,121.99,8483.95,3840.04,25249.48,4829.5,2936.09,3582.12,1472.03,4487.45,,25093.68,2.917,54245.54,4082.474,4602.63,82.633,6869.5,6.8951,6.8971,7.8181,157.06,4.0959,3.5473,4.7341,,28.42,21.15
2026-03-05,0.7008,2138.0,81.01,,,85.41,,,99.317,1.1609,3.75,1.3357,5078.7,1.795,575.3,2.31179,2.58435,,,,122.29,8451.43,3848.23,25321.34,4796.33,2931.99,3570.84,1503.53,4458.16,,25020.41,3.003,55278.06,4108.567,4647.69,81.687,6830.71,6.918,6.9113,7.8193,157.59,4.1363,3.5764,4.7528,,26.55,23.75
2026-03-06,0.703,2010.0,90.9,,,92.69,,,98.986,1.1618,3.75,1.3413,5158.7,1.801,575.7,2.19613,2.46589,,,,121.26,8628.13,3914.33,25757.29,4947.5,2921.97,3563.31,1499.72,4407.04,,24643.01,3.186,55620.84,4124.194,4660.44,83.816,6740.02,6.903,6.9047,7.8223,157.78,4.1383,3.5605,4.7567,,26.73,29.49
2026-03-09,0.7076,2066.0,94.77,,,98.96,,,99.175,1.1636,3.75,1.3437,5103.7,1.82,580.05,2.04524,2.4303,,,,122.55,8581.46,3859.31,25408.46,4941.73,2921.38,3574.89,1454.57,4417.8,,24967.25,3.12,52728.72,4096.603,4615.46,84.032,6795.99,6.8875,6.907,7.8212,157.67,4.0958,3.5359,4.7136,,28.92,25.5
2026-03-10,0.712,1919.0,83.45,,,87.8,,,98.826,1.1611,3.75,1.3418,5242.1,1.819,590.4,2.02083,2.38917,,,,122.1,8710.26,3956.36,25959.9,5060.53,2928.26,3561.75,1504.33,4438.01,,24956.47,3.02,54248.39,4123.138,4674.76,89.083,6781.48,6.879,6.8685,7.8242,158.05,4.1557,3.59,4.7903,,25.6,24.93
2026-03-11,0.7152,1926.0,87.25,,,91.98,,,99.231,1.1567,3.75,1.3412,5179.1,1.823,584.55,2.02982,2.36185,,,,122.37,8704.52,3951.42,25898.76,5054.85,2923.08,3537.57,1516.47,4426.04,,24965.01,3.209,55025.37,4133.433,4704.5,85.065,6775.8,6.8767,6.8741,7.8255,158.95,4.2296,3.6527,4.8785,,25.24,24.23
2026-03-12,0.7077,1972.0,95.73,,,100.46,,,99.739,1.1512,3.75,1.3343,5125.8,1.82,582.45,2.02982,2.37226,,,,122.21,8699.55,3918.3,25716.76,5027.64,2910.56,3520.72,1492.11,4362.71,,24533.58,3.233,54452.96,4129.103,4687.56,84.67,6672.62,6.8813,6.8808,7.8267,159.35,4.2609,3.7407,4.8816,,25.56,27.29
2026-03-13,0.6981,2028.0,98.71,,,103.14,,,100.362,1.1417,3.75,1.323,5061.7,1.827,571.45,2.07583,2.37744,,,,122.17,8671.48,3874.31,25465.6,4978.08,2899.5,3511.95,1469.47,4329.54,,24380.73,3.131,53819.61,4095.448,4669.14,80.914,6632.19,6.9065,6.9037,7.8284,159.73,4.2767,3.7169,4.9039,,26.42,27.19
2026-03-16,0.7072,2038.0,93.5,,,100.21,,,99.712,1.1505,3.75,1.332,5002.2,1.846,579.05,2.05637,2.36464,,,,120.37,8816.32,3922.91,25834.02,5111.78,2906.3,3524.91,1479.35,4369.53,,24655.34,3.023,53751.15,4084.786,4671.56,80.263,6699.38,6.889,6.8906,7.8303,159.07,4.216,3.6711,4.8664,,24.97,23.51
2026-03-17,0.7105,2024.0,96.21,,,103.42,,,99.575,1.154,3.75,1.3356,5008.2,1.841,572.65,2.08173,2.35446,,,,121.1,8826.73,3923.7,25868.54,5107.64,2912.69,3537.09,1495.43,4387.33,,24780.42,3.033,53700.39,4049.907,4637.44,79.53,6716.09,6.883,6.8848,7.8362,159.0,4.1985,3.6736,4.8402,,23.62,22.37
2026-03-18,0.7024,2064.0,96.32,,,107.38,,,100.086,1.1452,3.75,1.3257,4896.2,1.832,555.4,2.07298,2.34,,,,120.91,8835.5,3952.42,26025.42,5108.3,2907.99,3526.9,1517.45,4341.48,,24425.09,3.065,55239.4,4062.984,4658.33,77.238,6624.7,6.9004,6.8878,7.8384,159.86,4.265,3.7729,4.8806,,22.85,25.09
2026-03-19,0.7087,2057.0,96.14,,,108.65,,,99.232,1.1589,3.75,1.3431,4605.7,1.84,543.3,2.05446,2.3506,,,,121.12,8695.88,3849.77,25500.58,4996.28,2901.92,3532.36,1476.21,4307.01,,24355.28,3.166,53372.53,4006.552,4583.25,70.902,6606.49,6.8782,6.8909,7.8337,157.73,4.2493,3.7924,4.8372,,24.41,24.06
2026-03-20,0.7023,2056.0,98.32,,,112.19,,,99.647,1.1572,3.75,1.3341,4574.9,1.839,534.25,2.02375,2.34238,,,,119.81,8574.07,3808.79,25277.32,4872.38,2890.57,3502.62,1463.33,4244.09,,23898.15,3.095,,3957.053,4567.02,69.36,6506.48,6.9067,6.9036,7.8331,159.23,4.3796,3.9001,4.9377,,24.1,26.78
2026-03-23,0.7011,2037.0,88.13,,,99.94,,,98.95,1.1613,3.75,1.3431,4407.3,1.843,543.95,1.95107,2.32911,,,,120.79,8307.82,3675.66,24382.47,4712.48,2900.39,3518.55,1419.95,4278.67,,24188.59,2.891,51515.49,3813.283,4418.0,69.049,6581.0,6.8841,6.8838,7.8339,158.44,4.342,3.8519,4.9131,,28.84,26.15
2026-03-24,0.6996,1989.0,92.35,,,104.49,,,99.434,1.1608,3.75,1.3411,4402.0,1.837,542.25,1.95,2.30113,,,,120.06,8499.53,3780.95,25063.71,4830.89,2896.57,3512.37,1443.9,4273.8,,24002.45,2.943,52252.28,3881.28,4474.72,69.274,6556.37,6.8938,6.8938,7.8269,158.7,4.3599,3.8887,4.9274,,27.11,26.95
2026-03-25,0.6947,2001.0,90.32,,,102.22,,,99.599,1.1559,3.75,1.3365,4552.3,1.825,552.9,2.12548,2.3431,,,,119.51,8582.74,3824.66,25335.95,4922.94,2903.53,3526.43,1472.58,4309.89,,24162.98,2.952,53749.62,3931.837,4537.47,72.361,6591.9,6.9028,6.9026,7.8185,159.47,4.3322,3.8852,4.9009,,26.81,25.33
2026-03-26,0.6886,2014.0,94.48,,,108.01,,,99.9,1.1527,3.75,1.333,4376.3,1.82,544.65,2.41316,2.51679,,,,121.1,8389.93,3745.27,24856.43,4761.54,2890.99,3502.6,1448.41,4241.31,,23586.99,2.999,53603.65,3889.083,4477.53,67.671,6477.16,6.9203,6.914,7.8257,159.81,4.4117,3.9858,4.9326,,28.89,27.44
2026-03-27,0.6874,2031.0,99.64,,,112.57,,,100.151,1.1509,3.75,1.3259,4492.5,1.818,546.7,2.44786,2.53119,,,,120.48,8453.77,3761.43,24951.88,4778.01,2876.88,3494.41,1437.25,4180.83,,23132.77,3.095,53373.07,3913.724,4502.57,69.545,6368.85,6.92,6.9112,7.8323,160.31,4.4278,3.9119,4.9645,,28.02,31.05
2026-03-30,0.6853,2017.0,102.88,,,112.78,,,100.509,1.1465,3.75,1.3186,4526.0,1.808,550.2,2.28292,2.41179,,,,120.82,8399.12,3727.78,24750.79,4690.08,2882.4,3513.95,1412.19,4163.77,,22953.38,2.887,51885.85,3923.287,4491.95,70.569,6343.72,6.9163,6.9125,7.8358,159.71,4.3482,3.8279,4.9111,,29.22,30.61
2026-03-31,0.69,1995.0,101.38,1.0,5.0,118.35,3.3,50.4,99.961,1.1553,3.75,1.3227,4647.6,1.816,561.4,2.23506,2.35661,1.7,5.9,3.7,121.29,8374.3,3721.24,24788.14,4649.82,2900.04,3526.16,1397.2,4258.31,52.7,23740.19,2.884,51063.72,3891.861,4450.05,74.919,6528.52,6.8892,6.8944,7.8396,158.72,4.3166,3.793,4.9101,4.3,27.85,25.25
2026-04-01,0.6928,2030.0,100.12,,,101.16,,,99.651,1.1589,3.75,1.3305,4783.2,1.818,564.65,1.97655,2.26214,,,,120.89,8504.81,3813.67,25294.03,4756.45,2911.03,3530.57,1457.59,4321.91,,24019.99,2.819,53739.68,3948.552,4526.07,76.078,6575.32,6.8774,6.8755,7.838,158.82,4.3186,3.801,4.8978,,25.6,24.54
2026-04-02,0.691,2066.0,111.54,,,109.03,,,100.028,1.1539,3.75,1.3227,4651.5,1.816,558.35,1.98601,2.28268,,,,120.41,8456.92,3785.76,25116.53,4679.1,2911.53,3540.69,1434.48,4313.61,,24045.53,2.8,52463.27,3919.285,4478.91,72.924,6582.69,6.8901,6.8851,7.8381,159.6,4.3049,3.7963,4.8795,,26.08,23.87
2026-04-03,0.6895,,111.54,,,,,,100.028,1.1519,3.75,1.3202,4651.5,1.816,558.35,,,,,,119.19,,,,,2911.72,3532.82,1440.95,4316.09,,,2.8,53123.49,3880.097,4440.79,72.924,,6.8859,6.8818,7.8386,159.67,4.3406,3.8395,4.905,,,
2026-04-06,0.6918,,112.41,,,109.77,,,99.981,1.1541,3.75,1.3235,4656.8,,560.1,,,,,,,,,,,2919.15,3540.57,1449.99,4329.54,,24192.17,2.811,53413.68,,,72.847,6611.83,6.8747,,7.8376,159.68,4.3307,3.8478,4.8866,,,24.17
2026-04-07,0.6974,2095.0,112.95,,,109.27,,,99.858,1.1595,3.75,1.3291,4657.1,1.811,556.3,,,,,,118.62,,,,,2918.54,3541.77,1459.53,4327.93,,24202.37,2.87,53429.56,3890.165,4440.62,71.987,6616.85,6.8554,6.8629,7.8362,159.62,4.2931,3.7877,4.8704,,,25.78
2026-04-08,0.7044,2139.0,94.41,,,94.75,,,99.133,1.1663,3.75,1.3394,4749.5,1.811,577.7,2.07798,2.34595,,,,119.47,8677.31,3917.03,25893.02,4923.25,2937.42,3553.8,1539.59,4458.39,,24903.17,2.724,56308.42,3994.998,4595.56,75.385,6782.81,6.833,6.8327,7.8325,158.57,4.2911,3.7855,4.8826,,23.66,21.04
2026-04-09,0.7082,2161.0,97.87,,,95.92,,,98.819,1.1699,3.75,1.3436,4792.2,1.814,576.45,2.32321,2.42798,,,,118.95,8611.83,3893.34,25752.4,4821.67,2941.55,3553.73,1528.6,4470.41,,25082.09,2.67,55895.32,3966.171,4566.22,76.438,6824.66,6.8281,6.8307,7.8344,158.96,4.2754,3.7667,4.8806,,23.48,19.49
2026-04-10,0.7064,2201.0,96.57,,,95.2,,,98.65,1.1723,3.75,1.3462,4761.9,1.811,588.6,2.24024,2.4,,,,118.2,8655.04,3915.37,25893.54,4860.26,2937.91,3548.91,1547.49,4473.96,,25116.34,2.648,56924.11,3986.225,4636.56,76.48,6816.89,6.8258,6.8292,7.8309,159.27,4.317,3.7952,4.9091,,22.51,19.23
2026-04-13,0.7095,2250.0,99.08,,,99.36,,,98.366,1.1759,3.75,1.3506,4742.4,1.798,599.05,2.23244,2.4303,,,,118.5,8602.06,3877.6,25660.85,4822.01,2940.13,3557.71,1536.01,4503.84,,25383.72,2.627,56502.77,3988.558,4646.16,75.665,6886.24,6.8197,6.8302,7.8307,159.45,4.2933,3.7722,4.8968,,23.13,19.12
2026-04-14,0.7126,2354.0,91.28,,,94.79,,,98.124,1.1796,3.75,1.3567,4825.0,1.788,608.35,2.30976,2.45494,,,,119.13,8671.61,3908.73,25872.32,4851.96,2950.43,3570.52,1565.04,4563.68,,25842.0,2.599,57877.39,4026.625,4701.28,79.533,6967.38,6.8108,6.8158,7.8334,158.79,4.2479,3.7449,4.8603,,21.53,18.36
2026-04-15,0.717,2484.0,91.29,,,94.93,,,98.055,1.1799,3.75,1.3561,4800.0,1.783,608.5,2.29649,2.44792,,,,119.51,8718.26,3929.8,25947.32,4911.79,2950.54,3565.63,1583.38,4587.93,,26204.58,2.61,58134.24,4027.209,4685.25,79.628,7022.95,6.8181,6.819,7.8341,159.0,4.2834,3.7614,4.8979,,21.22,18.17
2026-04-16,0.7161,2523.0,94.69,,,99.39,,,98.215,1.1781,3.75,1.3527,4785.4,1.781,607.65,2.34571,2.47583,,,,118.0,8905.11,4001.43,26394.26,5092.08,2949.37,3557.15,1603.26,4595.65,,26333.0,2.647,59518.34,4055.547,4736.61,78.71,7041.28,6.8229,6.8226,7.8248,159.17,4.3112,3.7737,4.9326,,21.62,17.94
2026-04-17,0.7174,2567.0,83.85,,,90.38,,,98.098,1.1765,3.75,1.3516,4857.6,1.771,611.45,2.55143,2.60411,,,,118.38,8845.02,3967.73,26160.33,5042.68,2957.3,3572.82,1597.13,4650.4,,26672.43,2.674,58475.9,4051.425,4728.67,81.842,7126.06,6.816,6.8182,7.832,158.64,4.248,3.7082,4.8836,,20.89,17.48
2026-04-20,0.7178,2633.0,89.61,,,95.48,,,98.097,1.1788,3.75,1.3535,4806.6,1.767,604.6,2.43577,2.58506,,,,118.14,8899.06,3995.96,26361.07,5065.63,2956.0,3571.63,1600.38,4635.56,,26590.34,2.689,58824.89,4082.127,4757.44,80.038,7109.14,6.8158,6.8173,7.8302,158.81,4.251,3.7205,4.8786,,22.18,18.87
2026-04-21,0.7152,2640.0,92.13,,,98.48,,,98.394,1.1744,3.75,1.3508,4698.4,1.754,601.05,2.44286,2.57155,,,,117.44,8943.54,4011.32,26487.48,5061.5,2952.25,3560.89,1615.48,4602.53,,26479.47,2.697,59349.17,4085.077,4768.0,76.488,7064.01,6.8286,6.8265,7.8304,159.37,4.2916,3.7791,4.8999,,21.67,19.5
2026-04-22,0.716,2675.0,92.96,,,101.91,,,98.59,1.1705,3.75,1.3502,4732.5,1.729,612.85,2.47631,2.56923,,,,118.4,8801.78,3961.51,26163.24,4963.94,2953.48,3566.04,1607.07,4629.58,,26937.27,2.722,59585.86,4106.258,4799.63,77.961,7137.9,6.832,6.8289,7.8332,159.48,4.3025,3.7979,4.904,,20.89,18.92
2026-04-23,0.7128,2673.0,95.85,,,105.07,,,98.77,1.1683,3.75,1.3467,4705.1,1.756,608.15,2.48577,2.60429,,,,118.22,8732.63,3915.58,25915.2,4865.52,2950.54,3560.21,1599.31,4613.01,,26782.63,2.614,59140.23,4093.25,4786.33,75.504,7108.4,6.8356,6.8313,7.8323,159.71,4.3244,3.8337,4.9112,,21.14,19.31
2026-04-24,0.7152,2665.0,94.4,,,105.33,,,98.533,1.1722,3.75,1.3532,4722.3,1.758,602.7,2.48815,2.60661,,,,117.96,8775.62,3921.99,25978.07,4902.2,2951.72,3563.29,1610.0,4632.83,,27303.67,2.523,59716.18,4079.9,4769.37,76.414,7165.08,6.8346,6.832,7.8356,159.38,4.3007,3.7783,4.9071,,20.76,18.71
2026-04-27,0.7186,2666.0,96.37,,,108.23,,,98.496,1.1721,3.75,1.3535,4675.4,1.763,602.1,2.45732,2.60411,,,,118.04,8756.32,3907.28,25925.65,4939.84,2953.53,3555.1,1629.94,4638.77,,27305.68,2.55,60537.36,4086.344,4770.95,75.025,7173.91,6.8262,6.8266,7.8372,159.42,4.3395,3.7972,4.9461,,20.69,18.02
2026-04-28,0.7181,2677.0,99.93,,,111.26,,,98.64,1.1712,3.75,1.3517,4591.5,1.76,591.75,2.43667,2.61054,,,,119.42,8644.81,3867.48,25679.78,4827.19,2950.28,3552.86,1616.88,4614.35,,27029.01,2.559,59917.46,4078.637,4758.21,73.219,7138.8,6.8402,6.8376,7.836,159.62,4.3455,3.836,4.9337,,20.52,17.83
2026-04-29,0.7116,2670.0,106.88,,,118.03,,,98.961,1.1677,3.75,1.3475,4561.5,1.747,587.85,2.43387,2.60566,,,,119.03,8805.6,3931.19,26111.84,4910.02,2945.34,3538.72,1618.42,4606.78,,27186.98,2.647,,4107.514,4810.35,71.569,7135.95,6.8474,6.8404,7.8372,160.41,4.4298,3.9468,5.0011,,20.13,18.81
2026-04-30,0.7201,2686.0,105.07,1.2,,114.01,3.8,50.3,98.056,1.1731,3.75,1.3604,4629.6,1.752,592.6,2.44238,2.60494,1.7,,3.7,120.55,8681.83,3873.84,25776.53,4871.32,2949.11,3542.11,1600.21,4660.7,52.7,27452.12,2.767,59284.92,4112.159,4807.31,73.534,7209.01,6.832,6.8281,7.8323,156.59,4.3706,3.8689,4.9657,4.3,21.29,16.89
2026-05-01,0.7202,2730.0,101.94,,,108.17,,,98.156,1.1721,3.75,1.3583,4644.5,,593.2,,,,,,,,,,,2953.13,3547.31,1601.42,4674.25,,27710.36,2.78,59513.12,,,75.951,7230.12,6.831,,7.8347,157.01,4.3698,3.8775,4.9585,,,16.99
2026-05-04,0.7167,,106.42,,,114.44,,,98.374,1.1691,3.75,1.3532,4533.3,,579.5,2.4431,2.60708,,,,119.25,8774.39,3930.32,26095.88,4976.7,2948.01,3536.38,1648.61,4647.1,,27651.82,2.867,,,,73.072,7200.75,6.8309,,7.8327,157.24,4.4382,3.952,5.0147,,20.94,18.29
2026-05-05,0.7183,2832.0,102.27,,,109.87,,,98.444,1.1693,3.75,1.3541,4568.5,,594.3,2.48887,2.62024,,,,119.47,8730.49,3897.27,25898.61,4929.68,2949.89,3547.54,1648.36,4676.86,,28015.06,2.788,,,,73.108,7259.22,6.8276,,7.836,157.88,4.4241,3.9398,4.9876,,21.14,17.38
2026-05-06,0.7237,2991.0,95.08,,,101.27,,,98.023,1.1748,3.75,1.3593,4694.3,1.763,613.65,2.47845,2.6431,,,,119.06,8800.75,3940.54,26213.78,4969.2,2957.79,3563.12,1699.48,4753.71,,28599.17,2.73,,4160.174,4877.09,76.811,7365.12,6.8138,6.8125,7.8356,156.39,4.3489,3.8654,4.9358,,21.12,17.39
2026-05-07,0.7209,3034.0,94.81,,,100.06,,,98.067,1.1726,3.75,1.3555,4710.9,1.759,612.75,2.5147,2.70982,,,,118.54,8919.48,4017.63,26626.28,5121.1,2953.72,3551.84,1723.92,4740.91,,28563.95,2.769,62833.84,4180.092,4900.51,79.701,7337.11,6.8087,6.8041,7.8329,156.93,4.3861,3.9112,4.9606,,21.21,17.08
2026-05-08,0.7246,2978.0,95.42,,,101.29,,,97.9,1.1787,3.75,1.3631,4730.7,1.76,624.9,2.61613,2.8,,,,119.06,8889.07,3983.3,26393.71,5102.79,2954.55,3560.64,1711.25,4757.3,,29234.99,2.757,62713.65,4179.953,4871.91,80.395,7398.93,6.7971,6.8005,7.8294,156.68,4.3541,3.8846,4.9338,,21.58,17.19
2026-05-11,0.7249,3001.0,98.07,,,104.21,,,97.955,1.1783,3.75,1.361,4728.7,1.765,641.35,2.68387,2.85637,,,,119.19,8884.2,3978.38,26406.84,5106.4,2953.29,3554.27,1723.83,4765.42,,29320.66,2.91,62417.88,4225.021,4951.84,85.485,7412.84,6.7919,6.7955,7.8286,157.19,4.4134,3.9536,4.9855,,21.91,18.38
2026-05-12,0.724,3063.0,102.18,,,107.77,,,98.298,1.1739,3.75,1.354,4686.7,1.762,648.5,2.7,2.87536,,,,118.47,8882.37,3962.06,26347.91,5070.61,2946.51,3543.87,1698.92,4750.8,,29064.8,2.843,62742.57,4214.489,4948.05,85.13,7400.96,6.7908,6.7969,7.8288,157.63,4.463,3.9914,5.0242,,22.1,17.99
2026-05-13,0.7258,3189.0,101.02,,,105.63,,,98.524,1.1711,3.75,1.3523,4706.7,1.753,663.55,2.7,2.90018,,,,118.18,8876.38,3966.63,26388.44,5093.85,2947.75,3545.95,1705.24,4777.74,,29366.94,2.864,63272.11,4242.572,4998.34,88.888,7444.25,6.7874,6.7906,7.8301,157.86,4.4688,3.9791,5.0337,,21.88,17.87
2026-05-14,0.7221,3195.0,101.17,,,105.72,,,98.819,1.1669,3.75,1.3403,4685.3,1.752,656.75,2.65518,2.88458,,,,117.92,8858.63,3959.22,26389.04,5076.2,2950.4,3546.1,1716.75,4806.35,,29580.3,2.894,62654.05,4177.917,4914.6,84.912,7501.24,6.7867,6.7872,7.8326,158.37,4.4816,4.0172,5.0264,,21.53,17.26
2026-05-15,0.715,3151.0,105.42,,,109.26,,,99.284,1.1625,3.75,1.3326,4561.9,1.764,625.15,2.63881,2.88315,,,,118.14,8691.03,3890.29,25962.73,4941.14,2940.12,3523.74,1668.17,4741.61,,29125.2,2.96,61409.29,4135.389,4859.59,77.161,7408.5,6.8139,6.8127,7.8308,158.74,4.5934,4.0687,5.1157,,21.01,18.43
2026-05-18,0.7168,3092.0,108.66,,,112.1,,,99.193,1.1656,3.75,1.3434,4558.0,1.751,627.2,2.62619,2.88458,,,,118.52,8597.97,3843.99,25675.18,4844.94,2938.68,3523.61,1662.94,4739.86,,28994.37,3.024,60815.95,4131.528,4833.52,77.073,7403.05,6.7993,6.8001,7.8304,158.82,4.5874,4.0438,5.123,,20.7,17.82
2026-05-19,0.7107,3054.0,107.77,,,111.28,,,99.327,1.1605,3.75,1.3395,4511.2,1.745,616.5,2.6,2.84857,,,,119.47,8639.96,3861.39,25797.85,4857.46,2932.88,3509.97,1638.75,4717.73,,28818.84,3.114,60550.59,4169.538,4852.88,74.828,7353.61,6.8169,6.8136,7.8333,159.07,4.6663,4.1182,5.1806,,19.84,18.06
2026-05-20,0.7151,3005.0,98.26,,,105.02,,,99.092,1.1624,3.75,1.3435,4535.3,1.747,629.05,2.57262,2.80994,,,,118.95,8605.13,3839.23,25651.12,4873.82,2942.92,3530.45,1637.34,4766.67,,29297.7,3.004,59804.41,4162.185,4850.7,75.851,7432.97,6.8022,6.7988,7.8335,158.92,4.5855,4.0551,5.123,,19.62,17.44
2026-05-21,0.715,2964.0,96.35,,,102.58,,,99.257,1.1619,3.75,1.3431,4542.5,1.752,625.7,2.59268,2.82964,,,,118.84,8475.32,3791.18,25386.52,4768.9,2945.33,3534.32,1675.52,4777.49,,29357.27,3.018,61684.14,4077.277,4783.1,76.414,7445.72,6.8001,6.8014,7.8341,158.98,4.5696,4.083,5.0919,,19.97,16.76
2026-05-22,0.7127,2991.0,96.6,,,103.54,,,99.239,1.1603,3.75,1.3433,4523.2,1.753,634.2,2.6,2.8431,,,,118.31,8550.87,3824.54,25606.03,4869.57,2947.35,3534.75,1686.05,4801.11,,29481.64,2.907,63339.07,4112.899,4845.1,75.893,7473.47,6.7983,6.7963,7.8354,159.18,4.5578,4.121,5.0641,,18.81,16.7
2026-05-25,0.7173,,,,,96.14,,,99.239,1.1644,3.75,1.3504,,1.751,,,,,,,118.78,,,,,2947.35,3534.75,1711.41,4818.68,,,,65158.19,4152.568,4921.6,,,6.7844,6.7832,7.8343,158.91,,,,,,16.59
2026-05-26,0.7169,3085.0,93.89,,,99.58,,,99.169,1.1631,3.75,1.3446,4502.3,1.749,636.1,2.57298,2.85375,,,,119.61,8576.89,3826.48,25599.45,4946.88,2955.71,3552.58,1720.41,4831.2,,30001.32,2.894,64996.09,4145.373,4947.85,76.305,7519.12,6.7852,6.7861,7.8361,159.3,4.4846,4.0317,5.0181,,18.88,17.01
2026-05-27,0.7141,3124.0,88.68,,,94.29,,,99.206,1.1626,3.75,1.3427,4448.4,1.736,630.5,2.6,2.83387,,,,119.02,8463.02,3788.38,25328.23,4907.57,2957.51,3555.4,1739.13,4828.11,,29973.57,3.04,64999.41,4093.727,4908.17,74.599,7520.36,6.779,6.7792,7.8346,159.52,4.4827,4.0328,5.011,,18.71,16.29
2026-05-28,0.7163,3226.0,88.9,,,93.71,,,99.02,1.1651,3.75,1.3445,4499.3,1.724,642.6,2.65143,2.87083,,,,119.27,8364.41,3736.66,25006.16,4888.58,2960.01,3563.83,1724.69,4845.74,,30223.89,3.285,64693.12,4098.636,4914.21,75.912,7563.63,6.7731,6.7757,7.8339,159.24,4.4473,4.0205,4.9726,,19.48,15.74
2026-05-29,0.7185,3224.0,87.36,,,92.05,,,98.942,1.1659,3.75,1.3456,4560.5,1.72,638.9,2.60923,2.82708,,,,119.08,8425.82,3758.77,25182.39,4884.23,2963.58,3568.9,1752.15,4864.59,,30333.18,3.29,66329.5,4068.569,4892.12,75.875,7580.06,6.7635,6.7663,7.8366,159.27,4.4355,4.0041,4.9716,,19.15,15.32
2026-05-31,,,,1.2,,,4.2,50.0,,,,,,,,,,2.0,,3.7,,,,,,,,,,54.0,,,,,,,,,,,,,,,4.3,,
2026-06-01,0.7159,3222.0,92.16,,,94.98,,,99.201,1.1631,3.75,1.3454,4475.2,1.707,655.25,2.57155,2.8,,,,118.59,8507.87,3792.58,25398.18,4964.92,2961.91,3566.74,1773.23,4861.14,,30513.86,3.179,66934.33,4057.74,4844.26,75.254,7599.96,6.7653,6.767,7.8376,159.66,4.4532,4.0328,4.9696,,19.78,16.05
2026-06-02,0.718,3205.0,93.76,,,96.0,,,99.219,1.1631,3.75,1.3466,4489.1,1.703,667.65,2.58387,2.77042,,,,117.83,8762.97,3890.02,26038.32,5199.28,2963.55,3568.14,1789.14,4878.87,,30660.6,3.167,66734.24,4075.102,4914.56,75.556,7609.78,6.7623,6.7638,7.837,159.91,4.4433,4.0431,4.9555,,21.51,15.77
2026-06-03,0.7129,3124.0,96.02,,,97.81,,,99.529,1.1597,3.75,1.3418,4436.7,1.718,650.75,2.6,2.75494,,,,118.03,8596.59,3829.71,25633.21,5056.97,2958.06,3559.55,1787.88,4847.27,,30571.24,3.214,68402.13,4083.974,4938.81,73.694,7553.68,6.7803,6.7785,7.837,160.07,4.4946,4.0824,4.9917,,20.9,16.06
2026-06-04,0.7134,3037.0,93.04,,,95.03,,,99.413,1.1611,3.75,1.3424,4475.8,1.71,653.5,2.6403,2.82405,,,,118.91,8501.91,3775.21,25253.4,4975.36,2960.28,3564.55,1759.07,4865.52,,30407.81,3.336,67470.69,4057.781,4904.75,73.971,7584.31,6.7769,6.7746,7.8344,160.02,4.4729,4.0431,4.9746,,20.65,15.4
2026-06-05,0.7048,2981.0,90.54,,,93.09,,,100.069,1.1522,3.75,1.3342,4337.1,1.718,628.45,2.71518,2.84524,,,,119.37,8436.63,3723.55,24961.95,4888.39,2951.23,3547.89,1717.34,4755.77,,28957.6,3.229,66588.12,4027.736,4816.92,69.103,7383.74,6.7907,6.7883,7.8341,160.29,4.5303,4.147,4.9957,,20.58,21.51
2026-06-08,0.7045,2916.0,91.3,,,94.25,,,100.045,1.1534,3.75,1.334,4335.9,1.725,635.0,2.73673,2.85494,,,,119.61,8341.36,3675.46,24657.06,4755.91,2952.34,3544.08,1655.26,4756.17,,29414.26,3.147,64024.6,3959.338,4713.64,68.585,7405.73,6.7847,6.7833,7.837,160.16,4.5622,4.1618,5.0353,,22.95,18.92
2026-06-09,0.703,2818.0,88.2,,,91.45,,,99.909,1.1543,3.75,1.338,4260.0,1.738,632.2,2.73435,2.84238,,,,120.61,8324.59,3669.33,24565.9,4769.61,2954.02,3552.7,1711.81,4746.24,,29084.5,3.14,65416.63,4010.031,4801.81,65.24,7386.65,6.7786,6.7746,7.8374,160.36,4.5165,4.1181,4.9967,,21.85,19.87
2026-06-10,0.6999,2771.0,90.03,,,93.1,,,99.947,1.1535,3.75,1.3368,4108.2,1.744,626.7,2.67964,2.81185,,,,121.26,8318.73,3639.18,24407.96,4724.79,2951.58,3548.65,1666.97,4683.03,,28508.03,3.185,64179.27,3993.226,4748.59,64.74,7266.99,6.7822,6.7754,7.8367,160.55,4.5523,4.1433,5.0292,,22.6,22.22
2026-06-11,0.7049,2729.0,87.71,,,90.38,,,99.858,1.1578,3.75,1.3417,4090.3,1.751,627.5,2.66208,2.82155,,,,121.29,8217.08,3613.11,24249.29,4655.74,2960.45,3570.73,1664.51,4745.63,,29446.18,3.087,64217.27,3987.015,4722.41,64.001,7394.3,6.7635,6.7746,7.8363,159.93,4.4611,4.0619,4.9554,,23.16,19.44
2026-06-12,0.7047,2729.0,84.88,,,87.33,,,99.747,1.1568,3.75,1.3406,4215.0,1.744,644.5,2.7,2.83387,,,,120.65,8374.43,3684.66,24718.1,4705.2,2964.37,3567.32,1715.97,4788.22,,29635.95,3.12,66020.04,4031.513,4777.32,67.974,7431.46,6.7636,6.7627,7.8355,160.24,4.4789,4.0809,4.9664,,21.58,17.68
2026-06-15,0.7073,2720.0,80.75,,,83.17,,,99.631,1.159,3.75,1.3414,4328.0,1.743,649.6,2.74857,2.85,,,,119.28,8375.74,3713.83,24842.67,4765.58,2971.77,3571.65,1763.95,4862.6,,30543.92,3.147,69317.5,4096.472,4891.71,70.18,7554.29,6.7593,6.7576,7.8348,160.34,4.473,4.0663,4.9785,,20.58,16.2
2026-06-16,0.7068,2670.0,76.05,,,78.96,,,99.54,1.1608,3.75,1.3426,4330.9,1.735,650.35,2.85143,2.90161,,,,118.62,8240.05,3658.75,24493.95,4658.65,2971.08,3575.85,1775.32,4843.6,,29968.13,3.239,69404.5,4091.892,4884.23,70.013,7511.35,6.7566,6.7567,7.8338,160.43,4.4394,4.0516,4.9434,,20.05,16.41
2026-06-17,0.7014,2653.0,76.79,,,79.55,,,100.089,1.1501,3.75,1.3293,4358.9,1.734,649.35,2.95905,2.98815,,,,119.72,8144.03,3637.99,24312.16,4669.07,2966.03,3564.71,1782.66,4805.51,,29670.95,3.145,69902.25,4108.076,4931.39,70.767,7420.1,6.7762,6.7607,7.8357,160.65,4.4869,4.1843,4.9314,,20.21,18.44
2026-06-18,0.7013,2659.0,76.6,,,79.85,,,100.849,1.1458,3.75,1.3206,4224.1,1.734,638.55,2.94452,2.97333,,,,119.76,7976.04,3584.79,23924.81,4604.35,2967.18,3572.53,1790.05,4834.43,,30406.19,3.233,71053.49,4090.481,4941.6,66.319,7500.58,6.7784,6.7682,7.8373,161.38,4.4533,4.1767,4.8976,,21.4,16.4
2026-06-19,0.7012,2722.0,,,,80.57,,,100.849,1.1471,3.75,1.3232,,,,,,,,,,,,,,2967.18,3572.53,1786.22,4827.6,,,,71250.06,,,,,6.7838,,7.837,161.3,4.4533,4.1767,4.8976,,,16.78
2026-06-22,0.7002,2684.0,74.82,,,77.9,,,101.02,1.1429,3.75,1.3251,4181.9,1.733,636.55,2.94381,2.97369,,,,120.99,7914.74,3566.32,23768.52,4549.41,2966.74,3562.75,1802.77,4821.78,,30347.08,3.253,72353.96,4163.097,5059.66,65.583,7472.79,6.7781,6.7762,7.8398,161.57,4.5088,4.2257,4.9483,,21.24,17.28
2026-06-23,0.6917,2667.0,73.21,,,77.08,,,101.408,1.1382,3.75,1.3204,4129.9,1.739,614.8,2.96018,2.97298,,,,121.98,7759.36,3494.57,23336.28,4399.22,2964.2,3568.39,1733.68,4752.94,,29347.27,3.147,69788.38,4106.251,4919.39,62.07,7365.46,6.7948,6.7924,7.8408,161.55,4.4969,4.1983,4.9453,,22.87,19.49
2026-06-24,0.6901,2634.0,70.34,,,73.74,,,101.609,1.1358,3.75,1.3168,3990.3,1.741,594.85,2.9775,2.97369,,,,121.48,7764.97,3503.68,23412.18,4479.02,2966.1,3584.67,1730.24,4743.89,,29220.06,3.221,69174.97,4110.813,4943.02,58.087,7358.22,6.8132,6.8105,7.8404,161.78,4.3922,4.1456,4.8396,,22.88,18.63
2026-06-25,0.691,2591.0,71.92,,,75.26,,,101.431,1.137,3.75,1.3192,4030.5,1.734,607.4,2.96113,2.97321,,,,122.68,7608.38,3457.36,23076.91,4405.92,2966.83,3584.8,1756.17,4753.83,,29440.32,3.343,72366.34,4120.281,5020.1,58.361,7357.49,6.8015,6.7975,7.8405,161.79,4.3922,4.1229,4.8611,,24.55,18.89
2026-06-26,0.6896,2524.0,69.23,,,71.99,,,101.357,1.1384,3.75,1.32,4078.7,1.726,614.4,2.95929,2.98577,,,,122.43,7460.84,3387.25,22671.86,4255.59,2965.49,3587.2,1706.4,4744.35,,29118.24,3.231,69360.88,4027.265,4868.22,59.224,7354.02,6.8049,6.8004,7.8419,161.74,4.3686,4.0921,4.864,,25.82,18.41
2026-06-29,0.6887,2490.0,70.75,,,73.15,,,101.105,1.1422,3.75,1.3258,4038.9,1.715,609.75,2.94839,2.97369,,,,122.87,7605.34,3442.49,23026.68,4393.01,2969.47,3591.09,1706.93,4790.47,,29774.75,3.181,69468.11,4073.902,4926.92,58.175,7440.43,6.8006,6.7964,7.8406,161.94,4.3744,4.1045,4.863,,24.98,17.65
2026-06-30,0.6919,2501.0,69.5,1.0,4.3,72.92,3.5,50.3,101.187,1.1422,3.75,1.3262,4038.5,1.729,619.25,2.93976,2.96679,2.0,4.3,3.7,122.86,7558.3,3428.5,22881.02,4472.23,2971.54,3575.51,1722.89,4825.5,53.3,30276.35,3.275,70062.32,4094.397,4979.43,59.477,7499.36,6.7918,6.787,7.8429,162.55,4.4652,4.1723,4.9513,4.2,24.78,16.45
2026-07-01,0.6893,2562.0,68.58,,,71.57,,,101.392,1.1377,3.75,1.3275,4082.4,1.742,612.35,,,,,,124.1,,,,,2971.77,3568.82,1721.93,4813.59,,29809.13,3.22,70474.96,4112.445,4958.98,60.085,7483.23,6.7947,6.7909,7.8438,162.58,4.4791,4.1744,4.9703,,,16.59
2026-07-02,0.6922,2650.0,68.69,,,71.8,,,100.857,1.1432,3.75,1.3346,4125.7,1.75,611.45,2.7853,2.91536,,,,123.87,7612.48,3443.2,23055.03,4454.28,2974.15,3569.62,1684.18,4832.1,,29329.21,3.196,68733.15,4028.904,4812.3,60.643,7483.24,6.7888,6.7849,7.8426,161.11,4.4832,4.1371,4.9854,,23.77,16.15
2026-07-03,0.694,2717.0,,,,72.12,,,100.857,1.1437,3.75,1.335,,1.74,,2.76137,2.91536,,,,123.3,7699.76,3495.37,23350.03,4499.0,2974.15,3569.62,1721.5,4842.48,,,,69744.07,4043.643,4842.17,,,6.7853,6.7787,7.8429,161.34,4.4832,4.1371,4.9854,,22.92,15.81
2026-07-06,0.6955,2797.0,68.55,,,71.99,,,100.853,1.1441,3.75,1.3392,4167.5,1.735,617.8,2.7628,2.95286,,,,123.4,7812.35,3530.62,23616.32,4541.23,2979.11,3575.5,1721.39,4865.14,,29697.87,3.245,69737.69,4041.238,4842.0,61.92,7537.43,6.7942,6.7945,7.8431,162.09,4.4693,4.1101,4.9844,,23.25,15.57
2026-07-07,0.6928,2875.0,70.44,,,74.16,,,101.023,1.1412,3.75,1.3359,4157.4,1.735,617.15,2.71679,2.9372,,,,124.07,7770.26,3509.4,23496.89,4507.04,2977.3,3554.73,1687.35,4843.38,,29173.02,3.265,68256.96,3990.235,4792.26,60.931,7503.85,6.8035,6.7958,7.8417,162.1,4.5511,4.1848,5.0557,,23.02,16.13
2026-07-08,0.693,2871.0,73.52,,,78.02,,,100.991,1.1417,3.75,1.3389,4082.4,1.732,605.45,2.69435,2.93649,,,,122.4,8084.22,3602.97,24199.46,4731.02,2972.7,3549.66,1677.54,4811.74,,29252.56,3.212,66819.05,3970.88,4755.53,58.164,7482.71,6.8063,6.806,7.8392,162.59,4.5792,4.2181,5.0721,,24.02,16.9
2026-07-09,0.6941,2910.0,72.08,,,76.3,,,100.904,1.143,3.75,1.3408,4140.8,1.734,621.5,2.71899,2.93792,,,,123.82,7997.29,3576.75,24030.18,4731.56,2975.73,3553.61,1675.81,4851.47,,29727.1,3.012,67743.85,4036.588,4876.31,60.378,7543.64,6.796,6.7922,7.8359,162.38,4.5511,4.1765,5.0649,,23.01,15.84
2026-07-10,0.6954,2944.0,71.41,,,76.01,,,100.952,1.1416,3.75,1.3404,4113.7,1.733,623.35,2.66113,2.9372,,,,124.5,8039.19,3589.92,24175.12,4721.66,2974.89,3548.19,1690.7,4867.82,,29825.11,2.94,68557.73,3996.162,4780.79,59.809,7575.39,6.782,6.7751,7.8388,161.68,4.5612,4.2079,5.0587,,22.74,15.03
2026-07-13,0.6918,2960.0,78.14,,,83.3,,,101.235,1.1381,3.75,1.3348,4005.7,1.738,623.3,2.66042,2.93649,,,,124.27,8065.97,3580.82,24213.72,4676.43,2970.75,3535.64,1649.46,4836.36,,29264.1,2.897,67242.73,3913.794,4695.38,57.634,7515.34,6.7851,6.7802,7.8377,162.43,4.6237,4.2815,5.1052,,22.67,17.16
2026-07-14,0.6975,2980.0,79.34,,,84.73,,,100.919,1.142,3.75,1.339,4069.7,1.733,633.0,2.73792,2.95732,,,,124.5,8103.08,3601.47,24340.73,4679.46,2972.88,3540.09,1653.01,4858.09,,29586.29,2.904,67743.5,3967.126,4796.5,58.772,7543.59,6.774,6.7716,7.8377,162.25,4.5894,4.1934,5.1041,,22.39,16.5
2026-07-15,0.7004,2929.0,79.6,,,84.95,,,100.485,1.1463,3.75,1.354,4051.8,1.736,629.35,2.83,3.0,,,,125.04,8184.38,3657.22,24681.1,4740.49,2977.41,3549.01,1688.23,4876.61,,29502.6,2.924,68751.51,3955.578,4786.78,57.11,7572.4,6.7687,6.7682,7.839,162.19,4.5473,4.1346,5.0793,,22.36,15.67
2026-07-16,0.6996,2840.0,78.95,,,84.23,,,100.763,1.1442,3.75,1.3478,3992.1,1.738,629.6,2.82821,3.0,,,,123.4,8318.14,3701.96,25008.6,4834.44,2977.27,3550.2,1664.01,4854.42,,29025.77,2.858,66835.54,3882.413,4698.43,55.898,7533.77,6.7732,6.7728,7.84,162.39,4.5534,4.1409,5.0834,,22.74,16.73
2026-07-17,0.6984,2752.0,82.49,,,88.1,,,100.765,1.1439,3.75,1.3452,4018.8,1.734,622.0,2.75,2.97536,,,,124.02,8136.73,3616.22,24562.24,4623.17,2975.87,3550.55,1620.66,4807.71,,28592.66,2.911,64141.12,3764.155,4529.1,56.038,7457.69,6.7774,6.7762,7.8401,162.4,4.5474,4.1767,5.069,,22.9,18.77
2026-07-20,0.6998,2671.0,83.23,,,89.22,,,100.949,1.1414,3.75,1.3431,4015.9,1.737,629.9,2.75,2.97536,,,,124.42,8381.9,3700.96,25143.05,4752.15,2976.33,3541.51,1616.9,4793.31,,28604.23,2.86,,3796.281,4598.32,56.802,7443.28,6.7692,6.7684,7.8407,162.5,4.5917,4.2063,5.1125,,23.9,18.65
2026-07-21,0.6999,2670.0,84.91,,,91.01,,,101.173,1.1398,3.75,1.3376,4076.4,1.736,651.1,2.71548,2.94595,,,,123.74,8360.68,3710.23,25132.29,4814.83,2973.26,3533.13,1653.29,4835.98,,29155.18,2.865,66232.19,3864.367,4739.23,58.835,7509.2,6.7689,6.7675,7.8419,163.17,4.6281,4.2615,5.1312,,23.37,17.05
2026-07-22,0.6997,2715.0,86.83,,,94.07,,,101.125,1.1412,3.75,1.3375,4151.9,1.73,645.1,2.67988,2.93411,,,,124.34,8251.07,3671.61,24892.66,4668.23,2970.62,3527.41,1654.48,4836.91,,28998.1,2.925,66115.6,3867.034,4717.24,60.019,7498.96,6.7751,6.774,7.8409,163.15,4.6545,4.2978,5.1448,,22.89,16.64
2026-07-23,0.6969,2725.0,92.19,,,100.69,,,101.444,1.1377,3.75,1.3315,4050.2,1.726,630.5,2.7147,2.93625,,,,123.61,8352.67,3715.83,25210.81,4698.48,2959.47,3517.07,1671.85,4782.64,,28454.81,2.916,66422.6,3876.777,4728.0,57.798,7408.3,6.7775,6.7772,7.841,163.86,4.6932,4.347,5.1595,,22.11,18.7
2026-07-24,0.6979,2743.0,89.31,,,96.78,,,101.468,1.137,3.75,1.3325,4070.8,1.724,632.0,2.70619,2.91327,,,,122.98,8271.06,3667.41,24963.23,4629.51,2958.86,3517.77,1628.03,4788.9,,28128.34,2.871,64611.15,3814.198,4649.19,58.656,7411.98,6.7718,6.7711,7.8426,163.83,4.6771,4.3306,5.1574,,22.21,18.58
2026-07-27,0.6992,2696.0,82.61,,,88.36,,,101.535,1.1369,3.75,1.3289,4077.0,1.727,633.9,2.72333,2.93024,,,,122.85,8365.38,3703.63,25207.18,4702.05,2960.96,3525.35,1643.33,4795.67,,28039.21,2.767,64931.19,3858.245,4702.43,58.472,7413.18,6.7655,6.7637,7.8423,163.75,4.6487,4.3223,5.1365,,22.18,18.67
2026-07-28,0.6975,2664.0,79.26,,,84.09,,,101.417,1.1387,3.75,1.3289,4038.7,1.728,632.2,2.71875,2.95,,,,123.89,8436.25,3709.92,25310.85,4730.61,2962.92,3533.53,1582.53,4799.9,,27763.13,2.662,62364.92,3813.315,4569.52,57.296,7428.78,6.7711,6.7702,7.8408,163.85,4.6062,4.2871,5.0886,,22.21,18.21
2026-07-29,0.6956,2632.0,84.46,,,90.74,,,100.886,1.1467,3.75,1.337,4036.3,1.729,627.35,2.69268,2.95071,,,,122.49,8623.52,3784.13,25807.92,4864.73,2959.11,3518.33,1559.64,4744.18,,27192.31,2.725,61434.19,3828.469,4600.26,57.863,7316.15,6.7605,6.7642,7.8423,163.41,4.6773,4.2726,5.2007,,22.24,20.66
2026-07-30,0.7027,2673.0,83.59,,,89.03,,,99.864,1.1528,3.75,1.3466,4100.1,1.715,647.45,2.67536,2.93506,,,,123.59,8644.71,3783.56,25858.88,4803.77,2964.3,3522.56,1563.01,4821.78,,28106.35,2.758,61867.43,3804.693,4549.72,59.017,7437.63,6.748,6.7525,7.8431,159.53,4.6733,4.2459,5.2135,,21.53,17.09
2026-07-31,0.7019,2732.0,84.67,0.5,,90.12,3.4,49.2,99.914,1.1527,3.75,1.3483,4049.1,1.715,646.55,2.67536,2.92964,1.7,,3.7,123.16,8612.15,3802.59,25884.43,4829.22,2964.19,3515.69,1665.89,4847.88,55.6,28274.2,2.747,64362.02,3832.262,4588.2,57.786,7489.72,6.7524,6.7531,7.8422,157.4,4.7347,4.2912,5.2724,4.1,20.63,15.99
2026-08-03,0.7,2843.0,80.34,,,83.77,,,99.897,1.1509,3.75,1.3433,4033.7,1.712,654.05,2.65589,2.91399,,,,122.8,8652.15,3831.21,26009.4,4875.61,2972.69,3526.24,1651.4,4905.02,,28776.8,2.781,63754.9,3809.663,4543.18,57.856,7600.5,6.7581,6.7558,7.8421,157.18,4.6755,4.2373,5.2274,,20.48,15.86
2026-08-04,0.7046,2936.0,75.77,,,79.36,,,99.858,1.1531,3.75,1.3452,4095.4,1.706,664.35,2.62679,2.9,,,,121.5,8574.26,3815.23,25852.92,4885.61,2981.83,3542.29,1651.23,4977.07,,29733.16,2.682,63957.53,3822.285,4600.93,60.245,7736.52,6.748,6.7492,7.8426,157.75,4.6126,4.1917,5.1743,,19.65,16.5
2026-08-05,0.7058,3063.0,75.22,,,79.45,,,99.676,1.1553,3.75,1.3468,4245.8,1.708,672.75,2.6275,2.9,,,,121.26,8603.73,3832.67,25915.82,4933.07,2982.21,3545.0,1687.03,4982.03,,29487.79,2.688,66300.44,3878.43,4658.15,62.288,7723.55,6.7482,6.7491,7.8439,157.75,4.6127,4.1812,5.168,,19.47,15.81
2026-08-06,0.7032,3057.0,77.29,,,82.49,,,99.93,1.1525,3.75,1.3455,4242.0,1.707,670.9,2.62702,2.9,,,,122.4,8498.73,3775.12,25530.28,4820.78,2981.27,3532.93,1658.5,4974.44,,29373.33,2.64,65683.26,3900.352,4651.31,61.606,7709.96,6.7476,6.7513,7.8448,158.43,4.6778,4.2454,5.2242,,19.52,15.15
2026-08-07,0.7067,3089.0,78.18,,,83.55,,,99.539,1.1559,3.75,1.3491,4340.7,1.706,659.1,2.61327,2.9,,,,122.52,8531.58,3796.79,25668.03,4858.29,2985.74,3538.81,1657.82,5007.84,,29722.3,2.662,65606.71,3940.037,4694.44,63.499,7757.64,6.7429,6.7454,7.8449,157.76,4.6454,4.1952,5.2008,,18.9,14.9
2026-08-10,0.7055,3083.0,82.13,,,87.72,,,99.811,1.1543,3.75,1.3507,4361.8,1.704,661.6,2.61327,2.9,,,,122.36,8621.84,3837.14,25937.49,4919.46,2983.08,3524.34,1670.09,5007.04,,29621.8,2.794,66970.22,3966.594,4702.02,65.272,7753.11,6.746,6.7463,7.8455,159.29,4.7067,4.241,5.251,,19.12,15.46
2026-08-11,0.7062,3046.0,83.2,,,88.91,,,99.828,1.1542,3.75,1.3507,4383.0,1.708,663.4,2.61399,2.9,,,,122.54,8528.1,3794.91,25652.82,4824.42,2983.01,3525.89,1665.44,4995.78,,29525.48,2.767,,3934.093,4663.79,64.935,7728.2,6.7465,6.7456,7.8467,159.28,4.6883,4.2138,5.2403,,18.75,15.28
2026-08-12,0.7062,2939.0,83.27,,,88.98,,,100.014,1.1526,3.75,1.3495,4408.9,1.705,661.55,2.60619,2.9,,,,122.71,8446.27,3768.88,25440.17,4776.44,2986.32,3528.14,1681.9,5008.52,,29742.6,2.804,67524.06,3946.675,4690.92,65.7,7748.5,6.7459,6.7449,7.8471,159.42,4.6925,4.2011,5.2574,,18.87,14.55
2026-08-13,0.7059,2844.0,81.25,,,87.07,,,99.964,1.1528,3.75,1.3487,4363.6,1.701,660.8,2.59292,2.9,,,,122.89,8426.49,3751.05,25396.51,4792.39,2991.32,3540.35,1695.37,5034.04,,30084.5,2.727,68308.59,3926.965,4663.95,64.993,7798.99,6.7449,6.7441,7.8468,159.5,4.6427,4.1424,5.2125,,18.42,14.63
2026-08-14,0.7084,2863.0,82.4,,,88.52,,,99.667,1.157,3.75,1.3538,4380.4,1.684,661.3,2.55476,2.90566,,,,123.27,8340.83,3714.25,25116.85,4707.62,2990.07,3528.54,1701.17,5029.48,,30046.14,2.733,68713.8,3927.176,4665.88,65.108,7785.76,6.7446,6.7425,7.847,159.32,4.6922,4.1691,5.2593,,17.92,14.25
2026-08-17,0.7105,2878.0,84.5,,,90.87,,,99.637,1.158,3.75,1.3544,4417.8,1.68,661.6,2.55476,2.88577,,,,122.74,8439.97,3766.96,25453.23,4782.03,2988.19,3519.4,1709.51,5007.93,,29995.38,2.69,69220.25,3982.654,4741.1,66.231,7745.06,6.7431,6.7408,7.8442,159.46,4.7219,4.1753,5.306,,18.49,15.19
2026-08-18,0.7088,2815.0,84.94,,,91.02,,,99.657,1.1576,3.75,1.3532,4366.0,1.668,649.25,2.57655,2.88792,,,,123.07,8453.2,3765.5,25471.15,4739.18,2983.63,3522.02,1694.55,4971.34,,29490.96,2.776,67460.73,3990.304,4725.81,64.037,7691.76,6.7463,6.7442,7.8441,159.61,4.7041,4.1709,5.2826,,18.3,15.84
2026-08-19,0.7125,2776.0,85.83,,,91.62,,,98.833,1.1677,3.75,1.3606,4489.4,1.694,649.6,2.62655,2.93649,,,,123.25,8471.21,3753.89,25495.07,4682.05,2989.03,3542.08,1668.38,4975.53,,29426.02,2.814,65326.42,3894.422,4588.7,65.825,7707.98,6.7313,6.7296,7.8413,158.17,4.6466,4.1623,5.1911,,18.63,14.89
2026-08-20,0.7114,2791.0,87.83,,,93.78,,,98.895,1.1678,3.75,1.3631,4516.3,1.694,646.9,2.68,2.94452,,,,123.07,8547.84,3787.27,25698.49,4700.53,2984.82,3528.61,1699.97,4947.36,,29213.16,2.733,66216.79,3903.721,4592.75,68.105,7641.16,6.7253,6.725,7.8435,159.05,4.7041,4.1875,5.2476,,18.75,16.01
2026-08-21,0.7171,2841.0,87.06,,,94.39,,,98.8,1.1679,3.75,1.3644,4624.1,1.697,658.7,2.68577,2.93506,,,,120.96,8634.34,3832.68,26009.46,4766.16,2985.69,3523.15,1721.89,4969.82,,29308.86,2.773,66016.36,3905.203,4618.9,69.53,7674.37,6.721,6.7212,7.84,158.95,4.7339,4.2359,5.2709,,18.34,15.13
2026-08-24,0.715,2882.0,85.01,,,92.17,,,99.002,1.1664,3.75,1.3632,4640.8,1.684,660.5,2.69452,2.94452,,,,122.18,8471.36,3753.16,25517.33,4594.04,2988.03,3530.96,1694.58,4957.96,,29023.18,2.782,65528.09,3882.008,4563.13,68.594,7652.86,6.7218,6.7219,7.8363,159.11,4.6961,4.2316,5.2245,,19.42,15.85
2026-08-25,0.7163,2926.0,82.36,,,88.58,,,98.915,1.1675,3.75,1.3649,4638.1,1.685,671.4,2.78256,2.98482,,,,122.5,8445.37,3760.27,25511.1,4588.54,2994.06,3548.73,1704.09,4975.74,,29209.23,2.77,65856.43,3889.445,4552.03,68.682,7677.28,6.7173,6.7204,7.8381,159.19,4.6288,4.1741,5.1651,,18.8,15.45
2026-08-26,0.717,3056.0,82.23,,,87.84,,,99.165,1.1651,3.75,1.3595,4598.2,1.696,659.95,2.79411,2.9872,,,,122.58,8533.84,3783.97,25652.97,4626.15,2994.64,3546.12,1717.1,4972.27,,29224.52,2.842,66262.16,3912.523,4590.79,68.026,7675.7,6.7225,6.7221,7.839,159.31,4.6465,4.2093,5.1671,,18.3,15.21
2026-08-27,0.7194,3107.0,83.53,,,89.7,,,99.159,1.1653,3.75,1.3593,4609.7,1.705,658.95,2.78821,2.97869,,,,122.93,8490.31,3776.36,25565.74,4620.29,2996.51,3544.89,1722.8,4993.42,,29641.56,2.907,66131.98,3956.571,4630.28,69.431,7730.99,6.7194,6.7199,7.8386,159.39,4.6762,4.232,5.1931,,17.64,14.51
2026-08-28,0.7164,3186.0,83.4,,,89.31,,,99.702,1.1585,3.75,1.3538,4494.7,1.696,656.2,2.85,3.00875,,,,122.79,8490.39,3779.96,25584.79,4605.15,2993.74,3534.41,1722.14,4986.16,,29433.43,2.888,66405.56,3952.179,4609.18,66.995,7711.76,6.7308,6.7301,7.8402,160.09,4.718,4.3434,5.2056,,17.18,14.43
2026-08-31,0.7167,,85.76,0.8,,90.49,3.4,49.8,99.428,1.1618,3.75,1.3549,4446.8,1.69,659.35,2.85,3.01964,,,3.8,123.53,8513.18,3771.62,25566.99,4619.87,2992.9,3530.97,1719.31,4967.92,54.6,29456.97,2.935,66311.93,3986.298,4625.09,66.221,7686.14,6.7179,6.7197,7.8386,159.74,4.75,4.3415,5.2423,4.1,17.58,14.92
2026-09-01,0.7145,3157.0,90.22,,,94.65,,,99.677,1.1593,3.75,1.3516,4362.8,1.684,650.65,2.86399,3.02679,,,,123.84,8462.64,3735.68,25329.73,4550.88,2987.08,3519.11,1727.35,4932.94,,29077.22,2.904,66215.34,3979.888,4611.44,64.618,7631.47,6.7221,6.7208,7.841,160.18,4.7981,4.3998,5.273,,17.26,16.34
2026-09-02,0.7169,3331.0,91.01,,,95.63,,,99.596,1.1588,3.75,1.3486,4380.7,1.692,650.1,2.86256,3.02821,,,,124.28,8450.1,3726.96,25311.21,4517.16,2988.45,3520.73,1700.62,4944.06,,29143.33,2.956,64325.64,3941.386,4547.96,64.723,7666.6,6.718,6.7192,7.8418,158.71,4.778,4.369,5.2571,,17.64,15.2
2026-09-03,0.7201,3488.0,91.3,,,95.52,,,98.908,1.1626,3.75,1.3525,4504.9,1.681,657.7,2.84339,3.02988,,,,124.27,8385.24,3718.41,25213.31,4468.48,2990.8,3524.11,1703.4,5001.24,,29482.32,2.913,64214.48,3942.088,4552.58,66.973,7747.71,6.7175,6.7183,7.8398,155.81,4.768,4.336,5.2465,,17.51,14.32
2026-09-04,0.7203,3628.0,91.48,,,96.28,,,99.176,1.1614,3.75,1.3519,4441.9,1.681,659.7,2.84268,3.03024,,,,123.1,8555.03,3778.52,25650.87,4569.8,2989.31,3524.0,1726.32,4986.93,,29544.16,2.975,65020.94,3930.116,4548.05,66.047,7718.6,6.708,6.7112,7.8405,156.26,4.7821,4.3661,5.2423,,17.16,14.53
2026-09-07,0.7218,3575.0,,,,97.0,,,99.176,1.1623,3.75,1.3541,,1.68,,2.85476,3.0647,,,,122.34,8429.73,3748.29,25413.12,4527.71,2989.31,3524.0,1756.85,4995.0,,,,66399.84,3932.699,4575.02,,,6.7092,6.7111,7.8399,154.36,4.7821,4.3661,5.2423,,17.86,15.3
2026-09-08,0.7217,3584.0,93.03,,,97.92,,,98.787,1.1624,3.75,1.3541,4405.2,1.687,673.9,2.8922,3.07964,,,,122.67,8397.32,3732.41,25317.18,4454.85,2989.24,3522.88,1752.11,4966.17,,29507.7,2.916,65269.33,3940.551,4558.74,66.297,7673.52,6.7068,6.7102,7.8412,153.98,4.7882,4.3936,5.2454,,17.52,15.72
2026-09-09,0.7217,3620.0,96.05,,,101.21,,,98.817,1.1633,3.75,1.3547,4426.7,1.68,680.35,2.88387,3.05,,,,123.0,8369.05,3731.89,25274.96,4420.79,2983.56,3516.91,1755.42,4938.41,,29421.55,2.822,65142.78,3951.507,4572.6,67.942,7636.36,6.7064,6.7084,7.8423,153.56,4.8406,4.4295,5.2889,,17.69,16.46
2026-09-10,0.7157,3521.0,102.48,,,107.63,,,99.048,1.1612,3.75,1.3512,4373.7,1.68,646.7,2.8775,3.05,,,,123.5,8274.78,3681.92,24954.47,4330.49,2971.96,3494.01,1744.93,4905.88,,29103.51,2.834,65270.95,3934.404,4548.39,64.284,7591.7,6.7144,6.7122,7.8418,154.42,4.9626,4.5856,5.3652,,18.27,17.84
2026-09-11,0.7169,3507.0,100.05,,,104.61,,,99.122,1.1599,3.75,1.3524,4374.8,1.689,646.95,2.87964,3.06137,,,,124.1,8246.33,3658.59,24805.63,4320.57,2973.16,3491.32,1721.53,4937.32,,29368.44,2.831,64011.34,3888.111,4510.16,64.554,7656.98,6.708,6.7074,7.8423,153.61,4.9669,4.6254,5.3522,,19.17,15.84
2026-09-14,0.714,3445.0,101.39,,,105.68,,,99.391,1.1549,3.75,1.3499,4318.0,1.687,633.0,2.88887,3.07476,,,,124.52,8284.58,3670.27,24917.6,4317.94,2966.96,3489.91,1697.85,4910.28,,29127.16,2.896,63492.99,3885.333,4480.08,63.513,7619.98,6.7095,6.709,7.8436,154.35,4.9875,4.6578,5.3446,,18.9,17.1
2026-09-15,0.7132,3360.0,105.83,,,108.75,,,99.615,1.1544,3.75,1.3478,4299.0,1.685,636.85,2.91256,3.10256,,,,125.29,8204.91,3632.67,24667.24,4291.34,2962.26,3487.4,1680.84,4887.33,,28937.84,2.919,63484.1,3864.279,4450.04,63.236,7585.73,6.7122,6.7117,7.8449,155.1,5.0019,4.6628,5.3662,,19.27,17.2
2026-09-16,0.7088,3327.0,102.43,,,105.83,,,100.252,1.1465,4.0,1.3381,4353.3,1.683,643.15,2.95,3.12488,,,,124.79,8206.37,3640.25,24713.78,4325.45,2964.71,3490.65,1686.54,4876.28,,28945.06,2.891,63923.0,3891.601,4480.27,64.288,7551.81,6.7125,6.7091,7.8449,156.26,5.0225,4.7359,5.3608,,19.26,17.71
2026-09-17,0.7111,3336.0,101.91,,,104.82,,,100.248,1.1476,4.0,1.3359,4365.5,1.684,658.65,2.9,3.10161,,,,124.31,8175.36,3623.56,24604.29,4310.74,2970.63,3508.9,1687.94,4922.1,,29446.98,2.901,64136.25,3875.604,4460.16,65.47,7637.76,6.7041,6.7061,7.8461,155.97,4.9304,4.6641,5.2835,,19.43,15.44
2026-09-18,0.7126,,99.93,,,102.4,,,100.286,1.1486,,1.3368,4401.3,1.678,,2.86887,3.09381,,,,124.36,8217.56,3649.64,24742.98,4399.27,,,,,,,2.858,65018.95,3911.871,4507.39,,,6.6966,6.6976,7.8449,157.54,4.9428,4.694,5.2835,,18.84,15.07
